﻿<?xml version="1.0" encoding="utf-8"?>
<account Id="14795" Broker="" Account="" Trader="" Login="" InitBalance="5000.00">
    <deals>
        <deal Ticket="11780316" OpenTime="2009-12-22 13:27:00" DealType="-1" Lots="0.20" Symbol="USDCHF" Open="1.0487" SL="0.0000" TP="1.0217" CloseTime="2009-12-28 17:51:00" Close="1.0340" Swap="0.00" Profit="284.33" Comment=" (3)" />
        <deal Ticket="11792738" OpenTime="2009-12-21 21:17:00" DealType="-1" Lots="0.20" Symbol="USDCHF" Open="1.0470" SL="0.0000" TP="1.0217" CloseTime="2009-12-28 17:51:00" Close="1.0341" Swap="0.00" Profit="249.49" Comment=" (4)" />
        <deal Ticket="11655067" OpenTime="2009-12-11 15:05:00" DealType="-1" Lots="0.20" Symbol="USDCHF" Open="1.0294" SL="0.0000" TP="1.0287" CloseTime="2009-12-28 17:51:00" Close="1.0340" Swap="0.00" Profit="-88.97" Comment=" (5)" />
        <deal Ticket="11543288" OpenTime="2009-12-04 18:48:00" DealType="-1" Lots="0.20" Symbol="USDCHF" Open="1.0142" SL="0.0000" TP="1.0137" CloseTime="2009-12-28 17:51:00" Close="1.0340" Swap="0.00" Profit="-382.98" Comment=" (6)" />
        <deal Ticket="11655416" OpenTime="2009-12-11 15:30:00" DealType="-1" Lots="0.20" Symbol="USDCHF" Open="1.0317" SL="0.0000" TP="1.0307" CloseTime="2009-12-28 17:50:00" Close="1.0337" Swap="0.00" Profit="-38.70" Comment=" (7)" />
        <deal Ticket="11692442" OpenTime="2009-12-15 09:01:00" DealType="-1" Lots="0.20" Symbol="USDCHF" Open="1.0357" SL="0.0000" TP="1.0347" CloseTime="2009-12-24 11:29:00" Close="1.0347" Swap="0.00" Profit="19.33" Comment=" (8)" />
        <deal Ticket="11780332" OpenTime="2009-12-21 07:01:00" DealType="1" Lots="0.20" Symbol="USDCHF" Open="1.0507" SL="0.0000" TP="1.0217" CloseTime="2009-12-23 20:00:00" Close="1.0377" Swap="0.00" Profit="0.00" Comment="expiration [2009.12.23 20:00] (9)" />
        <deal Ticket="11810019" OpenTime="2009-12-23 12:01:00" DealType="1" Lots="0.20" Symbol="AUDCAD" Open="0.92270000" SL="0.00000000" TP="0.92700000" CloseTime="2009-12-23 16:47:00" Close="0.92460000" Swap="0.00" Profit="36.19" Comment=" (10)" />
        <deal Ticket="11807570" OpenTime="2009-12-22 23:40:00" DealType="1" Lots="0.20" Symbol="AUDCAD" Open="0.92500000" SL="0.00000000" TP="0.92700000" CloseTime="2009-12-23 16:47:00" Close="0.92430000" Swap="0.00" Profit="-13.33" Comment="d1 (11)" />
        <deal Ticket="11735836" OpenTime="2009-12-17 11:40:00" DealType="-1" Lots="0.20" Symbol="USDCHF" Open="1.0500" SL="1.0487" TP="1.0217" CloseTime="2009-12-22 12:55:00" Close="1.0487" Swap="0.00" Profit="24.79" Comment=" (12)" />
        <deal Ticket="11779982" OpenTime="2009-12-21 09:53:00" DealType="-1" Lots="0.20" Symbol="USDCHF" Open="1.0457" SL="0.0000" TP="1.0217" CloseTime="2009-12-21 19:17:00" Close="1.0452" Swap="0.00" Profit="9.57" Comment=" (13)" />
        <deal Ticket="11753761" OpenTime="2009-12-18 00:05:00" DealType="-1" Lots="0.20" Symbol="USDCHF" Open="1.0477" SL="1.0457" TP="1.0217" CloseTime="2009-12-21 09:53:00" Close="1.0457" Swap="0.00" Profit="38.25" Comment=" (14)" />
        <deal Ticket="11759237" OpenTime="2009-12-18 08:06:00" DealType="-1" Lots="0.20" Symbol="USDCHF" Open="1.0437" SL="0.0000" TP="1.0217" CloseTime="2009-12-21 06:07:00" Close="1.0419" Swap="0.00" Profit="34.55" Comment=" (15)" />
        <deal Ticket="11708423" OpenTime="2009-12-17 02:49:00" DealType="-1" Lots="0.20" Symbol="USDCHF" Open="1.0417" SL="0.0000" TP="1.0217" CloseTime="2009-12-18 04:50:00" Close="1.0400" Swap="0.00" Profit="32.69" Comment=" (16)" />
        <deal Ticket="11735804" OpenTime="2009-12-17 07:00:00" DealType="-1" Lots="0.20" Symbol="USDCHF" Open="1.0464" SL="0.0000" TP="1.0217" CloseTime="2009-12-17 20:22:00" Close="1.0458" Swap="0.00" Profit="11.47" Comment=" (17)" />
        <deal Ticket="11692446" OpenTime="2009-12-15 10:33:00" DealType="-1" Lots="0.20" Symbol="USDCHF" Open="1.0407" SL="0.0000" TP="1.0217" CloseTime="2009-12-16 18:28:00" Close="1.0367" Swap="0.00" Profit="77.17" Comment=" (18)" />
        <deal Ticket="11660449" OpenTime="2009-12-11 17:44:00" DealType="-1" Lots="0.20" Symbol="USDCHF" Open="1.0349" SL="0.0000" TP="1.0217" CloseTime="2009-12-15 06:51:00" Close="1.0341" Swap="0.00" Profit="15.47" Comment=" (19)" />
        <deal Ticket="11669628" OpenTime="2009-12-14 04:37:00" DealType="1" Lots="0.20" Symbol="USDCHF" Open="1.0377" SL="0.0000" TP="1.0137" CloseTime="2009-12-14 18:36:00" Close="1.0309" Swap="0.00" Profit="0.00" Comment="expiration [2009.12.14 18:36] (20)" />
        <deal Ticket="11669805" OpenTime="2009-12-14 04:51:00" DealType="1" Lots="0.20" Symbol="GBPJPY" Open="143.27" SL="0.00" TP="143.37" CloseTime="2009-12-14 04:54:00" Close="143.37" Swap="0.00" Profit="22.60" Comment=" (21)" />
        <deal Ticket="11655505" OpenTime="2009-12-11 15:16:00" DealType="1" Lots="0.20" Symbol="USDCHF" Open="1.0370" SL="0.0000" TP="1.0137" CloseTime="2009-12-11 21:15:00" Close="1.0343" Swap="0.00" Profit="0.00" Comment="expiration [2009.12.11 21:15] (22)" />
        <deal Ticket="11660883" OpenTime="2009-12-11 18:02:00" DealType="1" Lots="0.20" Symbol="USDCHF" Open="1.0407" SL="0.0000" TP="1.0137" CloseTime="2009-12-11 19:00:00" Close="1.0339" Swap="0.00" Profit="0.00" Comment="expiration [2009.12.11 19:00] (23)" />
        <deal Ticket="11627247" OpenTime="2009-12-10 09:33:00" DealType="-1" Lots="0.20" Symbol="USDCHF" Open="1.0297" SL="0.0000" TP="1.0137" CloseTime="2009-12-10 17:38:00" Close="1.0270" Swap="0.00" Profit="52.58" Comment=" (24)" />
        <deal Ticket="11619785" OpenTime="2009-12-09 18:33:00" DealType="1" Lots="0.20" Symbol="AUDJPY" Open="79.61" SL="0.00" TP="80.97" CloseTime="2009-12-10 02:16:00" Close="80.97" Swap="0.00" Profit="307.90" Comment=" (25)" />
        <deal Ticket="11604573" OpenTime="2009-12-09 07:59:00" DealType="1" Lots="0.20" Symbol="AUDJPY" Open="79.77" SL="0.00" TP="80.97" CloseTime="2009-12-10 02:16:00" Close="80.97" Swap="0.00" Profit="271.68" Comment=" (26)" />
        <deal Ticket="11597093" OpenTime="2009-12-08 19:39:00" DealType="1" Lots="0.20" Symbol="AUDJPY" Open="80.01" SL="0.00" TP="80.97" CloseTime="2009-12-10 02:16:00" Close="80.97" Swap="0.00" Profit="217.35" Comment=" (27)" />
        <deal Ticket="11578031" OpenTime="2009-12-08 14:31:00" DealType="1" Lots="0.20" Symbol="AUDJPY" Open="80.17" SL="0.00" TP="80.97" CloseTime="2009-12-10 02:16:00" Close="80.97" Swap="0.00" Profit="181.12" Comment=" (28)" />
        <deal Ticket="11578025" OpenTime="2009-12-08 13:34:00" DealType="1" Lots="0.20" Symbol="AUDJPY" Open="80.50" SL="0.00" TP="80.97" CloseTime="2009-12-10 02:16:00" Close="80.97" Swap="0.00" Profit="106.41" Comment=" (29)" />
        <deal Ticket="11578013" OpenTime="2009-12-08 12:30:00" DealType="1" Lots="0.20" Symbol="AUDJPY" Open="80.77" SL="0.00" TP="80.87" CloseTime="2009-12-10 02:10:00" Close="80.87" Swap="0.00" Profit="22.66" Comment=" (30)" />
        <deal Ticket="11598766" OpenTime="2009-12-08 20:46:00" DealType="1" Lots="0.20" Symbol="EURJPY" Open="129.90000000" SL="0.00000000" TP="130.17000000" CloseTime="2009-12-09 01:21:00" Close="130.17000000" Swap="0.00" Profit="60.97" Comment=" (31)" />
        <deal Ticket="11594903" OpenTime="2009-12-08 18:16:00" DealType="1" Lots="0.20" Symbol="EURJPY" Open="130.10000000" SL="0.00000000" TP="130.17000000" CloseTime="2009-12-09 01:21:00" Close="130.17000000" Swap="0.00" Profit="15.81" Comment=" (32)" />
        <deal Ticket="11578055" OpenTime="2009-12-08 06:22:00" DealType="1" Lots="0.20" Symbol="AUDJPY" Open="79.77" SL="0.00" TP="81.17" CloseTime="2009-12-08 18:22:00" Close="80.07" Swap="0.00" Profit="0.00" Comment="expiration [2009.12.08 18:22] (33)" />
        <deal Ticket="11578001" OpenTime="2009-12-08 08:50:00" DealType="1" Lots="0.20" Symbol="AUDJPY" Open="81.00" SL="0.00" TP="81.17" CloseTime="2009-12-08 09:36:00" Close="81.17" Swap="0.00" Profit="38.20" Comment=" (34)" />
        <deal Ticket="11577996" OpenTime="2009-12-08 06:17:00" DealType="1" Lots="0.20" Symbol="AUDJPY" Open="81.18" SL="0.00" TP="81.27" CloseTime="2009-12-08 07:13:00" Close="81.27" Swap="0.00" Profit="20.22" Comment=" (35)" />
        <deal Ticket="11565631" OpenTime="2009-12-07 16:16:00" DealType="-1" Lots="0.20" Symbol="USDCHF" Open="1.0212" SL="0.0000" TP="1.0137" CloseTime="2009-12-07 18:08:00" Close="1.0208" Swap="0.00" Profit="7.84" Comment=" (36)" />
        <deal Ticket="11545126" OpenTime="2009-12-04 20:08:00" DealType="1" Lots="0.20" Symbol="AUDUSD" Open="0.91150000" SL="0.00000000" TP="0.91570000" CloseTime="2009-12-04 22:06:00" Close="0.91520000" Swap="0.00" Profit="74.00" Comment=" (37)" />
        <deal Ticket="11544289" OpenTime="2009-12-04 19:38:00" DealType="1" Lots="0.20" Symbol="AUDUSD" Open="0.91270000" SL="0.00000000" TP="0.91570000" CloseTime="2009-12-04 22:06:00" Close="0.91520000" Swap="0.00" Profit="50.00" Comment=" (38)" />
        <deal Ticket="11543796" OpenTime="2009-12-04 19:17:00" DealType="1" Lots="0.20" Symbol="AUDUSD" Open="0.91400000" SL="0.00000000" TP="0.91570000" CloseTime="2009-12-04 22:06:00" Close="0.91520000" Swap="0.00" Profit="24.00" Comment=" (39)" />
        <deal Ticket="11543595" OpenTime="2009-12-04 19:07:00" DealType="1" Lots="0.20" Symbol="AUDUSD" Open="0.91500000" SL="0.00000000" TP="0.91570000" CloseTime="2009-12-04 22:06:00" Close="0.91520000" Swap="0.00" Profit="4.00" Comment=" (40)" />
        <deal Ticket="11539964" OpenTime="2009-12-04 16:51:00" DealType="1" Lots="0.20" Symbol="AUDUSD" Open="0.91570000" SL="0.00000000" TP="0.91770000" CloseTime="2009-12-04 18:38:00" Close="0.91590000" Swap="0.00" Profit="4.00" Comment=" (41)" />
        <deal Ticket="11539635" OpenTime="2009-12-04 16:47:00" DealType="-1" Lots="0.20" Symbol="GBPAUD" Open="1.80770000" SL="0.00000000" TP="1.80470000" CloseTime="2009-12-04 17:06:00" Close="1.80470000" Swap="0.00" Profit="55.00" Comment=" (42)" />
        <deal Ticket="11539844" OpenTime="2009-12-04 16:36:00" DealType="-1" Lots="0.20" Symbol="GBPAUD" Open="1.80590000" SL="0.00000000" TP="1.80470000" CloseTime="2009-12-04 17:06:00" Close="1.80470000" Swap="0.00" Profit="22.00" Comment=" (43)" />
        <deal Ticket="11539269" OpenTime="2009-12-04 16:22:00" DealType="-1" Lots="0.20" Symbol="GBPAUD" Open="1.80550000" SL="0.00000000" TP="1.80370000" CloseTime="2009-12-04 16:30:00" Close="1.80420000" Swap="0.00" Profit="23.89" Comment=" (44)" />
        <deal Ticket="11506417" OpenTime="2009-12-03 07:06:00" DealType="1" Lots="0.20" Symbol="EURJPY" Open="133.77000000" SL="0.00000000" TP="133.00000000" CloseTime="2009-12-03 17:01:00" Close="133.09000000" Swap="0.00" Profit="0.00" Comment="cancelled (45)" />
        <deal Ticket="11506406" OpenTime="2009-12-03 07:06:00" DealType="1" Lots="0.20" Symbol="EURJPY" Open="133.57000000" SL="0.00000000" TP="133.00000000" CloseTime="2009-12-03 17:01:00" Close="133.09000000" Swap="0.00" Profit="0.00" Comment="cancelled (46)" />
        <deal Ticket="11506394" OpenTime="2009-12-03 14:14:00" DealType="-1" Lots="0.20" Symbol="EURJPY" Open="133.17000000" SL="0.00000000" TP="133.00000000" CloseTime="2009-12-03 16:00:00" Close="133.00000000" Swap="0.00" Profit="38.52" Comment=" (47)" />
        <deal Ticket="11500056" OpenTime="2009-12-02 21:21:00" DealType="1" Lots="0.20" Symbol="NZDUSD" Open="0.72070000" SL="0.00000000" TP="0.72170000" CloseTime="2009-12-02 21:58:00" Close="0.72170000" Swap="0.00" Profit="20.00" Comment=" (48)" />
        <deal Ticket="11454149" OpenTime="2009-11-30 17:16:00" DealType="1" Lots="0.20" Symbol="GBPJPY" Open="141.07" SL="0.00" TP="141.77" CloseTime="2009-11-30 23:16:00" Close="141.90" Swap="0.00" Profit="0.00" Comment="expiration [2009.11.30 23:16] (50)" />
        <deal Ticket="11413059" OpenTime="2009-11-27 07:01:00" DealType="1" Lots="0.20" Symbol="USDJPY" Open="85.17" SL="0.00" TP="87.57" CloseTime="2009-11-27 16:53:00" Close="86.76" Swap="0.00" Profit="0.00" Comment="cancelled (51)" />
        <deal Ticket="11410945" OpenTime="2009-11-27 08:03:00" DealType="1" Lots="0.20" Symbol="USDJPY" Open="85.77" SL="0.00" TP="87.57" CloseTime="2009-11-27 16:52:00" Close="86.73" Swap="0.00" Profit="221.38" Comment=" (52)" />
        <deal Ticket="11404420" OpenTime="2009-11-27 00:15:00" DealType="1" Lots="0.20" Symbol="USDJPY" Open="86.07" SL="0.00" TP="87.57" CloseTime="2009-11-27 16:52:00" Close="86.74" Swap="0.00" Profit="154.48" Comment=" (53)" />
        <deal Ticket="11386210" OpenTime="2009-11-27 00:11:00" DealType="1" Lots="0.20" Symbol="USDJPY" Open="86.27" SL="0.00" TP="87.57" CloseTime="2009-11-27 16:52:00" Close="86.75" Swap="0.00" Profit="110.66" Comment=" (54)" />
        <deal Ticket="11386191" OpenTime="2009-11-26 06:43:00" DealType="1" Lots="0.20" Symbol="USDJPY" Open="86.59" SL="0.00" TP="87.57" CloseTime="2009-11-27 16:52:00" Close="86.75" Swap="0.00" Profit="36.89" Comment=" (55)" />
        <deal Ticket="11378438" OpenTime="2009-11-26 04:30:00" DealType="1" Lots="0.20" Symbol="USDJPY" Open="87.07" SL="0.00" TP="87.57" CloseTime="2009-11-27 16:52:00" Close="86.73" Swap="0.00" Profit="-78.40" Comment=" (56)" />
        <deal Ticket="11377931" OpenTime="2009-11-25 20:28:00" DealType="1" Lots="0.20" Symbol="USDJPY" Open="87.37" SL="0.00" TP="87.57" CloseTime="2009-11-27 16:52:00" Close="86.72" Swap="0.00" Profit="-149.91" Comment=" (57)" />
        <deal Ticket="11377922" OpenTime="2009-11-25 19:29:00" DealType="1" Lots="0.20" Symbol="USDJPY" Open="87.55" SL="0.00" TP="87.57" CloseTime="2009-11-27 16:52:00" Close="86.72" Swap="0.00" Profit="-191.42" Comment=" (58)" />
        <deal Ticket="11410971" OpenTime="2009-11-27 04:48:00" DealType="1" Lots="0.20" Symbol="USDJPY" Open="85.77" SL="0.00" TP="87.57" CloseTime="2009-11-27 04:49:00" Close="86.09" Swap="0.00" Profit="0.00" Comment="cancelled (59)" />
        <deal Ticket="11403356" OpenTime="2009-11-26 19:10:00" DealType="1" Lots="0.20" Symbol="GBPJPY" Open="142.67" SL="0.00" TP="142.77" CloseTime="2009-11-26 20:44:00" Close="142.77" Swap="0.00" Profit="23.10" Comment=" (60)" />
        <deal Ticket="11402910" OpenTime="2009-11-26 18:53:00" DealType="1" Lots="0.20" Symbol="GBPJPY" Open="142.72" SL="0.00" TP="142.87" CloseTime="2009-11-26 19:00:00" Close="142.87" Swap="0.00" Profit="34.63" Comment=" (61)" />
        <deal Ticket="11401287" OpenTime="2009-11-26 17:45:00" DealType="1" Lots="0.20" Symbol="GBPJPY" Open="142.74" SL="0.00" TP="142.87" CloseTime="2009-11-26 18:14:00" Close="142.87" Swap="0.00" Profit="30.04" Comment=" (62)" />
        <deal Ticket="11286733" OpenTime="2009-11-20 10:19:00" DealType="-1" Lots="0.20" Symbol="EURAUD" Open="1.62570000" SL="0.00000000" TP="1.60970000" CloseTime="2009-11-25 06:40:00" Close="1.62050000" Swap="0.00" Profit="96.26" Comment=" (63)" />
        <deal Ticket="11262303" OpenTime="2009-11-19 12:32:00" DealType="-1" Lots="0.20" Symbol="EURAUD" Open="1.62170000" SL="0.00000000" TP="1.60970000" CloseTime="2009-11-25 06:40:00" Close="1.62050000" Swap="0.00" Profit="22.21" Comment=" (64)" />
        <deal Ticket="11262299" OpenTime="2009-11-19 12:23:00" DealType="-1" Lots="0.20" Symbol="EURAUD" Open="1.61770000" SL="0.00000000" TP="1.60970000" CloseTime="2009-11-25 06:40:00" Close="1.62050000" Swap="0.00" Profit="-51.84" Comment=" (65)" />
        <deal Ticket="11262288" OpenTime="2009-11-19 06:05:00" DealType="-1" Lots="0.20" Symbol="EURAUD" Open="1.61430000" SL="0.00000000" TP="1.60970000" CloseTime="2009-11-25 06:40:00" Close="1.62050000" Swap="0.00" Profit="-114.78" Comment=" (66)" />
        <deal Ticket="11253945" OpenTime="2009-11-18 18:15:00" DealType="-1" Lots="0.20" Symbol="EURAUD" Open="1.61040000" SL="0.00000000" TP="1.60970000" CloseTime="2009-11-25 06:40:00" Close="1.62050000" Swap="0.00" Profit="-186.98" Comment=" (67)" />
        <deal Ticket="11338045" OpenTime="2009-11-24 18:34:00" DealType="-1" Lots="0.20" Symbol="EURAUD" Open="1.63270000" SL="0.00000000" TP="1.60970000" CloseTime="2009-11-25 06:39:00" Close="1.62040000" Swap="0.00" Profit="227.70" Comment=" (68)" />
        <deal Ticket="11338906" OpenTime="2009-11-24 07:36:00" DealType="-1" Lots="0.20" Symbol="EURAUD" Open="1.62770000" SL="0.00000000" TP="1.60970000" CloseTime="2009-11-25 06:39:00" Close="1.62040000" Swap="0.00" Profit="135.14" Comment=" (69)" />
        <deal Ticket="11313726" OpenTime="2009-11-23 07:16:00" DealType="1" Lots="0.20" Symbol="EURAUD" Open="1.63170000" SL="0.00000000" TP="1.60970000" CloseTime="2009-11-23 19:28:00" Close="1.61920000" Swap="0.00" Profit="0.00" Comment="cancelled (70)" />
        <deal Ticket="11300390" OpenTime="2009-11-20 16:10:00" DealType="1" Lots="0.20" Symbol="EURAUD" Open="1.63170000" SL="0.00000000" TP="1.60970000" CloseTime="2009-11-23 07:09:00" Close="1.62500000" Swap="0.00" Profit="0.00" Comment="expiration [2009.11.23 07:09] (71)" />
        <deal Ticket="11278729" OpenTime="2009-11-19 18:08:00" DealType="1" Lots="0.20" Symbol="EURAUD" Open="1.62700000" SL="0.00000000" TP="1.60970000" CloseTime="2009-11-19 23:08:00" Close="1.62380000" Swap="0.00" Profit="0.00" Comment="expiration [2009.11.19 23:08] (72)" />
        <deal Ticket="11254107" OpenTime="2009-11-18 18:19:00" DealType="1" Lots="0.20" Symbol="EURAUD" Open="1.61270000" SL="0.00000000" TP="1.60770000" CloseTime="2009-11-18 22:18:00" Close="1.60920000" Swap="0.00" Profit="0.00" Comment="expiration [2009.11.18 22:18] (73)" />
        <deal Ticket="11205004" OpenTime="2009-11-16 20:09:00" DealType="-1" Lots="0.20" Symbol="GBPUSD" Open="1.6864" SL="0.0000" TP="1.6850" CloseTime="2009-11-16 20:18:00" Close="1.6850" Swap="0.00" Profit="28.00" Comment=" (74)" />
        <deal Ticket="11200692" OpenTime="2009-11-16 18:25:00" DealType="-1" Lots="0.20" Symbol="GBPAUD" Open="1.79750000" SL="0.00000000" TP="1.79370000" CloseTime="2009-11-16 18:36:00" Close="1.79460000" Swap="0.00" Profit="54.29" Comment=" (75)" />
        <deal Ticket="11200302" OpenTime="2009-11-16 18:20:00" DealType="-1" Lots="0.20" Symbol="GBPAUD" Open="1.79480000" SL="0.00000000" TP="1.79370000" CloseTime="2009-11-16 18:36:00" Close="1.79460000" Swap="0.00" Profit="3.74" Comment=" (76)" />
        <deal Ticket="11158266" OpenTime="2009-11-12 21:10:00" DealType="1" Lots="0.20" Symbol="AUDUSD" Open="0.92170000" SL="0.00000000" TP="0.92250000" CloseTime="2009-11-12 21:25:00" Close="0.92250000" Swap="0.00" Profit="16.00" Comment=" (77)" />
        <deal Ticket="11088631" OpenTime="2009-11-10 06:52:00" DealType="1" Lots="0.20" Symbol="GBPJPY" Open="149.07" SL="0.00" TP="149.37" CloseTime="2009-11-10 08:51:00" Close="149.80" Swap="0.00" Profit="0.00" Comment="expiration [2009.11.10 08:51] (78)" />
        <deal Ticket="11088600" OpenTime="2009-11-10 06:51:00" DealType="1" Lots="0.20" Symbol="GBPJPY" Open="149.29" SL="0.00" TP="149.37" CloseTime="2009-11-10 07:13:00" Close="149.37" Swap="0.00" Profit="17.81" Comment=" (79)" />
        <deal Ticket="11006642" OpenTime="2009-11-05 05:00:00" DealType="1" Lots="0.20" Symbol="EURNZD" Open="2.10000000" SL="0.00000000" TP="2.08070000" CloseTime="2009-11-09 05:32:00" Close="2.02480000" Swap="0.00" Profit="0.00" Comment="cancelled (80)" />
        <deal Ticket="11047976" OpenTime="2009-11-06 16:47:00" DealType="1" Lots="0.20" Symbol="GBPJPY" Open="148.47" SL="0.00" TP="148.54" CloseTime="2009-11-06 22:58:00" Close="149.36" Swap="0.00" Profit="0.00" Comment="cancelled (81)" />
        <deal Ticket="11047914" OpenTime="2009-11-06 16:46:00" DealType="1" Lots="0.20" Symbol="GBPJPY" Open="148.30" SL="0.00" TP="148.54" CloseTime="2009-11-06 22:58:00" Close="149.36" Swap="0.00" Profit="0.00" Comment="cancelled (82)" />
        <deal Ticket="11006635" OpenTime="2009-11-05 04:59:00" DealType="1" Lots="0.20" Symbol="EURNZD" Open="2.09500000" SL="0.00000000" TP="2.08070000" CloseTime="2009-11-06 22:57:00" Close="2.04820000" Swap="0.00" Profit="0.00" Comment="cancelled (83)" />
        <deal Ticket="10944325" OpenTime="2009-11-03 06:16:00" DealType="1" Lots="0.20" Symbol="EURNZD" Open="2.09000000" SL="0.00000000" TP="2.08070000" CloseTime="2009-11-06 22:57:00" Close="2.04830000" Swap="0.00" Profit="0.00" Comment="cancelled (84)" />
        <deal Ticket="10944315" OpenTime="2009-11-03 06:15:00" DealType="1" Lots="0.20" Symbol="EURNZD" Open="2.08500000" SL="0.00000000" TP="2.08070000" CloseTime="2009-11-06 22:57:00" Close="2.04830000" Swap="0.00" Profit="0.00" Comment="cancelled (85)" />
        <deal Ticket="11047880" OpenTime="2009-11-06 16:45:00" DealType="1" Lots="0.20" Symbol="GBPJPY" Open="148.48" SL="0.00" TP="148.57" CloseTime="2009-11-06 16:46:00" Close="148.57" Swap="0.00" Profit="20.06" Comment=" (86)" />
        <deal Ticket="10944304" OpenTime="2009-11-03 06:14:00" DealType="1" Lots="0.20" Symbol="EURNZD" Open="2.08000000" SL="0.00000000" TP="2.07700000" CloseTime="2009-11-05 23:57:00" Close="2.06210000" Swap="0.00" Profit="0.00" Comment="expiration [2009.11.05 23:57] (87)" />
        <deal Ticket="10937186" OpenTime="2009-11-02 20:26:00" DealType="1" Lots="0.20" Symbol="EURNZD" Open="2.07500000" SL="0.00000000" TP="2.07070000" CloseTime="2009-11-04 07:44:00" Close="2.04590000" Swap="0.00" Profit="0.00" Comment="expiration [2009.11.04 07:44] (88)" />
        <deal Ticket="10937120" OpenTime="2009-11-02 20:24:00" DealType="1" Lots="0.20" Symbol="EURNZD" Open="2.07000000" SL="0.00000000" TP="2.06700000" CloseTime="2009-11-03 18:31:00" Close="2.03970000" Swap="0.00" Profit="0.00" Comment="cancelled (89)" />
        <deal Ticket="10935707" OpenTime="2009-11-02 19:45:00" DealType="1" Lots="0.20" Symbol="EURNZD" Open="2.06500000" SL="0.00000000" TP="2.06000000" CloseTime="2009-11-03 06:12:00" Close="2.04750000" Swap="0.00" Profit="0.00" Comment="cancelled (90)" />
        <deal Ticket="10933762" OpenTime="2009-11-02 18:59:00" DealType="-1" Lots="0.20" Symbol="EURNZD" Open="2.06500000" SL="0.00000000" TP="2.05770000" CloseTime="2009-11-02 19:23:00" Close="2.06020000" Swap="0.00" Profit="68.91" Comment=" (91)" />
        <deal Ticket="10933678" OpenTime="2009-11-02 18:55:00" DealType="-1" Lots="0.20" Symbol="EURNZD" Open="2.06140000" SL="0.00000000" TP="2.06070000" CloseTime="2009-11-02 19:12:00" Close="2.06070000" Swap="0.00" Profit="10.04" Comment=" (92)" />
        <deal Ticket="10905827" OpenTime="2009-10-30 20:08:00" DealType="1" Lots="0.20" Symbol="AUDJPY" Open="80.81" SL="0.00" TP="82.17" CloseTime="2009-11-02 05:17:00" Close="81.48" Swap="0.00" Profit="148.69" Comment=" (93)" />
        <deal Ticket="10905754" OpenTime="2009-10-30 20:05:00" DealType="1" Lots="0.20" Symbol="AUDJPY" Open="80.94" SL="0.00" TP="82.17" CloseTime="2009-11-02 05:17:00" Close="81.48" Swap="0.00" Profit="119.84" Comment=" (94)" />
        <deal Ticket="10903851" OpenTime="2009-10-30 18:27:00" DealType="1" Lots="0.20" Symbol="AUDJPY" Open="81.08" SL="0.00" TP="82.17" CloseTime="2009-11-02 05:17:00" Close="81.48" Swap="0.00" Profit="88.77" Comment=" (95)" />
        <deal Ticket="10902690" OpenTime="2009-10-30 17:48:00" DealType="1" Lots="0.20" Symbol="AUDJPY" Open="81.52" SL="0.00" TP="82.17" CloseTime="2009-11-02 05:17:00" Close="81.49" Swap="0.00" Profit="-6.65" Comment=" (96)" />
        <deal Ticket="10902294" OpenTime="2009-10-30 17:35:00" DealType="1" Lots="0.20" Symbol="AUDJPY" Open="81.65" SL="0.00" TP="82.17" CloseTime="2009-11-02 05:17:00" Close="81.49" Swap="0.00" Profit="-35.50" Comment=" (97)" />
        <deal Ticket="10899558" OpenTime="2009-10-30 16:29:00" DealType="1" Lots="0.20" Symbol="AUDJPY" Open="82.11" SL="0.00" TP="82.17" CloseTime="2009-11-02 05:17:00" Close="81.48" Swap="0.00" Profit="-139.81" Comment=" (98)" />
        <deal Ticket="10903755" OpenTime="2009-10-30 18:23:00" DealType="1" Lots="0.20" Symbol="AUDJPY" Open="81.26" SL="0.00" TP="82.17" CloseTime="2009-11-02 05:16:00" Close="81.49" Swap="0.00" Profit="51.05" Comment=" (99)" />
        <deal Ticket="10903605" OpenTime="2009-10-30 18:15:00" DealType="1" Lots="0.20" Symbol="AUDJPY" Open="81.40" SL="0.00" TP="82.17" CloseTime="2009-11-02 05:16:00" Close="81.48" Swap="0.00" Profit="17.75" Comment=" (100)" />
        <deal Ticket="10900468" OpenTime="2009-10-30 16:55:00" DealType="1" Lots="0.20" Symbol="AUDJPY" Open="81.78" SL="0.00" TP="82.07" CloseTime="2009-10-30 17:10:00" Close="82.07" Swap="0.00" Profit="64.08" Comment=" (102)" />
        <deal Ticket="10900153" OpenTime="2009-10-30 16:48:00" DealType="1" Lots="0.20" Symbol="AUDJPY" Open="81.91" SL="0.00" TP="82.07" CloseTime="2009-10-30 17:10:00" Close="82.07" Swap="0.00" Profit="35.35" Comment=" (103)" />
        <deal Ticket="10900070" OpenTime="2009-10-30 16:46:00" DealType="1" Lots="0.20" Symbol="AUDJPY" Open="81.98" SL="0.00" TP="82.07" CloseTime="2009-10-30 17:10:00" Close="82.07" Swap="0.00" Profit="19.88" Comment=" (104)" />
        <deal Ticket="10869682" OpenTime="2009-10-29 18:31:00" DealType="-1" Lots="0.20" Symbol="AUDJPY" Open="83.82" SL="0.00" TP="83.47" CloseTime="2009-10-30 01:17:00" Close="83.47" Swap="0.00" Profit="76.63" Comment=" (105)" />
        <deal Ticket="10867417" OpenTime="2009-10-29 17:21:00" DealType="-1" Lots="0.20" Symbol="AUDJPY" Open="83.59" SL="0.00" TP="83.47" CloseTime="2009-10-30 01:17:00" Close="83.47" Swap="0.00" Profit="26.27" Comment=" (106)" />
        <deal Ticket="10834426" OpenTime="2009-10-28 17:52:00" DealType="1" Lots="0.20" Symbol="AUDJPY" Open="81.31" SL="0.00" TP="81.87" CloseTime="2009-10-29 09:20:00" Close="81.87" Swap="0.00" Profit="123.51" Comment=" (107)" />
        <deal Ticket="10833734" OpenTime="2009-10-28 17:34:00" DealType="1" Lots="0.20" Symbol="AUDJPY" Open="81.79" SL="0.00" TP="81.87" CloseTime="2009-10-29 09:20:00" Close="81.87" Swap="0.00" Profit="17.64" Comment=" (108)" />
        <deal Ticket="10845346" OpenTime="2009-10-29 04:36:00" DealType="1" Lots="0.20" Symbol="AUDJPY" Open="81.10" SL="0.00" TP="81.77" CloseTime="2009-10-29 06:27:00" Close="81.24" Swap="0.00" Profit="30.98" Comment=" (109)" />
        <deal Ticket="10833896" OpenTime="2009-10-28 17:39:00" DealType="1" Lots="0.20" Symbol="AUDJPY" Open="81.48" SL="0.00" TP="81.77" CloseTime="2009-10-29 00:11:00" Close="81.77" Swap="0.00" Profit="63.89" Comment=" (110)" />
        <deal Ticket="10833811" OpenTime="2009-10-28 17:37:00" DealType="1" Lots="0.20" Symbol="AUDJPY" Open="81.69" SL="0.00" TP="81.77" CloseTime="2009-10-29 00:11:00" Close="81.77" Swap="0.00" Profit="17.63" Comment=" (111)" />
        <deal Ticket="10833849" OpenTime="2009-10-28 17:38:00" DealType="1" Lots="0.20" Symbol="AUDJPY" Open="81.60" SL="0.00" TP="81.87" CloseTime="2009-10-28 18:03:00" Close="81.63" Swap="0.00" Profit="6.61" Comment=" (112)" />
        <deal Ticket="10817550" OpenTime="2009-10-28 06:36:00" DealType="1" Lots="0.20" Symbol="AUDJPY" Open="82.95" SL="0.00" TP="83.07" CloseTime="2009-10-28 06:56:00" Close="83.07" Swap="0.00" Profit="26.30" Comment=" (113)" />
        <deal Ticket="10767025" OpenTime="2009-10-26 07:01:00" DealType="1" Lots="0.20" Symbol="GBPCHF" Open="1.64060000" SL="0.00000000" TP="1.64770000" CloseTime="2009-10-26 14:51:00" Close="1.64770000" Swap="0.00" Profit="141.10" Comment=" (114)" />
        <deal Ticket="10758988" OpenTime="2009-10-23 19:58:00" DealType="1" Lots="0.20" Symbol="GBPCHF" Open="1.64360000" SL="0.00000000" TP="1.64470000" CloseTime="2009-10-23 20:43:00" Close="1.64470000" Swap="0.00" Profit="21.81" Comment=" (115)" />
        <deal Ticket="10698892" OpenTime="2009-10-21 19:30:00" DealType="-1" Lots="0.20" Symbol="EURUSD" Open="1.5037" SL="0.0000" TP="1.4977" CloseTime="2009-10-22 07:15:00" Close="1.5002" Swap="0.00" Profit="70.00" Comment=" (116)" />
        <deal Ticket="10671212" OpenTime="2009-10-20 21:21:00" DealType="1" Lots="0.20" Symbol="AUDUSD" Open="0.91850000" SL="0.00000000" TP="0.92170000" CloseTime="2009-10-21 07:20:00" Close="0.92290000" Swap="0.00" Profit="0.00" Comment="expiration [2009.10.21 07:20] (117)" />
        <deal Ticket="10463365" OpenTime="2009-10-08 18:52:00" DealType="1" Lots="0.20" Symbol="GBPAUD" Open="1.77450000" SL="0.00000000" TP="1.77770000" CloseTime="2009-10-16 14:13:00" Close="1.77770000" Swap="0.00" Profit="58.69" Comment=" (118)" />
        <deal Ticket="10218777" OpenTime="2009-09-24 21:57:00" DealType="1" Lots="0.20" Symbol="GBPJPY" Open="146.50" SL="0.00" TP="146.57" CloseTime="2009-10-15 12:45:00" Close="146.57" Swap="0.00" Profit="15.55" Comment="d1 (119)" />
        <deal Ticket="10558810" OpenTime="2009-10-15 05:20:00" DealType="1" Lots="0.20" Symbol="GBPCAD" Open="1.63980000" SL="0.00000000" TP="1.64370000" CloseTime="2009-10-15 08:38:00" Close="1.64370000" Swap="0.00" Profit="76.38" Comment=" (120)" />
        <deal Ticket="10465822" OpenTime="2009-10-08 20:50:00" DealType="1" Lots="0.20" Symbol="AUDUSD" Open="0.91070000" SL="0.00000000" TP="0.90500000" CloseTime="2009-10-09 21:48:00" Close="0.90350000" Swap="0.00" Profit="0.00" Comment="expiration [2009.10.09 21:48] (121)" />
        <deal Ticket="10415133" OpenTime="2009-10-06 16:24:00" DealType="1" Lots="0.20" Symbol="USDCAD" Open="1.05670000" SL="0.00000000" TP="1.05770000" CloseTime="2009-10-06 16:34:00" Close="1.05770000" Swap="0.00" Profit="18.91" Comment=" (122)" />
        <deal Ticket="10344916" OpenTime="2009-10-01 19:25:00" DealType="1" Lots="0.20" Symbol="AUDJPY" Open="78.21" SL="0.00" TP="78.37" CloseTime="2009-10-05 03:00:00" Close="78.37" Swap="0.00" Profit="35.62" Comment=" (123)" />
        <deal Ticket="10350481" OpenTime="2009-10-02 05:21:00" DealType="1" Lots="0.20" Symbol="GBPJPY" Open="142.21" SL="0.00" TP="142.77" CloseTime="2009-10-02 17:09:00" Close="142.77" Swap="0.00" Profit="124.81" Comment=" (124)" />
        <deal Ticket="10299501" OpenTime="2009-09-30 06:53:00" DealType="1" Lots="0.20" Symbol="GBPAUD" Open="1.82440000" SL="0.00000000" TP="1.83770000" CloseTime="2009-10-01 20:22:00" Close="1.82960000" Swap="0.00" Profit="90.63" Comment="mn (125)" />
        <deal Ticket="10238069" OpenTime="2009-09-25 17:03:00" DealType="1" Lots="0.20" Symbol="GBPJPY" Open="143.52" SL="0.00" TP="144.47" CloseTime="2009-09-30 02:29:00" Close="144.47" Swap="0.00" Profit="210.27" Comment=" (127)" />
        <deal Ticket="10263188" OpenTime="2009-09-28 16:59:00" DealType="1" Lots="0.20" Symbol="GBPJPY" Open="141.17" SL="0.00" TP="142.77" CloseTime="2009-09-29 17:58:00" Close="143.84" Swap="0.00" Profit="0.00" Comment="expiration [2009.09.29 17:58] (128)" />
        <deal Ticket="10249007" OpenTime="2009-09-28 06:28:00" DealType="1" Lots="0.20" Symbol="GBPJPY" Open="141.32" SL="0.00" TP="142.17" CloseTime="2009-09-28 07:04:00" Close="141.57" Swap="0.00" Profit="55.87" Comment=" (129)" />
        <deal Ticket="10247861" OpenTime="2009-09-28 04:47:00" DealType="1" Lots="0.20" Symbol="GBPJPY" Open="140.92" SL="0.00" TP="143.57" CloseTime="2009-09-28 06:18:00" Close="141.29" Swap="0.00" Profit="82.64" Comment=" (130)" />
        <deal Ticket="10238460" OpenTime="2009-09-25 17:17:00" DealType="1" Lots="0.20" Symbol="GBPJPY" Open="142.97" SL="0.00" TP="144.17" CloseTime="2009-09-25 21:45:00" Close="143.13" Swap="0.00" Profit="35.62" Comment=" (131)" />
        <deal Ticket="10223679" OpenTime="2009-09-25 05:42:00" DealType="1" Lots="0.20" Symbol="GBPJPY" Open="144.71" SL="144.83" TP="146.20" CloseTime="2009-09-25 08:07:00" Close="144.83" Swap="0.00" Profit="26.49" Comment="d1+h1+div (132)" />
        <deal Ticket="10212058" OpenTime="2009-09-24 16:58:00" DealType="1" Lots="0.20" Symbol="GBPJPY" Open="146.72" SL="0.00" TP="146.87" CloseTime="2009-09-24 19:50:00" Close="146.87" Swap="0.00" Profit="32.78" Comment=" (133)" />
        <deal Ticket="10214712" OpenTime="2009-09-24 18:52:00" DealType="1" Lots="0.20" Symbol="GBPCHF" Open="1.65080000" SL="0.00000000" TP="1.65170000" CloseTime="2009-09-24 19:16:00" Close="1.65170000" Swap="0.00" Profit="17.50" Comment=" (134)" />
        <deal Ticket="10212567" OpenTime="2009-09-24 17:11:00" DealType="1" Lots="0.20" Symbol="GBPJPY" Open="146.51" SL="0.00" TP="146.70" CloseTime="2009-09-24 19:10:00" Close="146.70" Swap="0.00" Profit="41.63" Comment=" (135)" />
        <deal Ticket="10212629" OpenTime="2009-09-24 17:13:00" DealType="1" Lots="0.20" Symbol="GBPCHF" Open="1.65140000" SL="0.00000000" TP="1.65220000" CloseTime="2009-09-24 17:42:00" Close="1.65220000" Swap="0.00" Profit="15.56" Comment=" (136)" />
        <deal Ticket="10212128" OpenTime="2009-09-24 17:00:00" DealType="1" Lots="0.20" Symbol="GBPJPY" Open="146.50" SL="0.00" TP="146.77" CloseTime="2009-09-24 17:04:00" Close="146.59" Swap="0.00" Profit="19.75" Comment=" (137)" />
        <deal Ticket="10210292" OpenTime="2009-09-24 16:18:00" DealType="1" Lots="0.20" Symbol="GBPCHF" Open="1.65250000" SL="0.00000000" TP="1.65370000" CloseTime="2009-09-24 16:45:00" Close="1.65370000" Swap="0.00" Profit="23.33" Comment=" (138)" />
        <deal Ticket="10210271" OpenTime="2009-09-24 16:17:00" DealType="1" Lots="0.20" Symbol="GBPJPY" Open="146.57" SL="0.00" TP="146.77" CloseTime="2009-09-24 16:27:00" Close="146.77" Swap="0.00" Profit="43.87" Comment=" (139)" />
        <deal Ticket="10197318" OpenTime="2009-09-24 05:56:00" DealType="1" Lots="0.20" Symbol="EURJPY" Open="133.91000000" SL="0.00000000" TP="133.97000000" CloseTime="2009-09-24 13:25:00" Close="133.97000000" Swap="0.00" Profit="13.23" Comment=" (140)" />
        <deal Ticket="10197771" OpenTime="2009-09-24 06:44:00" DealType="1" Lots="0.20" Symbol="EURJPY" Open="133.79000000" SL="0.00000000" TP="133.87000000" CloseTime="2009-09-24 12:33:00" Close="133.87000000" Swap="0.00" Profit="17.66" Comment=" (141)" />
        <deal Ticket="10198213" OpenTime="2009-09-24 08:46:00" DealType="1" Lots="0.20" Symbol="EURJPY" Open="133.57000000" SL="0.00000000" TP="133.70000000" CloseTime="2009-09-24 09:41:00" Close="133.70000000" Swap="0.00" Profit="28.70" Comment=" (142)" />
        <deal Ticket="10172198" OpenTime="2009-09-23 20:23:00" DealType="1" Lots="0.20" Symbol="USDCHF" Open="1.0200" SL="0.0000" TP="1.0277" CloseTime="2009-09-23 23:39:00" Close="1.0277" Swap="0.00" Profit="149.85" Comment="w1 (143)" />
        <deal Ticket="10144535" OpenTime="2009-09-21 16:49:00" DealType="-1" Lots="0.20" Symbol="EURGBP" Open="0.9059" SL="0.9043" TP="0.9000" CloseTime="2009-09-22 18:11:00" Close="0.9043" Swap="0.00" Profit="52.38" Comment="d1 (144)" />
        <deal Ticket="10147918" OpenTime="2009-09-21 19:25:00" DealType="1" Lots="0.20" Symbol="GBPCHF" Open="1.67270000" SL="1.67550000" TP="1.70000000" CloseTime="2009-09-22 17:13:00" Close="1.67550000" Swap="0.00" Profit="54.73" Comment=" (145)" />
        <deal Ticket="10122950" OpenTime="2009-09-18 17:21:00" DealType="1" Lots="0.20" Symbol="GBPCHF" Open="1.67470000" SL="0.00000000" TP="1.67770000" CloseTime="2009-09-22 16:43:00" Close="1.67560000" Swap="0.00" Profit="17.57" Comment=" (146)" />
        <deal Ticket="10073687" OpenTime="2009-09-16 16:56:00" DealType="1" Lots="0.20" Symbol="GBPAUD" Open="1.87000000" SL="0.00000000" TP="1.97000000" CloseTime="2009-09-21 17:54:00" Close="1.87950000" Swap="0.00" Profit="0.00" Comment="expiration [2009.09.21 17:54] (147)" />
        <deal Ticket="10055017" OpenTime="2009-09-15 20:03:00" DealType="-1" Lots="0.20" Symbol="EURUSD" Open="1.4674" SL="0.0000" TP="1.4640" CloseTime="2009-09-21 08:37:00" Close="1.4640" Swap="0.00" Profit="68.00" Comment="w1_div (148)" />
        <deal Ticket="10108431" OpenTime="2009-09-18 09:16:00" DealType="1" Lots="0.20" Symbol="GBPCHF" Open="1.68500000" SL="0.00000000" TP="1.68700000" CloseTime="2009-09-18 10:36:00" Close="1.68700000" Swap="0.00" Profit="38.72" Comment="d1 (149)" />
        <deal Ticket="10101172" OpenTime="2009-09-17 18:45:00" DealType="1" Lots="0.20" Symbol="AUDCHF" Open="0.89720000" SL="0.00000000" TP="0.89740000" CloseTime="2009-09-17 23:05:00" Close="0.89740000" Swap="0.00" Profit="3.89" Comment=" (150)" />
        <deal Ticket="10102012" OpenTime="2009-09-17 19:24:00" DealType="1" Lots="0.20" Symbol="AUDCHF" Open="0.89620000" SL="0.00000000" TP="0.89700000" CloseTime="2009-09-17 22:59:00" Close="0.89700000" Swap="0.00" Profit="15.56" Comment=" (151)" />
        <deal Ticket="10077527" OpenTime="2009-09-16 18:30:00" DealType="1" Lots="0.20" Symbol="GBPAUD" Open="1.89070000" SL="0.00000000" TP="1.89770000" CloseTime="2009-09-17 15:14:00" Close="1.89770000" Swap="0.00" Profit="121.69" Comment=" (152)" />
        <deal Ticket="10052217" OpenTime="2009-09-15 18:21:00" DealType="1" Lots="0.20" Symbol="USDJPY" Open="91.03" SL="0.00" TP="91.50" CloseTime="2009-09-17 14:31:00" Close="91.50" Swap="0.00" Profit="102.73" Comment="d1_MoSt (153)" />
        <deal Ticket="10058930" OpenTime="2009-09-16 10:27:00" DealType="1" Lots="0.20" Symbol="GBPAUD" Open="1.89000000" SL="1.89180000" TP="1.97000000" CloseTime="2009-09-16 17:55:00" Close="1.89180000" Swap="0.00" Profit="31.40" Comment="w1_div (154)" />
        <deal Ticket="10058914" OpenTime="2009-09-16 05:28:00" DealType="1" Lots="0.20" Symbol="GBPAUD" Open="1.89000000" SL="0.00000000" TP="1.97000000" CloseTime="2009-09-16 05:31:00" Close="1.90250000" Swap="0.00" Profit="0.00" Comment="cancelled (155)" />
        <deal Ticket="10052404" OpenTime="2009-09-15 18:35:00" DealType="1" Lots="0.20" Symbol="GBPCAD" Open="1.76920000" SL="0.00000000" TP="1.77070000" CloseTime="2009-09-15 18:58:00" Close="1.77060000" Swap="0.00" Profit="26.03" Comment=" (156)" />
        <deal Ticket="10005139" OpenTime="2009-09-14 00:43:00" DealType="1" Lots="0.20" Symbol="USDJPY" Open="90.25" SL="90.86" TP="91.45" CloseTime="2009-09-14 15:31:00" Close="90.86" Swap="0.00" Profit="134.27" Comment="w1 (157)" />
        <deal Ticket="10011510" OpenTime="2009-09-14 07:21:00" DealType="1" Lots="0.20" Symbol="NZDJPY" Open="62.70000000" SL="0.00000000" TP="63.20000000" CloseTime="2009-09-14 13:12:00" Close="63.46000000" Swap="0.00" Profit="0.00" Comment="cancelled (158)" />
        <deal Ticket="10010178" OpenTime="2009-09-14 04:57:00" DealType="1" Lots="0.20" Symbol="USDJPY" Open="89.50" SL="0.00" TP="90.70" CloseTime="2009-09-14 13:12:00" Close="90.84" Swap="0.00" Profit="0.00" Comment="cancelled (159)" />
        <deal Ticket="10011493" OpenTime="2009-09-14 07:20:00" DealType="1" Lots="0.20" Symbol="NZDJPY" Open="63.11000000" SL="0.00000000" TP="63.20000000" CloseTime="2009-09-14 08:07:00" Close="63.20000000" Swap="0.00" Profit="19.88" Comment="h4 (160)" />
        <deal Ticket="10010228" OpenTime="2009-09-14 05:06:00" DealType="1" Lots="0.20" Symbol="NZDJPY" Open="63.11000000" SL="0.00000000" TP="63.15000000" CloseTime="2009-09-14 05:49:00" Close="63.15000000" Swap="0.00" Profit="8.85" Comment=" (161)" />
        <deal Ticket="10005097" OpenTime="2009-09-11 19:19:00" DealType="1" Lots="0.20" Symbol="USDJPY" Open="90.46" SL="0.00" TP="90.55" CloseTime="2009-09-11 20:55:00" Close="90.55" Swap="0.00" Profit="19.88" Comment=" (162)" />
        <deal Ticket="10005438" OpenTime="2009-09-11 19:44:00" DealType="1" Lots="0.20" Symbol="GBPJPY" Open="150.91" SL="0.00" TP="150.95" CloseTime="2009-09-11 20:02:00" Close="150.95" Swap="0.00" Profit="8.84" Comment=" (163)" />
        <deal Ticket="10005092" OpenTime="2009-09-11 19:18:00" DealType="1" Lots="0.20" Symbol="EURJPY" Open="131.85000000" SL="0.00000000" TP="131.90000000" CloseTime="2009-09-11 20:01:00" Close="131.90000000" Swap="0.00" Profit="11.05" Comment=" (164)" />
        <deal Ticket="10004471" OpenTime="2009-09-11 18:39:00" DealType="1" Lots="0.20" Symbol="AUDJPY" Open="78.06" SL="0.00" TP="78.10" CloseTime="2009-09-11 18:44:00" Close="78.10" Swap="0.00" Profit="8.84" Comment=" (165)" />
        <deal Ticket="10004134" OpenTime="2009-09-11 18:28:00" DealType="1" Lots="0.20" Symbol="USDJPY" Open="90.35" SL="0.00" TP="90.50" CloseTime="2009-09-11 18:44:00" Close="90.50" Swap="0.00" Profit="33.15" Comment=" (166)" />
        <deal Ticket="9908897" OpenTime="2009-09-07 16:43:00" DealType="1" Lots="0.20" Symbol="NZDUSD" Open="0.72000000" SL="0.00000000" TP="0.65000000" CloseTime="2009-09-11 10:38:00" Close="0.70370000" Swap="0.00" Profit="0.00" Comment="expiration [2009.09.11 10:38] (167)" />
        <deal Ticket="9984945" OpenTime="2009-09-10 20:26:00" DealType="-1" Lots="0.20" Symbol="NZDUSD" Open="0.70300000" SL="0.00000000" TP="0.70170000" CloseTime="2009-09-11 03:18:00" Close="0.70170000" Swap="0.00" Profit="26.00" Comment=" (168)" />
        <deal Ticket="9957835" OpenTime="2009-09-09 16:25:00" DealType="1" Lots="0.20" Symbol="USDJPY" Open="91.65" SL="0.00" TP="91.75" CloseTime="2009-09-09 19:31:00" Close="92.01" Swap="0.00" Profit="0.00" Comment="cancelled (169)" />
        <deal Ticket="9957584" OpenTime="2009-09-09 16:16:00" DealType="1" Lots="0.20" Symbol="USDJPY" Open="91.69" SL="0.00" TP="91.80" CloseTime="2009-09-09 16:25:00" Close="91.80" Swap="0.00" Profit="23.97" Comment=" (170)" />
        <deal Ticket="9943639" OpenTime="2009-09-09 05:26:00" DealType="1" Lots="0.20" Symbol="EURGBP" Open="0.8774" SL="0.0000" TP="0.8780" CloseTime="2009-09-09 08:54:00" Close="0.8780" Swap="0.00" Profit="19.80" Comment="pagal (4_Altr)D1 (171)" />
        <deal Ticket="9898105" OpenTime="2009-09-07 07:17:00" DealType="1" Lots="0.20" Symbol="EURGBP" Open="0.8830" SL="0.0000" TP="0.8700" CloseTime="2009-09-09 08:16:00" Close="0.8765" Swap="0.00" Profit="0.00" Comment="expiration [2009.09.09 08:16] (172)" />
        <deal Ticket="9929361" OpenTime="2009-09-08 14:55:00" DealType="1" Lots="0.20" Symbol="USDCHF" Open="1.0458" SL="0.0000" TP="1.0470" CloseTime="2009-09-08 15:10:00" Close="1.0467" Swap="0.00" Profit="17.20" Comment=" (173)" />
        <deal Ticket="9909169" OpenTime="2009-09-07 17:02:00" DealType="1" Lots="0.20" Symbol="GBPAUD" Open="1.91280000" SL="0.00000000" TP="1.91400000" CloseTime="2009-09-08 10:33:00" Close="1.91400000" Swap="0.00" Profit="20.69" Comment=" (174)" />
        <deal Ticket="9912012" OpenTime="2009-09-07 20:14:00" DealType="1" Lots="0.20" Symbol="GBPJPY" Open="151.10" SL="0.00" TP="151.25" CloseTime="2009-09-08 05:01:00" Close="151.75" Swap="0.00" Profit="0.00" Comment="cancelled (175)" />
        <deal Ticket="9912065" OpenTime="2009-09-07 20:23:00" DealType="1" Lots="0.20" Symbol="GBPAUD" Open="1.90770000" SL="0.00000000" TP="1.91000000" CloseTime="2009-09-07 21:58:00" Close="1.91000000" Swap="0.00" Profit="39.37" Comment=" (176)" />
        <deal Ticket="9910756" OpenTime="2009-09-07 18:24:00" DealType="1" Lots="0.20" Symbol="GBPJPY" Open="151.84" SL="0.00" TP="151.95" CloseTime="2009-09-07 20:56:00" Close="151.95" Swap="0.00" Profit="23.65" Comment=" (177)" />
        <deal Ticket="9704252" OpenTime="2009-08-27 08:52:00" DealType="-1" Lots="0.20" Symbol="EURGBP" Open="0.8797" SL="0.8770" TP="0.7300" CloseTime="2009-09-07 18:05:00" Close="0.8770" Swap="0.00" Profit="88.37" Comment=" (178)" />
        <deal Ticket="9890289" OpenTime="2009-09-04 18:18:00" DealType="1" Lots="0.20" Symbol="USDCAD" Open="1.08340000" SL="0.00000000" TP="1.08420000" CloseTime="2009-09-04 18:25:00" Close="1.08390000" Swap="0.00" Profit="9.23" Comment=" (179)" />
        <deal Ticket="9784257" OpenTime="2009-09-01 06:58:00" DealType="1" Lots="0.20" Symbol="EURGBP" Open="0.8850" SL="0.0000" TP="0.8717" CloseTime="2009-09-03 18:26:00" Close="0.8729" Swap="0.00" Profit="0.00" Comment="cancelled (180)" />
        <deal Ticket="9668829" OpenTime="2009-08-25 16:25:00" DealType="-1" Lots="0.20" Symbol="EURGBP" Open="0.8745" SL="0.0000" TP="0.8740" CloseTime="2009-09-03 10:49:00" Close="0.8740" Swap="0.00" Profit="16.36" Comment=" (181)" />
        <deal Ticket="9669634" OpenTime="2009-08-25 17:01:00" DealType="-1" Lots="0.20" Symbol="EURGBP" Open="0.8752" SL="0.0000" TP="0.8745" CloseTime="2009-09-03 10:48:00" Close="0.8745" Swap="0.00" Profit="22.90" Comment=" (182)" />
        <deal Ticket="9677033" OpenTime="2009-08-26 04:59:00" DealType="-1" Lots="0.20" Symbol="EURGBP" Open="0.8760" SL="0.0000" TP="0.8727" CloseTime="2009-09-02 16:47:00" Close="0.8756" Swap="0.00" Profit="12.99" Comment=" (183)" />
        <deal Ticket="9804835" OpenTime="2009-09-01 17:58:00" DealType="1" Lots="0.20" Symbol="AUDJPY" Open="77.34" SL="0.00" TP="77.40" CloseTime="2009-09-02 08:16:00" Close="77.40" Swap="0.00" Profit="12.92" Comment=" (184)" />
        <deal Ticket="9804796" OpenTime="2009-09-01 17:57:00" DealType="1" Lots="0.20" Symbol="AUDUSD" Open="0.83130000" SL="0.00000000" TP="0.83250000" CloseTime="2009-09-02 08:13:00" Close="0.83250000" Swap="0.00" Profit="24.00" Comment=" (185)" />
        <deal Ticket="9815477" OpenTime="2009-09-02 04:50:00" DealType="1" Lots="0.20" Symbol="AUDJPY" Open="77.06" SL="0.00" TP="77.20" CloseTime="2009-09-02 06:26:00" Close="77.20" Swap="0.00" Profit="30.15" Comment=" (186)" />
        <deal Ticket="9807198" OpenTime="2009-09-01 18:58:00" DealType="1" Lots="0.20" Symbol="AUDJPY" Open="77.20" SL="0.00" TP="77.25" CloseTime="2009-09-02 03:52:00" Close="77.25" Swap="0.00" Profit="10.76" Comment=" (187)" />
        <deal Ticket="9810952" OpenTime="2009-09-01 20:27:00" DealType="1" Lots="0.20" Symbol="AUDJPY" Open="76.95" SL="0.00" TP="77.07" CloseTime="2009-09-02 03:32:00" Close="77.07" Swap="0.00" Profit="25.84" Comment=" (188)" />
        <deal Ticket="9807229" OpenTime="2009-09-01 18:59:00" DealType="1" Lots="0.20" Symbol="AUDUSD" Open="0.82850000" SL="0.00000000" TP="0.82950000" CloseTime="2009-09-02 03:30:00" Close="0.82950000" Swap="0.00" Profit="20.00" Comment=" (189)" />
        <deal Ticket="9811020" OpenTime="2009-09-01 20:30:00" DealType="1" Lots="0.20" Symbol="NZDJPY" Open="62.65000000" SL="0.00000000" TP="62.77000000" CloseTime="2009-09-01 21:06:00" Close="62.77000000" Swap="0.00" Profit="25.82" Comment=" (190)" />
        <deal Ticket="9807833" OpenTime="2009-09-01 19:12:00" DealType="1" Lots="0.20" Symbol="NZDUSD" Open="0.67400000" SL="0.00000000" TP="0.67450000" CloseTime="2009-09-01 19:57:00" Close="0.67450000" Swap="0.00" Profit="10.00" Comment=" (191)" />
        <deal Ticket="9807704" OpenTime="2009-09-01 19:09:00" DealType="1" Lots="0.20" Symbol="AUDJPY" Open="76.92" SL="0.00" TP="77.05" CloseTime="2009-09-01 19:57:00" Close="77.05" Swap="0.00" Profit="27.94" Comment=" (192)" />
        <deal Ticket="9805057" OpenTime="2009-09-01 18:02:00" DealType="1" Lots="0.20" Symbol="AUDJPY" Open="77.25" SL="0.00" TP="77.35" CloseTime="2009-09-01 18:50:00" Close="77.27" Swap="0.00" Profit="4.30" Comment=" (193)" />
        <deal Ticket="9806237" OpenTime="2009-09-01 18:29:00" DealType="1" Lots="0.20" Symbol="AUDUSD" Open="0.82910000" SL="0.00000000" TP="0.83000000" CloseTime="2009-09-01 18:35:00" Close="0.83000000" Swap="0.00" Profit="18.00" Comment=" (194)" />
        <deal Ticket="9805245" OpenTime="2009-09-01 18:07:00" DealType="1" Lots="0.20" Symbol="AUDUSD" Open="0.82930000" SL="0.00000000" TP="0.83000000" CloseTime="2009-09-01 18:10:00" Close="0.83000000" Swap="0.00" Profit="14.00" Comment=" (195)" />
        <deal Ticket="9771195" OpenTime="2009-08-31 17:31:00" DealType="-1" Lots="0.20" Symbol="AUDCAD" Open="0.92650000" SL="0.00000000" TP="0.92550000" CloseTime="2009-08-31 18:00:00" Close="0.92550000" Swap="0.00" Profit="18.25" Comment=" (197)" />
        <deal Ticket="9756462" OpenTime="2009-08-31 05:30:00" DealType="1" Lots="0.20" Symbol="USDJPY" Open="92.58" SL="0.00" TP="92.65" CloseTime="2009-08-31 05:45:00" Close="92.64" Swap="0.00" Profit="12.95" Comment=" (198)" />
        <deal Ticket="9756396" OpenTime="2009-08-31 05:29:00" DealType="1" Lots="0.20" Symbol="AUDJPY" Open="77.66" SL="0.00" TP="77.75" CloseTime="2009-08-31 05:45:00" Close="77.71" Swap="0.00" Profit="10.79" Comment=" (199)" />
        <deal Ticket="9756430" OpenTime="2009-08-31 05:30:00" DealType="1" Lots="0.20" Symbol="EURJPY" Open="132.29000000" SL="0.00000000" TP="132.37000000" CloseTime="2009-08-31 05:44:00" Close="132.37000000" Swap="0.00" Profit="17.27" Comment=" (200)" />
        <deal Ticket="9718748" OpenTime="2009-08-27 17:02:00" DealType="1" Lots="0.20" Symbol="EURGBP" Open="0.8850" SL="0.0000" TP="0.8717" CloseTime="2009-08-28 18:00:00" Close="0.8791" Swap="0.00" Profit="0.00" Comment="expiration [2009.08.28 18:00] (201)" />
        <deal Ticket="9725548" OpenTime="2009-08-27 20:40:00" DealType="1" Lots="0.20" Symbol="USDCHF" Open="1.0530" SL="0.0000" TP="1.0570" CloseTime="2009-08-28 04:40:00" Close="1.0582" Swap="0.00" Profit="0.00" Comment="cancelled (202)" />
        <deal Ticket="9725003" OpenTime="2009-08-27 20:31:00" DealType="1" Lots="0.20" Symbol="USDCHF" Open="1.0538" SL="1.0564" TP="1.0590" CloseTime="2009-08-27 22:49:00" Close="1.0590" Swap="0.00" Profit="98.21" Comment=" (203)" />
        <deal Ticket="9724804" OpenTime="2009-08-27 20:30:00" DealType="-1" Lots="0.20" Symbol="EURGBP" Open="0.8835" SL="0.0000" TP="0.8820" CloseTime="2009-08-27 20:58:00" Close="0.8828" Swap="0.00" Profit="22.80" Comment=" (204)" />
        <deal Ticket="9671918" OpenTime="2009-08-25 19:04:00" DealType="1" Lots="0.20" Symbol="GBPCHF" Open="1.73180000" SL="0.00000000" TP="1.73400000" CloseTime="2009-08-25 20:36:00" Close="1.73330000" Swap="0.00" Profit="28.29" Comment=" (205)" />
        <deal Ticket="9673274" OpenTime="2009-08-25 19:59:00" DealType="-1" Lots="0.20" Symbol="USDCAD" Open="1.08660000" SL="0.00000000" TP="1.08550000" CloseTime="2009-08-25 20:05:00" Close="1.08550000" Swap="0.00" Profit="20.27" Comment=" (206)" />
        <deal Ticket="9606083" OpenTime="2009-08-21 04:47:00" DealType="1" Lots="0.20" Symbol="USDJPY" Open="92.77" SL="0.00" TP="93.90" CloseTime="2009-08-21 15:20:00" Close="93.70" Swap="0.00" Profit="0.00" Comment="cancelled (207)" />
        <deal Ticket="9606073" OpenTime="2009-08-21 04:45:00" DealType="1" Lots="0.20" Symbol="GBPJPY" Open="151.00" SL="0.00" TP="154.75" CloseTime="2009-08-21 15:20:00" Close="155.32" Swap="0.00" Profit="0.00" Comment="cancelled (208)" />
        <deal Ticket="9600305" OpenTime="2009-08-20 18:48:00" DealType="1" Lots="0.20" Symbol="AUDCAD" Open="0.90420000" SL="0.00000000" TP="0.90500000" CloseTime="2009-08-20 19:10:00" Close="0.90440000" Swap="0.00" Profit="3.67" Comment=" (209)" />
        <deal Ticket="9599389" OpenTime="2009-08-20 17:56:00" DealType="1" Lots="0.20" Symbol="GBPCAD" Open="1.79910000" SL="0.00000000" TP="1.79950000" CloseTime="2009-08-20 18:11:00" Close="1.79920000" Swap="0.00" Profit="1.84" Comment=" (210)" />
        <deal Ticket="9599353" OpenTime="2009-08-20 17:54:00" DealType="1" Lots="0.20" Symbol="USDCAD" Open="1.09030000" SL="0.00000000" TP="1.09070000" CloseTime="2009-08-20 18:06:00" Close="1.09070000" Swap="0.00" Profit="7.33" Comment=" (211)" />
        <deal Ticket="9573290" OpenTime="2009-08-19 16:29:00" DealType="1" Lots="0.20" Symbol="USDCHF" Open="1.0675" SL="0.0000" TP="1.0680" CloseTime="2009-08-20 04:44:00" Close="1.0678" Swap="0.00" Profit="5.62" Comment=" (212)" />
        <deal Ticket="9575426" OpenTime="2009-08-19 17:49:00" DealType="1" Lots="0.20" Symbol="USDCHF" Open="1.0646" SL="0.0000" TP="1.0657" CloseTime="2009-08-19 22:14:00" Close="1.0657" Swap="0.00" Profit="20.64" Comment=" (213)" />
        <deal Ticket="9576354" OpenTime="2009-08-19 17:48:00" DealType="1" Lots="0.20" Symbol="USDCHF" Open="1.0653" SL="0.0000" TP="1.0657" CloseTime="2009-08-19 22:14:00" Close="1.0657" Swap="0.00" Profit="7.51" Comment=" (214)" />
        <deal Ticket="9577245" OpenTime="2009-08-19 18:12:00" DealType="1" Lots="0.20" Symbol="USDCHF" Open="1.0627" SL="0.0000" TP="1.0637" CloseTime="2009-08-19 18:13:00" Close="1.0630" Swap="0.00" Profit="5.64" Comment=" (215)" />
        <deal Ticket="9576920" OpenTime="2009-08-19 18:00:00" DealType="-1" Lots="0.20" Symbol="EURUSD" Open="1.4261" SL="0.0000" TP="1.4247" CloseTime="2009-08-19 18:13:00" Close="1.4256" Swap="0.00" Profit="10.00" Comment=" (216)" />
        <deal Ticket="9575201" OpenTime="2009-08-19 17:02:00" DealType="1" Lots="0.20" Symbol="USDCHF" Open="1.0647" SL="0.0000" TP="1.0670" CloseTime="2009-08-19 17:07:00" Close="1.0649" Swap="0.00" Profit="3.76" Comment=" (217)" />
        <deal Ticket="9574338" OpenTime="2009-08-19 16:41:00" DealType="1" Lots="0.20" Symbol="USDCHF" Open="1.0656" SL="1.0659" TP="1.0685" CloseTime="2009-08-19 16:53:00" Close="1.0659" Swap="0.00" Profit="5.63" Comment=" (218)" />
        <deal Ticket="9553765" OpenTime="2009-08-18 19:54:00" DealType="-1" Lots="0.20" Symbol="GBPAUD" Open="2.00940000" SL="0.00000000" TP="2.00700000" CloseTime="2009-08-18 20:06:00" Close="2.00790000" Swap="0.00" Profit="24.78" Comment=" (219)" />
        <deal Ticket="9553078" OpenTime="2009-08-18 19:14:00" DealType="-1" Lots="0.20" Symbol="GBPAUD" Open="2.00830000" SL="0.00000000" TP="2.00700000" CloseTime="2009-08-18 20:06:00" Close="2.00800000" Swap="0.00" Profit="4.96" Comment=" (220)" />
        <deal Ticket="9535597" OpenTime="2009-08-18 04:46:00" DealType="1" Lots="0.20" Symbol="CHFJPY" Open="88.35000000" SL="0.00000000" TP="88.25000000" CloseTime="2009-08-18 05:01:00" Close="88.13000000" Swap="0.00" Profit="0.00" Comment="cancelled (221)" />
        <deal Ticket="9529762" OpenTime="2009-08-17 19:12:00" DealType="1" Lots="0.20" Symbol="AUDUSD" Open="0.82270000" SL="0.00000000" TP="0.82350000" CloseTime="2009-08-17 19:20:00" Close="0.82390000" Swap="0.00" Profit="0.00" Comment="cancelled (222)" />
        <deal Ticket="9512589" OpenTime="2009-08-17 08:08:00" DealType="1" Lots="0.20" Symbol="AUDUSD" Open="0.82000000" SL="0.00000000" TP="0.82200000" CloseTime="2009-08-17 08:51:00" Close="0.82200000" Swap="0.00" Profit="40.00" Comment=" (223)" />
        <deal Ticket="9512510" OpenTime="2009-08-17 07:02:00" DealType="1" Lots="0.20" Symbol="AUDUSD" Open="0.82220000" SL="0.00000000" TP="0.82300000" CloseTime="2009-08-17 07:05:00" Close="0.82250000" Swap="0.00" Profit="6.00" Comment=" (224)" />
    </deals>
    <balances>
        <balance Ticket="11875631" Amount="14.06" Date="2009-12-31 23:59:00" />
        <balance Ticket="11846742" Amount="-11450.16" Date="2009-12-28 21:43:00" />
        <balance Ticket="11464191" Amount="14.29" Date="2009-12-01 00:00:00" />
        <balance Ticket="10911208" Amount="11.57" Date="2009-10-31 23:59:00" />
        <balance Ticket="10325209" Amount="9.48" Date="2009-10-01 00:00:00" />
        <balance Ticket="9781095" Amount="4.36" Date="2009-09-01 00:00:00" />
        <balance Ticket="9508442" Amount="5000.00" Date="2009-08-15 15:58:00" />
    </balances>
</account>