﻿<?xml version="1.0" encoding="utf-8"?>
<account Id="14545" Broker="" Account="" Trader="" Login="" InitBalance="25000.00">
    <deals>
        <deal Ticket="7897" OpenTime="2010-02-17 13:15:00" DealType="1" Lots="3.60" Symbol="EURUSD" Open="1.37360" SL="1.37112" TP="1.37610" CloseTime="2010-02-17 14:30:00" Close="1.37112" Swap="0.00" Profit="-892.80" Comment="My EA[sl] (1)" />
        <deal Ticket="7764" OpenTime="2010-02-16 14:51:00" DealType="-1" Lots="3.00" Symbol="EURUSD" Open="1.36608" SL="1.36850" TP="1.36320" CloseTime="2010-02-16 16:33:00" Close="1.36850" Swap="0.00" Profit="-726.00" Comment="[sl] (2)" />
        <deal Ticket="7733" OpenTime="2010-02-15 07:04:00" DealType="-1" Lots="3.00" Symbol="EURUSD" Open="1.35861" SL="1.36450" TP="1.35050" CloseTime="2010-02-16 05:38:00" Close="1.36450" Swap="0.00" Profit="-1767.00" Comment="[sl] (3)" />
        <deal Ticket="7732" OpenTime="2010-02-10 12:06:00" DealType="-1" Lots="2.00" Symbol="GBPUSD" Open="1.56779" SL="1.56779" TP="1.55650" CloseTime="2010-02-11 18:00:00" Close="1.56779" Swap="0.00" Profit="0.00" Comment="[sl] (4)" />
        <deal Ticket="7731" OpenTime="2010-02-10 12:02:00" DealType="-1" Lots="3.00" Symbol="GBPUSD" Open="1.56719" SL="1.57600" TP="1.55550" CloseTime="2010-02-11 10:10:00" Close="1.55675" Swap="0.00" Profit="3132.00" Comment=" (5)" />
        <deal Ticket="7720" OpenTime="2010-02-08 15:58:00" DealType="-1" Lots="1.50" Symbol="EURUSD" Open="1.36576" SL="1.36800" TP="0.00000" CloseTime="2010-02-08 16:17:00" Close="1.36800" Swap="0.00" Profit="-336.00" Comment="[sl] (6)" />
        <deal Ticket="7719" OpenTime="2010-02-08 15:51:00" DealType="-1" Lots="3.00" Symbol="EURUSD" Open="1.36520" SL="1.36800" TP="0.00000" CloseTime="2010-02-08 16:17:00" Close="1.36800" Swap="0.00" Profit="-840.00" Comment="[sl] (7)" />
        <deal Ticket="7708" OpenTime="2010-02-05 15:45:00" DealType="1" Lots="1.50" Symbol="GBPUSD" Open="1.56550" SL="1.56050" TP="1.57000" CloseTime="2010-02-05 16:08:00" Close="1.56050" Swap="0.00" Profit="-750.00" Comment="[sl] (8)" />
        <deal Ticket="7363" OpenTime="2010-01-21 12:13:00" DealType="-1" Lots="3.00" Symbol="GBPUSD" Open="1.61277" SL="1.63000" TP="1.56100" CloseTime="2010-02-05 16:07:00" Close="1.56100" Swap="0.00" Profit="15531.00" Comment="[tp] (9)" />
        <deal Ticket="7356" OpenTime="2010-01-21 10:02:00" DealType="-1" Lots="3.00" Symbol="EURUSD" Open="1.40678" SL="1.40980" TP="1.40080" CloseTime="2010-01-21 15:22:00" Close="1.40980" Swap="0.00" Profit="-906.00" Comment="[sl] (10)" />
        <deal Ticket="7324" OpenTime="2010-01-20 13:35:00" DealType="-1" Lots="3.00" Symbol="EURUSD" Open="1.41451" SL="1.41750" TP="1.41100" CloseTime="2010-01-20 16:35:00" Close="1.41100" Swap="0.00" Profit="1053.00" Comment="[tp] (11)" />
        <deal Ticket="7276" OpenTime="2010-01-20 08:09:00" DealType="-1" Lots="3.00" Symbol="EURUSD" Open="1.41952" SL="1.42270" TP="1.41100" CloseTime="2010-01-20 16:35:00" Close="1.41100" Swap="0.00" Profit="2556.00" Comment="[tp] (12)" />
        <deal Ticket="7163" OpenTime="2010-01-19 09:17:00" DealType="-1" Lots="3.00" Symbol="GBPUSD" Open="1.64037" SL="1.64290" TP="1.63750" CloseTime="2010-01-19 10:30:00" Close="1.64290" Swap="0.00" Profit="-759.00" Comment="[sl] (13)" />
        <deal Ticket="7162" OpenTime="2010-01-19 09:16:00" DealType="-1" Lots="3.00" Symbol="GBPUSD" Open="1.64072" SL="1.64370" TP="1.63700" CloseTime="2010-01-19 10:30:00" Close="1.64370" Swap="0.00" Profit="-894.00" Comment="[sl] (14)" />
        <deal Ticket="7107" OpenTime="2010-01-18 15:31:00" DealType="-1" Lots="3.00" Symbol="GBPUSD" Open="1.63060" SL="1.63257" TP="1.62760" CloseTime="2010-01-18 16:25:00" Close="1.63257" Swap="0.00" Profit="-591.00" Comment="[sl] (15)" />
        <deal Ticket="7045" OpenTime="2010-01-18 08:26:00" DealType="1" Lots="3.00" Symbol="GBPUSD" Open="1.63159" SL="1.62900" TP="1.63700" CloseTime="2010-01-18 11:09:00" Close="1.63700" Swap="0.00" Profit="1623.00" Comment="tp/a (16)" />
        <deal Ticket="7046" OpenTime="2010-01-18 08:26:00" DealType="1" Lots="2.00" Symbol="GBPUSD" Open="1.63188" SL="1.62900" TP="1.63480" CloseTime="2010-01-18 09:58:00" Close="1.63480" Swap="0.00" Profit="584.00" Comment="tp/a (17)" />
        <deal Ticket="7007" OpenTime="2010-01-15 14:29:00" DealType="-1" Lots="0.30" Symbol="GBPUSD" Open="1.63067" SL="1.63067" TP="1.62650" CloseTime="2010-01-15 15:08:00" Close="1.63067" Swap="0.00" Profit="0.00" Comment="sl/a (18)" />
        <deal Ticket="6963" OpenTime="2010-01-15 11:34:00" DealType="1" Lots="3.00" Symbol="GBPUSD" Open="1.62760" SL="1.62460" TP="1.63000" CloseTime="2010-01-15 13:19:00" Close="1.63000" Swap="0.00" Profit="720.00" Comment="[tp] (19)" />
        <deal Ticket="6647" OpenTime="2010-01-13 10:25:00" DealType="1" Lots="0.30" Symbol="GBPUSD" Open="1.62552" SL="1.62552" TP="0.00000" CloseTime="2010-01-13 16:13:00" Close="1.62552" Swap="0.00" Profit="0.00" Comment="[sl] (20)" />
        <deal Ticket="6649" OpenTime="2010-01-13 10:27:00" DealType="1" Lots="3.00" Symbol="GBPUSD" Open="1.62514" SL="1.62700" TP="1.63200" CloseTime="2010-01-13 15:05:00" Close="1.62700" Swap="0.00" Profit="558.00" Comment="sl/a (21)" />
        <deal Ticket="6646" OpenTime="2010-01-13 10:24:00" DealType="1" Lots="1.00" Symbol="GBPUSD" Open="1.62483" SL="1.62700" TP="1.62900" CloseTime="2010-01-13 14:51:00" Close="1.62900" Swap="0.00" Profit="417.00" Comment="tp/a (22)" />
        <deal Ticket="5788" OpenTime="2010-01-06 11:39:00" DealType="-1" Lots="3.00" Symbol="GBPUSD" Open="1.59849" SL="1.60200" TP="1.59650" CloseTime="2010-01-06 15:41:00" Close="1.59650" Swap="0.00" Profit="597.00" Comment="[tp] (23)" />
        <deal Ticket="5139" OpenTime="2009-12-23 16:30:00" DealType="1" Lots="3.00" Symbol="GBPUSD" Open="1.59783" SL="1.59783" TP="1.60883" CloseTime="2009-12-31 07:03:00" Close="1.60787" Swap="0.00" Profit="3012.00" Comment=" (24)" />
        <deal Ticket="5077" OpenTime="2009-12-23 10:35:00" DealType="1" Lots="3.00" Symbol="GBPUSD" Open="1.59408" SL="1.59200" TP="1.59550" CloseTime="2009-12-23 10:52:00" Close="1.59437" Swap="0.00" Profit="87.00" Comment=" (25)" />
        <deal Ticket="4987" OpenTime="2009-12-22 16:15:00" DealType="-1" Lots="3.00" Symbol="EURUSD" Open="1.42672" SL="1.42870" TP="1.42170" CloseTime="2009-12-22 17:01:00" Close="1.42225" Swap="0.00" Profit="1341.00" Comment=" (26)" />
        <deal Ticket="4967" OpenTime="2009-12-22 14:29:00" DealType="1" Lots="3.00" Symbol="GBPUSD" Open="1.59753" SL="1.59990" TP="1.59520" CloseTime="2009-12-22 15:49:00" Close="1.59856" Swap="0.00" Profit="0.00" Comment="cancelled (27)" />
        <deal Ticket="4966" OpenTime="2009-12-22 14:30:00" DealType="1" Lots="3.00" Symbol="GBPUSD" Open="1.60036" SL="1.60036" TP="1.60250" CloseTime="2009-12-22 14:51:00" Close="1.60036" Swap="0.00" Profit="0.00" Comment="sl/a (28)" />
        <deal Ticket="4956" OpenTime="2009-12-22 11:17:00" DealType="-1" Lots="3.00" Symbol="GBPUSD" Open="1.59965" SL="1.60480" TP="1.59780" CloseTime="2009-12-22 14:10:00" Close="1.59780" Swap="0.00" Profit="555.00" Comment="tp/a (29)" />
        <deal Ticket="4948" OpenTime="2009-12-22 10:29:00" DealType="1" Lots="3.00" Symbol="GBPUSD" Open="1.60556" SL="0.00000" TP="0.00000" CloseTime="2009-12-22 10:34:00" Close="1.60514" Swap="0.00" Profit="0.00" Comment="cancelled (30)" />
        <deal Ticket="4947" OpenTime="2009-12-22 10:28:00" DealType="1" Lots="3.00" Symbol="GBPUSD" Open="1.60263" SL="0.00000" TP="0.00000" CloseTime="2009-12-22 10:33:00" Close="1.60481" Swap="0.00" Profit="0.00" Comment="cancelled (31)" />
        <deal Ticket="4897" OpenTime="2009-12-21 15:32:00" DealType="-1" Lots="3.00" Symbol="EURUSD" Open="1.43438" SL="1.43427" TP="1.43035" CloseTime="2009-12-21 17:22:00" Close="1.43115" Swap="0.00" Profit="969.00" Comment=" (32)" />
        <deal Ticket="4861" OpenTime="2009-12-21 09:22:00" DealType="-1" Lots="3.00" Symbol="EURUSD" Open="1.43185" SL="1.43750" TP="1.42960" CloseTime="2009-12-21 17:21:00" Close="1.43116" Swap="0.00" Profit="207.00" Comment=" (33)" />
        <deal Ticket="4842" OpenTime="2009-12-18 17:20:00" DealType="-1" Lots="3.00" Symbol="GBPJPY" Open="145.404" SL="145.900" TP="144.404" CloseTime="2009-12-18 18:45:00" Close="145.900" Swap="0.00" Profit="-1642.26" Comment="[sl] (34)" />
        <deal Ticket="4839" OpenTime="2009-12-18 16:37:00" DealType="1" Lots="4.00" Symbol="GBPUSD" Open="1.61189" SL="1.61955" TP="1.61044" CloseTime="2009-12-18 16:38:00" Close="1.61303" Swap="0.00" Profit="0.00" Comment="cancelled (35)" />
        <deal Ticket="4841" OpenTime="2009-12-18 16:37:00" DealType="1" Lots="4.00" Symbol="GBPUSD" Open="1.61189" SL="1.61955" TP="1.61044" CloseTime="2009-12-18 16:38:00" Close="1.61309" Swap="0.00" Profit="0.00" Comment="cancelled (36)" />
        <deal Ticket="4840" OpenTime="2009-12-18 16:37:00" DealType="1" Lots="2.00" Symbol="GBPUSD" Open="1.61334" SL="1.61189" TP="0.00000" CloseTime="2009-12-18 16:37:00" Close="1.61300" Swap="0.00" Profit="-68.00" Comment="My EA (37)" />
        <deal Ticket="4837" OpenTime="2009-12-18 16:30:00" DealType="-1" Lots="1.00" Symbol="GBPUSD" Open="1.61267" SL="1.61955" TP="1.61117" CloseTime="2009-12-18 16:37:00" Close="1.61328" Swap="0.00" Profit="-61.00" Comment="My EA (38)" />
        <deal Ticket="4838" OpenTime="2009-12-18 16:30:00" DealType="1" Lots="2.00" Symbol="GBPUSD" Open="1.61955" SL="1.61189" TP="1.62643" CloseTime="2009-12-18 16:37:00" Close="1.61333" Swap="0.00" Profit="0.00" Comment="cancelled (39)" />
        <deal Ticket="4822" OpenTime="2009-12-18 13:58:00" DealType="1" Lots="4.00" Symbol="GBPUSD" Open="1.61968" SL="1.61638" TP="1.62258" CloseTime="2009-12-18 16:22:00" Close="1.61400" Swap="0.00" Profit="0.00" Comment="cancelled (40)" />
        <deal Ticket="4820" OpenTime="2009-12-18 13:58:00" DealType="-1" Lots="2.00" Symbol="GBPUSD" Open="1.61642" SL="1.61968" TP="1.61396" CloseTime="2009-12-18 16:21:00" Close="1.61396" Swap="0.00" Profit="492.00" Comment="My EA[tp/a] (41)" />
        <deal Ticket="4818" OpenTime="2009-12-18 13:50:00" DealType="1" Lots="1.00" Symbol="GBPUSD" Open="1.61888" SL="1.61642" TP="1.62038" CloseTime="2009-12-18 13:58:00" Close="1.61642" Swap="0.00" Profit="-246.00" Comment="My EA[sl/a] (42)" />
        <deal Ticket="4802" OpenTime="2009-12-18 12:34:00" DealType="-1" Lots="2.00" Symbol="GBPUSD" Open="1.61936" SL="1.62256" TP="1.61622" CloseTime="2009-12-18 13:15:00" Close="1.61862" Swap="0.00" Profit="148.00" Comment="My EA (43)" />
        <deal Ticket="4811" OpenTime="2009-12-18 12:34:00" DealType="1" Lots="4.00" Symbol="GBPUSD" Open="1.62256" SL="1.61931" TP="1.62541" CloseTime="2009-12-18 13:15:00" Close="1.61860" Swap="0.00" Profit="0.00" Comment="cancelled (44)" />
        <deal Ticket="4788" OpenTime="2009-12-18 12:06:00" DealType="-1" Lots="3.00" Symbol="EURUSD" Open="1.43830" SL="1.43788" TP="1.43320" CloseTime="2009-12-18 13:15:00" Close="1.43482" Swap="0.00" Profit="1044.00" Comment=" (45)" />
        <deal Ticket="4801" OpenTime="2009-12-18 12:05:00" DealType="1" Lots="1.00" Symbol="GBPUSD" Open="1.62250" SL="1.61936" TP="1.62400" CloseTime="2009-12-18 12:34:00" Close="1.61936" Swap="0.00" Profit="-314.00" Comment="My EA[sl/a] (46)" />
        <deal Ticket="4798" OpenTime="2009-12-18 11:40:00" DealType="1" Lots="2.00" Symbol="GBPUSD" Open="1.62361" SL="1.62045" TP="1.62568" CloseTime="2009-12-18 11:55:00" Close="1.62005" Swap="0.00" Profit="0.00" Comment="cancelled (47)" />
        <deal Ticket="4797" OpenTime="2009-12-18 11:40:00" DealType="-1" Lots="1.00" Symbol="GBPUSD" Open="1.62154" SL="1.62361" TP="1.62004" CloseTime="2009-12-18 11:55:00" Close="1.62004" Swap="0.00" Profit="150.00" Comment="My EA[tp/a] (48)" />
        <deal Ticket="4793" OpenTime="2009-12-18 10:50:00" DealType="1" Lots="2.00" Symbol="GBPUSD" Open="1.61857" SL="1.62153" TP="1.61592" CloseTime="2009-12-18 11:24:00" Close="1.62307" Swap="0.00" Profit="0.00" Comment="cancelled (49)" />
        <deal Ticket="4792" OpenTime="2009-12-18 10:50:00" DealType="1" Lots="1.00" Symbol="GBPUSD" Open="1.62122" SL="1.61857" TP="1.62272" CloseTime="2009-12-18 11:23:00" Close="1.62272" Swap="0.00" Profit="150.00" Comment="My EA[tp/a] (50)" />
        <deal Ticket="4780" OpenTime="2009-12-18 09:30:00" DealType="1" Lots="2.00" Symbol="GBPUSD" Open="1.62479" SL="1.62203" TP="1.62694" CloseTime="2009-12-18 10:01:00" Close="1.62124" Swap="0.00" Profit="0.00" Comment="cancelled (51)" />
        <deal Ticket="4778" OpenTime="2009-12-18 09:30:00" DealType="-1" Lots="1.00" Symbol="GBPUSD" Open="1.62264" SL="1.62479" TP="1.62114" CloseTime="2009-12-18 10:01:00" Close="1.62114" Swap="0.00" Profit="150.00" Comment="My EA[tp/a] (52)" />
        <deal Ticket="4762" OpenTime="2009-12-18 08:30:00" DealType="1" Lots="1.00" Symbol="GBPUSD" Open="1.61484" SL="1.61310" TP="1.61634" CloseTime="2009-12-18 08:45:00" Close="1.61634" Swap="0.00" Profit="150.00" Comment="My EA[tp/a] (53)" />
        <deal Ticket="4763" OpenTime="2009-12-18 08:30:00" DealType="1" Lots="2.00" Symbol="GBPUSD" Open="1.61310" SL="1.61563" TP="1.61136" CloseTime="2009-12-18 08:45:00" Close="1.61633" Swap="0.00" Profit="0.00" Comment="cancelled (54)" />
        <deal Ticket="4760" OpenTime="2009-12-18 08:13:00" DealType="-1" Lots="2.00" Symbol="EURUSD" Open="1.43525" SL="1.43700" TP="1.43090" CloseTime="2009-12-18 08:24:00" Close="1.43700" Swap="0.00" Profit="-350.00" Comment="sl/a (55)" />
        <deal Ticket="4758" OpenTime="2009-12-18 07:59:00" DealType="-1" Lots="2.00" Symbol="GBPUSD" Open="1.61550" SL="1.61499" TP="1.61358" CloseTime="2009-12-18 08:06:00" Close="1.61358" Swap="0.00" Profit="384.00" Comment="tp/a (56)" />
        <deal Ticket="4743" OpenTime="2009-12-17 18:52:00" DealType="1" Lots="2.00" Symbol="GBPUSD" Open="1.61486" SL="1.61220" TP="1.61732" CloseTime="2009-12-17 19:51:00" Close="1.61732" Swap="0.00" Profit="492.00" Comment="My EA[tp] (57)" />
        <deal Ticket="4742" OpenTime="2009-12-17 15:58:00" DealType="-1" Lots="1.00" Symbol="GBPUSD" Open="1.61240" SL="1.61486" TP="1.61090" CloseTime="2009-12-17 18:52:00" Close="1.61486" Swap="0.00" Profit="-246.00" Comment="My EA[sl] (58)" />
        <deal Ticket="4746" OpenTime="2009-12-17 17:45:00" DealType="-1" Lots="2.00" Symbol="EURUSD" Open="1.43162" SL="1.43260" TP="1.43030" CloseTime="2009-12-17 17:57:00" Close="1.43194" Swap="0.00" Profit="-64.00" Comment=" (59)" />
        <deal Ticket="4745" OpenTime="2009-12-17 16:04:00" DealType="1" Lots="2.00" Symbol="EURUSD" Open="1.43755" SL="1.43650" TP="1.44150" CloseTime="2009-12-17 17:08:00" Close="1.43487" Swap="0.00" Profit="0.00" Comment="cancelled (60)" />
        <deal Ticket="4744" OpenTime="2009-12-17 16:00:00" DealType="-1" Lots="2.00" Symbol="EURUSD" Open="1.43544" SL="1.43750" TP="1.43400" CloseTime="2009-12-17 17:00:00" Close="1.43491" Swap="0.00" Profit="106.00" Comment=" (61)" />
        <deal Ticket="4738" OpenTime="2009-12-17 15:09:00" DealType="1" Lots="2.00" Symbol="GBPUSD" Open="1.61151" SL="1.60869" TP="1.62710" CloseTime="2009-12-17 15:21:00" Close="1.61349" Swap="0.00" Profit="396.00" Comment="My EA (62)" />
        <deal Ticket="4731" OpenTime="2009-12-17 14:30:00" DealType="1" Lots="1.00" Symbol="GBPUSD" Open="1.61046" SL="1.60895" TP="1.61196" CloseTime="2009-12-17 14:43:00" Close="1.60895" Swap="0.00" Profit="-151.00" Comment="My EA[sl/a] (63)" />
        <deal Ticket="4719" OpenTime="2009-12-17 12:35:00" DealType="-1" Lots="1.00" Symbol="GBPUSD" Open="1.61182" SL="1.61485" TP="1.61032" CloseTime="2009-12-17 14:04:00" Close="1.61032" Swap="0.00" Profit="150.00" Comment="My EA[tp/a] (64)" />
        <deal Ticket="4720" OpenTime="2009-12-17 12:35:00" DealType="1" Lots="2.00" Symbol="GBPUSD" Open="1.61485" SL="1.61172" TP="1.61788" CloseTime="2009-12-17 14:04:00" Close="1.60991" Swap="0.00" Profit="0.00" Comment="cancelled (65)" />
        <deal Ticket="4712" OpenTime="2009-12-17 12:05:00" DealType="1" Lots="2.00" Symbol="GBPUSD" Open="1.60777" SL="1.61238" TP="1.60392" CloseTime="2009-12-17 12:10:00" Close="1.61343" Swap="0.00" Profit="0.00" Comment="cancelled (66)" />
        <deal Ticket="4711" OpenTime="2009-12-17 12:05:00" DealType="1" Lots="1.00" Symbol="GBPUSD" Open="1.61162" SL="1.60777" TP="1.61312" CloseTime="2009-12-17 12:10:00" Close="1.61312" Swap="0.00" Profit="150.00" Comment="My EA[tp/a] (67)" />
        <deal Ticket="4701" OpenTime="2009-12-17 10:45:00" DealType="1" Lots="2.00" Symbol="GBPUSD" Open="1.62341" SL="1.61238" TP="1.63434" CloseTime="2009-12-17 11:26:00" Close="1.61120" Swap="0.00" Profit="0.00" Comment="cancelled (68)" />
        <deal Ticket="4700" OpenTime="2009-12-17 10:45:00" DealType="-1" Lots="1.00" Symbol="GBPUSD" Open="1.61248" SL="1.62341" TP="1.61098" CloseTime="2009-12-17 11:26:00" Close="1.61098" Swap="0.00" Profit="150.00" Comment="My EA[tp/a] (69)" />
        <deal Ticket="4697" OpenTime="2009-12-17 10:30:00" DealType="-1" Lots="2.00" Symbol="GBPUSD" Open="1.62015" SL="1.62341" TP="1.61816" CloseTime="2009-12-17 10:30:00" Close="1.61816" Swap="0.00" Profit="398.00" Comment="My EA[tp/a] (70)" />
        <deal Ticket="4696" OpenTime="2009-12-17 09:30:00" DealType="1" Lots="1.00" Symbol="GBPUSD" Open="1.62214" SL="1.62015" TP="1.62364" CloseTime="2009-12-17 10:30:00" Close="1.62015" Swap="0.00" Profit="-199.00" Comment="My EA[sl/a] (71)" />
        <deal Ticket="4691" OpenTime="2009-12-17 05:39:00" DealType="-1" Lots="2.00" Symbol="GBPUSD" Open="1.62382" SL="1.62882" TP="1.62122" CloseTime="2009-12-17 08:16:00" Close="1.62122" Swap="0.00" Profit="520.00" Comment="My EA[tp/a] (72)" />
        <deal Ticket="4690" OpenTime="2009-12-17 05:15:00" DealType="1" Lots="1.00" Symbol="GBPUSD" Open="1.62642" SL="1.62382" TP="1.62792" CloseTime="2009-12-17 05:39:00" Close="1.62382" Swap="0.00" Profit="-260.00" Comment="My EA[sl] (73)" />
        <deal Ticket="4680" OpenTime="2009-12-17 02:44:00" DealType="-1" Lots="2.00" Symbol="GBPUSD" Open="1.62989" SL="1.63333" TP="1.62567" CloseTime="2009-12-17 03:50:00" Close="1.62567" Swap="0.00" Profit="844.00" Comment="My EA[tp] (74)" />
        <deal Ticket="4679" OpenTime="2009-12-16 22:00:00" DealType="1" Lots="1.00" Symbol="GBPUSD" Open="1.63411" SL="1.62989" TP="1.63561" CloseTime="2009-12-17 02:44:00" Close="1.62989" Swap="0.00" Profit="-422.00" Comment="My EA[sl] (75)" />
        <deal Ticket="4677" OpenTime="2009-12-16 20:30:00" DealType="-1" Lots="1.00" Symbol="GBPUSD" Open="1.63310" SL="1.63806" TP="1.63160" CloseTime="2009-12-16 20:46:00" Close="1.63160" Swap="0.00" Profit="150.00" Comment="My EA[tp] (76)" />
        <deal Ticket="4678" OpenTime="2009-12-16 20:30:00" DealType="1" Lots="2.00" Symbol="GBPUSD" Open="1.63806" SL="1.63210" TP="1.64302" CloseTime="2009-12-16 20:46:00" Close="1.63152" Swap="0.00" Profit="0.00" Comment="cancelled (77)" />
        <deal Ticket="4659" OpenTime="2009-12-16 11:20:00" DealType="1" Lots="2.00" Symbol="GBPUSD" Open="1.63430" SL="1.63200" TP="0.00000" CloseTime="2009-12-16 20:35:00" Close="1.63200" Swap="0.00" Profit="-460.00" Comment="[sl] (78)" />
        <deal Ticket="4674" OpenTime="2009-12-16 20:00:00" DealType="1" Lots="2.00" Symbol="GBPUSD" Open="1.63232" SL="1.63689" TP="1.62960" CloseTime="2009-12-16 20:16:00" Close="1.63694" Swap="0.00" Profit="0.00" Comment="cancelled (79)" />
        <deal Ticket="4673" OpenTime="2009-12-16 20:00:00" DealType="1" Lots="1.00" Symbol="GBPUSD" Open="1.63504" SL="1.63232" TP="1.63654" CloseTime="2009-12-16 20:16:00" Close="1.63654" Swap="0.00" Profit="150.00" Comment="My EA[tp] (80)" />
        <deal Ticket="4633" OpenTime="2009-12-15 16:24:00" DealType="1" Lots="2.00" Symbol="GBPUSD" Open="1.62647" SL="0.00000" TP="0.00000" CloseTime="2009-12-16 11:11:00" Close="1.63313" Swap="0.00" Profit="1332.00" Comment=" (81)" />
        <deal Ticket="4645" OpenTime="2009-12-15 21:05:00" DealType="1" Lots="2.00" Symbol="GBPUSD" Open="1.62630" SL="1.62403" TP="1.62806" CloseTime="2009-12-16 02:05:00" Close="1.62403" Swap="0.00" Profit="-454.00" Comment="My EA[sl] (82)" />
        <deal Ticket="4647" OpenTime="2009-12-15 21:05:00" DealType="1" Lots="2.00" Symbol="GBPUSD" Open="1.62631" SL="1.62403" TP="0.00000" CloseTime="2009-12-16 02:05:00" Close="1.62403" Swap="0.00" Profit="-456.00" Comment="My EA[sl] (83)" />
        <deal Ticket="4644" OpenTime="2009-12-15 20:30:00" DealType="-1" Lots="1.00" Symbol="GBPUSD" Open="1.62454" SL="1.62630" TP="1.62304" CloseTime="2009-12-15 21:05:00" Close="1.62630" Swap="0.00" Profit="-176.00" Comment="My EA[sl] (84)" />
        <deal Ticket="4642" OpenTime="2009-12-15 19:00:00" DealType="1" Lots="2.00" Symbol="GBPUSD" Open="1.62072" SL="1.62415" TP="1.61731" CloseTime="2009-12-15 19:56:00" Close="1.62574" Swap="0.00" Profit="0.00" Comment="cancelled (85)" />
        <deal Ticket="4641" OpenTime="2009-12-15 19:00:00" DealType="1" Lots="1.00" Symbol="GBPUSD" Open="1.62413" SL="1.62072" TP="1.62563" CloseTime="2009-12-15 19:56:00" Close="1.62563" Swap="0.00" Profit="150.00" Comment="My EA[tp] (86)" />
        <deal Ticket="4636" OpenTime="2009-12-15 17:30:00" DealType="-1" Lots="1.00" Symbol="GBPUSD" Open="1.62334" SL="1.62689" TP="1.62184" CloseTime="2009-12-15 18:24:00" Close="1.62184" Swap="0.00" Profit="150.00" Comment="My EA[tp] (87)" />
        <deal Ticket="4637" OpenTime="2009-12-15 17:30:00" DealType="1" Lots="2.00" Symbol="GBPUSD" Open="1.62689" SL="1.62324" TP="1.63044" CloseTime="2009-12-15 18:24:00" Close="1.62188" Swap="0.00" Profit="0.00" Comment="cancelled (88)" />
        <deal Ticket="4631" OpenTime="2009-12-15 14:56:00" DealType="-1" Lots="2.00" Symbol="GBPUSD" Open="1.62272" SL="1.62480" TP="1.62120" CloseTime="2009-12-15 15:32:00" Close="1.62480" Swap="0.00" Profit="-416.00" Comment="sl/a (89)" />
        <deal Ticket="4626" OpenTime="2009-12-15 10:36:00" DealType="1" Lots="2.00" Symbol="EURUSD" Open="1.45415" SL="1.45438" TP="1.45550" CloseTime="2009-12-15 10:59:00" Close="1.45438" Swap="0.00" Profit="46.00" Comment="sl/a (90)" />
        <deal Ticket="4619" OpenTime="2009-12-15 09:00:00" DealType="-1" Lots="2.00" Symbol="GBPUSD" Open="1.62709" SL="1.62870" TP="1.62510" CloseTime="2009-12-15 09:31:00" Close="1.62510" Swap="0.00" Profit="398.00" Comment="tp/a (91)" />
        <deal Ticket="4621" OpenTime="2009-12-15 08:20:00" DealType="-1" Lots="2.00" Symbol="GBPUSD" Open="1.62867" SL="1.62960" TP="1.62520" CloseTime="2009-12-15 09:31:00" Close="1.62520" Swap="0.00" Profit="694.00" Comment="tp/a (92)" />
        <deal Ticket="4620" OpenTime="2009-12-15 08:01:00" DealType="1" Lots="2.00" Symbol="GBPUSD" Open="1.62840" SL="1.62700" TP="1.63120" CloseTime="2009-12-15 08:36:00" Close="1.63120" Swap="0.00" Profit="560.00" Comment="sl/a (93)" />
        <deal Ticket="4605" OpenTime="2009-12-14 11:46:00" DealType="-1" Lots="2.00" Symbol="EURUSD" Open="1.46349" SL="1.46520" TP="1.46230" CloseTime="2009-12-14 16:51:00" Close="1.46520" Swap="0.00" Profit="-342.00" Comment="sl/a (94)" />
        <deal Ticket="4618" OpenTime="2009-12-14 15:51:00" DealType="-1" Lots="2.00" Symbol="GBPUSD" Open="1.62452" SL="1.62583" TP="1.62282" CloseTime="2009-12-14 16:49:00" Close="1.62583" Swap="0.00" Profit="-262.00" Comment="sl/a (95)" />
        <deal Ticket="4580" OpenTime="2009-12-14 07:36:00" DealType="-1" Lots="2.00" Symbol="GBPUSD" Open="1.62822" SL="1.62822" TP="1.62200" CloseTime="2009-12-14 15:00:00" Close="1.62302" Swap="0.00" Profit="1040.00" Comment=" (96)" />
        <deal Ticket="4611" OpenTime="2009-12-14 13:32:00" DealType="1" Lots="2.00" Symbol="GBPUSD" Open="1.62532" SL="1.62452" TP="1.63208" CloseTime="2009-12-14 13:50:00" Close="1.62452" Swap="0.00" Profit="-160.00" Comment="My EA[sl/a] (97)" />
        <deal Ticket="4610" OpenTime="2009-12-14 13:19:00" DealType="-1" Lots="1.00" Symbol="GBPUSD" Open="1.62448" SL="1.62532" TP="1.62298" CloseTime="2009-12-14 13:32:00" Close="1.62532" Swap="0.00" Profit="-84.00" Comment="My EA[sl/a] (98)" />
        <deal Ticket="4600" OpenTime="2009-12-14 09:53:00" DealType="-1" Lots="2.00" Symbol="EURUSD" Open="1.46561" SL="1.46800" TP="1.46200" CloseTime="2009-12-14 12:37:00" Close="1.46200" Swap="0.00" Profit="722.00" Comment="My EA[sl/a] (99)" />
        <deal Ticket="4599" OpenTime="2009-12-14 09:25:00" DealType="-1" Lots="2.00" Symbol="GBPUSD" Open="1.62478" SL="1.62478" TP="1.62800" CloseTime="2009-12-14 10:02:00" Close="1.62200" Swap="0.00" Profit="556.00" Comment="My EA[sl/a] (100)" />
        <deal Ticket="4596" OpenTime="2009-12-14 09:15:00" DealType="-1" Lots="1.00" Symbol="GBPUSD" Open="1.62513" SL="1.62797" TP="1.62363" CloseTime="2009-12-14 09:20:00" Close="1.62363" Swap="0.00" Profit="150.00" Comment="My EA[tp/a] (101)" />
        <deal Ticket="4597" OpenTime="2009-12-14 09:15:00" DealType="1" Lots="2.00" Symbol="GBPUSD" Open="1.62797" SL="1.62142" TP="1.63081" CloseTime="2009-12-14 09:20:00" Close="1.62340" Swap="0.00" Profit="0.00" Comment="cancelled (102)" />
        <deal Ticket="4593" OpenTime="2009-12-14 09:00:00" DealType="1" Lots="2.00" Symbol="GBPUSD" Open="1.62560" SL="1.62443" TP="1.62649" CloseTime="2009-12-14 09:01:00" Close="1.62649" Swap="0.00" Profit="178.00" Comment="My EA[tp/a] (103)" />
        <deal Ticket="4592" OpenTime="2009-12-14 08:53:00" DealType="-1" Lots="1.00" Symbol="GBPUSD" Open="1.62471" SL="1.62560" TP="1.62321" CloseTime="2009-12-14 09:00:00" Close="1.62560" Swap="0.00" Profit="-89.00" Comment="My EA[sl/a] (104)" />
        <deal Ticket="4591" OpenTime="2009-12-14 08:28:00" DealType="1" Lots="2.00" Symbol="GBPUSD" Open="1.61886" SL="1.63266" TP="1.61488" CloseTime="2009-12-14 08:34:00" Close="1.62432" Swap="0.00" Profit="0.00" Comment="cancelled (105)" />
        <deal Ticket="4590" OpenTime="2009-12-14 08:28:00" DealType="1" Lots="1.00" Symbol="GBPUSD" Open="1.62284" SL="1.61886" TP="1.62434" CloseTime="2009-12-14 08:34:00" Close="1.62434" Swap="0.00" Profit="150.00" Comment="My EA[tp/a] (106)" />
        <deal Ticket="4581" OpenTime="2009-12-14 07:50:00" DealType="-1" Lots="2.00" Symbol="GBPUSD" Open="1.62877" SL="1.63100" TP="1.62200" CloseTime="2009-12-14 08:09:00" Close="1.62200" Swap="0.00" Profit="1354.00" Comment="My EA (107)" />
        <deal Ticket="4584" OpenTime="2009-12-14 07:57:00" DealType="1" Lots="2.00" Symbol="GBPUSD" Open="1.62668" SL="1.62503" TP="0.00000" CloseTime="2009-12-14 08:00:00" Close="1.62503" Swap="0.00" Profit="-330.00" Comment="My EA[sl/a] (108)" />
        <deal Ticket="4582" OpenTime="2009-12-14 07:50:00" DealType="1" Lots="2.00" Symbol="GBPUSD" Open="1.61886" SL="1.63266" TP="1.60865" CloseTime="2009-12-14 08:00:00" Close="1.62437" Swap="0.00" Profit="0.00" Comment="cancelled (109)" />
        <deal Ticket="4573" OpenTime="2009-12-11 16:31:00" DealType="-1" Lots="2.00" Symbol="GBPUSD" Open="1.62161" SL="1.62473" TP="1.62000" CloseTime="2009-12-11 17:31:00" Close="1.62473" Swap="0.00" Profit="-624.00" Comment="My EA[sl] (110)" />
        <deal Ticket="4572" OpenTime="2009-12-11 16:00:00" DealType="1" Lots="1.00" Symbol="GBPUSD" Open="1.62456" SL="1.62161" TP="1.62606" CloseTime="2009-12-11 16:31:00" Close="1.62161" Swap="0.00" Profit="-295.00" Comment="My EA[sl] (111)" />
        <deal Ticket="4566" OpenTime="2009-12-11 11:43:00" DealType="-1" Lots="2.00" Symbol="GBPUSD" Open="1.63000" SL="1.63350" TP="1.62450" CloseTime="2009-12-11 15:03:00" Close="1.62450" Swap="0.00" Profit="1100.00" Comment="[tp] (112)" />
        <deal Ticket="4562" OpenTime="2009-12-11 07:26:00" DealType="-1" Lots="2.00" Symbol="GBPUSD" Open="1.63150" SL="1.63350" TP="0.00000" CloseTime="2009-12-11 10:24:00" Close="1.63350" Swap="0.00" Profit="-400.00" Comment="sl/a (113)" />
        <deal Ticket="4561" OpenTime="2009-12-11 08:01:00" DealType="-1" Lots="1.00" Symbol="GBPUSD" Open="1.63030" SL="1.63300" TP="1.62850" CloseTime="2009-12-11 08:10:00" Close="1.62850" Swap="0.00" Profit="180.00" Comment="tp/a (114)" />
        <deal Ticket="4557" OpenTime="2009-12-10 18:15:00" DealType="-1" Lots="2.00" Symbol="USDCAD" Open="1.05398" SL="1.05650" TP="1.04998" CloseTime="2009-12-10 20:55:00" Close="1.04998" Swap="0.00" Profit="761.92" Comment="My EA[sl] (115)" />
        <deal Ticket="4556" OpenTime="2009-12-10 17:19:00" DealType="-1" Lots="2.00" Symbol="USDCAD" Open="1.05090" SL="1.05428" TP="1.04850" CloseTime="2009-12-10 18:15:00" Close="1.05428" Swap="0.00" Profit="-641.20" Comment="My EA[sl] (116)" />
        <deal Ticket="4555" OpenTime="2009-12-10 16:50:00" DealType="1" Lots="1.00" Symbol="USDCAD" Open="1.05330" SL="1.05090" TP="1.05480" CloseTime="2009-12-10 17:19:00" Close="1.05090" Swap="0.00" Profit="-228.38" Comment="My EA[sl] (117)" />
        <deal Ticket="4552" OpenTime="2009-12-10 15:30:00" DealType="-1" Lots="0.50" Symbol="EURUSD" Open="1.47477" SL="1.47618" TP="1.47327" CloseTime="2009-12-10 16:03:00" Close="1.47327" Swap="0.00" Profit="75.00" Comment="My EA[tp/a] (118)" />
        <deal Ticket="4553" OpenTime="2009-12-10 15:30:00" DealType="1" Lots="1.00" Symbol="EURUSD" Open="1.47618" SL="1.47431" TP="1.47759" CloseTime="2009-12-10 16:03:00" Close="1.47302" Swap="0.00" Profit="0.00" Comment="cancelled (119)" />
        <deal Ticket="4544" OpenTime="2009-12-10 09:46:00" DealType="1" Lots="2.00" Symbol="EURUSD" Open="1.47239" SL="1.46834" TP="1.47533" CloseTime="2009-12-10 15:04:00" Close="1.47533" Swap="0.00" Profit="588.00" Comment="My EA[tp/a] (120)" />
        <deal Ticket="4542" OpenTime="2009-12-10 09:33:00" DealType="-1" Lots="1.00" Symbol="EURUSD" Open="1.46910" SL="1.47239" TP="1.46629" CloseTime="2009-12-10 09:46:00" Close="1.47239" Swap="0.00" Profit="-329.00" Comment="My EA[sl/a] (121)" />
        <deal Ticket="4540" OpenTime="2009-12-10 09:10:00" DealType="1" Lots="0.50" Symbol="EURUSD" Open="1.47191" SL="1.46910" TP="1.47341" CloseTime="2009-12-10 09:33:00" Close="1.46910" Swap="0.00" Profit="-140.50" Comment="My EA[sl/a] (122)" />
        <deal Ticket="4539" OpenTime="2009-12-10 08:40:00" DealType="1" Lots="2.00" Symbol="EURUSD" Open="1.47382" SL="1.47104" TP="1.47618" CloseTime="2009-12-10 09:01:00" Close="1.46976" Swap="0.00" Profit="0.00" Comment="cancelled (123)" />
        <deal Ticket="4536" OpenTime="2009-12-10 08:40:00" DealType="-1" Lots="1.00" Symbol="EURUSD" Open="1.47104" SL="1.47382" TP="1.46986" CloseTime="2009-12-10 09:01:00" Close="1.46986" Swap="0.00" Profit="118.00" Comment="My EA[tp/a] (124)" />
        <deal Ticket="4535" OpenTime="2009-12-10 08:00:00" DealType="1" Lots="0.50" Symbol="EURUSD" Open="1.47222" SL="1.47104" TP="1.47372" CloseTime="2009-12-10 08:40:00" Close="1.47104" Swap="0.00" Profit="-59.00" Comment="My EA[sl/a] (125)" />
        <deal Ticket="4499" OpenTime="2009-12-09 08:25:00" DealType="1" Lots="2.00" Symbol="GBPUSD" Open="1.61656" SL="1.62157" TP="1.61217" CloseTime="2009-12-09 09:24:00" Close="1.62410" Swap="0.00" Profit="0.00" Comment="cancelled (126)" />
        <deal Ticket="4498" OpenTime="2009-12-09 08:25:00" DealType="1" Lots="1.00" Symbol="GBPUSD" Open="1.62095" SL="1.61656" TP="1.62395" CloseTime="2009-12-09 09:24:00" Close="1.62395" Swap="0.00" Profit="300.00" Comment="My EA[tp/a] (127)" />
        <deal Ticket="4424" OpenTime="2009-12-08 13:02:00" DealType="-1" Lots="2.00" Symbol="EURUSD" Open="1.47779" SL="1.48332" TP="1.47236" CloseTime="2009-12-08 18:35:00" Close="1.47236" Swap="0.00" Profit="1086.00" Comment="My EA[tp] (128)" />
        <deal Ticket="4457" OpenTime="2009-12-08 08:08:00" DealType="-1" Lots="2.00" Symbol="GBPUSD" Open="1.63790" SL="1.64188" TP="1.63424" CloseTime="2009-12-08 08:43:00" Close="1.63424" Swap="0.00" Profit="732.00" Comment="My EA[tp/a] (129)" />
        <deal Ticket="4456" OpenTime="2009-12-08 07:45:00" DealType="1" Lots="1.00" Symbol="GBPUSD" Open="1.64156" SL="1.63790" TP="1.64456" CloseTime="2009-12-08 08:08:00" Close="1.63790" Swap="0.00" Profit="-366.00" Comment="My EA[sl/a] (130)" />
        <deal Ticket="4454" OpenTime="2009-12-08 07:05:00" DealType="-1" Lots="1.00" Symbol="GBPUSD" Open="1.64246" SL="1.64539" TP="1.63946" CloseTime="2009-12-08 07:19:00" Close="1.63946" Swap="0.00" Profit="300.00" Comment="My EA[tp/a] (131)" />
        <deal Ticket="4455" OpenTime="2009-12-08 07:05:00" DealType="1" Lots="2.00" Symbol="GBPUSD" Open="1.64539" SL="1.64233" TP="1.64832" CloseTime="2009-12-08 07:19:00" Close="1.63939" Swap="0.00" Profit="0.00" Comment="cancelled (132)" />
        <deal Ticket="4449" OpenTime="2009-12-08 02:05:00" DealType="1" Lots="2.00" Symbol="GBPUSD" Open="1.64787" SL="1.64535" TP="1.65001" CloseTime="2009-12-08 07:04:00" Close="1.64281" Swap="0.00" Profit="0.00" Comment="cancelled (133)" />
        <deal Ticket="4448" OpenTime="2009-12-08 02:05:00" DealType="-1" Lots="1.00" Symbol="GBPUSD" Open="1.64573" SL="1.64787" TP="1.64273" CloseTime="2009-12-08 07:04:00" Close="1.64273" Swap="0.00" Profit="300.00" Comment="My EA[tp] (134)" />
        <deal Ticket="4442" OpenTime="2009-12-07 21:10:00" DealType="1" Lots="2.00" Symbol="GBPUSD" Open="1.64263" SL="1.64440" TP="1.64086" CloseTime="2009-12-08 01:47:00" Close="1.64740" Swap="0.00" Profit="0.00" Comment="cancelled (135)" />
        <deal Ticket="4441" OpenTime="2009-12-07 21:10:00" DealType="1" Lots="1.00" Symbol="GBPUSD" Open="1.64440" SL="1.64263" TP="1.64740" CloseTime="2009-12-08 01:47:00" Close="1.64740" Swap="0.00" Profit="300.00" Comment="My EA[tp] (136)" />
        <deal Ticket="4436" OpenTime="2009-12-07 19:45:00" DealType="-1" Lots="1.00" Symbol="GBPUSD" Open="1.64676" SL="1.64884" TP="1.64376" CloseTime="2009-12-07 20:37:00" Close="1.64376" Swap="0.00" Profit="300.00" Comment="My EA[tp] (137)" />
        <deal Ticket="4438" OpenTime="2009-12-07 19:45:00" DealType="1" Lots="2.00" Symbol="GBPUSD" Open="1.64884" SL="1.64635" TP="1.65092" CloseTime="2009-12-07 20:37:00" Close="1.64374" Swap="0.00" Profit="0.00" Comment="cancelled (138)" />
        <deal Ticket="4423" OpenTime="2009-12-07 16:30:00" DealType="1" Lots="2.00" Symbol="EURUSD" Open="1.48322" SL="1.47779" TP="0.00000" CloseTime="2009-12-07 18:37:00" Close="1.48788" Swap="0.00" Profit="932.00" Comment="My EA (139)" />
        <deal Ticket="4414" OpenTime="2009-12-07 16:29:00" DealType="1" Lots="2.00" Symbol="EURUSD" Open="1.48310" SL="1.47779" TP="1.48831" CloseTime="2009-12-07 18:37:00" Close="1.48712" Swap="0.00" Profit="804.00" Comment="My EA (140)" />
        <deal Ticket="4413" OpenTime="2009-12-07 13:30:00" DealType="-1" Lots="1.00" Symbol="EURUSD" Open="1.47789" SL="1.48310" TP="1.47759" CloseTime="2009-12-07 16:29:00" Close="1.48310" Swap="0.00" Profit="-521.00" Comment="My EA[sl] (141)" />
        <deal Ticket="4411" OpenTime="2009-12-07 13:00:00" DealType="-1" Lots="1.00" Symbol="GBPUSD" Open="1.63409" SL="1.63911" TP="1.63379" CloseTime="2009-12-07 13:04:00" Close="1.63379" Swap="0.00" Profit="30.00" Comment="My EA[tp/a] (142)" />
        <deal Ticket="4412" OpenTime="2009-12-07 13:00:00" DealType="1" Lots="2.00" Symbol="GBPUSD" Open="1.63911" SL="1.63356" TP="1.64413" CloseTime="2009-12-07 13:04:00" Close="1.63387" Swap="0.00" Profit="0.00" Comment="cancelled (143)" />
        <deal Ticket="4410" OpenTime="2009-12-07 12:00:00" DealType="1" Lots="2.00" Symbol="GBPUSD" Open="1.63911" SL="1.63368" TP="1.64281" CloseTime="2009-12-07 12:36:00" Close="1.63494" Swap="0.00" Profit="0.00" Comment="cancelled (144)" />
        <deal Ticket="4409" OpenTime="2009-12-07 12:00:00" DealType="-1" Lots="1.00" Symbol="GBPUSD" Open="1.63541" SL="1.63911" TP="1.63511" CloseTime="2009-12-07 12:36:00" Close="1.63511" Swap="0.00" Profit="30.00" Comment="My EA[tp/a] (145)" />
        <deal Ticket="4406" OpenTime="2009-12-07 11:00:00" DealType="1" Lots="2.00" Symbol="GBPUSD" Open="1.63284" SL="1.63782" TP="1.62992" CloseTime="2009-12-07 11:22:00" Close="1.63629" Swap="0.00" Profit="0.00" Comment="cancelled (146)" />
        <deal Ticket="4405" OpenTime="2009-12-07 11:00:00" DealType="1" Lots="1.00" Symbol="GBPUSD" Open="1.63576" SL="1.63284" TP="1.63606" CloseTime="2009-12-07 11:22:00" Close="1.63606" Swap="0.00" Profit="30.00" Comment="My EA[tp/a] (147)" />
        <deal Ticket="4395" OpenTime="2009-12-07 08:30:00" DealType="-1" Lots="1.00" Symbol="GBPUSD" Open="1.64525" SL="1.65178" TP="1.64375" CloseTime="2009-12-07 09:05:00" Close="1.64375" Swap="0.00" Profit="150.00" Comment="My EA[tp/a] (148)" />
        <deal Ticket="4396" OpenTime="2009-12-07 08:30:00" DealType="1" Lots="2.00" Symbol="GBPUSD" Open="1.65178" SL="1.64394" TP="1.65831" CloseTime="2009-12-07 09:05:00" Close="1.64370" Swap="0.00" Profit="0.00" Comment="cancelled (149)" />
        <deal Ticket="4390" OpenTime="2009-12-07 08:07:00" DealType="-1" Lots="2.00" Symbol="EURUSD" Open="1.48797" SL="1.49055" TP="1.48671" CloseTime="2009-12-07 08:20:00" Close="1.48671" Swap="0.00" Profit="252.00" Comment="My EA[tp/a] (150)" />
        <deal Ticket="4389" OpenTime="2009-12-07 07:30:00" DealType="1" Lots="1.00" Symbol="EURUSD" Open="1.48923" SL="1.48797" TP="1.49073" CloseTime="2009-12-07 08:07:00" Close="1.48797" Swap="0.00" Profit="-126.00" Comment="My EA[sl/a] (151)" />
        <deal Ticket="4376" OpenTime="2009-12-03 07:33:00" DealType="1" Lots="1.00" Symbol="USDCAD" Open="1.04956" SL="1.04500" TP="1.05600" CloseTime="2009-12-03 15:02:00" Close="1.05386" Swap="0.00" Profit="408.02" Comment=" (152)" />
        <deal Ticket="4375" OpenTime="2009-12-03 07:33:00" DealType="-1" Lots="2.00" Symbol="GBPUSD" Open="1.66862" SL="1.67320" TP="1.66000" CloseTime="2009-12-03 13:36:00" Close="1.66330" Swap="0.00" Profit="1064.00" Comment=" (153)" />
        <deal Ticket="4312" OpenTime="2009-11-30 08:40:00" DealType="1" Lots="2.00" Symbol="EURUSD" Open="1.50656" SL="1.50656" TP="1.51000" CloseTime="2009-12-01 12:18:00" Close="1.50656" Swap="0.00" Profit="0.00" Comment="sl/a (154)" />
        <deal Ticket="4353" OpenTime="2009-12-01 09:51:00" DealType="1" Lots="2.00" Symbol="GBPUSD" Open="1.65117" SL="1.65117" TP="1.65400" CloseTime="2009-12-01 10:28:00" Close="1.65117" Swap="0.00" Profit="0.00" Comment="sl/a (155)" />
        <deal Ticket="4348" OpenTime="2009-12-01 08:01:00" DealType="1" Lots="2.00" Symbol="GBPUSD" Open="1.64252" SL="1.64252" TP="1.64760" CloseTime="2009-12-01 09:06:00" Close="1.64760" Swap="0.00" Profit="1016.00" Comment="tp/a (156)" />
        <deal Ticket="4346" OpenTime="2009-12-01 08:01:00" DealType="1" Lots="2.00" Symbol="GBPUSD" Open="1.64250" SL="1.64080" TP="1.64400" CloseTime="2009-12-01 08:03:00" Close="1.64400" Swap="0.00" Profit="300.00" Comment="tp/a (157)" />
        <deal Ticket="4349" OpenTime="2009-12-01 07:39:00" DealType="-1" Lots="2.00" Symbol="GBPUSD" Open="1.64028" SL="1.64260" TP="1.63507" CloseTime="2009-12-01 08:01:00" Close="1.64260" Swap="0.00" Profit="-464.00" Comment="sl/a (158)" />
        <deal Ticket="4347" OpenTime="2009-12-01 07:39:00" DealType="-1" Lots="2.00" Symbol="GBPUSD" Open="1.64020" SL="1.64230" TP="1.63865" CloseTime="2009-12-01 07:56:00" Close="1.64230" Swap="0.00" Profit="-420.00" Comment="sl/a (159)" />
        <deal Ticket="4309" OpenTime="2009-11-30 08:06:00" DealType="1" Lots="2.00" Symbol="GBPUSD" Open="1.65734" SL="1.65450" TP="1.66115" CloseTime="2009-11-30 08:48:00" Close="1.65450" Swap="0.00" Profit="-568.00" Comment="sl/a (160)" />
        <deal Ticket="4307" OpenTime="2009-11-30 07:58:00" DealType="-1" Lots="2.00" Symbol="GBPUSD" Open="1.65400" SL="1.65750" TP="1.65200" CloseTime="2009-11-30 08:06:00" Close="1.65200" Swap="0.00" Profit="400.00" Comment="sl/a (161)" />
        <deal Ticket="4306" OpenTime="2009-11-30 07:58:00" DealType="-1" Lots="2.00" Symbol="GBPUSD" Open="1.65404" SL="1.65750" TP="1.65200" CloseTime="2009-11-30 08:06:00" Close="1.65200" Swap="0.00" Profit="408.00" Comment="sl/a (162)" />
        <deal Ticket="4308" OpenTime="2009-11-30 07:48:00" DealType="1" Lots="2.00" Symbol="GBPUSD" Open="1.65700" SL="1.65380" TP="1.65850" CloseTime="2009-11-30 07:58:00" Close="1.65380" Swap="0.00" Profit="-640.00" Comment="sl/a (163)" />
        <deal Ticket="4303" OpenTime="2009-11-27 14:27:00" DealType="-1" Lots="2.00" Symbol="GBPUSD" Open="1.64054" SL="1.64002" TP="1.63850" CloseTime="2009-11-27 14:39:00" Close="1.63850" Swap="0.00" Profit="408.00" Comment="[tp] (164)" />
        <deal Ticket="4302" OpenTime="2009-11-27 12:03:00" DealType="-1" Lots="2.00" Symbol="GBPUSD" Open="1.63885" SL="1.63885" TP="0.00000" CloseTime="2009-11-27 13:56:00" Close="1.63885" Swap="0.00" Profit="0.00" Comment="[sl] (165)" />
        <deal Ticket="4300" OpenTime="2009-11-27 12:01:00" DealType="-1" Lots="1.00" Symbol="GBPUSD" Open="1.64029" SL="1.63745" TP="0.00000" CloseTime="2009-11-27 12:40:00" Close="1.63745" Swap="0.00" Profit="284.00" Comment="[sl] (166)" />
        <deal Ticket="4301" OpenTime="2009-11-27 12:01:00" DealType="-1" Lots="1.00" Symbol="GBPUSD" Open="1.64031" SL="1.63982" TP="1.63830" CloseTime="2009-11-27 12:22:00" Close="1.63830" Swap="0.00" Profit="201.00" Comment="[tp] (167)" />
        <deal Ticket="4297" OpenTime="2009-11-26 17:16:00" DealType="-1" Lots="2.00" Symbol="GBPUSD" Open="1.64700" SL="1.64900" TP="1.64200" CloseTime="2009-11-26 17:44:00" Close="1.64900" Swap="0.00" Profit="-400.00" Comment="[sl] (168)" />
        <deal Ticket="4296" OpenTime="2009-11-26 17:16:00" DealType="-1" Lots="2.00" Symbol="GBPUSD" Open="1.64700" SL="1.64900" TP="1.64500" CloseTime="2009-11-26 17:44:00" Close="1.64900" Swap="0.00" Profit="-400.00" Comment="[sl] (169)" />
        <deal Ticket="4294" OpenTime="2009-11-26 16:21:00" DealType="-1" Lots="2.00" Symbol="GBPUSD" Open="1.64915" SL="1.64915" TP="0.00000" CloseTime="2009-11-26 16:42:00" Close="1.64915" Swap="0.00" Profit="0.00" Comment="[sl] (170)" />
        <deal Ticket="4293" OpenTime="2009-11-26 16:21:00" DealType="-1" Lots="2.00" Symbol="GBPUSD" Open="1.64922" SL="1.64922" TP="1.64750" CloseTime="2009-11-26 16:42:00" Close="1.64922" Swap="0.00" Profit="0.00" Comment="[sl] (171)" />
        <deal Ticket="4207" OpenTime="2009-11-24 11:48:00" DealType="-1" Lots="2.00" Symbol="GBPUSD" Open="1.65352" SL="1.65327" TP="0.00000" CloseTime="2009-11-26 10:20:00" Close="1.65327" Swap="0.00" Profit="50.00" Comment="sl/a (172)" />
        <deal Ticket="4206" OpenTime="2009-11-24 11:47:00" DealType="-1" Lots="3.00" Symbol="GBPUSD" Open="1.65361" SL="1.65281" TP="1.65040" CloseTime="2009-11-26 10:19:00" Close="1.65281" Swap="0.00" Profit="240.00" Comment="sl/a (173)" />
        <deal Ticket="4280" OpenTime="2009-11-26 08:29:00" DealType="-1" Lots="2.00" Symbol="GBPUSD" Open="1.66222" SL="1.66459" TP="1.66030" CloseTime="2009-11-26 08:36:00" Close="1.66030" Swap="0.00" Profit="384.00" Comment="tp/a (174)" />
        <deal Ticket="4274" OpenTime="2009-11-26 07:52:00" DealType="1" Lots="2.00" Symbol="GBPUSD" Open="1.66652" SL="1.66450" TP="1.66950" CloseTime="2009-11-26 08:01:00" Close="1.66450" Swap="0.00" Profit="-404.00" Comment="sl/a (175)" />
        <deal Ticket="4215" OpenTime="2009-11-24 13:38:00" DealType="-1" Lots="2.00" Symbol="GBPUSD" Open="1.65751" SL="1.65679" TP="1.65050" CloseTime="2009-11-24 16:42:00" Close="1.65679" Swap="0.00" Profit="144.00" Comment="[sl] (176)" />
        <deal Ticket="4214" OpenTime="2009-11-24 13:37:00" DealType="-1" Lots="2.00" Symbol="GBPUSD" Open="1.65768" SL="1.66000" TP="1.65559" CloseTime="2009-11-24 15:45:00" Close="1.65559" Swap="0.00" Profit="418.00" Comment="[tp] (177)" />
        <deal Ticket="4194" OpenTime="2009-11-24 13:09:00" DealType="1" Lots="2.00" Symbol="GBPUSD" Open="1.65570" SL="1.65570" TP="1.65900" CloseTime="2009-11-24 15:02:00" Close="1.65900" Swap="0.00" Profit="660.00" Comment="tp/a (178)" />
        <deal Ticket="4195" OpenTime="2009-11-24 13:09:00" DealType="1" Lots="2.00" Symbol="GBPUSD" Open="1.65570" SL="1.65570" TP="0.00000" CloseTime="2009-11-24 15:02:00" Close="1.65922" Swap="0.00" Profit="704.00" Comment=" (179)" />
        <deal Ticket="4205" OpenTime="2009-11-24 11:15:00" DealType="-1" Lots="2.00" Symbol="GBPUSD" Open="1.64970" SL="1.65276" TP="0.00000" CloseTime="2009-11-24 11:44:00" Close="1.65276" Swap="0.00" Profit="-612.00" Comment="sl/a (180)" />
        <deal Ticket="4204" OpenTime="2009-11-24 11:15:00" DealType="-1" Lots="2.00" Symbol="GBPUSD" Open="1.64974" SL="1.65200" TP="1.64800" CloseTime="2009-11-24 11:18:00" Close="1.65200" Swap="0.00" Profit="-452.00" Comment="sl/a (181)" />
        <deal Ticket="4192" OpenTime="2009-11-24 08:06:00" DealType="-1" Lots="2.00" Symbol="GBPUSD" Open="1.65470" SL="1.65442" TP="1.65040" CloseTime="2009-11-24 08:50:00" Close="1.65442" Swap="0.00" Profit="56.00" Comment="sl/a (182)" />
        <deal Ticket="4118" OpenTime="2009-11-23 08:01:00" DealType="1" Lots="2.00" Symbol="GBPUSD" Open="1.65510" SL="1.65510" TP="0.00000" CloseTime="2009-11-24 06:52:00" Close="1.65510" Swap="0.00" Profit="0.00" Comment="sl/a (183)" />
        <deal Ticket="4117" OpenTime="2009-11-23 08:01:00" DealType="1" Lots="2.00" Symbol="GBPUSD" Open="1.65510" SL="1.65300" TP="1.65700" CloseTime="2009-11-23 08:22:00" Close="1.65700" Swap="0.00" Profit="380.00" Comment="tp/a (184)" />
        <deal Ticket="4116" OpenTime="2009-11-23 07:38:00" DealType="-1" Lots="2.00" Symbol="GBPUSD" Open="1.65355" SL="1.65510" TP="0.00000" CloseTime="2009-11-23 08:01:00" Close="1.65510" Swap="0.00" Profit="-310.00" Comment="sl/a (185)" />
        <deal Ticket="4107" OpenTime="2009-11-20 16:44:00" DealType="-1" Lots="2.00" Symbol="EURUSD" Open="1.48396" SL="1.48620" TP="1.48280" CloseTime="2009-11-20 17:06:00" Close="1.48620" Swap="0.00" Profit="-448.00" Comment="[sl] (186)" />
        <deal Ticket="4089" OpenTime="2009-11-20 13:43:00" DealType="1" Lots="2.00" Symbol="EURUSD" Open="1.47970" SL="1.48200" TP="1.47750" CloseTime="2009-11-20 16:32:00" Close="1.48500" Swap="0.00" Profit="0.00" Comment="cancelled (187)" />
        <deal Ticket="4083" OpenTime="2009-11-20 12:52:00" DealType="-1" Lots="2.00" Symbol="GBPUSD" Open="1.64967" SL="1.64829" TP="0.00000" CloseTime="2009-11-20 13:13:00" Close="1.64829" Swap="0.00" Profit="276.00" Comment="sl/a (188)" />
        <deal Ticket="4067" OpenTime="2009-11-20 09:54:00" DealType="-1" Lots="2.00" Symbol="GBPUSD" Open="1.66047" SL="1.66040" TP="1.65800" CloseTime="2009-11-20 10:05:00" Close="1.65839" Swap="0.00" Profit="416.00" Comment=" (189)" />
        <deal Ticket="4066" OpenTime="2009-11-20 09:54:00" DealType="-1" Lots="2.00" Symbol="GBPUSD" Open="1.66039" SL="1.66032" TP="1.65900" CloseTime="2009-11-20 10:02:00" Close="1.65900" Swap="0.00" Profit="278.00" Comment="tp/a (190)" />
        <deal Ticket="4012" OpenTime="2009-11-19 15:47:00" DealType="-1" Lots="2.00" Symbol="USDCAD" Open="1.06622" SL="1.07000" TP="1.06720" CloseTime="2009-11-19 17:26:00" Close="1.06720" Swap="0.00" Profit="-183.66" Comment="[tp] (191)" />
        <deal Ticket="4010" OpenTime="2009-11-19 15:32:00" DealType="1" Lots="2.00" Symbol="USDCAD" Open="1.06250" SL="1.06303" TP="1.06400" CloseTime="2009-11-19 15:39:00" Close="1.06400" Swap="0.00" Profit="281.95" Comment="tp/a (192)" />
        <deal Ticket="4009" OpenTime="2009-11-19 15:30:00" DealType="1" Lots="2.00" Symbol="USDCAD" Open="1.06000" SL="0.00000" TP="0.00000" CloseTime="2009-11-19 15:39:00" Close="1.06445" Swap="0.00" Profit="0.00" Comment="cancelled (193)" />
        <deal Ticket="4001" OpenTime="2009-11-19 10:28:00" DealType="-1" Lots="2.00" Symbol="GBPUSD" Open="1.66759" SL="1.66759" TP="1.66060" CloseTime="2009-11-19 13:13:00" Close="1.66376" Swap="0.00" Profit="766.00" Comment=" (194)" />
        <deal Ticket="3999" OpenTime="2009-11-19 10:30:00" DealType="1" Lots="1.50" Symbol="GBPUSD" Open="1.66900" SL="1.66700" TP="1.67100" CloseTime="2009-11-19 10:33:00" Close="1.66700" Swap="0.00" Profit="-300.00" Comment="sl/a (195)" />
        <deal Ticket="3993" OpenTime="2009-11-19 08:46:00" DealType="-1" Lots="1.50" Symbol="GBPUSD" Open="1.66850" SL="1.66850" TP="1.66350" CloseTime="2009-11-19 10:04:00" Close="1.66850" Swap="0.00" Profit="0.00" Comment="sl/a (196)" />
        <deal Ticket="3995" OpenTime="2009-11-19 08:46:00" DealType="-1" Lots="1.50" Symbol="GBPUSD" Open="1.66850" SL="1.67150" TP="1.66570" CloseTime="2009-11-19 09:01:00" Close="1.66570" Swap="0.00" Profit="420.00" Comment="tp/a (197)" />
        <deal Ticket="3985" OpenTime="2009-11-19 07:11:00" DealType="1" Lots="1.50" Symbol="GBPUSD" Open="1.67159" SL="1.66900" TP="1.67267" CloseTime="2009-11-19 08:45:00" Close="1.66900" Swap="0.00" Profit="-388.50" Comment="sl/a (198)" />
        <deal Ticket="3918" OpenTime="2009-11-18 10:30:00" DealType="-1" Lots="1.50" Symbol="GBPUSD" Open="1.68020" SL="1.68700" TP="1.67800" CloseTime="2009-11-18 14:32:00" Close="1.68027" Swap="0.00" Profit="-10.50" Comment=" (199)" />
        <deal Ticket="3920" OpenTime="2009-11-18 10:30:00" DealType="-1" Lots="1.50" Symbol="GBPUSD" Open="1.68020" SL="1.68015" TP="1.67500" CloseTime="2009-11-18 10:30:00" Close="1.68015" Swap="0.00" Profit="7.50" Comment="sl/a (200)" />
        <deal Ticket="3840" OpenTime="2009-11-17 10:39:00" DealType="-1" Lots="1.00" Symbol="GBPUSD" Open="1.68614" SL="1.68610" TP="0.00000" CloseTime="2009-11-17 16:40:00" Close="1.67841" Swap="0.00" Profit="773.00" Comment=" (201)" />
        <deal Ticket="3845" OpenTime="2009-11-17 10:48:00" DealType="-1" Lots="1.00" Symbol="GBPUSD" Open="1.68701" SL="1.68601" TP="0.00000" CloseTime="2009-11-17 16:39:00" Close="1.67829" Swap="0.00" Profit="872.00" Comment=" (202)" />
        <deal Ticket="3856" OpenTime="2009-11-17 11:57:00" DealType="-1" Lots="1.00" Symbol="GBPUSD" Open="1.67998" SL="1.68350" TP="1.67800" CloseTime="2009-11-17 16:34:00" Close="1.67970" Swap="0.00" Profit="28.00" Comment=" (203)" />
        <deal Ticket="3839" OpenTime="2009-11-17 10:38:00" DealType="-1" Lots="1.00" Symbol="GBPUSD" Open="1.68617" SL="1.68616" TP="1.68400" CloseTime="2009-11-17 11:19:00" Close="1.68400" Swap="0.00" Profit="217.00" Comment="tp/a (204)" />
        <deal Ticket="3816" OpenTime="2009-11-17 07:37:00" DealType="1" Lots="1.00" Symbol="GBPUSD" Open="1.67960" SL="1.68200" TP="0.00000" CloseTime="2009-11-17 10:40:00" Close="1.68563" Swap="0.00" Profit="0.00" Comment="cancelled (205)" />
        <deal Ticket="3815" OpenTime="2009-11-17 07:36:00" DealType="1" Lots="1.00" Symbol="GBPUSD" Open="1.67970" SL="1.68200" TP="1.67840" CloseTime="2009-11-17 10:40:00" Close="1.68562" Swap="0.00" Profit="0.00" Comment="cancelled (206)" />
        <deal Ticket="3814" OpenTime="2009-11-17 07:32:00" DealType="1" Lots="1.00" Symbol="GBPUSD" Open="1.68144" SL="1.68250" TP="1.68540" CloseTime="2009-11-17 08:17:00" Close="1.68540" Swap="0.00" Profit="396.00" Comment="tp/a (207)" />
        <deal Ticket="3813" OpenTime="2009-11-17 07:32:00" DealType="1" Lots="1.00" Symbol="GBPUSD" Open="1.68141" SL="1.68199" TP="1.68350" CloseTime="2009-11-17 08:00:00" Close="1.68350" Swap="0.00" Profit="209.00" Comment="tp/a (208)" />
        <deal Ticket="3801" OpenTime="2009-11-16 14:56:00" DealType="1" Lots="1.00" Symbol="GBPUSD" Open="1.67500" SL="1.67640" TP="1.67100" CloseTime="2009-11-17 06:47:00" Close="1.68239" Swap="0.00" Profit="0.00" Comment="cancelled (209)" />
        <deal Ticket="3800" OpenTime="2009-11-16 14:55:00" DealType="1" Lots="1.00" Symbol="GBPUSD" Open="1.67500" SL="1.67640" TP="1.67360" CloseTime="2009-11-17 06:47:00" Close="1.68222" Swap="0.00" Profit="0.00" Comment="cancelled (210)" />
        <deal Ticket="3788" OpenTime="2009-11-16 12:30:00" DealType="1" Lots="1.00" Symbol="GBPUSD" Open="1.66901" SL="1.67100" TP="0.00000" CloseTime="2009-11-16 15:43:00" Close="1.67439" Swap="0.00" Profit="0.00" Comment="cancelled (211)" />
        <deal Ticket="3799" OpenTime="2009-11-16 15:13:00" DealType="1" Lots="1.00" Symbol="GBPUSD" Open="1.67420" SL="1.67240" TP="0.00000" CloseTime="2009-11-16 15:38:00" Close="1.67431" Swap="0.00" Profit="11.00" Comment=" (212)" />
        <deal Ticket="3798" OpenTime="2009-11-16 15:13:00" DealType="1" Lots="1.00" Symbol="GBPUSD" Open="1.67420" SL="1.67240" TP="1.67520" CloseTime="2009-11-16 15:38:00" Close="1.67430" Swap="0.00" Profit="10.00" Comment=" (213)" />
        <deal Ticket="3791" OpenTime="2009-11-16 13:56:00" DealType="-1" Lots="1.00" Symbol="GBPUSD" Open="1.67305" SL="1.67250" TP="1.67120" CloseTime="2009-11-16 14:39:00" Close="1.67250" Swap="0.00" Profit="55.00" Comment="[sl] (214)" />
        <deal Ticket="3792" OpenTime="2009-11-16 13:57:00" DealType="-1" Lots="1.00" Symbol="GBPUSD" Open="1.67305" SL="0.00000" TP="1.67200" CloseTime="2009-11-16 14:31:00" Close="1.67200" Swap="0.00" Profit="105.00" Comment="[tp] (215)" />
        <deal Ticket="3789" OpenTime="2009-11-16 13:17:00" DealType="1" Lots="1.00" Symbol="GBPUSD" Open="1.67196" SL="1.67150" TP="1.67320" CloseTime="2009-11-16 13:44:00" Close="1.67320" Swap="0.00" Profit="124.00" Comment="[tp] (216)" />
        <deal Ticket="3787" OpenTime="2009-11-16 12:28:00" DealType="1" Lots="1.00" Symbol="GBPUSD" Open="1.66900" SL="1.66994" TP="1.67130" CloseTime="2009-11-16 12:56:00" Close="1.66994" Swap="0.00" Profit="94.00" Comment="sl/a (217)" />
        <deal Ticket="3782" OpenTime="2009-11-16 09:48:00" DealType="-1" Lots="1.00" Symbol="GBPUSD" Open="1.67003" SL="0.00000" TP="1.66900" CloseTime="2009-11-16 10:24:00" Close="1.66900" Swap="0.00" Profit="103.00" Comment="tp/a (218)" />
        <deal Ticket="3781" OpenTime="2009-11-16 09:48:00" DealType="-1" Lots="1.00" Symbol="GBPUSD" Open="1.67009" SL="1.67005" TP="1.66900" CloseTime="2009-11-16 10:02:00" Close="1.67005" Swap="0.00" Profit="4.00" Comment="sl/a (219)" />
        <deal Ticket="3780" OpenTime="2009-11-16 09:22:00" DealType="1" Lots="1.00" Symbol="GBPUSD" Open="1.67250" SL="1.67000" TP="0.00000" CloseTime="2009-11-16 09:45:00" Close="1.67000" Swap="0.00" Profit="-250.00" Comment="sl/a (220)" />
        <deal Ticket="3779" OpenTime="2009-11-16 09:07:00" DealType="-1" Lots="1.00" Symbol="GBPUSD" Open="1.67281" SL="1.67233" TP="1.67130" CloseTime="2009-11-16 09:22:00" Close="1.67233" Swap="0.00" Profit="48.00" Comment="sl/a (221)" />
        <deal Ticket="3767" OpenTime="2009-11-16 07:02:00" DealType="1" Lots="1.00" Symbol="GBPUSD" Open="1.67299" SL="1.67310" TP="1.67650" CloseTime="2009-11-16 09:06:00" Close="1.67310" Swap="0.00" Profit="11.00" Comment="sl/a (222)" />
        <deal Ticket="3772" OpenTime="2009-11-16 07:05:00" DealType="-1" Lots="1.00" Symbol="GBPUSD" Open="1.67268" SL="1.67241" TP="1.67100" CloseTime="2009-11-16 07:24:00" Close="1.67148" Swap="0.00" Profit="120.00" Comment=" (223)" />
        <deal Ticket="3753" OpenTime="2009-11-13 12:05:00" DealType="-1" Lots="1.00" Symbol="GBPUSD" Open="1.66634" SL="1.66600" TP="1.66500" CloseTime="2009-11-13 15:33:00" Close="1.66500" Swap="0.00" Profit="134.00" Comment="tp/a (224)" />
        <deal Ticket="3752" OpenTime="2009-11-13 12:04:00" DealType="-1" Lots="1.00" Symbol="GBPUSD" Open="1.66648" SL="1.66648" TP="0.00000" CloseTime="2009-11-13 15:07:00" Close="1.66648" Swap="0.00" Profit="0.00" Comment="sl/a (225)" />
        <deal Ticket="3720" OpenTime="2009-11-13 09:30:00" DealType="1" Lots="1.00" Symbol="GBPUSD" Open="1.66880" SL="1.66913" TP="0.00000" CloseTime="2009-11-13 13:06:00" Close="1.66913" Swap="0.00" Profit="33.00" Comment="sl/a (226)" />
        <deal Ticket="3721" OpenTime="2009-11-13 09:30:00" DealType="1" Lots="1.00" Symbol="GBPUSD" Open="1.66844" SL="1.66855" TP="1.66980" CloseTime="2009-11-13 12:54:00" Close="1.66855" Swap="0.00" Profit="11.00" Comment="sl/a (227)" />
        <deal Ticket="3708" OpenTime="2009-11-13 07:54:00" DealType="1" Lots="1.00" Symbol="GBPUSD" Open="1.66126" SL="1.66161" TP="1.66350" CloseTime="2009-11-13 08:43:00" Close="1.66350" Swap="0.00" Profit="224.00" Comment="tp/a (228)" />
        <deal Ticket="3709" OpenTime="2009-11-13 07:54:00" DealType="1" Lots="1.00" Symbol="GBPUSD" Open="1.66106" SL="1.65900" TP="1.66250" CloseTime="2009-11-13 08:33:00" Close="1.66250" Swap="0.00" Profit="144.00" Comment="tp/a (229)" />
        <deal Ticket="3673" OpenTime="2009-11-12 14:01:00" DealType="-1" Lots="1.00" Symbol="GBPUSD" Open="1.65319" SL="1.65700" TP="1.65200" CloseTime="2009-11-12 17:14:00" Close="1.65200" Swap="0.00" Profit="119.00" Comment="[tp] (230)" />
        <deal Ticket="3682" OpenTime="2009-11-12 15:26:00" DealType="-1" Lots="1.00" Symbol="EURUSD" Open="1.49199" SL="1.49176" TP="1.49060" CloseTime="2009-11-12 15:43:00" Close="1.49176" Swap="0.00" Profit="23.00" Comment="[sl] (231)" />
        <deal Ticket="3683" OpenTime="2009-11-12 15:26:00" DealType="-1" Lots="1.00" Symbol="EURUSD" Open="1.49180" SL="1.49170" TP="0.00000" CloseTime="2009-11-12 15:43:00" Close="1.49170" Swap="0.00" Profit="10.00" Comment="[sl] (232)" />
        <deal Ticket="3668" OpenTime="2009-11-12 13:35:00" DealType="-1" Lots="1.00" Symbol="GBPUSD" Open="1.65444" SL="1.65439" TP="1.65230" CloseTime="2009-11-12 13:50:00" Close="1.65439" Swap="0.00" Profit="5.00" Comment="sl/a (233)" />
        <deal Ticket="3667" OpenTime="2009-11-12 13:35:00" DealType="-1" Lots="1.00" Symbol="GBPUSD" Open="1.65443" SL="1.65417" TP="1.65050" CloseTime="2009-11-12 13:47:00" Close="1.65417" Swap="0.00" Profit="26.00" Comment="sl/a (234)" />
        <deal Ticket="3646" OpenTime="2009-11-12 08:30:00" DealType="-1" Lots="1.00" Symbol="GBPUSD" Open="1.65669" SL="1.65669" TP="1.65161" CloseTime="2009-11-12 09:58:00" Close="1.65669" Swap="0.00" Profit="0.00" Comment="sl/a (235)" />
        <deal Ticket="3640" OpenTime="2009-11-12 07:51:00" DealType="-1" Lots="1.40" Symbol="GBPUSD" Open="1.65742" SL="1.65742" TP="1.65250" CloseTime="2009-11-12 09:03:00" Close="1.65742" Swap="0.00" Profit="688.80" Comment="sl/a (236)" />
        <deal Ticket="3641" OpenTime="2009-11-12 07:51:00" DealType="-1" Lots="1.40" Symbol="GBPUSD" Open="1.65752" SL="1.65752" TP="1.65250" CloseTime="2009-11-12 09:03:00" Close="1.65496" Swap="0.00" Profit="702.80" Comment=" (237)" />
        <deal Ticket="3638" OpenTime="2009-11-11 19:28:00" DealType="1" Lots="1.00" Symbol="GBPUSD" Open="1.65540" SL="1.65050" TP="0.00000" CloseTime="2009-11-12 07:45:00" Close="1.65732" Swap="0.00" Profit="192.00" Comment=" (238)" />
        <deal Ticket="3637" OpenTime="2009-11-11 19:28:00" DealType="1" Lots="1.00" Symbol="GBPUSD" Open="1.65540" SL="1.65050" TP="1.65890" CloseTime="2009-11-12 01:08:00" Close="1.65890" Swap="0.00" Profit="350.00" Comment="[tp] (239)" />
        <deal Ticket="3584" OpenTime="2009-11-11 11:30:00" DealType="1" Lots="1.00" Symbol="GBPUSD" Open="1.67650" SL="1.67650" TP="0.00000" CloseTime="2009-11-11 11:32:00" Close="1.67650" Swap="0.00" Profit="0.00" Comment="sl/a (240)" />
        <deal Ticket="3585" OpenTime="2009-11-11 11:24:00" DealType="1" Lots="1.00" Symbol="GBPUSD" Open="1.67380" SL="1.67650" TP="0.00000" CloseTime="2009-11-11 11:31:00" Close="1.67808" Swap="0.00" Profit="0.00" Comment="cancelled (241)" />
        <deal Ticket="3582" OpenTime="2009-11-11 11:22:00" DealType="1" Lots="1.00" Symbol="GBPUSD" Open="1.67350" SL="1.67600" TP="1.67050" CloseTime="2009-11-11 11:31:00" Close="1.67835" Swap="0.00" Profit="0.00" Comment="cancelled (242)" />
        <deal Ticket="3583" OpenTime="2009-11-11 11:30:00" DealType="1" Lots="1.00" Symbol="GBPUSD" Open="1.67650" SL="1.67688" TP="1.67850" CloseTime="2009-11-11 11:30:00" Close="1.67850" Swap="0.00" Profit="200.00" Comment="tp/a (243)" />
        <deal Ticket="3581" OpenTime="2009-11-11 11:21:00" DealType="-1" Lots="1.00" Symbol="GBPUSD" Open="1.67484" SL="1.67670" TP="0.00000" CloseTime="2009-11-11 11:30:00" Close="1.67670" Swap="0.00" Profit="-186.00" Comment="sl/a (244)" />
        <deal Ticket="3571" OpenTime="2009-11-11 10:30:00" DealType="1" Lots="1.00" Symbol="GBPUSD" Open="1.67650" SL="1.67650" TP="1.67950" CloseTime="2009-11-11 10:55:00" Close="1.67650" Swap="0.00" Profit="0.00" Comment="sl/a (245)" />
        <deal Ticket="3573" OpenTime="2009-11-11 10:30:00" DealType="1" Lots="1.00" Symbol="GBPUSD" Open="1.67650" SL="1.67650" TP="0.00000" CloseTime="2009-11-11 10:55:00" Close="1.67650" Swap="0.00" Profit="0.00" Comment="sl/a (246)" />
        <deal Ticket="3574" OpenTime="2009-11-11 10:24:00" DealType="1" Lots="1.00" Symbol="GBPUSD" Open="1.67350" SL="1.67600" TP="0.00000" CloseTime="2009-11-11 10:39:00" Close="1.67814" Swap="0.00" Profit="0.00" Comment="cancelled (247)" />
        <deal Ticket="3572" OpenTime="2009-11-11 10:21:00" DealType="1" Lots="1.00" Symbol="GBPUSD" Open="1.67350" SL="1.67604" TP="1.67060" CloseTime="2009-11-11 10:39:00" Close="1.67812" Swap="0.00" Profit="0.00" Comment="cancelled (248)" />
        <deal Ticket="3560" OpenTime="2009-11-11 08:07:00" DealType="-1" Lots="1.00" Symbol="GBPUSD" Open="1.67150" SL="1.67350" TP="1.67000" CloseTime="2009-11-11 08:30:00" Close="1.67350" Swap="0.00" Profit="-200.00" Comment="sl/a (249)" />
        <deal Ticket="3561" OpenTime="2009-11-11 08:07:00" DealType="-1" Lots="1.00" Symbol="GBPUSD" Open="1.67150" SL="1.67300" TP="1.66650" CloseTime="2009-11-11 08:18:00" Close="1.67300" Swap="0.00" Profit="-150.00" Comment="sl/a (250)" />
        <deal Ticket="3456" OpenTime="2009-11-09 07:42:00" DealType="-1" Lots="1.00" Symbol="GBPUSD" Open="1.67054" SL="1.67200" TP="1.66870" CloseTime="2009-11-09 08:01:00" Close="1.67200" Swap="0.00" Profit="-146.00" Comment="sl/a (251)" />
        <deal Ticket="3421" OpenTime="2009-11-05 10:50:00" DealType="-1" Lots="1.40" Symbol="GBPUSD" Open="1.65472" SL="1.65670" TP="1.65050" CloseTime="2009-11-05 11:44:00" Close="1.65050" Swap="0.00" Profit="590.80" Comment=" (252)" />
        <deal Ticket="3416" OpenTime="2009-11-05 10:30:00" DealType="-1" Lots="1.00" Symbol="GBPUSD" Open="1.65214" SL="1.65750" TP="1.64823" CloseTime="2009-11-05 11:41:00" Close="1.65145" Swap="0.00" Profit="69.00" Comment=" (253)" />
        <deal Ticket="3415" OpenTime="2009-11-05 10:30:00" DealType="1" Lots="1.00" Symbol="GBPUSD" Open="1.65538" SL="1.65547" TP="1.65800" CloseTime="2009-11-05 10:46:00" Close="1.65547" Swap="0.00" Profit="9.00" Comment="sl/a (254)" />
        <deal Ticket="3411" OpenTime="2009-11-05 09:02:00" DealType="1" Lots="1.40" Symbol="GBPUSD" Open="1.65082" SL="1.64750" TP="1.65482" CloseTime="2009-11-05 10:30:00" Close="1.65482" Swap="0.00" Profit="560.00" Comment="sl/a (255)" />
        <deal Ticket="3412" OpenTime="2009-11-05 09:02:00" DealType="1" Lots="1.00" Symbol="GBPUSD" Open="1.65128" SL="1.64900" TP="1.65400" CloseTime="2009-11-05 09:57:00" Close="1.65134" Swap="0.00" Profit="6.00" Comment=" (256)" />
        <deal Ticket="3404" OpenTime="2009-11-05 07:46:00" DealType="-1" Lots="1.40" Symbol="GBPUSD" Open="1.64849" SL="1.65050" TP="1.64680" CloseTime="2009-11-05 09:01:00" Close="1.65050" Swap="0.00" Profit="-281.40" Comment="sl/a (257)" />
        <deal Ticket="3405" OpenTime="2009-11-05 07:47:00" DealType="-1" Lots="1.40" Symbol="GBPUSD" Open="1.64862" SL="1.64855" TP="1.64050" CloseTime="2009-11-05 08:57:00" Close="1.64855" Swap="0.00" Profit="9.80" Comment="sl/a (258)" />
        <deal Ticket="3406" OpenTime="2009-11-05 07:50:00" DealType="-1" Lots="1.00" Symbol="EURUSD" Open="1.48289" SL="1.48350" TP="1.48030" CloseTime="2009-11-05 08:17:00" Close="1.48350" Swap="0.00" Profit="-61.00" Comment="sl/a (259)" />
        <deal Ticket="3400" OpenTime="2009-11-03 13:30:00" DealType="-1" Lots="1.40" Symbol="GBPUSD" Open="1.62994" SL="1.63500" TP="1.62800" CloseTime="2009-11-03 15:31:00" Close="1.63080" Swap="0.00" Profit="-120.40" Comment=" (260)" />
        <deal Ticket="3401" OpenTime="2009-11-03 13:31:00" DealType="-1" Lots="1.40" Symbol="GBPUSD" Open="1.63049" SL="1.63500" TP="1.62800" CloseTime="2009-11-03 15:30:00" Close="1.63006" Swap="0.00" Profit="60.20" Comment=" (261)" />
        <deal Ticket="3402" OpenTime="2009-11-03 14:21:00" DealType="-1" Lots="1.40" Symbol="GBPUSD" Open="1.63274" SL="1.63500" TP="1.62800" CloseTime="2009-11-03 15:29:00" Close="1.62973" Swap="0.00" Profit="421.40" Comment=" (262)" />
        <deal Ticket="3398" OpenTime="2009-11-03 09:48:00" DealType="-1" Lots="1.40" Symbol="GBPUSD" Open="1.63192" SL="1.63400" TP="1.63050" CloseTime="2009-11-03 10:13:00" Close="1.63238" Swap="0.00" Profit="-64.40" Comment=" (263)" />
        <deal Ticket="3399" OpenTime="2009-11-03 09:49:00" DealType="-1" Lots="1.40" Symbol="GBPUSD" Open="1.63251" SL="1.63223" TP="1.63050" CloseTime="2009-11-03 10:05:00" Close="1.63223" Swap="0.00" Profit="39.20" Comment="sl/a (264)" />
        <deal Ticket="3397" OpenTime="2009-11-03 09:02:00" DealType="1" Lots="1.40" Symbol="GBPUSD" Open="1.63183" SL="1.62944" TP="1.63700" CloseTime="2009-11-03 09:14:00" Close="1.63193" Swap="0.00" Profit="14.00" Comment=" (265)" />
        <deal Ticket="3393" OpenTime="2009-11-03 07:49:00" DealType="-1" Lots="1.40" Symbol="GBPUSD" Open="1.63785" SL="1.63785" TP="1.63050" CloseTime="2009-11-03 08:49:00" Close="1.63050" Swap="0.00" Profit="1029.00" Comment="tp/a (266)" />
        <deal Ticket="3392" OpenTime="2009-11-03 07:49:00" DealType="-1" Lots="1.20" Symbol="GBPUSD" Open="1.63785" SL="1.63785" TP="1.63350" CloseTime="2009-11-03 08:05:00" Close="1.63535" Swap="0.00" Profit="300.00" Comment=" (267)" />
        <deal Ticket="3391" OpenTime="2009-11-02 16:48:00" DealType="-1" Lots="1.20" Symbol="GBPUSD" Open="1.63985" SL="1.63950" TP="1.63700" CloseTime="2009-11-02 17:03:00" Close="1.63950" Swap="0.00" Profit="42.00" Comment="[sl] (268)" />
        <deal Ticket="3390" OpenTime="2009-11-02 16:47:00" DealType="-1" Lots="1.20" Symbol="GBPUSD" Open="1.63994" SL="1.63950" TP="1.63540" CloseTime="2009-11-02 17:03:00" Close="1.63950" Swap="0.00" Profit="52.80" Comment="[sl] (269)" />
        <deal Ticket="3389" OpenTime="2009-11-02 16:21:00" DealType="-1" Lots="1.20" Symbol="GBPUSD" Open="1.64222" SL="1.64330" TP="0.00000" CloseTime="2009-11-02 16:30:00" Close="1.64330" Swap="0.00" Profit="-129.60" Comment="[sl] (270)" />
        <deal Ticket="3387" OpenTime="2009-11-02 16:00:00" DealType="1" Lots="1.20" Symbol="GBPUSD" Open="1.63600" SL="1.63899" TP="1.64100" CloseTime="2009-11-02 16:19:00" Close="1.64100" Swap="0.00" Profit="600.00" Comment="[tp] (271)" />
        <deal Ticket="3388" OpenTime="2009-11-02 15:00:00" DealType="-1" Lots="1.20" Symbol="GBPUSD" Open="1.63388" SL="1.63570" TP="0.00000" CloseTime="2009-11-02 15:58:00" Close="1.63570" Swap="0.00" Profit="-218.40" Comment="[sl] (272)" />
        <deal Ticket="3386" OpenTime="2009-11-02 14:59:00" DealType="-1" Lots="1.20" Symbol="GBPUSD" Open="1.63430" SL="1.63570" TP="1.63090" CloseTime="2009-11-02 15:58:00" Close="1.63570" Swap="0.00" Profit="-168.00" Comment="[sl] (273)" />
        <deal Ticket="3383" OpenTime="2009-11-02 08:03:00" DealType="-1" Lots="1.20" Symbol="GBPUSD" Open="1.64368" SL="1.64000" TP="1.63520" CloseTime="2009-11-02 10:16:00" Close="1.63520" Swap="0.00" Profit="1017.60" Comment="tp/a (274)" />
        <deal Ticket="3384" OpenTime="2009-11-02 08:03:00" DealType="-1" Lots="1.20" Symbol="GBPUSD" Open="1.64372" SL="1.64333" TP="1.64060" CloseTime="2009-11-02 08:12:00" Close="1.64060" Swap="0.00" Profit="374.40" Comment="tp/a (275)" />
        <deal Ticket="3381" OpenTime="2009-11-02 07:01:00" DealType="1" Lots="1.20" Symbol="GBPUSD" Open="1.64798" SL="1.64550" TP="1.65250" CloseTime="2009-11-02 07:54:00" Close="1.64550" Swap="0.00" Profit="-297.60" Comment="sl/a (276)" />
        <deal Ticket="3375" OpenTime="2009-10-30 14:32:00" DealType="-1" Lots="1.20" Symbol="GBPUSD" Open="1.65306" SL="1.65650" TP="1.65060" CloseTime="2009-10-30 15:10:00" Close="1.65258" Swap="0.00" Profit="57.60" Comment=" (277)" />
        <deal Ticket="3374" OpenTime="2009-10-30 14:31:00" DealType="-1" Lots="1.20" Symbol="GBPUSD" Open="1.65264" SL="1.65650" TP="1.64500" CloseTime="2009-10-30 15:10:00" Close="1.65258" Swap="0.00" Profit="7.20" Comment=" (278)" />
        <deal Ticket="3308" OpenTime="2009-10-30 09:16:00" DealType="-1" Lots="1.20" Symbol="EURUSD" Open="1.48123" SL="1.48123" TP="0.00000" CloseTime="2009-10-30 14:43:00" Close="1.48123" Swap="0.00" Profit="0.00" Comment="sl/a (279)" />
        <deal Ticket="3334" OpenTime="2009-10-30 13:28:00" DealType="1" Lots="1.20" Symbol="USDCAD" Open="1.07100" SL="1.07270" TP="1.06650" CloseTime="2009-10-30 13:42:00" Close="1.07648" Swap="0.00" Profit="0.00" Comment="cancelled (280)" />
        <deal Ticket="3335" OpenTime="2009-10-30 13:30:00" DealType="1" Lots="1.20" Symbol="USDCAD" Open="1.07350" SL="1.07449" TP="1.07650" CloseTime="2009-10-30 13:40:00" Close="1.07650" Swap="0.00" Profit="334.42" Comment="tp/a (281)" />
        <deal Ticket="3329" OpenTime="2009-10-30 12:05:00" DealType="-1" Lots="1.20" Symbol="EURUSD" Open="1.48333" SL="1.48333" TP="1.48030" CloseTime="2009-10-30 12:36:00" Close="1.48030" Swap="0.00" Profit="363.60" Comment="tp/a (282)" />
        <deal Ticket="3325" OpenTime="2009-10-30 11:52:00" DealType="1" Lots="1.20" Symbol="GBPUSD" Open="1.65150" SL="1.64950" TP="0.00000" CloseTime="2009-10-30 12:07:00" Close="1.65326" Swap="0.00" Profit="0.00" Comment="cancelled (283)" />
        <deal Ticket="3318" OpenTime="2009-10-30 10:58:00" DealType="1" Lots="1.20" Symbol="EURUSD" Open="1.48280" SL="1.48470" TP="1.48050" CloseTime="2009-10-30 12:06:00" Close="1.48351" Swap="0.00" Profit="0.00" Comment="cancelled (284)" />
        <deal Ticket="3320" OpenTime="2009-10-30 10:59:00" DealType="1" Lots="1.20" Symbol="EURUSD" Open="1.48500" SL="1.48000" TP="1.48700" CloseTime="2009-10-30 11:04:00" Close="1.48412" Swap="0.00" Profit="0.00" Comment="cancelled (285)" />
        <deal Ticket="3309" OpenTime="2009-10-30 09:16:00" DealType="-1" Lots="1.20" Symbol="EURUSD" Open="1.48124" SL="1.48300" TP="1.47960" CloseTime="2009-10-30 09:57:00" Close="1.48300" Swap="0.00" Profit="-211.20" Comment="sl/a (286)" />
        <deal Ticket="3305" OpenTime="2009-10-29 14:51:00" DealType="1" Lots="1.20" Symbol="GBPUSD" Open="1.65662" SL="1.65662" TP="1.66400" CloseTime="2009-10-29 15:42:00" Close="1.65662" Swap="0.00" Profit="0.00" Comment="[sl] (287)" />
        <deal Ticket="3306" OpenTime="2009-10-29 14:52:00" DealType="1" Lots="1.20" Symbol="GBPUSD" Open="1.65637" SL="1.65400" TP="1.66000" CloseTime="2009-10-29 15:05:00" Close="1.66000" Swap="0.00" Profit="435.60" Comment="tp/a (288)" />
        <deal Ticket="3304" OpenTime="2009-10-29 14:29:00" DealType="1" Lots="1.20" Symbol="EURJPY" Open="134.965" SL="134.650" TP="135.500" CloseTime="2009-10-29 14:44:00" Close="134.873" Swap="0.00" Profit="-121.03" Comment=" (289)" />
        <deal Ticket="3300" OpenTime="2009-10-29 13:31:00" DealType="1" Lots="1.20" Symbol="GBPUSD" Open="1.64945" SL="1.64500" TP="1.65350" CloseTime="2009-10-29 14:37:00" Close="1.65350" Swap="0.00" Profit="486.00" Comment="tp/a (290)" />
        <deal Ticket="3301" OpenTime="2009-10-29 13:33:00" DealType="1" Lots="1.20" Symbol="EURUSD" Open="1.47542" SL="1.47400" TP="1.47700" CloseTime="2009-10-29 13:47:00" Close="1.47700" Swap="0.00" Profit="189.60" Comment="tp/a (291)" />
        <deal Ticket="3291" OpenTime="2009-10-29 08:40:00" DealType="1" Lots="1.20" Symbol="EURUSD" Open="1.47408" SL="1.47408" TP="0.00000" CloseTime="2009-10-29 12:18:00" Close="1.47408" Swap="0.00" Profit="0.00" Comment="sl/a (292)" />
        <deal Ticket="3297" OpenTime="2009-10-29 11:35:00" DealType="-1" Lots="1.20" Symbol="GBPUSD" Open="1.64581" SL="1.64820" TP="1.64380" CloseTime="2009-10-29 11:41:00" Close="1.64651" Swap="0.00" Profit="-84.00" Comment=" (293)" />
        <deal Ticket="3295" OpenTime="2009-10-29 10:18:00" DealType="-1" Lots="1.20" Symbol="GBPUSD" Open="1.64310" SL="1.64500" TP="1.63504" CloseTime="2009-10-29 11:21:00" Close="1.64500" Swap="0.00" Profit="-380.00" Comment=" (294)" />
        <deal Ticket="3294" OpenTime="2009-10-29 10:18:00" DealType="-1" Lots="1.20" Symbol="GBPUSD" Open="1.64344" SL="1.64480" TP="1.64160" CloseTime="2009-10-29 11:20:00" Close="1.64480" Swap="0.00" Profit="-163.20" Comment="sl/a (295)" />
        <deal Ticket="3292" OpenTime="2009-10-29 08:40:00" DealType="1" Lots="1.20" Symbol="EURUSD" Open="1.47398" SL="1.47000" TP="1.47580" CloseTime="2009-10-29 10:12:00" Close="1.47580" Swap="0.00" Profit="218.40" Comment="tp/a (296)" />
        <deal Ticket="3290" OpenTime="2009-10-29 08:10:00" DealType="1" Lots="1.20" Symbol="GBPUSD" Open="1.64156" SL="1.64173" TP="1.64540" CloseTime="2009-10-29 08:59:00" Close="1.64173" Swap="0.00" Profit="20.40" Comment="sl/a (297)" />
        <deal Ticket="3289" OpenTime="2009-10-29 08:09:00" DealType="1" Lots="1.20" Symbol="GBPUSD" Open="1.64109" SL="1.64184" TP="0.00000" CloseTime="2009-10-29 08:11:00" Close="1.64184" Swap="0.00" Profit="90.00" Comment="sl/a (298)" />
        <deal Ticket="3287" OpenTime="2009-10-29 07:41:00" DealType="-1" Lots="1.20" Symbol="GBPUSD" Open="1.63757" SL="1.63870" TP="1.63550" CloseTime="2009-10-29 07:56:00" Close="1.63870" Swap="0.00" Profit="-135.60" Comment="sl/a (299)" />
        <deal Ticket="3282" OpenTime="2009-10-28 16:02:00" DealType="-1" Lots="1.20" Symbol="EURJPY" Open="134.355" SL="134.750" TP="132.500" CloseTime="2009-10-29 07:22:00" Close="133.129" Swap="0.00" Profit="1627.70" Comment=" (300)" />
        <deal Ticket="3255" OpenTime="2009-10-28 09:30:00" DealType="1" Lots="1.00" Symbol="NZDUSD" Open="0.74000" SL="0.74350" TP="0.73400" CloseTime="2009-10-29 07:22:00" Close="0.71879" Swap="0.00" Profit="0.00" Comment="cancelled (301)" />
        <deal Ticket="3254" OpenTime="2009-10-28 09:29:00" DealType="1" Lots="1.00" Symbol="NZDUSD" Open="0.74000" SL="0.74350" TP="0.73750" CloseTime="2009-10-29 07:22:00" Close="0.71879" Swap="0.00" Profit="0.00" Comment="cancelled (302)" />
        <deal Ticket="3283" OpenTime="2009-10-28 16:09:00" DealType="-1" Lots="1.20" Symbol="EURJPY" Open="134.493" SL="134.750" TP="132.500" CloseTime="2009-10-29 07:21:00" Close="133.127" Swap="0.00" Profit="1813.59" Comment=" (303)" />
        <deal Ticket="3243" OpenTime="2009-10-27 14:17:00" DealType="-1" Lots="1.20" Symbol="EURUSD" Open="1.48685" SL="1.48671" TP="0.00000" CloseTime="2009-10-27 14:32:00" Close="1.48671" Swap="0.00" Profit="16.80" Comment="sl/a (304)" />
        <deal Ticket="3242" OpenTime="2009-10-27 13:40:00" DealType="1" Lots="1.20" Symbol="EURUSD" Open="1.48716" SL="1.48716" TP="1.48960" CloseTime="2009-10-27 14:16:00" Close="1.48716" Swap="0.00" Profit="0.00" Comment="sl/a (305)" />
        <deal Ticket="3239" OpenTime="2009-10-27 08:11:00" DealType="-1" Lots="1.00" Symbol="EURUSD" Open="1.49117" SL="1.48950" TP="1.48530" CloseTime="2009-10-27 11:18:00" Close="1.48950" Swap="0.00" Profit="167.00" Comment="sl/a (306)" />
        <deal Ticket="3235" OpenTime="2009-10-26 09:44:00" DealType="-1" Lots="1.00" Symbol="USDJPY" Open="91.751" SL="92.200" TP="91.980" CloseTime="2009-10-27 09:15:00" Close="91.986" Swap="0.00" Profit="-255.47" Comment=" (307)" />
        <deal Ticket="3238" OpenTime="2009-10-27 08:11:00" DealType="-1" Lots="1.00" Symbol="EURUSD" Open="1.49118" SL="1.49118" TP="1.48900" CloseTime="2009-10-27 08:58:00" Close="1.48900" Swap="0.00" Profit="218.00" Comment="tp/a (308)" />
        <deal Ticket="3237" OpenTime="2009-10-26 13:43:00" DealType="1" Lots="1.00" Symbol="NZDUSD" Open="0.75271" SL="0.75297" TP="0.75750" CloseTime="2009-10-26 15:29:00" Close="0.75297" Swap="0.00" Profit="26.00" Comment="[sl] (309)" />
        <deal Ticket="3236" OpenTime="2009-10-26 13:43:00" DealType="1" Lots="1.00" Symbol="NZDUSD" Open="0.75273" SL="0.75321" TP="0.75520" CloseTime="2009-10-26 14:46:00" Close="0.75520" Swap="0.00" Profit="247.00" Comment="tp/a (310)" />
        <deal Ticket="3232" OpenTime="2009-10-23 13:25:00" DealType="-1" Lots="1.00" Symbol="EURUSD" Open="1.50317" SL="1.50317" TP="1.49770" CloseTime="2009-10-23 18:00:00" Close="1.50317" Swap="0.00" Profit="0.00" Comment="[sl] (311)" />
        <deal Ticket="3233" OpenTime="2009-10-23 13:25:00" DealType="-1" Lots="1.00" Symbol="EURUSD" Open="1.50331" SL="1.50248" TP="1.50130" CloseTime="2009-10-23 15:45:00" Close="1.50130" Swap="0.00" Profit="201.00" Comment="tp/a (312)" />
        <deal Ticket="3222" OpenTime="2009-10-22 15:36:00" DealType="-1" Lots="1.80" Symbol="GBPUSD" Open="1.65800" SL="1.66400" TP="0.00000" CloseTime="2009-10-23 10:33:00" Close="1.64940" Swap="0.00" Profit="1548.00" Comment=" (313)" />
        <deal Ticket="3223" OpenTime="2009-10-23 07:07:00" DealType="-1" Lots="1.00" Symbol="GBPUSD" Open="1.66458" SL="1.66458" TP="0.00000" CloseTime="2009-10-23 08:40:00" Close="1.66458" Swap="0.00" Profit="0.00" Comment="sl/a (314)" />
        <deal Ticket="3224" OpenTime="2009-10-23 07:08:00" DealType="-1" Lots="1.00" Symbol="GBPUSD" Open="1.66465" SL="1.66660" TP="1.66250" CloseTime="2009-10-23 08:34:00" Close="1.66250" Swap="0.00" Profit="215.00" Comment="tp/a (315)" />
        <deal Ticket="3211" OpenTime="2009-10-22 07:19:00" DealType="1" Lots="2.00" Symbol="NZDUSD" Open="0.75453" SL="0.75300" TP="0.76450" CloseTime="2009-10-22 17:07:00" Close="0.75442" Swap="0.00" Profit="-22.00" Comment=" (316)" />
        <deal Ticket="3220" OpenTime="2009-10-22 14:31:00" DealType="-1" Lots="1.80" Symbol="USDCAD" Open="1.04834" SL="1.04834" TP="1.04630" CloseTime="2009-10-22 16:59:00" Close="1.04630" Swap="0.00" Profit="350.95" Comment="[tp] (317)" />
        <deal Ticket="3214" OpenTime="2009-10-22 10:23:00" DealType="1" Lots="1.80" Symbol="GBPUSD" Open="1.65740" SL="1.65500" TP="1.65790" CloseTime="2009-10-22 15:36:00" Close="1.65790" Swap="0.00" Profit="90.00" Comment="[tp] (318)" />
        <deal Ticket="3219" OpenTime="2009-10-22 14:30:00" DealType="-1" Lots="1.80" Symbol="USDCAD" Open="1.04850" SL="1.04950" TP="1.04000" CloseTime="2009-10-22 14:31:00" Close="1.04950" Swap="0.00" Profit="-171.51" Comment="sl/a (319)" />
        <deal Ticket="3218" OpenTime="2009-10-22 14:28:00" DealType="1" Lots="1.80" Symbol="USDCAD" Open="1.05100" SL="1.04950" TP="1.05600" CloseTime="2009-10-22 14:31:00" Close="1.04900" Swap="0.00" Profit="0.00" Comment="cancelled (320)" />
        <deal Ticket="3217" OpenTime="2009-10-22 11:30:00" DealType="-1" Lots="1.80" Symbol="GBPUSD" Open="1.65209" SL="1.65400" TP="0.00000" CloseTime="2009-10-22 11:56:00" Close="1.65400" Swap="0.00" Profit="-343.80" Comment="sl/a (321)" />
        <deal Ticket="3215" OpenTime="2009-10-22 10:30:00" DealType="-1" Lots="1.80" Symbol="GBPUSD" Open="1.65500" SL="1.65413" TP="1.65240" CloseTime="2009-10-22 10:30:00" Close="1.65240" Swap="0.00" Profit="468.00" Comment="tp/a (322)" />
        <deal Ticket="3207" OpenTime="2009-10-21 14:01:00" DealType="1" Lots="1.30" Symbol="GBPJPY" Open="150.910" SL="150.490" TP="151.300" CloseTime="2009-10-21 16:02:00" Close="151.300" Swap="0.00" Profit="556.67" Comment="[tp] (323)" />
        <deal Ticket="3184" OpenTime="2009-10-13 10:15:00" DealType="-1" Lots="2.00" Symbol="USDJPY" Open="90.005" SL="90.005" TP="0.000" CloseTime="2009-10-13 11:00:00" Close="90.005" Swap="0.00" Profit="0.00" Comment="sl/a (324)" />
        <deal Ticket="3177" OpenTime="2009-10-09 15:21:00" DealType="-1" Lots="2.00" Symbol="GBPUSD" Open="1.59280" SL="1.64000" TP="1.59100" CloseTime="2009-10-09 17:35:00" Close="1.59100" Swap="0.00" Profit="360.00" Comment="[tp] (325)" />
        <deal Ticket="3176" OpenTime="2009-10-09 14:44:00" DealType="-1" Lots="2.00" Symbol="EURUSD" Open="1.47363" SL="1.47300" TP="1.47180" CloseTime="2009-10-09 15:03:00" Close="1.47180" Swap="0.00" Profit="366.00" Comment="tp/a (326)" />
        <deal Ticket="3173" OpenTime="2009-10-09 09:06:00" DealType="-1" Lots="2.00" Symbol="USDJPY" Open="89.235" SL="89.235" TP="0.000" CloseTime="2009-10-09 14:33:00" Close="89.036" Swap="0.00" Profit="447.01" Comment=" (327)" />
        <deal Ticket="3174" OpenTime="2009-10-09 10:31:00" DealType="-1" Lots="2.00" Symbol="GBPUSD" Open="1.59939" SL="1.59939" TP="0.00000" CloseTime="2009-10-09 10:56:00" Close="1.59698" Swap="0.00" Profit="482.00" Comment=" (328)" />
        <deal Ticket="3172" OpenTime="2009-10-09 08:05:00" DealType="1" Lots="1.80" Symbol="EURUSD" Open="1.47310" SL="1.47100" TP="0.00000" CloseTime="2009-10-09 08:11:00" Close="1.47153" Swap="0.00" Profit="-282.60" Comment=" (329)" />
        <deal Ticket="3100" OpenTime="2009-10-01 07:20:00" DealType="1" Lots="1.50" Symbol="EURUSD" Open="1.46249" SL="1.46000" TP="1.46500" CloseTime="2009-10-01 07:46:00" Close="1.46000" Swap="0.00" Profit="-373.50" Comment=" (330)" />
        <deal Ticket="3076" OpenTime="2009-09-30 07:04:00" DealType="1" Lots="1.50" Symbol="EURUSD" Open="1.46249" SL="1.46100" TP="1.46399" CloseTime="2009-09-30 08:07:00" Close="1.46399" Swap="0.00" Profit="225.00" Comment=" (331)" />
        <deal Ticket="3034" OpenTime="2009-09-29 16:44:00" DealType="1" Lots="1.50" Symbol="EURUSD" Open="1.45579" SL="1.45380" TP="1.45950" CloseTime="2009-09-29 17:13:00" Close="1.45406" Swap="0.00" Profit="-259.50" Comment=" (332)" />
        <deal Ticket="3003" OpenTime="2009-09-29 09:05:00" DealType="1" Lots="1.00" Symbol="USDCHF" Open="1.03242" SL="1.03000" TP="0.00000" CloseTime="2009-09-29 10:09:00" Close="1.03609" Swap="0.00" Profit="354.22" Comment=" (333)" />
        <deal Ticket="3002" OpenTime="2009-09-29 09:03:00" DealType="-1" Lots="1.50" Symbol="EURUSD" Open="1.46247" SL="1.46400" TP="1.45500" CloseTime="2009-09-29 09:59:00" Close="1.45811" Swap="0.00" Profit="654.00" Comment=" (334)" />
        <deal Ticket="2891" OpenTime="2009-09-28 10:19:00" DealType="-1" Lots="1.50" Symbol="EURUSD" Open="1.46066" SL="1.46300" TP="1.45800" CloseTime="2009-09-28 10:57:00" Close="1.46293" Swap="0.00" Profit="-340.50" Comment=" (335)" />
        <deal Ticket="2862" OpenTime="2009-09-25 17:28:00" DealType="1" Lots="1.50" Symbol="EURUSD" Open="1.46997" SL="1.47830" TP="1.47500" CloseTime="2009-09-25 18:01:00" Close="1.47830" Swap="0.00" Profit="-250.50" Comment=" (336)" />
        <deal Ticket="2845" OpenTime="2009-09-25 14:46:00" DealType="1" Lots="1.50" Symbol="EURUSD" Open="1.46398" SL="1.46200" TP="1.46998" CloseTime="2009-09-25 16:06:00" Close="1.46998" Swap="0.00" Profit="900.00" Comment=" (337)" />
        <deal Ticket="2770" OpenTime="2009-09-24 14:47:00" DealType="-1" Lots="1.40" Symbol="EURUSD" Open="1.47967" SL="1.48120" TP="1.47467" CloseTime="2009-09-24 16:02:00" Close="1.47467" Swap="0.00" Profit="700.00" Comment=" (338)" />
        <deal Ticket="2738" OpenTime="2009-09-24 11:34:00" DealType="-1" Lots="1.40" Symbol="EURUSD" Open="1.47665" SL="1.47815" TP="1.47165" CloseTime="2009-09-24 11:53:00" Close="1.47815" Swap="0.00" Profit="-150.00" Comment=" (339)" />
        <deal Ticket="2687" OpenTime="2009-09-24 07:10:00" DealType="1" Lots="1.40" Symbol="EURUSD" Open="1.47221" SL="1.47000" TP="1.47721" CloseTime="2009-09-24 11:24:00" Close="1.47721" Swap="0.00" Profit="350.00" Comment=" (340)" />
        <deal Ticket="2553" OpenTime="2009-09-23 10:25:00" DealType="-1" Lots="1.40" Symbol="EURUSD" Open="1.47947" SL="1.48100" TP="1.47447" CloseTime="2009-09-23 17:42:00" Close="1.47447" Swap="0.00" Profit="700.00" Comment=" (341)" />
        <deal Ticket="2141" OpenTime="2009-09-15 14:40:00" DealType="1" Lots="1.00" Symbol="USDCHF" Open="1.03967" SL="1.03967" TP="1.04095" CloseTime="2009-09-15 14:46:00" Close="1.03967" Swap="0.00" Profit="0.00" Comment="PriceChannel[sl/a] (342)" />
        <deal Ticket="2124" OpenTime="2009-09-15 12:25:00" DealType="-1" Lots="1.00" Symbol="USDCHF" Open="1.03693" SL="1.03928" TP="1.03585" CloseTime="2009-09-15 14:37:00" Close="1.03928" Swap="0.00" Profit="-226.17" Comment="PriceChannel[sl/a] (343)" />
        <deal Ticket="2074" OpenTime="2009-09-15 07:15:00" DealType="1" Lots="1.00" Symbol="EURUSD" Open="1.46129" SL="1.45900" TP="1.46329" CloseTime="2009-09-15 07:54:00" Close="1.46329" Swap="0.00" Profit="200.00" Comment="PriceChannel[sl/a] (344)" />
        <deal Ticket="2037" OpenTime="2009-09-14 14:05:00" DealType="-1" Lots="1.00" Symbol="USDCHF" Open="1.03847" SL="1.04095" TP="1.03547" CloseTime="2009-09-14 15:45:00" Close="1.03547" Swap="0.00" Profit="289.73" Comment="PriceChannel[tp] (345)" />
        <deal Ticket="1877" OpenTime="2009-09-11 20:50:00" DealType="-1" Lots="1.00" Symbol="USDCHF" Open="1.03630" SL="1.03802" TP="1.03330" CloseTime="2009-09-11 22:58:00" Close="1.03802" Swap="0.00" Profit="-165.70" Comment="PriceChannel[sl] (346)" />
        <deal Ticket="1813" OpenTime="2009-09-11 14:55:00" DealType="1" Lots="1.00" Symbol="EURUSD" Open="1.45890" SL="1.46200" TP="1.45050" CloseTime="2009-09-11 15:24:00" Close="1.45050" Swap="0.00" Profit="885.00" Comment="PriceChannel[sl/a] (347)" />
        <deal Ticket="1727" OpenTime="2009-09-11 08:20:00" DealType="1" Lots="1.00" Symbol="USDCHF" Open="1.03679" SL="1.03482" TP="1.03829" CloseTime="2009-09-11 10:17:00" Close="1.03829" Swap="0.00" Profit="144.47" Comment="PriceChannel[tp/a] (348)" />
        <deal Ticket="1619" OpenTime="2009-09-10 15:30:00" DealType="1" Lots="1.00" Symbol="USDCHF" Open="1.04295" SL="1.03600" TP="1.04445" CloseTime="2009-09-10 15:32:00" Close="1.04445" Swap="0.00" Profit="143.62" Comment="PriceChannel[tp] (349)" />
        <deal Ticket="1586" OpenTime="2009-09-10 13:46:00" DealType="-1" Lots="1.00" Symbol="USDCHF" Open="1.04007" SL="1.04404" TP="1.03707" CloseTime="2009-09-10 14:52:00" Close="1.03707" Swap="0.00" Profit="289.27" Comment="PriceChannel[tp/a] (350)" />
        <deal Ticket="1504" OpenTime="2009-09-10 08:50:00" DealType="1" Lots="0.50" Symbol="USDCHF" Open="1.04047" SL="1.03936" TP="0.00000" CloseTime="2009-09-10 10:05:00" Close="1.03936" Swap="0.00" Profit="-53.40" Comment="PriceChannel[sl/a] (351)" />
        <deal Ticket="1438" OpenTime="2009-09-09 18:05:00" DealType="1" Lots="1.00" Symbol="USDCHF" Open="1.04095" SL="1.03963" TP="1.04245" CloseTime="2009-09-09 20:08:00" Close="1.04245" Swap="0.00" Profit="143.85" Comment="PriceChannel[tp] (352)" />
        <deal Ticket="1402" OpenTime="2009-09-09 13:53:00" DealType="-1" Lots="1.00" Symbol="USDCHF" Open="1.04435" SL="1.04197" TP="1.04000" CloseTime="2009-09-09 15:33:00" Close="1.04197" Swap="0.00" Profit="228.41" Comment="PriceChannel[sl] (353)" />
    </deals>
    <balances>
        <balance Ticket="1364" Amount="25000.00" Date="2009-09-09 09:55:00" />
    </balances>
</account>