﻿<?xml version="1.0" encoding="utf-8"?>
<account Id="13014" Broker="" Account="" Trader="" Login="" InitBalance="20000.00">
    <deals>
        <deal Ticket="5268011" OpenTime="2010-02-12 16:28:00" DealType="-1" Lots="4.00" Symbol="GBPJPY" Open="140.41000000" SL="0.00000000" TP="133.48000000" CloseTime="2010-02-17 15:06:00" Close="143.65000000" Swap="0.00" Profit="-14266.84" Comment="so: 9.9%/616.6/6244.2 (1)" />
        <deal Ticket="5262173" OpenTime="2010-02-12 10:42:00" DealType="-1" Lots="1.00" Symbol="USDJPY" Open="90.23" SL="0.00" TP="89.00" CloseTime="2010-02-12 16:28:00" Close="89.92" Swap="0.00" Profit="344.75" Comment="from #5259822 (6)" />
        <deal Ticket="5259822" OpenTime="2010-02-12 10:42:00" DealType="-1" Lots="4.00" Symbol="USDJPY" Open="90.23" SL="0.00" TP="89.00" CloseTime="2010-02-12 12:09:00" Close="89.96" Swap="0.00" Profit="1200.53" Comment="to #5262173 (7)" />
        <deal Ticket="5236312" OpenTime="2010-02-11 08:36:00" DealType="1" Lots="3.00" Symbol="GBPUSD" Open="1.56360000" SL="0.00000000" TP="1.57000000" CloseTime="2010-02-11 13:55:00" Close="1.56440000" Swap="0.00" Profit="240.00" Comment=" (8)" />
        <deal Ticket="5236310" OpenTime="2010-02-11 08:35:00" DealType="-1" Lots="3.00" Symbol="SILVER" Open="15.41000000" SL="0.00000000" TP="15.31000000" CloseTime="2010-02-11 13:26:00" Close="15.31000000" Swap="0.00" Profit="1500.00" Comment="[tp] (9)" />
        <deal Ticket="5224554" OpenTime="2010-02-10 17:06:00" DealType="-1" Lots="3.00" Symbol="GBPUSD" Open="1.5589" SL="0.0000" TP="1.5396" CloseTime="2010-02-11 08:34:00" Close="1.5641" Swap="0.00" Profit="-1560.00" Comment=" (10)" />
        <deal Ticket="5202382" OpenTime="2010-02-09 19:14:00" DealType="1" Lots="2.00" Symbol="EURUSD" Open="1.38450000" SL="0.00000000" TP="1.38000000" CloseTime="2010-02-09 19:42:00" Close="1.37620000" Swap="0.00" Profit="0.00" Comment="cancelled (11)" />
        <deal Ticket="3725806" OpenTime="2009-12-04 12:16:00" DealType="1" Lots="0.10" Symbol="EURUSD" Open="1.50680000" SL="0.00000000" TP="0.00000000" CloseTime="2010-02-02 17:17:00" Close="1.39360000" Swap="0.00" Profit="-1132.00" Comment=" (13)" />
        <deal Ticket="5020220" OpenTime="2010-01-29 17:44:00" DealType="1" Lots="4.00" Symbol="EURUSD" Open="1.39140000" SL="0.00000000" TP="0.00000000" CloseTime="2010-02-02 17:16:00" Close="1.39340000" Swap="0.00" Profit="800.00" Comment=" (14)" />
        <deal Ticket="4883348" OpenTime="2010-01-25 03:42:00" DealType="1" Lots="3.00" Symbol="EURUSD" Open="1.41550000" SL="0.00000000" TP="0.00000000" CloseTime="2010-02-02 17:16:00" Close="1.39350000" Swap="0.00" Profit="-6600.00" Comment=" (15)" />
        <deal Ticket="4083841" OpenTime="2009-12-15 17:31:00" DealType="1" Lots="2.00" Symbol="EURUSD" Open="1.45650000" SL="0.00000000" TP="1.48000000" CloseTime="2010-02-02 17:16:00" Close="1.39340000" Swap="0.00" Profit="-12620.00" Comment=" (16)" />
        <deal Ticket="3749862" OpenTime="2009-12-04 18:43:00" DealType="1" Lots="1.00" Symbol="EURUSD" Open="1.48780000" SL="0.00000000" TP="1.48000000" CloseTime="2010-02-02 17:16:00" Close="1.39350000" Swap="0.00" Profit="-9430.00" Comment=" (17)" />
        <deal Ticket="4262337" OpenTime="2009-12-22 04:27:00" DealType="1" Lots="4.00" Symbol="EURUSD" Open="1.4283" SL="0.0000" TP="1.4800" CloseTime="2010-01-11 05:08:00" Close="1.4519" Swap="0.00" Profit="9440.00" Comment=" (19)" />
        <deal Ticket="4146440" OpenTime="2009-12-17 06:33:00" DealType="1" Lots="3.00" Symbol="EURUSD" Open="1.4403" SL="0.0000" TP="1.4800" CloseTime="2010-01-11 05:08:00" Close="1.4518" Swap="0.00" Profit="3450.00" Comment=" (20)" />
        <deal Ticket="3842771" OpenTime="2009-12-08 13:42:00" DealType="-1" Lots="5.00" Symbol="EURUSD" Open="1.4799" SL="0.0000" TP="0.0000" CloseTime="2009-12-08 17:54:00" Close="1.4740" Swap="0.00" Profit="2950.00" Comment=" (21)" />
        <deal Ticket="3786069" OpenTime="2009-12-07 12:08:00" DealType="-1" Lots="5.00" Symbol="EURUSD" Open="1.4802" SL="0.0000" TP="1.4527" CloseTime="2009-12-08 17:54:00" Close="1.4740" Swap="0.00" Profit="3100.00" Comment=" (22)" />
        <deal Ticket="3837483" OpenTime="2009-12-08 12:02:00" DealType="-1" Lots="5.00" Symbol="EURUSD" Open="1.4856" SL="0.0000" TP="1.4527" CloseTime="2009-12-08 13:42:00" Close="1.4801" Swap="0.00" Profit="2750.00" Comment=" (23)" />
        <deal Ticket="3827510" OpenTime="2009-12-08 08:35:00" DealType="-1" Lots="5.00" Symbol="EURUSD" Open="1.4829" SL="0.0000" TP="1.4527" CloseTime="2009-12-08 13:42:00" Close="1.4800" Swap="0.00" Profit="1450.00" Comment=" (24)" />
        <deal Ticket="3783241" OpenTime="2009-12-07 11:02:00" DealType="1" Lots="1.00" Symbol="EURUSD" Open="1.4759" SL="0.0000" TP="0.0000" CloseTime="2009-12-07 12:07:00" Close="1.4801" Swap="0.00" Profit="420.00" Comment=" (25)" />
        <deal Ticket="3312685" OpenTime="2009-11-23 10:24:00" DealType="1" Lots="1.00" Symbol="GBPJPY" Open="149.30000000" SL="0.00000000" TP="148.50000000" CloseTime="2009-12-07 12:07:00" Close="147.03000000" Swap="0.00" Profit="0.00" Comment="cancelled (26)" />
        <deal Ticket="3392786" OpenTime="2009-11-25 10:45:00" DealType="-1" Lots="10.00" Symbol="GBPUSD" Open="1.67110000" SL="0.00000000" TP="0.00000000" CloseTime="2009-11-25 11:47:00" Close="1.66910000" Swap="0.00" Profit="2000.00" Comment=" (28)" />
        <deal Ticket="3299232" OpenTime="2009-11-23 03:37:00" DealType="1" Lots="1.00" Symbol="GBPUSD" Open="1.65090000" SL="0.00000000" TP="0.00000000" CloseTime="2009-11-23 05:03:00" Close="1.65210000" Swap="0.00" Profit="120.00" Comment=" (31)" />
        <deal Ticket="3278459" OpenTime="2009-11-20 14:38:00" DealType="1" Lots="10.00" Symbol="GBPJPY" Open="146.73000000" SL="0.00000000" TP="147.10000000" CloseTime="2009-11-20 18:01:00" Close="146.95000000" Swap="0.00" Profit="2471.91" Comment=" (32)" />
        <deal Ticket="3235289" OpenTime="2009-11-19 15:53:00" DealType="1" Lots="5.00" Symbol="GBPJPY" Open="147.85000000" SL="0.00000000" TP="149.00000000" CloseTime="2009-11-19 18:49:00" Close="148.08000000" Swap="0.00" Profit="1292.86" Comment=" (33)" />
        <deal Ticket="3216576" OpenTime="2009-11-19 09:26:00" DealType="-1" Lots="4.00" Symbol="SILVER" Open="18.54000000" SL="0.00000000" TP="18.00000000" CloseTime="2009-11-19 10:10:00" Close="18.43000000" Swap="0.00" Profit="2200.00" Comment=" (34)" />
        <deal Ticket="3213740" OpenTime="2009-11-19 07:28:00" DealType="1" Lots="10.00" Symbol="EURUSD" Open="1.49120000" SL="0.00000000" TP="1.51090000" CloseTime="2009-11-19 08:45:00" Close="1.49160000" Swap="0.00" Profit="400.00" Comment=" (35)" />
        <deal Ticket="3208177" OpenTime="2009-11-19 03:51:00" DealType="1" Lots="20.00" Symbol="GBPJPY" Open="148.92000000" SL="0.00000000" TP="149.15000000" CloseTime="2009-11-19 03:55:00" Close="148.95000000" Swap="0.00" Profit="672.87" Comment=" (36)" />
        <deal Ticket="3121578" OpenTime="2009-11-17 04:38:00" DealType="-1" Lots="8.00" Symbol="GBPUSD" Open="1.68060000" SL="0.00000000" TP="1.67400000" CloseTime="2009-11-17 13:57:00" Close="1.67850000" Swap="0.00" Profit="1680.00" Comment=" (37)" />
        <deal Ticket="3082408" OpenTime="2009-11-16 09:31:00" DealType="-1" Lots="5.00" Symbol="GBPUSD" Open="1.67320000" SL="0.00000000" TP="1.66380000" CloseTime="2009-11-16 10:47:00" Close="1.66940000" Swap="0.00" Profit="1900.00" Comment=" (38)" />
        <deal Ticket="2879797" OpenTime="2009-11-09 04:18:00" DealType="-1" Lots="10.00" Symbol="EURUSD" Open="1.4889" SL="0.0000" TP="1.4806" CloseTime="2009-11-12 17:15:00" Close="1.4890" Swap="0.00" Profit="-100.00" Comment=" (39)" />
        <deal Ticket="2850922" OpenTime="2009-11-06 13:24:00" DealType="-1" Lots="5.00" Symbol="USDJPY" Open="90.65" SL="0.00" TP="90.24" CloseTime="2009-11-06 15:30:00" Close="90.24" Swap="0.00" Profit="2271.72" Comment="tp/a (40)" />
        <deal Ticket="2850249" OpenTime="2009-11-06 12:59:00" DealType="-1" Lots="5.00" Symbol="USDJPY" Open="90.59" SL="0.00" TP="90.24" CloseTime="2009-11-06 15:30:00" Close="90.24" Swap="0.00" Profit="1939.27" Comment="tp/a (41)" />
        <deal Ticket="2849178" OpenTime="2009-11-06 12:09:00" DealType="-1" Lots="10.00" Symbol="USDJPY" Open="90.52" SL="0.00" TP="90.24" CloseTime="2009-11-06 15:30:00" Close="90.24" Swap="0.00" Profit="3102.84" Comment="tp/a (42)" />
        <deal Ticket="2847947" OpenTime="2009-11-06 07:36:00" DealType="1" Lots="3.00" Symbol="EURUSD" Open="1.4880" SL="0.0000" TP="1.4910" CloseTime="2009-11-06 11:35:00" Close="1.4894" Swap="0.00" Profit="420.00" Comment="from #2842834 (44)" />
        <deal Ticket="2842834" OpenTime="2009-11-06 07:36:00" DealType="1" Lots="7.00" Symbol="EURUSD" Open="1.4880" SL="0.0000" TP="1.4910" CloseTime="2009-11-06 11:25:00" Close="1.4893" Swap="0.00" Profit="910.00" Comment="to #2847947 (45)" />
        <deal Ticket="2842831" OpenTime="2009-11-06 07:35:00" DealType="1" Lots="10.00" Symbol="EURUSD" Open="1.4880" SL="0.0000" TP="1.4910" CloseTime="2009-11-06 11:25:00" Close="1.4891" Swap="0.00" Profit="1100.00" Comment=" (46)" />
        <deal Ticket="2826520" OpenTime="2009-11-05 16:05:00" DealType="-1" Lots="5.00" Symbol="EURUSD" Open="1.4897" SL="0.0000" TP="1.4760" CloseTime="2009-11-05 17:51:00" Close="1.4900" Swap="0.00" Profit="-150.00" Comment=" (48)" />
        <deal Ticket="2810143" OpenTime="2009-11-05 10:07:00" DealType="1" Lots="10.00" Symbol="GBPUSD" Open="1.6501" SL="0.0000" TP="1.6520" CloseTime="2009-11-05 10:20:00" Close="1.6520" Swap="0.00" Profit="1900.00" Comment="tp/a (51)" />
        <deal Ticket="2775683" OpenTime="2009-11-04 16:35:00" DealType="-1" Lots="2.00" Symbol="GOLD" Open="1090.95000000" SL="0.00000000" TP="1080.00000000" CloseTime="2009-11-05 03:40:00" Close="1087.60000000" Swap="0.00" Profit="670.00" Comment=" (52)" />
        <deal Ticket="2798632" OpenTime="2009-11-05 01:49:00" DealType="-1" Lots="0.10" Symbol="EURJPY" Open="134.71000000" SL="0.00000000" TP="0.00000000" CloseTime="2009-11-05 03:14:00" Close="134.33000000" Swap="0.00" Profit="41.96" Comment=" (53)" />
        <deal Ticket="2798676" OpenTime="2009-11-05 01:50:00" DealType="-1" Lots="0.10" Symbol="GBPUSD" Open="1.6547" SL="0.0000" TP="0.0000" CloseTime="2009-11-05 03:13:00" Close="1.6516" Swap="0.00" Profit="31.00" Comment=" (54)" />
        <deal Ticket="2774729" OpenTime="2009-11-04 16:07:00" DealType="1" Lots="3.00" Symbol="USDCAD" Open="1.06320000" SL="0.00000000" TP="1.06800000" CloseTime="2009-11-04 18:41:00" Close="1.06590000" Swap="0.00" Profit="759.92" Comment=" (55)" />
        <deal Ticket="2754942" OpenTime="2009-11-04 05:11:00" DealType="1" Lots="1.00" Symbol="GBPUSD" Open="1.6415" SL="0.0000" TP="1.6670" CloseTime="2009-11-04 12:03:00" Close="1.6526" Swap="0.00" Profit="1110.00" Comment=" (56)" />
        <deal Ticket="2752088" OpenTime="2009-11-04 02:27:00" DealType="1" Lots="3.00" Symbol="GBPUSD" Open="1.6409" SL="0.0000" TP="1.6670" CloseTime="2009-11-04 12:03:00" Close="1.6526" Swap="0.00" Profit="3510.00" Comment=" (57)" />
        <deal Ticket="2422746" OpenTime="2009-10-23 11:44:00" DealType="1" Lots="1.00" Symbol="GBPUSD" Open="1.6489" SL="0.0000" TP="1.6670" CloseTime="2009-11-04 12:03:00" Close="1.6527" Swap="0.00" Profit="380.00" Comment=" (58)" />
        <deal Ticket="2417958" OpenTime="2009-10-23 09:45:00" DealType="1" Lots="2.00" Symbol="GBPUSD" Open="1.6652" SL="0.0000" TP="1.6670" CloseTime="2009-11-04 12:03:00" Close="1.6527" Swap="0.00" Profit="-2500.00" Comment=" (59)" />
        <deal Ticket="2417081" OpenTime="2009-10-23 09:27:00" DealType="1" Lots="2.00" Symbol="GOLD" Open="1062.60" SL="0.00" TP="1100.00" CloseTime="2009-11-03 17:44:00" Close="1074.55" Swap="0.00" Profit="2390.00" Comment=" (60)" />
        <deal Ticket="2667311" OpenTime="2009-11-02 09:43:00" DealType="1" Lots="0.10" Symbol="CHFJPY" Open="88.02000000" SL="0.00000000" TP="0.00000000" CloseTime="2009-11-02 11:47:00" Close="88.24000000" Swap="0.00" Profit="24.41" Comment=" (61)" />
        <deal Ticket="2403764" OpenTime="2009-10-22 20:13:00" DealType="-1" Lots="1.00" Symbol="GBPUSD" Open="1.6601" SL="0.0000" TP="0.0000" CloseTime="2009-10-23 09:44:00" Close="1.6651" Swap="0.00" Profit="-500.00" Comment=" (63)" />
        <deal Ticket="2403812" OpenTime="2009-10-22 20:16:00" DealType="-1" Lots="1.00" Symbol="GOLD" Open="1057.30" SL="0.00" TP="1020.05" CloseTime="2009-10-23 09:27:00" Close="1062.75" Swap="0.00" Profit="-545.00" Comment=" (64)" />
        <deal Ticket="2387720" OpenTime="2009-10-22 11:54:00" DealType="1" Lots="1.00" Symbol="GBPJPY" Open="149.85" SL="146.00" TP="152.00" CloseTime="2009-10-22 20:14:00" Close="151.78" Swap="0.00" Profit="0.00" Comment="cancelled (65)" />
        <deal Ticket="2385758" OpenTime="2009-10-22 11:21:00" DealType="1" Lots="0.20" Symbol="GBPJPY" Open="151.57" SL="0.00" TP="0.00" CloseTime="2009-10-22 20:13:00" Close="151.72" Swap="0.00" Profit="32.83" Comment=" (66)" />
    </deals>
    <balances>
        <balance Ticket="5291875" Amount="200.00" Date="2010-02-16 12:29:00" />
        <balance Ticket="5291867" Amount="200.00" Date="2010-02-16 12:29:00" />
        <balance Ticket="5288391" Amount="-200.00" Date="2010-02-16 08:57:00" />
        <balance Ticket="5288122" Amount="-200.00" Date="2010-02-16 08:43:00" />
        <balance Ticket="5069642" Amount="-30000.00" Date="2010-02-02 17:18:00" />
        <balance Ticket="4878971" Amount="277.67" Date="2010-01-23 01:02:00" />
        <balance Ticket="3746340" Amount="12.25" Date="2009-12-04 17:49:00" />
        <balance Ticket="3333958" Amount="-150.00" Date="2009-11-24 01:50:00" />
        <balance Ticket="3333936" Amount="-200.00" Date="2009-11-24 01:49:00" />
        <balance Ticket="2848725" Amount="100.00" Date="2009-11-06 12:03:00" />
        <balance Ticket="2839760" Amount="-100.00" Date="2009-11-06 02:47:00" />
        <balance Ticket="2812333" Amount="-100.00" Date="2009-11-05 11:07:00" />
        <balance Ticket="2812313" Amount="-100.00" Date="2009-11-05 11:06:00" />
        <balance Ticket="2572944" Amount="-300.00" Date="2009-10-29 06:45:00" />
        <balance Ticket="2383640" Amount="20000.00" Date="2009-10-22 10:25:00" />
    </balances>
</account>