﻿<?xml version="1.0" encoding="utf-8"?>
<account Id="16315" Broker="" Account="" Trader="" Login="" InitBalance="14.00">
    <deals>
        <deal Ticket="305110930" OpenTime="2010-02-16 12:25:00" DealType="-1" Lots="0.01" Symbol="GBPUSD" Open="1.56800" SL="1.56911" TP="0.00000" CloseTime="2010-02-16 12:51:00" Close="1.56911" Swap="0.00" Profit="-1.11" Comment="[sl] (1)" />
        <deal Ticket="305106436" OpenTime="2010-02-16 10:45:00" DealType="-1" Lots="0.01" Symbol="GBPUSD" Open="1.56825" SL="1.56900" TP="0.00000" CloseTime="2010-02-16 10:51:00" Close="1.56799" Swap="0.00" Profit="0.26" Comment=" (2)" />
        <deal Ticket="305103814" OpenTime="2010-02-16 10:03:00" DealType="-1" Lots="0.01" Symbol="GBPUSD" Open="1.57068" SL="1.57187" TP="0.00000" CloseTime="2010-02-16 10:33:00" Close="1.57057" Swap="0.00" Profit="0.11" Comment=" (3)" />
        <deal Ticket="305016373" OpenTime="2010-02-12 10:58:00" DealType="-1" Lots="0.01" Symbol="GBPUSD" Open="1.56571" SL="1.56571" TP="0.00000" CloseTime="2010-02-12 11:42:00" Close="1.56168" Swap="0.00" Profit="4.03" Comment=" (4)" />
        <deal Ticket="305016230" OpenTime="2010-02-12 10:58:00" DealType="1" Lots="0.01" Symbol="GBPUSD" Open="1.56659" SL="0.00000" TP="0.00000" CloseTime="2010-02-12 10:58:00" Close="1.56619" Swap="0.00" Profit="-0.40" Comment=" (5)" />
        <deal Ticket="305014024" OpenTime="2010-02-12 10:07:00" DealType="-1" Lots="0.01" Symbol="GBPUSD" Open="1.57079" SL="0.00000" TP="0.00000" CloseTime="2010-02-12 10:36:00" Close="1.56861" Swap="0.00" Profit="2.18" Comment=" (6)" />
        <deal Ticket="305008834" OpenTime="2010-02-12 08:45:00" DealType="1" Lots="0.01" Symbol="GBPUSD" Open="1.57094" SL="1.56790" TP="0.00000" CloseTime="2010-02-12 09:29:00" Close="1.57124" Swap="0.00" Profit="0.30" Comment=" (7)" />
        <deal Ticket="305007092" OpenTime="2010-02-12 08:15:00" DealType="-1" Lots="0.01" Symbol="GBPUSD" Open="1.56837" SL="1.57067" TP="0.00000" CloseTime="2010-02-12 08:44:00" Close="1.57067" Swap="0.00" Profit="-2.30" Comment="[sl] (8)" />
        <deal Ticket="305005760" OpenTime="2010-02-12 07:41:00" DealType="1" Lots="0.01" Symbol="GBPUSD" Open="1.57037" SL="1.56876" TP="0.00000" CloseTime="2010-02-12 08:03:00" Close="1.56876" Swap="0.00" Profit="-1.61" Comment="[sl] (9)" />
        <deal Ticket="305005314" OpenTime="2010-02-12 07:17:00" DealType="-1" Lots="0.01" Symbol="GBPUSD" Open="1.56896" SL="1.57049" TP="0.00000" CloseTime="2010-02-12 07:47:00" Close="1.57049" Swap="0.00" Profit="-1.53" Comment="[sl] (10)" />
        <deal Ticket="303913040" OpenTime="2010-01-11 18:00:00" DealType="-1" Lots="0.01" Symbol="GBPUSD" Open="1.61421" SL="1.61800" TP="1.61070" CloseTime="2010-01-11 18:55:00" Close="1.61298" Swap="0.00" Profit="1.23" Comment=" (12)" />
        <deal Ticket="303912262" OpenTime="2010-01-11 17:41:00" DealType="1" Lots="0.01" Symbol="GBPUSD" Open="1.61796" SL="1.61270" TP="0.00000" CloseTime="2010-01-11 18:12:00" Close="1.61521" Swap="0.00" Profit="-2.75" Comment=" (13)" />
        <deal Ticket="303871921" OpenTime="2010-01-08 19:15:00" DealType="1" Lots="0.01" Symbol="GBPUSD" Open="1.60365" SL="1.59740" TP="0.00000" CloseTime="2010-01-08 19:45:00" Close="1.60314" Swap="0.00" Profit="-0.51" Comment=" (14)" />
        <deal Ticket="303737256" OpenTime="2010-01-05 08:52:00" DealType="-1" Lots="0.01" Symbol="GBPUSD" Open="1.61039" SL="1.61039" TP="0.00000" CloseTime="2010-01-05 09:49:00" Close="1.60416" Swap="0.00" Profit="6.23" Comment=" (15)" />
        <deal Ticket="303733180" OpenTime="2010-01-05 06:46:00" DealType="1" Lots="0.01" Symbol="GBPUSD" Open="1.61242" SL="1.60850" TP="0.00000" CloseTime="2010-01-05 08:21:00" Close="1.61329" Swap="0.00" Profit="0.87" Comment=" (16)" />
        <deal Ticket="303732891" OpenTime="2010-01-05 06:30:00" DealType="-1" Lots="0.01" Symbol="GBPUSD" Open="1.60901" SL="1.61425" TP="0.00000" CloseTime="2010-01-05 07:29:00" Close="1.61282" Swap="0.00" Profit="-3.81" Comment=" (17)" />
        <deal Ticket="303731971" OpenTime="2010-01-05 05:38:00" DealType="1" Lots="0.01" Symbol="GBPUSD" Open="1.61136" SL="1.60790" TP="0.00000" CloseTime="2010-01-05 06:00:00" Close="1.60790" Swap="0.00" Profit="-3.46" Comment="[sl] (18)" />
        <deal Ticket="303715161" OpenTime="2010-01-04 15:18:00" DealType="1" Lots="0.01" Symbol="GBPUSD" Open="1.61775" SL="1.61430" TP="0.00000" CloseTime="2010-01-04 15:40:00" Close="1.61714" Swap="0.00" Profit="-0.61" Comment=" (19)" />
        <deal Ticket="303712226" OpenTime="2010-01-04 14:00:00" DealType="-1" Lots="0.01" Symbol="GBPUSD" Open="1.61461" SL="1.61780" TP="0.00000" CloseTime="2010-01-04 15:14:00" Close="1.61780" Swap="0.00" Profit="-3.19" Comment="[sl] (20)" />
        <deal Ticket="303710771" OpenTime="2010-01-04 13:10:00" DealType="-1" Lots="0.01" Symbol="GBPUSD" Open="1.61826" SL="1.61960" TP="1.61331" CloseTime="2010-01-04 13:32:00" Close="1.61563" Swap="0.00" Profit="2.63" Comment=" (21)" />
        <deal Ticket="303709249" OpenTime="2010-01-04 12:22:00" DealType="1" Lots="0.01" Symbol="GBPUSD" Open="1.62192" SL="1.61680" TP="0.00000" CloseTime="2010-01-04 13:19:00" Close="1.61680" Swap="0.00" Profit="-5.12" Comment="[sl] (22)" />
        <deal Ticket="303668769" OpenTime="2009-12-30 14:58:00" DealType="-1" Lots="0.01" Symbol="EURUSD" Open="1.43178" SL="1.43178" TP="0.00000" CloseTime="2009-12-30 17:49:00" Close="1.43062" Swap="0.00" Profit="1.16" Comment=" (23)" />
        <deal Ticket="303665230" OpenTime="2009-12-30 11:26:00" DealType="-1" Lots="0.01" Symbol="GBPUSD" Open="1.58630" SL="1.58825" TP="0.00000" CloseTime="2009-12-30 13:15:00" Close="1.58609" Swap="0.00" Profit="0.21" Comment=" (24)" />
        <deal Ticket="303650076" OpenTime="2009-12-29 16:01:00" DealType="-1" Lots="0.01" Symbol="GBPUSD" Open="1.60020" SL="1.60020" TP="0.00000" CloseTime="2009-12-29 17:36:00" Close="1.58806" Swap="0.00" Profit="12.14" Comment=" (25)" />
        <deal Ticket="303649521" OpenTime="2009-12-29 15:31:00" DealType="1" Lots="0.01" Symbol="GBPUSD" Open="1.60149" SL="0.00000" TP="0.00000" CloseTime="2009-12-29 15:44:00" Close="1.60024" Swap="0.00" Profit="-1.25" Comment=" (26)" />
        <deal Ticket="303613576" OpenTime="2009-12-24 14:52:00" DealType="-1" Lots="0.01" Symbol="GBPUSD" Open="1.59542" SL="0.00000" TP="0.00000" CloseTime="2009-12-24 15:09:00" Close="1.59522" Swap="0.00" Profit="0.20" Comment=" (27)" />
        <deal Ticket="303610585" OpenTime="2009-12-24 12:58:00" DealType="-1" Lots="0.01" Symbol="GBPUSD" Open="1.60004" SL="1.60210" TP="0.00000" CloseTime="2009-12-24 14:03:00" Close="1.59836" Swap="0.00" Profit="1.68" Comment=" (28)" />
        <deal Ticket="303609733" OpenTime="2009-12-24 12:15:00" DealType="1" Lots="0.01" Symbol="GBPUSD" Open="1.60176" SL="0.00000" TP="0.00000" CloseTime="2009-12-24 12:58:00" Close="1.59998" Swap="0.00" Profit="-1.78" Comment=" (29)" />
        <deal Ticket="303606915" OpenTime="2009-12-24 11:02:00" DealType="1" Lots="0.01" Symbol="GBPUSD" Open="1.60115" SL="0.00000" TP="0.00000" CloseTime="2009-12-24 12:06:00" Close="1.60017" Swap="0.00" Profit="-0.98" Comment=" (30)" />
        <deal Ticket="303550282" OpenTime="2009-12-22 17:30:00" DealType="-1" Lots="0.01" Symbol="USDCHF" Open="1.04887" SL="1.04887" TP="1.04435" CloseTime="2009-12-23 13:46:00" Close="1.04435" Swap="0.00" Profit="4.33" Comment="[tp] (32)" />
        <deal Ticket="303510830" OpenTime="2009-12-21 17:59:00" DealType="1" Lots="0.01" Symbol="GBPUSD" Open="1.60798" SL="1.60418" TP="1.61620" CloseTime="2009-12-21 21:11:00" Close="1.60418" Swap="0.00" Profit="-3.80" Comment="[sl] (33)" />
        <deal Ticket="303472214" OpenTime="2009-12-18 16:09:00" DealType="-1" Lots="0.01" Symbol="GBPUSD" Open="1.61650" SL="1.61650" TP="0.00000" CloseTime="2009-12-18 17:21:00" Close="1.60621" Swap="0.00" Profit="10.29" Comment=" (34)" />
        <deal Ticket="303471119" OpenTime="2009-12-18 15:37:00" DealType="1" Lots="0.01" Symbol="GBPUSD" Open="1.61812" SL="0.00000" TP="0.00000" CloseTime="2009-12-18 15:49:00" Close="1.61864" Swap="0.00" Profit="0.52" Comment=" (35)" />
        <deal Ticket="303467526" OpenTime="2009-12-18 13:56:00" DealType="-1" Lots="0.01" Symbol="GBPUSD" Open="1.61684" SL="1.62145" TP="0.00000" CloseTime="2009-12-18 15:45:00" Close="1.61890" Swap="0.00" Profit="-2.06" Comment="down (36)" />
        <deal Ticket="303465035" OpenTime="2009-12-18 13:00:00" DealType="-1" Lots="0.01" Symbol="GBPUSD" Open="1.61933" SL="1.61933" TP="0.00000" CloseTime="2009-12-18 13:38:00" Close="1.61757" Swap="0.00" Profit="1.76" Comment="down (37)" />
        <deal Ticket="303306235" OpenTime="2009-12-14 09:49:00" DealType="-1" Lots="0.01" Symbol="GBPUSD" Open="1.62363" SL="1.62610" TP="1.61960" CloseTime="2009-12-14 12:19:00" Close="1.62343" Swap="0.00" Profit="0.20" Comment=" (38)" />
        <deal Ticket="303305150" OpenTime="2009-12-14 09:20:00" DealType="-1" Lots="0.01" Symbol="GBPUSD" Open="1.62424" SL="0.00000" TP="0.00000" CloseTime="2009-12-14 09:30:00" Close="1.62545" Swap="0.00" Profit="-1.21" Comment=" (39)" />
        <deal Ticket="303301082" OpenTime="2009-12-14 07:45:00" DealType="-1" Lots="0.01" Symbol="GBPUSD" Open="1.62904" SL="0.00000" TP="0.00000" CloseTime="2009-12-14 07:50:00" Close="1.62901" Swap="0.00" Profit="0.03" Comment="down (40)" />
        <deal Ticket="303285197" OpenTime="2009-12-11 17:33:00" DealType="1" Lots="0.01" Symbol="GBPUSD" Open="1.62521" SL="0.00000" TP="0.00000" CloseTime="2009-12-11 18:40:00" Close="1.62642" Swap="0.00" Profit="1.21" Comment="up (41)" />
        <deal Ticket="303274314" OpenTime="2009-12-11 14:45:00" DealType="-1" Lots="0.01" Symbol="GBPUSD" Open="1.62827" SL="1.62827" TP="0.00000" CloseTime="2009-12-11 17:32:00" Close="1.62492" Swap="0.00" Profit="3.35" Comment="down (42)" />
        <deal Ticket="303272884" OpenTime="2009-12-11 14:15:00" DealType="1" Lots="0.01" Symbol="GBPUSD" Open="1.63027" SL="0.00000" TP="0.00000" CloseTime="2009-12-11 14:45:00" Close="1.62812" Swap="0.00" Profit="-2.15" Comment="up (43)" />
        <deal Ticket="303271878" OpenTime="2009-12-11 13:31:00" DealType="1" Lots="0.01" Symbol="GBPUSD" Open="1.63094" SL="0.00000" TP="0.00000" CloseTime="2009-12-11 13:54:00" Close="1.62880" Swap="0.00" Profit="-2.14" Comment="up (44)" />
        <deal Ticket="303268882" OpenTime="2009-12-11 11:30:00" DealType="-1" Lots="0.01" Symbol="GBPUSD" Open="1.63125" SL="1.63125" TP="0.00000" CloseTime="2009-12-11 13:30:00" Close="1.63031" Swap="0.00" Profit="0.94" Comment="down (45)" />
        <deal Ticket="303266444" OpenTime="2009-12-11 10:13:00" DealType="1" Lots="0.01" Symbol="GBPUSD" Open="1.63256" SL="0.00000" TP="0.00000" CloseTime="2009-12-11 11:30:00" Close="1.63123" Swap="0.00" Profit="-1.33" Comment="up (46)" />
        <deal Ticket="303265189" OpenTime="2009-12-11 09:30:00" DealType="1" Lots="0.01" Symbol="GBPUSD" Open="1.63151" SL="0.00000" TP="0.00000" CloseTime="2009-12-11 10:09:00" Close="1.63181" Swap="0.00" Profit="0.30" Comment="up (47)" />
        <deal Ticket="303263791" OpenTime="2009-12-11 08:49:00" DealType="-1" Lots="0.01" Symbol="GBPUSD" Open="1.62893" SL="0.00000" TP="0.00000" CloseTime="2009-12-11 09:15:00" Close="1.63104" Swap="0.00" Profit="-2.11" Comment="down (48)" />
        <deal Ticket="303228156" OpenTime="2009-12-10 07:47:00" DealType="-1" Lots="0.01" Symbol="GBPUSD" Open="1.62373" SL="0.00000" TP="0.00000" CloseTime="2009-12-10 09:01:00" Close="1.62313" Swap="0.00" Profit="0.60" Comment=" (49)" />
        <deal Ticket="303229253" OpenTime="2009-12-10 08:18:00" DealType="1" Lots="0.01" Symbol="GBPUSD" Open="1.62645" SL="0.00000" TP="0.00000" CloseTime="2009-12-10 08:19:00" Close="1.62588" Swap="0.00" Profit="-0.57" Comment=" (50)" />
        <deal Ticket="303188692" OpenTime="2009-12-09 08:45:00" DealType="-1" Lots="0.01" Symbol="GBPUSD" Open="1.61965" SL="0.00000" TP="1.61965" CloseTime="2009-12-09 16:31:00" Close="1.61965" Swap="0.00" Profit="0.00" Comment="[tp] (51)" />
        <deal Ticket="303185147" OpenTime="2009-12-09 07:30:00" DealType="-1" Lots="0.01" Symbol="GBPUSD" Open="1.62178" SL="1.62785" TP="0.00000" CloseTime="2009-12-09 08:22:00" Close="1.62128" Swap="0.00" Profit="0.50" Comment=" (52)" />
        <deal Ticket="303101017" OpenTime="2009-12-07 06:55:00" DealType="1" Lots="0.01" Symbol="GBPUSD" Open="1.65025" SL="1.64730" TP="0.00000" CloseTime="2009-12-07 07:47:00" Close="1.64935" Swap="0.00" Profit="-0.90" Comment=" (53)" />
        <deal Ticket="303099952" OpenTime="2009-12-07 05:53:00" DealType="-1" Lots="0.01" Symbol="GBPUSD" Open="1.64748" SL="1.65200" TP="1.64374" CloseTime="2009-12-07 06:37:00" Close="1.64895" Swap="0.00" Profit="-1.47" Comment="down (54)" />
        <deal Ticket="302942250" OpenTime="2009-11-30 14:58:00" DealType="-1" Lots="0.01" Symbol="GBPUSD" Open="1.64662" SL="1.64662" TP="0.00000" CloseTime="2009-11-30 16:32:00" Close="1.64662" Swap="0.00" Profit="0.00" Comment="[sl] (55)" />
        <deal Ticket="302814427" OpenTime="2009-11-25 07:33:00" DealType="1" Lots="0.01" Symbol="GBPUSD" Open="1.66303" SL="0.00000" TP="0.00000" CloseTime="2009-11-25 08:59:00" Close="1.66843" Swap="0.00" Profit="5.40" Comment=" (56)" />
        <deal Ticket="302650420" OpenTime="2009-11-18 13:09:00" DealType="-1" Lots="0.01" Symbol="GBPUSD" Open="1.67971" SL="1.67971" TP="0.00000" CloseTime="2009-11-18 19:41:00" Close="1.67274" Swap="0.00" Profit="6.97" Comment=" (57)" />
        <deal Ticket="302645910" OpenTime="2009-11-18 10:40:00" DealType="-1" Lots="0.01" Symbol="GBPUSD" Open="1.67966" SL="1.68440" TP="0.00000" CloseTime="2009-11-18 10:58:00" Close="1.68440" Swap="0.00" Profit="-4.74" Comment="[sl] (58)" />
        <deal Ticket="302644709" OpenTime="2009-11-18 10:14:00" DealType="1" Lots="0.01" Symbol="GBPUSD" Open="1.68186" SL="1.67966" TP="0.00000" CloseTime="2009-11-18 10:52:00" Close="1.68183" Swap="0.00" Profit="-0.03" Comment=" (59)" />
        <deal Ticket="302488306" OpenTime="2009-11-11 11:32:00" DealType="-1" Lots="0.01" Symbol="GBPUSD" Open="1.67244" SL="0.00000" TP="0.00000" CloseTime="2009-11-11 11:34:00" Close="1.66929" Swap="0.00" Profit="3.15" Comment="down (60)" />
        <deal Ticket="302483222" OpenTime="2009-11-11 08:52:00" DealType="1" Lots="0.01" Symbol="GBPUSD" Open="1.67572" SL="0.00000" TP="1.67820" CloseTime="2009-11-11 10:39:00" Close="1.67820" Swap="0.00" Profit="2.48" Comment="[tp] (61)" />
        <deal Ticket="302483273" OpenTime="2009-11-11 08:54:00" DealType="-1" Lots="0.01" Symbol="GBPUSD" Open="1.67544" SL="0.00000" TP="0.00000" CloseTime="2009-11-11 08:55:00" Close="1.67544" Swap="0.00" Profit="0.00" Comment=" (62)" />
        <deal Ticket="302483241" OpenTime="2009-11-11 08:53:00" DealType="1" Lots="0.01" Symbol="GBPUSD" Open="1.67565" SL="0.00000" TP="0.00000" CloseTime="2009-11-11 08:54:00" Close="1.67522" Swap="0.00" Profit="-0.43" Comment="up (63)" />
        <deal Ticket="302482425" OpenTime="2009-11-11 08:29:00" DealType="1" Lots="0.01" Symbol="GBPUSD" Open="1.67315" SL="0.00000" TP="0.00000" CloseTime="2009-11-11 08:48:00" Close="1.67599" Swap="0.00" Profit="2.84" Comment=" (64)" />
        <deal Ticket="302481916" OpenTime="2009-11-11 08:08:00" DealType="-1" Lots="0.01" Symbol="GBPUSD" Open="1.67119" SL="0.00000" TP="0.00000" CloseTime="2009-11-11 08:48:00" Close="1.67652" Swap="0.00" Profit="-5.33" Comment="down (65)" />
        <deal Ticket="302480132" OpenTime="2009-11-11 06:38:00" DealType="1" Lots="0.01" Symbol="GBPUSD" Open="1.67324" SL="0.00000" TP="0.00000" CloseTime="2009-11-11 08:08:00" Close="1.67118" Swap="0.00" Profit="-2.06" Comment="up (66)" />
        <deal Ticket="302479650" OpenTime="2009-11-11 05:55:00" DealType="-1" Lots="0.01" Symbol="GBPUSD" Open="1.67142" SL="0.00000" TP="0.00000" CloseTime="2009-11-11 06:38:00" Close="1.67322" Swap="0.00" Profit="-1.80" Comment="down (67)" />
    </deals>
    <balances>
        <balance Ticket="304018242" Amount="-5.00" Date="2010-01-13 19:23:00" />
        <balance Ticket="303571141" Amount="-11.00" Date="2009-12-23 14:00:00" />
        <balance Ticket="302253740" Amount="14.00" Date="2009-10-30 18:57:00" />
    </balances>
</account>