﻿<?xml version="1.0" encoding="utf-8"?>
<account Id="17204" Broker="" Account="" Trader="" Login="" InitBalance="140.00">
    <deals>
        <deal Ticket="8617249" OpenTime="2010-02-12 10:59:00" DealType="1" Lots="0.03" Symbol="USDCHF" Open="1.0799" SL="1.0700" TP="1.1050" CloseTime="2010-02-16 17:16:00" Close="1.0700" Swap="0.00" Profit="-27.76" Comment="[sl] (1)" />
        <deal Ticket="8713502" OpenTime="2010-02-16 10:41:00" DealType="1" Lots="0.02" Symbol="GCG0" Open="1097.0" SL="1107.0" TP="1080.0" CloseTime="2010-02-16 15:13:00" Close="1117.7" Swap="0.00" Profit="0.00" Comment="cancelled (2)" />
        <deal Ticket="8623153" OpenTime="2010-02-08 16:16:00" DealType="1" Lots="0.02" Symbol="NGH0" Open="5.680" SL="5.570" TP="6.100" CloseTime="2010-02-12 11:54:00" Close="5.345" Swap="0.00" Profit="0.00" Comment="cancelled (3)" />
        <deal Ticket="8645430" OpenTime="2010-02-10 15:53:00" DealType="-1" Lots="0.04" Symbol="SBH0" Open="26.70" SL="27.40" TP="26.00" CloseTime="2010-02-11 17:34:00" Close="27.02" Swap="-0.40" Profit="-14.34" Comment=" (4)" />
        <deal Ticket="8582438" OpenTime="2010-02-05 13:49:00" DealType="1" Lots="0.01" Symbol="NGH0" Open="5.555" SL="5.565" TP="6.000" CloseTime="2010-02-08 15:36:00" Close="5.568" Swap="-0.10" Profit="1.30" Comment="[sl] (5)" />
        <deal Ticket="8602593" OpenTime="2010-02-05 16:07:00" DealType="1" Lots="0.02" Symbol="USDCHF" Open="1.0769" SL="1.0690" TP="1.0900" CloseTime="2010-02-08 06:05:00" Close="1.0757" Swap="0.00" Profit="-2.23" Comment=" (6)" />
        <deal Ticket="8582801" OpenTime="2010-02-05 17:46:00" DealType="-1" Lots="0.02" Symbol="CTH0" Open="68.00" SL="67.80" TP="66.55" CloseTime="2010-02-05 19:45:00" Close="66.65" Swap="-0.20" Profit="13.50" Comment=" (7)" />
        <deal Ticket="8602129" OpenTime="2010-02-05 16:36:00" DealType="-1" Lots="0.03" Symbol="SBH0" Open="27.51" SL="28.00" TP="26.00" CloseTime="2010-02-05 17:36:00" Close="26.00" Swap="-0.30" Profit="50.74" Comment="[tp] (8)" />
        <deal Ticket="8565531" OpenTime="2010-02-04 06:22:00" DealType="1" Lots="0.02" Symbol="BRNH0" Open="77.00" SL="75.50" TP="82.00" CloseTime="2010-02-04 15:30:00" Close="74.54" Swap="0.00" Profit="0.00" Comment="cancelled (9)" />
        <deal Ticket="8571371" OpenTime="2010-02-04 11:52:00" DealType="1" Lots="0.04" Symbol="FGBLH0" Open="123.00" SL="123.30" TP="122.70" CloseTime="2010-02-04 13:29:00" Close="123.41" Swap="0.00" Profit="0.00" Comment="cancelled (10)" />
        <deal Ticket="8546930" OpenTime="2010-02-03 14:55:00" DealType="-1" Lots="0.06" Symbol="6EH0" Open="1.3940" SL="1.3930" TP="1.3850" CloseTime="2010-02-04 06:14:00" Close="1.3895" Swap="-0.60" Profit="33.75" Comment=" (11)" />
        <deal Ticket="8546948" OpenTime="2010-02-03 14:22:00" DealType="-1" Lots="0.01" Symbol="HGH0" Open="307.15" SL="312.50" TP="300.00" CloseTime="2010-02-03 16:52:00" Close="302.60" Swap="-0.10" Profit="11.38" Comment=" (12)" />
        <deal Ticket="8546914" OpenTime="2010-02-03 05:49:00" DealType="1" Lots="0.03" Symbol="6EH0" Open="1.3920" SL="1.3980" TP="1.3830" CloseTime="2010-02-03 05:50:00" Close="1.3954" Swap="0.00" Profit="0.00" Comment="cancelled (13)" />
        <deal Ticket="8530897" OpenTime="2010-02-02 10:35:00" DealType="1" Lots="0.03" Symbol="GCG0" Open="1109.6" SL="1110.0" TP="1140.0" CloseTime="2010-02-02 15:43:00" Close="1109.6" Swap="-0.30" Profit="0.00" Comment="[sl] (14)" />
        <deal Ticket="8516309" OpenTime="2010-02-01 09:51:00" DealType="1" Lots="0.08" Symbol="6SH0" Open="0.9500" SL="0.9420" TP="0.9650" CloseTime="2010-02-02 05:21:00" Close="0.9439" Swap="0.00" Profit="0.00" Comment="cancelled (15)" />
        <deal Ticket="8518181" OpenTime="2010-02-01 11:30:00" DealType="1" Lots="0.01" Symbol="FDAXH0" Open="5626.0" SL="5595.0" TP="5660.0" CloseTime="2010-02-01 13:13:00" Close="5606.5" Swap="0.00" Profit="0.00" Comment="cancelled (16)" />
        <deal Ticket="8516298" OpenTime="2010-02-01 09:50:00" DealType="1" Lots="0.80" Symbol="6SH0" Open="0.9500" SL="0.9420" TP="0.9650" CloseTime="2010-02-01 09:50:00" Close="0.9434" Swap="0.00" Profit="0.00" Comment="cancelled (17)" />
        <deal Ticket="8350292" OpenTime="2010-01-27 09:48:00" DealType="1" Lots="0.02" Symbol="USDCHF" Open="1.0500" SL="1.0505" TP="1.1200" CloseTime="2010-02-01 09:40:00" Close="1.0600" Swap="0.00" Profit="18.87" Comment=" (18)" />
        <deal Ticket="8429294" OpenTime="2010-01-26 16:32:00" DealType="-1" Lots="0.04" Symbol="6EH0" Open="1.4050" SL="1.4025" TP="1.3800" CloseTime="2010-01-28 20:01:00" Close="1.3975" Swap="-0.40" Profit="37.50" Comment=" (19)" />
        <deal Ticket="8420369" OpenTime="2010-01-25 16:04:00" DealType="1" Lots="0.01" Symbol="EURUSD" Open="1.4050" SL="1.4150" TP="1.3800" CloseTime="2010-01-26 06:21:00" Close="1.4082" Swap="0.00" Profit="0.00" Comment="cancelled (20)" />
        <deal Ticket="8395456" OpenTime="2010-01-22 13:08:00" DealType="-1" Lots="0.02" Symbol="GBPUSD" Open="1.6151" SL="1.6147" TP="1.5950" CloseTime="2010-01-22 17:30:00" Close="1.6147" Swap="0.00" Profit="0.80" Comment="[sl] (21)" />
        <deal Ticket="8364440" OpenTime="2010-01-20 19:31:00" DealType="-1" Lots="0.01" Symbol="GBPUSD" Open="1.6273" SL="1.6250" TP="1.5900" CloseTime="2010-01-22 08:29:00" Close="1.6250" Swap="0.00" Profit="2.30" Comment="[sl] (22)" />
        <deal Ticket="8350550" OpenTime="2010-01-20 07:46:00" DealType="1" Lots="0.02" Symbol="USDJPY" Open="92.00" SL="90.00" TP="94.50" CloseTime="2010-01-20 16:40:00" Close="91.25" Swap="0.00" Profit="0.00" Comment="cancelled (24)" />
        <deal Ticket="8343925" OpenTime="2010-01-19 19:15:00" DealType="-1" Lots="0.06" Symbol="6EH0" Open="1.4280" SL="0.0000" TP="1.4120" CloseTime="2010-01-20 06:05:00" Close="1.4203" Swap="-0.60" Profit="57.75" Comment=" (25)" />
        <deal Ticket="8324265" OpenTime="2010-01-18 16:32:00" DealType="1" Lots="0.01" Symbol="FDAXH0" Open="5924.5" SL="5860.0" TP="6070.0" CloseTime="2010-01-19 10:43:00" Close="5860.0" Swap="-0.10" Profit="-23.17" Comment="[sl] (26)" />
        <deal Ticket="8321382" OpenTime="2010-01-18 12:21:00" DealType="1" Lots="0.05" Symbol="6EH0" Open="1.4500" SL="1.4350" TP="1.5000" CloseTime="2010-01-19 10:23:00" Close="1.4387" Swap="0.00" Profit="0.00" Comment="cancelled (27)" />
        <deal Ticket="8251749" OpenTime="2010-01-13 21:46:00" DealType="1" Lots="0.01" Symbol="SIH0" Open="18.630" SL="18.200" TP="19.450" CloseTime="2010-01-18 16:31:00" Close="18.685" Swap="-0.10" Profit="2.75" Comment=" (28)" />
        <deal Ticket="8273894" OpenTime="2010-01-13 16:33:00" DealType="1" Lots="0.03" Symbol="6EH0" Open="1.4570" SL="1.4455" TP="1.5000" CloseTime="2010-01-14 15:21:00" Close="1.4472" Swap="0.00" Profit="0.00" Comment="cancelled (29)" />
        <deal Ticket="8276741" OpenTime="2010-01-13 19:43:00" DealType="1" Lots="0.01" Symbol="BRNH0" Open="79.49" SL="78.60" TP="82.30" CloseTime="2010-01-14 14:58:00" Close="78.60" Swap="-0.10" Profit="-8.90" Comment="[sl] (30)" />
        <deal Ticket="8244461" OpenTime="2010-01-12 07:21:00" DealType="1" Lots="0.03" Symbol="6EH0" Open="1.4500" SL="1.4515" TP="1.5000" CloseTime="2010-01-13 16:13:00" Close="1.4515" Swap="-0.30" Profit="5.63" Comment="[sl] (31)" />
        <deal Ticket="8244536" OpenTime="2010-01-12 07:32:00" DealType="1" Lots="0.01" Symbol="SIH0" Open="18.725" SL="18.500" TP="19.450" CloseTime="2010-01-12 12:29:00" Close="18.500" Swap="-0.10" Profit="-11.25" Comment="[sl] (32)" />
        <deal Ticket="8232905" OpenTime="2010-01-11 16:32:00" DealType="-1" Lots="0.03" Symbol="ZSH0" Open="1021.50" SL="1020.00" TP="1005.00" CloseTime="2010-01-12 06:15:00" Close="1012.00" Swap="-0.30" Profit="14.25" Comment=" (33)" />
        <deal Ticket="8210957" OpenTime="2010-01-11 00:36:00" DealType="1" Lots="0.03" Symbol="6EH0" Open="1.4450" SL="1.4460" TP="1.5000" CloseTime="2010-01-12 03:09:00" Close="1.4460" Swap="-0.30" Profit="3.75" Comment="[sl] (34)" />
        <deal Ticket="8221166" OpenTime="2010-01-08 16:56:00" DealType="1" Lots="0.03" Symbol="PAH0" Open="432.50" SL="424.20" TP="445.00" CloseTime="2010-01-11 11:20:00" Close="431.25" Swap="0.00" Profit="0.00" Comment="cancelled (35)" />
        <deal Ticket="8186880" OpenTime="2010-01-06 16:15:00" DealType="1" Lots="0.03" Symbol="PAH0" Open="428.25" SL="428.35" TP="445.00" CloseTime="2010-01-08 15:53:00" Close="428.30" Swap="-0.30" Profit="0.15" Comment="[sl] (36)" />
        <deal Ticket="8201212" OpenTime="2010-01-07 13:27:00" DealType="1" Lots="0.02" Symbol="6AH0" Open="0.9170" SL="0.9100" TP="0.9250" CloseTime="2010-01-08 08:59:00" Close="0.9093" Swap="0.00" Profit="0.00" Comment="cancelled (37)" />
        <deal Ticket="8197945" OpenTime="2010-01-07 09:31:00" DealType="1" Lots="0.01" Symbol="SIH0" Open="18.200" SL="18.060" TP="18.700" CloseTime="2010-01-07 12:20:00" Close="18.200" Swap="0.00" Profit="0.00" Comment="deleted [no money] (38)" />
        <deal Ticket="8191165" OpenTime="2010-01-06 19:24:00" DealType="-1" Lots="0.04" Symbol="6CH0" Open="0.9665" SL="0.9690" TP="0.9605" CloseTime="2010-01-06 20:00:00" Close="0.9691" Swap="-0.40" Profit="-10.40" Comment="[sl] (39)" />
        <deal Ticket="8186938" OpenTime="2010-01-06 15:29:00" DealType="1" Lots="0.01" Symbol="KCH0" Open="142.80" SL="141.50" TP="145.00" CloseTime="2010-01-06 17:18:00" Close="141.00" Swap="0.00" Profit="0.00" Comment="cancelled (40)" />
        <deal Ticket="8116000" OpenTime="2009-12-30 07:19:00" DealType="-1" Lots="0.02" Symbol="DXH0" Open="78.290" SL="78.440" TP="77.770" CloseTime="2009-12-30 15:31:00" Close="78.450" Swap="-0.20" Profit="-3.20" Comment="[sl] (41)" />
        <deal Ticket="8110815" OpenTime="2009-12-29 20:04:00" DealType="1" Lots="0.01" Symbol="BRNH0" Open="78.40" SL="78.42" TP="79.00" CloseTime="2009-12-30 12:14:00" Close="78.39" Swap="-0.10" Profit="-0.10" Comment="[sl] (42)" />
        <deal Ticket="8115692" OpenTime="2009-12-30 06:09:00" DealType="1" Lots="0.03" Symbol="DXH0" Open="78.300" SL="78.420" TP="77.770" CloseTime="2009-12-30 07:19:00" Close="78.290" Swap="0.00" Profit="0.00" Comment="deleted [no money] (43)" />
        <deal Ticket="8104945" OpenTime="2009-12-29 14:10:00" DealType="1" Lots="0.01" Symbol="HGH0" Open="331.80" SL="329.50" TP="334.50" CloseTime="2009-12-29 17:41:00" Close="329.40" Swap="-0.10" Profit="-6.00" Comment="[sl] (44)" />
        <deal Ticket="8108224" OpenTime="2009-12-29 14:31:00" DealType="1" Lots="0.01" Symbol="BRNH0" Open="78.12" SL="78.25" TP="78.80" CloseTime="2009-12-29 15:38:00" Close="78.21" Swap="-0.10" Profit="0.90" Comment="[sl] (45)" />
        <deal Ticket="8101555" OpenTime="2009-12-29 07:34:00" DealType="1" Lots="0.03" Symbol="6AH0" Open="0.8818" SL="0.8825" TP="0.8850" CloseTime="2009-12-29 09:15:00" Close="0.8850" Swap="-0.30" Profit="9.60" Comment="[tp] (46)" />
        <deal Ticket="8097543" OpenTime="2009-12-28 06:42:00" DealType="1" Lots="0.06" Symbol="6EH0" Open="1.4425" SL="1.4335" TP="1.4530" CloseTime="2009-12-29 07:47:00" Close="1.4382" Swap="0.00" Profit="0.00" Comment="cancelled (47)" />
        <deal Ticket="8097548" OpenTime="2009-12-28 06:42:00" DealType="1" Lots="0.06" Symbol="6EH0" Open="1.4335" SL="1.4425" TP="1.4240" CloseTime="2009-12-29 07:47:00" Close="1.4380" Swap="0.00" Profit="0.00" Comment="cancelled (48)" />
        <deal Ticket="8056764" OpenTime="2009-12-22 06:02:00" DealType="1" Lots="0.01" Symbol="NGH0" Open="5.380" SL="5.600" TP="4.700" CloseTime="2009-12-28 08:29:00" Close="5.819" Swap="0.00" Profit="0.00" Comment="cancelled (49)" />
        <deal Ticket="8056760" OpenTime="2009-12-22 06:01:00" DealType="1" Lots="0.01" Symbol="NGH0" Open="5.980" SL="5.600" TP="6.800" CloseTime="2009-12-28 08:29:00" Close="5.819" Swap="0.00" Profit="0.00" Comment="cancelled (50)" />
        <deal Ticket="8056976" OpenTime="2009-12-22 07:00:00" DealType="1" Lots="0.01" Symbol="GCG0" Open="1070.0" SL="1090.0" TP="1030.0" CloseTime="2009-12-28 05:29:00" Close="1111.4" Swap="0.00" Profit="0.00" Comment="cancelled (51)" />
        <deal Ticket="8056952" OpenTime="2009-12-22 06:59:00" DealType="1" Lots="0.01" Symbol="GCG0" Open="1120.0" SL="1090.0" TP="1165.0" CloseTime="2009-12-28 05:29:00" Close="1111.3" Swap="0.00" Profit="0.00" Comment="cancelled (52)" />
        <deal Ticket="8011330" OpenTime="2009-12-21 16:03:00" DealType="1" Lots="0.01" Symbol="FDAXH0" Open="5920.0" SL="5845.0" TP="6000.0" CloseTime="2009-12-22 09:05:00" Close="5954.0" Swap="-0.10" Profit="12.16" Comment=" (53)" />
        <deal Ticket="8011266" OpenTime="2009-12-17 16:05:00" DealType="-1" Lots="0.01" Symbol="FDAXH0" Open="5844.5" SL="5920.0" TP="5690.0" CloseTime="2009-12-21 16:03:00" Close="5920.0" Swap="-0.10" Profit="-27.05" Comment="[sl] (54)" />
        <deal Ticket="8027489" OpenTime="2009-12-18 16:42:00" DealType="-1" Lots="0.04" Symbol="YMH0" Open="10250.00000000" SL="10240.00000000" TP="10150.00000000" CloseTime="2009-12-18 18:34:00" Close="10240.00000000" Swap="-0.40" Profit="2.00" Comment="[sl] (55)" />
        <deal Ticket="8027483" OpenTime="2009-12-18 11:09:00" DealType="1" Lots="0.04" Symbol="YMH0" Open="10321.00000000" SL="10250.00000000" TP="10500.00000000" CloseTime="2009-12-18 16:42:00" Close="10251.00000000" Swap="-0.40" Profit="-14.00" Comment="[sl] (56)" />
        <deal Ticket="8024809" OpenTime="2009-12-18 06:24:00" DealType="1" Lots="0.06" Symbol="YMH0" Open="10240.00000000" SL="10310.00000000" TP="10150.00000000" CloseTime="2009-12-18 09:23:00" Close="10308.00000000" Swap="0.00" Profit="0.00" Comment="cancelled (57)" />
        <deal Ticket="8024783" OpenTime="2009-12-18 06:22:00" DealType="1" Lots="0.06" Symbol="YMH0" Open="10310.00000000" SL="10240.00000000" TP="10500.00000000" CloseTime="2009-12-18 09:23:00" Close="10310.00000000" Swap="0.00" Profit="0.00" Comment="deleted [no money] (58)" />
        <deal Ticket="7979823" OpenTime="2009-12-17 10:30:00" DealType="-1" Lots="0.04" Symbol="6BH0" Open="1.6162" SL="1.6155" TP="1.5980" CloseTime="2009-12-17 19:31:00" Close="1.6155" Swap="-0.40" Profit="1.75" Comment="[sl] (59)" />
        <deal Ticket="8008826" OpenTime="2009-12-17 11:42:00" DealType="-1" Lots="0.01" Symbol="KCH0" Open="146.10" SL="147.80" TP="143.70" CloseTime="2009-12-17 15:17:00" Close="147.85" Swap="-0.10" Profit="-6.56" Comment="[sl] (60)" />
        <deal Ticket="7898259" OpenTime="2009-12-15 15:39:00" DealType="1" Lots="0.01" Symbol="KCH0" Open="148.95" SL="146.00" TP="154.00" CloseTime="2009-12-17 11:42:00" Close="146.75" Swap="-0.10" Profit="-8.25" Comment="[sl] (61)" />
        <deal Ticket="7953335" OpenTime="2009-12-14 15:51:00" DealType="1" Lots="0.01" Symbol="BRNG0" Open="73.02000000" SL="73.40000000" TP="76.80000000" CloseTime="2009-12-17 11:31:00" Close="73.40000000" Swap="-0.10" Profit="3.80" Comment="[sl] (62)" />
        <deal Ticket="7939642" OpenTime="2009-12-11 19:18:00" DealType="1" Lots="0.01" Symbol="KCH0" Open="140.50" SL="144.00" TP="136.00" CloseTime="2009-12-17 11:18:00" Close="146.85" Swap="0.00" Profit="0.00" Comment="cancelled (63)" />
        <deal Ticket="7979817" OpenTime="2009-12-16 11:12:00" DealType="1" Lots="0.04" Symbol="6BH0" Open="1.6330" SL="1.6180" TP="1.6650" CloseTime="2009-12-17 10:30:00" Close="1.6168" Swap="-0.40" Profit="-40.50" Comment="[sl] (64)" />
        <deal Ticket="7953349" OpenTime="2009-12-14 14:16:00" DealType="1" Lots="0.01" Symbol="BRNG0" Open="72.00000000" SL="73.00000000" TP="68.50000000" CloseTime="2009-12-16 16:57:00" Close="74.64000000" Swap="0.00" Profit="0.00" Comment="cancelled (65)" />
        <deal Ticket="7916546" OpenTime="2009-12-10 15:44:00" DealType="1" Lots="0.01" Symbol="NGF0" Open="4.820" SL="4.995" TP="4.500" CloseTime="2009-12-16 06:06:00" Close="5.530" Swap="0.00" Profit="0.00" Comment="cancelled (66)" />
        <deal Ticket="7897774" OpenTime="2009-12-10 16:31:00" DealType="1" Lots="0.01" Symbol="NGF0" Open="5.252" SL="5.370" TP="5.600" CloseTime="2009-12-16 06:00:00" Close="5.530" Swap="-0.10" Profit="27.80" Comment=" (67)" />
        <deal Ticket="7953305" OpenTime="2009-12-14 14:13:00" DealType="1" Lots="0.01" Symbol="BRNF0" Open="71.00000000" SL="72.60000000" TP="68.50000000" CloseTime="2009-12-14 14:15:00" Close="71.83000000" Swap="0.00" Profit="0.00" Comment="cancelled (68)" />
        <deal Ticket="7953279" OpenTime="2009-12-14 14:11:00" DealType="1" Lots="0.01" Symbol="BRNF0" Open="72.60000000" SL="71.00000000" TP="74.50000000" CloseTime="2009-12-14 14:14:00" Close="71.83000000" Swap="0.00" Profit="0.00" Comment="cancelled (69)" />
        <deal Ticket="7911256" OpenTime="2009-12-11 15:11:00" DealType="-1" Lots="0.01" Symbol="KCH0" Open="140.55" SL="143.50" TP="136.00" CloseTime="2009-12-11 18:30:00" Close="143.15" Swap="-0.10" Profit="-9.75" Comment="[sl] (70)" />
        <deal Ticket="7897820" OpenTime="2009-12-09 18:08:00" DealType="-1" Lots="0.01" Symbol="NGF0" Open="4.995" SL="4.985" TP="4.700" CloseTime="2009-12-10 15:01:00" Close="4.990" Swap="-0.10" Profit="0.50" Comment="[sl] (71)" />
        <deal Ticket="7898226" OpenTime="2009-12-09 19:08:00" DealType="-1" Lots="0.01" Symbol="KCH0" Open="142.80" SL="142.70" TP="137.00" CloseTime="2009-12-10 10:10:00" Close="142.70" Swap="-0.10" Profit="0.38" Comment="[sl] (72)" />
    </deals>
    <balances>
        <balance Ticket="8376662" Amount="-50.00" Date="2010-01-21 13:44:00" />
        <balance Ticket="7895523" Amount="140.00" Date="2009-12-09 15:35:00" />
    </balances>
</account>