﻿<?xml version="1.0" encoding="utf-8"?>
<account Id="1447" Broker="" Account="" Trader="" Login="" InitBalance="8.40">
    <deals>
        <deal Ticket="8387295" OpenTime="2010-01-21 19:56:00" DealType="1" Lots="0.01" Symbol="6JH0" Open="1.1082" SL="1.1069" TP="1.1123" CloseTime="2010-01-21 20:30:00" Close="1.1068" Swap="-0.10" Profit="-1.75" Comment=" (1)" />
        <deal Ticket="8329508" OpenTime="2010-01-19 06:18:00" DealType="1" Lots="0.01" Symbol="6JH0" Open="1.1067" SL="1.1052" TP="1.1108" CloseTime="2010-01-19 06:34:00" Close="1.1052" Swap="-0.10" Profit="-1.88" Comment=" (2)" />
        <deal Ticket="7466078" OpenTime="2009-11-10 08:25:00" DealType="-1" Lots="0.01" Symbol="6JZ9" Open="1.1128" SL="1.1143" TP="1.1027" CloseTime="2009-11-10 09:09:00" Close="1.1143" Swap="-0.10" Profit="-1.88" Comment=" (3)" />
        <deal Ticket="7459325" OpenTime="2009-11-09 17:59:00" DealType="-1" Lots="0.01" Symbol="6JZ9" Open="1.1121" SL="1.1136" TP="1.1090" CloseTime="2009-11-10 00:53:00" Close="1.1137" Swap="-0.10" Profit="-2.00" Comment=" (4)" />
        <deal Ticket="7312650" OpenTime="2009-10-28 19:45:00" DealType="-1" Lots="0.01" Symbol="6JZ9" Open="1.1025" SL="1.1040" TP="1.0994" CloseTime="2009-10-29 00:54:00" Close="1.1039" Swap="-0.10" Profit="-1.75" Comment=" (5)" />
        <deal Ticket="7107589" OpenTime="2009-10-13 20:16:00" DealType="1" Lots="0.01" Symbol="6JZ9" Open="1.1126" SL="1.1111" TP="1.1167" CloseTime="2009-10-13 21:11:00" Close="1.1149" Swap="-0.10" Profit="2.88" Comment=" (6)" />
        <deal Ticket="6995615" OpenTime="2009-10-06 17:43:00" DealType="-1" Lots="0.01" Symbol="6JZ9" Open="1.1273" SL="1.1272" TP="1.1241" CloseTime="2009-10-07 02:38:00" Close="1.1239" Swap="-0.10" Profit="4.25" Comment=" (7)" />
        <deal Ticket="6994057" OpenTime="2009-10-06 17:04:00" DealType="-1" Lots="0.01" Symbol="6JZ9" Open="1.1269" SL="1.1286" TP="1.1234" CloseTime="2009-10-06 17:34:00" Close="1.1286" Swap="-0.10" Profit="-2.13" Comment=" (8)" />
        <deal Ticket="6873487" OpenTime="2009-09-28 19:00:00" DealType="-1" Lots="0.01" Symbol="6JZ9" Open="1.1184" SL="1.1201" TP="1.1083" CloseTime="2009-09-29 06:02:00" Close="1.1118" Swap="-0.10" Profit="8.25" Comment=" (9)" />
        <deal Ticket="6854059" OpenTime="2009-09-25 20:26:00" DealType="-1" Lots="0.01" Symbol="6JZ9" Open="1.1141" SL="1.1158" TP="1.1107" CloseTime="2009-09-25 22:36:00" Close="1.1154" Swap="-0.10" Profit="-1.63" Comment=" (10)" />
        <deal Ticket="6853649" OpenTime="2009-09-25 19:36:00" DealType="-1" Lots="0.01" Symbol="6JZ9" Open="1.1133" SL="1.1150" TP="1.1109" CloseTime="2009-09-25 20:06:00" Close="1.1150" Swap="-0.10" Profit="-2.13" Comment=" (11)" />
        <deal Ticket="6835835" OpenTime="2009-09-24 21:14:00" DealType="1" Lots="0.01" Symbol="6JZ9" Open="1.0964" SL="1.0947" TP="1.0986" CloseTime="2009-09-25 01:43:00" Close="1.0987" Swap="-0.10" Profit="2.88" Comment=" (12)" />
        <deal Ticket="6098068" OpenTime="2009-07-24 21:40:00" DealType="1" Lots="0.01" Symbol="6JU9" Open="1.0566" SL="1.0548" TP="1.0597" CloseTime="2009-07-24 22:56:00" Close="1.0551" Swap="-0.10" Profit="-1.88" Comment=" (13)" />
        <deal Ticket="6047198" OpenTime="2009-07-21 18:12:00" DealType="-1" Lots="0.01" Symbol="6JU9" Open="1.0710" SL="1.0730" TP="1.0679" CloseTime="2009-07-21 19:29:00" Close="1.0693" Swap="-0.10" Profit="2.13" Comment=" (14)" />
        <deal Ticket="6004960" OpenTime="2009-07-16 15:52:00" DealType="1" Lots="0.01" Symbol="ESU9" Open="930.75" SL="926.75" TP="937.00" CloseTime="2009-07-16 16:01:00" Close="926.75" Swap="-0.10" Profit="-2.00" Comment=" (15)" />
        <deal Ticket="5918902" OpenTime="2009-07-09 16:51:00" DealType="-1" Lots="0.01" Symbol="ESU9" Open="877.00" SL="881.00" TP="870.75" CloseTime="2009-07-09 17:19:00" Close="876.00" Swap="-0.10" Profit="0.50" Comment=" (16)" />
        <deal Ticket="5903623" OpenTime="2009-07-08 20:34:00" DealType="1" Lots="0.01" Symbol="6JU9" Open="1.0828" SL="1.0808" TP="1.0859" CloseTime="2009-07-08 21:06:00" Close="1.0808" Swap="-0.10" Profit="-2.50" Comment=" (17)" />
        <deal Ticket="5902633" OpenTime="2009-07-08 19:29:00" DealType="-1" Lots="0.01" Symbol="6JU9" Open="1.0782" SL="1.0802" TP="1.0751" CloseTime="2009-07-08 19:37:00" Close="1.0779" Swap="-0.10" Profit="0.38" Comment=" (18)" />
        <deal Ticket="5898632" OpenTime="2009-07-08 17:02:00" DealType="-1" Lots="0.01" Symbol="ESU9" Open="876.50" SL="880.50" TP="870.25" CloseTime="2009-07-08 17:24:00" Close="871.25" Swap="-0.10" Profit="2.63" Comment=" (19)" />
        <deal Ticket="5881624" OpenTime="2009-07-07 17:53:00" DealType="-1" Lots="0.01" Symbol="ESU9" Open="884.25" SL="883.50" TP="878.00" CloseTime="2009-07-07 21:04:00" Close="880.25" Swap="-0.10" Profit="2.00" Comment=" (20)" />
        <deal Ticket="5692993" OpenTime="2009-06-22 15:42:00" DealType="-1" Lots="0.01" Symbol="ESU9" Open="901.75" SL="899.00" TP="895.50" CloseTime="2009-06-22 16:02:00" Close="898.75" Swap="-0.10" Profit="1.50" Comment=" (21)" />
        <deal Ticket="5675020" OpenTime="2009-06-19 17:48:00" DealType="-1" Lots="0.01" Symbol="ESU9" Open="918.50" SL="922.50" TP="910.25" CloseTime="2009-06-19 18:55:00" Close="915.50" Swap="-0.10" Profit="1.50" Comment=" (22)" />
        <deal Ticket="5660145" OpenTime="2009-06-18 19:09:00" DealType="1" Lots="0.01" Symbol="ESU9" Open="917.25" SL="913.25" TP="923.75" CloseTime="2009-06-18 20:08:00" Close="913.25" Swap="-0.10" Profit="-2.00" Comment=" (23)" />
        <deal Ticket="5639564" OpenTime="2009-06-17 19:30:00" DealType="1" Lots="0.01" Symbol="ESU9" Open="910.50" SL="906.50" TP="916.75" CloseTime="2009-06-17 19:52:00" Close="913.00" Swap="-0.10" Profit="1.25" Comment=" (24)" />
        <deal Ticket="5636344" OpenTime="2009-06-17 16:44:00" DealType="-1" Lots="0.01" Symbol="ESU9" Open="899.75" SL="903.75" TP="893.50" CloseTime="2009-06-17 17:02:00" Close="903.75" Swap="-0.10" Profit="-2.00" Comment=" (25)" />
        <deal Ticket="5623015" OpenTime="2009-06-17 07:53:00" DealType="1" Lots="0.01" Symbol="ESU9" Open="912.25" SL="910.25" TP="915.50" CloseTime="2009-06-17 09:11:00" Close="910.25" Swap="-0.10" Profit="-1.00" Comment=" (26)" />
        <deal Ticket="5515600" OpenTime="2009-06-09 14:57:00" DealType="1" Lots="0.01" Symbol="6JM9" Open="1.0236" SL="1.0237" TP="1.0277" CloseTime="2009-06-09 19:13:00" Close="1.0237" Swap="-0.10" Profit="0.13" Comment=" (27)" />
        <deal Ticket="5477591" OpenTime="2009-06-05 21:00:00" DealType="-1" Lots="0.01" Symbol="ESM9" Open="938.00" SL="942.00" TP="929.75" CloseTime="2009-06-05 21:40:00" Close="941.75" Swap="-0.10" Profit="-1.88" Comment=" (28)" />
        <deal Ticket="5476984" OpenTime="2009-06-05 20:22:00" DealType="-1" Lots="0.01" Symbol="ESM9" Open="936.00" SL="940.00" TP="929.75" CloseTime="2009-06-05 20:50:00" Close="939.75" Swap="-0.10" Profit="-1.88" Comment=" (29)" />
        <deal Ticket="5297210" OpenTime="2009-05-27 19:51:00" DealType="-1" Lots="0.01" Symbol="ESM9" Open="900.25" SL="900.00" TP="890.00" CloseTime="2009-05-27 21:27:00" Close="893.00" Swap="-0.10" Profit="3.63" Comment=" (30)" />
        <deal Ticket="5270669" OpenTime="2009-05-26 20:56:00" DealType="-1" Lots="0.01" Symbol="ESM9" Open="907.00" SL="910.00" TP="900.75" CloseTime="2009-05-26 22:05:00" Close="910.00" Swap="-0.10" Profit="-1.50" Comment=" (31)" />
        <deal Ticket="5269767" OpenTime="2009-05-26 19:24:00" DealType="-1" Lots="0.01" Symbol="ESM9" Open="907.00" SL="910.00" TP="900.75" CloseTime="2009-05-26 20:02:00" Close="910.00" Swap="-0.10" Profit="-1.50" Comment=" (32)" />
        <deal Ticket="5180215" OpenTime="2009-05-20 21:13:00" DealType="-1" Lots="0.01" Symbol="ESM9" Open="906.50" SL="910.50" TP="900.25" CloseTime="2009-05-20 21:44:00" Close="900.00" Swap="-0.10" Profit="3.25" Comment=" (33)" />
        <deal Ticket="5156726" OpenTime="2009-05-19 16:59:00" DealType="-1" Lots="0.01" Symbol="ESM9" Open="910.25" SL="914.25" TP="904.00" CloseTime="2009-05-19 20:45:00" Close="914.25" Swap="-0.10" Profit="-2.00" Comment=" (34)" />
        <deal Ticket="5086978" OpenTime="2009-05-13 17:00:00" DealType="-1" Lots="0.01" Symbol="ESM9" Open="887.50" SL="887.25" TP="881.25" CloseTime="2009-05-13 19:10:00" Close="881.00" Swap="-0.10" Profit="3.25" Comment=" (35)" />
        <deal Ticket="5085877" OpenTime="2009-05-13 16:03:00" DealType="-1" Lots="0.01" Symbol="ESM9" Open="888.00" SL="892.00" TP="881.75" CloseTime="2009-05-13 16:15:00" Close="891.75" Swap="-0.10" Profit="-1.88" Comment=" (36)" />
        <deal Ticket="5071446" OpenTime="2009-05-12 20:42:00" DealType="-1" Lots="0.01" Symbol="6JM9" Open="1.0393" SL="1.0410" TP="1.0362" CloseTime="2009-05-12 20:56:00" Close="1.0380" Swap="-0.10" Profit="1.63" Comment=" (37)" />
        <deal Ticket="5068808" OpenTime="2009-05-12 17:22:00" DealType="-1" Lots="0.01" Symbol="ESM9" Open="901.25" SL="901.00" TP="895.00" CloseTime="2009-05-12 18:56:00" Close="894.75" Swap="-0.10" Profit="3.25" Comment=" (38)" />
        <deal Ticket="5067635" OpenTime="2009-05-12 16:18:00" DealType="-1" Lots="0.01" Symbol="ESM9" Open="900.50" SL="904.50" TP="894.25" CloseTime="2009-05-12 17:06:00" Close="904.50" Swap="-0.10" Profit="-2.00" Comment=" (39)" />
        <deal Ticket="4924628" OpenTime="2009-04-30 18:04:00" DealType="-1" Lots="0.01" Symbol="ESM9" Open="877.00" SL="881.00" TP="870.75" CloseTime="2009-04-30 18:49:00" Close="870.50" Swap="-0.10" Profit="3.25" Comment=" (40)" />
        <deal Ticket="4921892" OpenTime="2009-04-30 15:26:00" DealType="-1" Lots="0.01" Symbol="ESM9" Open="879.25" SL="883.25" TP="873.00" CloseTime="2009-04-30 16:06:00" Close="883.00" Swap="-0.10" Profit="-1.88" Comment=" (41)" />
        <deal Ticket="4589992" OpenTime="2009-04-01 16:25:00" DealType="-1" Lots="0.09" Symbol="ESM9" Open="794.00" SL="0.00" TP="783.75" CloseTime="2009-04-30 12:19:00" Close="886.50" Swap="-0.90" Profit="-416.25" Comment=" (42)" />
        <deal Ticket="4413935" OpenTime="2009-03-17 20:04:00" DealType="-1" Lots="0.09" Symbol="ESM9" Open="760.00" SL="0.00" TP="754.75" CloseTime="2009-04-29 20:33:00" Close="878.25" Swap="-0.90" Profit="-532.13" Comment=" (43)" />
        <deal Ticket="4533930" OpenTime="2009-03-26 22:34:00" DealType="-1" Lots="0.09" Symbol="ESM9" Open="826.50" SL="0.00" TP="821.25" CloseTime="2009-03-27 06:53:00" Close="824.50" Swap="-0.90" Profit="9.00" Comment=" (44)" />
        <deal Ticket="4493793" OpenTime="2009-03-24 16:30:00" DealType="-1" Lots="0.09" Symbol="ESM9" Open="807.50" SL="0.00" TP="797.50" CloseTime="2009-03-24 21:52:00" Close="805.50" Swap="-0.90" Profit="9.00" Comment=" (45)" />
        <deal Ticket="4482734" OpenTime="2009-03-23 22:32:00" DealType="-1" Lots="0.09" Symbol="ESM9" Open="817.00" SL="0.00" TP="811.75" CloseTime="2009-03-24 05:03:00" Close="814.50" Swap="-0.90" Profit="11.25" Comment=" (46)" />
        <deal Ticket="4436037" OpenTime="2009-03-18 23:22:00" DealType="-1" Lots="0.09" Symbol="ESM9" Open="791.00" SL="789.25" TP="781.00" CloseTime="2009-03-19 05:39:00" Close="786.75" Swap="-0.90" Profit="19.13" Comment=" (47)" />
        <deal Ticket="4394326" OpenTime="2009-03-16 15:50:00" DealType="-1" Lots="0.09" Symbol="ESH9" Open="763.00" SL="0.00" TP="758.00" CloseTime="2009-03-16 21:23:00" Close="758.00" Swap="-0.90" Profit="22.50" Comment=" (48)" />
        <deal Ticket="4341685" OpenTime="2009-03-11 09:22:00" DealType="-1" Lots="0.09" Symbol="ESH9" Open="716.75" SL="0.00" TP="711.50" CloseTime="2009-03-11 10:30:00" Close="714.50" Swap="-0.90" Profit="10.13" Comment=" (49)" />
        <deal Ticket="4319633" OpenTime="2009-03-09 17:43:00" DealType="-1" Lots="0.09" Symbol="ESH9" Open="682.00" SL="0.00" TP="676.75" CloseTime="2009-03-09 18:06:00" Close="678.50" Swap="-0.90" Profit="15.75" Comment=" (50)" />
        <deal Ticket="4316561" OpenTime="2009-03-09 14:57:00" DealType="-1" Lots="0.09" Symbol="ESH9" Open="685.75" SL="685.50" TP="680.50" CloseTime="2009-03-09 15:02:00" Close="684.50" Swap="-0.90" Profit="5.63" Comment=" (51)" />
        <deal Ticket="4261707" OpenTime="2009-03-03 20:12:00" DealType="1" Lots="0.09" Symbol="ESH9" Open="703.00" SL="0.00" TP="708.25" CloseTime="2009-03-03 20:34:00" Close="705.50" Swap="-0.90" Profit="11.25" Comment=" (52)" />
        <deal Ticket="4257777" OpenTime="2009-03-03 16:15:00" DealType="-1" Lots="0.09" Symbol="ESH9" Open="704.00" SL="0.00" TP="698.75" CloseTime="2009-03-03 17:04:00" Close="698.75" Swap="-0.90" Profit="23.63" Comment=" (53)" />
        <deal Ticket="4256745" OpenTime="2009-03-03 15:41:00" DealType="-1" Lots="0.09" Symbol="ESH9" Open="709.50" SL="715.75" TP="699.25" CloseTime="2009-03-03 15:51:00" Close="707.00" Swap="-0.90" Profit="11.25" Comment=" (54)" />
        <deal Ticket="4224612" OpenTime="2009-02-27 14:36:00" DealType="-1" Lots="0.09" Symbol="ESH9" Open="730.50" SL="0.00" TP="720.25" CloseTime="2009-03-02 03:14:00" Close="726.00" Swap="-0.90" Profit="20.25" Comment=" (55)" />
        <deal Ticket="4213708" OpenTime="2009-02-26 16:43:00" DealType="-1" Lots="0.09" Symbol="6JH9" Open="1.0151" SL="1.0181" TP="1.0120" CloseTime="2009-02-26 17:32:00" Close="1.0145" Swap="-0.90" Profit="6.75" Comment=" (56)" />
        <deal Ticket="4178151" OpenTime="2009-02-24 13:49:00" DealType="-1" Lots="0.09" Symbol="ESH9" Open="752.25" SL="755.75" TP="742.00" CloseTime="2009-02-24 14:43:00" Close="746.75" Swap="-0.90" Profit="24.75" Comment=" (57)" />
        <deal Ticket="4166985" OpenTime="2009-02-23 17:32:00" DealType="-1" Lots="0.09" Symbol="6JH9" Open="1.0564" SL="1.0594" TP="1.0503" CloseTime="2009-02-23 21:48:00" Close="1.0594" Swap="-0.90" Profit="-33.75" Comment=" (58)" />
        <deal Ticket="4166661" OpenTime="2009-02-23 16:59:00" DealType="1" Lots="0.09" Symbol="6JH9" Open="1.0595" SL="1.0565" TP="1.0636" CloseTime="2009-02-23 17:26:00" Close="1.0564" Swap="-0.90" Profit="-34.88" Comment=" (59)" />
        <deal Ticket="4165626" OpenTime="2009-02-23 16:06:00" DealType="1" Lots="0.09" Symbol="6JH9" Open="1.0610" SL="1.0580" TP="1.0641" CloseTime="2009-02-23 16:49:00" Close="1.0580" Swap="-0.90" Profit="-33.75" Comment=" (60)" />
        <deal Ticket="4161506" OpenTime="2009-02-23 11:26:00" DealType="-1" Lots="0.09" Symbol="6JH9" Open="1.0582" SL="1.0602" TP="1.0551" CloseTime="2009-02-23 11:29:00" Close="1.0551" Swap="-0.90" Profit="34.88" Comment=" (61)" />
        <deal Ticket="4035420" OpenTime="2009-02-10 20:20:00" DealType="-1" Lots="0.09" Symbol="6JH9" Open="1.1078" SL="1.1108" TP="1.1027" CloseTime="2009-02-11 06:42:00" Close="1.1110" Swap="-0.90" Profit="-36.00" Comment=" (62)" />
        <deal Ticket="4032883" OpenTime="2009-02-10 17:44:00" DealType="-1" Lots="0.09" Symbol="6JH9" Open="1.1056" SL="1.1086" TP="1.0955" CloseTime="2009-02-10 20:15:00" Close="1.1086" Swap="-0.90" Profit="-33.75" Comment=" (63)" />
        <deal Ticket="4032491" OpenTime="2009-02-10 17:36:00" DealType="-1" Lots="0.09" Symbol="6JH9" Open="1.1045" SL="1.1075" TP="1.0964" CloseTime="2009-02-10 17:41:00" Close="1.1074" Swap="-0.90" Profit="-32.63" Comment=" (64)" />
        <deal Ticket="4031749" OpenTime="2009-02-10 17:14:00" DealType="-1" Lots="0.09" Symbol="6JH9" Open="1.1020" SL="1.1050" TP="1.0979" CloseTime="2009-02-10 17:35:00" Close="1.1053" Swap="-0.90" Profit="-37.13" Comment=" (65)" />
        <deal Ticket="4026242" OpenTime="2009-02-10 11:31:00" DealType="1" Lots="0.09" Symbol="6JH9" Open="1.0974" SL="1.0944" TP="1.1005" CloseTime="2009-02-10 17:01:00" Close="1.0943" Swap="-0.90" Profit="-34.88" Comment=" (66)" />
        <deal Ticket="4006152" OpenTime="2009-02-06 17:57:00" DealType="-1" Lots="0.09" Symbol="6JH9" Open="1.0872" SL="1.0902" TP="1.0821" CloseTime="2009-02-06 19:42:00" Close="1.0857" Swap="-0.90" Profit="16.88" Comment=" (67)" />
        <deal Ticket="3990494" OpenTime="2009-02-05 16:52:00" DealType="1" Lots="0.09" Symbol="6JH9" Open="1.1100" SL="0.0000" TP="1.1121" CloseTime="2009-02-06 04:01:00" Close="1.1006" Swap="-0.90" Profit="-105.75" Comment=" (68)" />
        <deal Ticket="3992996" OpenTime="2009-02-05 18:36:00" DealType="1" Lots="0.09" Symbol="6JH9" Open="1.0919" SL="1.0887" TP="1.1020" CloseTime="2009-02-06 01:49:00" Close="1.1020" Swap="-0.90" Profit="113.63" Comment=" (69)" />
        <deal Ticket="3987424" OpenTime="2009-02-05 14:30:00" DealType="-1" Lots="0.09" Symbol="6JH9" Open="1.1155" SL="1.1185" TP="1.1124" CloseTime="2009-02-05 14:33:00" Close="1.1148" Swap="-0.90" Profit="7.88" Comment=" (70)" />
        <deal Ticket="3977636" OpenTime="2009-02-04 17:41:00" DealType="1" Lots="0.09" Symbol="6JH9" Open="1.1165" SL="1.1135" TP="1.1196" CloseTime="2009-02-04 21:46:00" Close="1.1196" Swap="-0.90" Profit="34.88" Comment=" (71)" />
        <deal Ticket="3965196" OpenTime="2009-02-03 18:41:00" DealType="-1" Lots="0.09" Symbol="6JH9" Open="1.1210" SL="1.1243" TP="1.1179" CloseTime="2009-02-04 01:37:00" Close="1.1179" Swap="-0.90" Profit="34.88" Comment=" (72)" />
        <deal Ticket="3963365" OpenTime="2009-02-03 16:34:00" DealType="-1" Lots="0.09" Symbol="6JH9" Open="1.1268" SL="1.1302" TP="1.1207" CloseTime="2009-02-03 16:48:00" Close="1.1244" Swap="-0.90" Profit="27.00" Comment=" (73)" />
        <deal Ticket="3962165" OpenTime="2009-02-03 15:32:00" DealType="1" Lots="0.09" Symbol="6JH9" Open="1.1245" SL="1.1213" TP="1.1296" CloseTime="2009-02-03 16:00:00" Close="1.1220" Swap="-0.90" Profit="-28.13" Comment=" (74)" />
        <deal Ticket="3962058" OpenTime="2009-02-03 15:28:00" DealType="-1" Lots="0.02" Symbol="6JH9" Open="1.1205" SL="1.1225" TP="1.1164" CloseTime="2009-02-03 15:32:00" Close="1.1225" Swap="-0.20" Profit="-5.00" Comment=" (75)" />
        <deal Ticket="3961838" OpenTime="2009-02-03 15:17:00" DealType="-1" Lots="0.09" Symbol="6JH9" Open="1.1191" SL="1.1212" TP="1.1140" CloseTime="2009-02-03 15:22:00" Close="1.1212" Swap="-0.90" Profit="-23.63" Comment=" (76)" />
        <deal Ticket="3952893" OpenTime="2009-02-02 19:16:00" DealType="1" Lots="0.09" Symbol="6JH9" Open="1.1162" SL="1.1132" TP="1.1210" CloseTime="2009-02-02 19:35:00" Close="1.1166" Swap="-0.90" Profit="4.50" Comment=" (77)" />
        <deal Ticket="3950538" OpenTime="2009-02-02 16:15:00" DealType="-1" Lots="0.09" Symbol="6JH9" Open="1.1144" SL="1.1199" TP="1.1093" CloseTime="2009-02-02 16:25:00" Close="1.1131" Swap="-0.90" Profit="14.63" Comment=" (78)" />
        <deal Ticket="3916138" OpenTime="2009-01-28 17:07:00" DealType="1" Lots="0.03" Symbol="6JH9" Open="1.1159" SL="1.1119" TP="1.1260" CloseTime="2009-01-28 17:21:00" Close="1.1173" Swap="-0.30" Profit="5.25" Comment=" (80)" />
        <deal Ticket="3836279" OpenTime="2009-01-20 19:15:00" DealType="1" Lots="0.03" Symbol="6JH9" Open="1.1116" SL="1.1046" TP="1.1167" CloseTime="2009-01-20 21:02:00" Close="1.1144" Swap="-0.30" Profit="10.50" Comment=" (81)" />
        <deal Ticket="3788004" OpenTime="2009-01-14 19:00:00" DealType="1" Lots="0.02" Symbol="ESH9" Open="840.75" SL="835.75" TP="851.00" CloseTime="2009-01-14 20:11:00" Close="842.25" Swap="-0.20" Profit="1.50" Comment=" (82)" />
        <deal Ticket="3784230" OpenTime="2009-01-14 14:41:00" DealType="1" Lots="0.02" Symbol="6JH9" Open="1.1220" SL="1.1175" TP="1.1271" CloseTime="2009-01-14 16:37:00" Close="1.1271" Swap="-0.20" Profit="12.75" Comment=" (83)" />
        <deal Ticket="3771478" OpenTime="2009-01-13 14:35:00" DealType="1" Lots="0.02" Symbol="ESH9" Open="864.25" SL="860.00" TP="874.50" CloseTime="2009-01-13 14:45:00" Close="864.50" Swap="-0.20" Profit="0.25" Comment=" (84)" />
        <deal Ticket="3760183" OpenTime="2009-01-12 16:07:00" DealType="-1" Lots="0.02" Symbol="ESH9" Open="877.25" SL="883.25" TP="867.00" CloseTime="2009-01-12 16:16:00" Close="876.75" Swap="-0.20" Profit="0.50" Comment=" (85)" />
        <deal Ticket="3759802" OpenTime="2009-01-12 15:44:00" DealType="-1" Lots="0.02" Symbol="YMH9" Open="8489.00000000" SL="0.00000000" TP="0.00000000" CloseTime="2009-01-12 15:45:00" Close="8488.00000000" Swap="-0.20" Profit="0.10" Comment=" (86)" />
        <deal Ticket="3694251" OpenTime="2009-01-05 12:41:00" DealType="-1" Lots="0.02" Symbol="ESH9" Open="925.25000000" SL="925.00000000" TP="912.00000000" CloseTime="2009-01-05 14:45:00" Close="918.25000000" Swap="-0.20" Profit="7.00" Comment=" (87)" />
        <deal Ticket="3611499" OpenTime="2008-12-18 18:26:00" DealType="-1" Lots="0.02" Symbol="ESZ8" Open="904.25" SL="0.00" TP="0.00" CloseTime="2008-12-18 18:27:00" Close="904.25" Swap="-0.20" Profit="0.00" Comment=" (88)" />
        <deal Ticket="3221325" OpenTime="2008-11-10 16:26:00" DealType="1" Lots="0.02" Symbol="ESZ8" Open="946.00" SL="0.00" TP="949.50" CloseTime="2008-12-18 18:27:00" Close="904.50" Swap="-0.20" Profit="-41.50" Comment=" (89)" />
        <deal Ticket="3503454" OpenTime="2008-12-08 21:06:00" DealType="-1" Lots="0.04" Symbol="ESZ8" Open="912.00" SL="0.00" TP="0.00" CloseTime="2008-12-08 21:46:00" Close="909.00" Swap="-0.40" Profit="6.00" Comment=" (90)" />
        <deal Ticket="3377286" OpenTime="2008-11-24 20:11:00" DealType="-1" Lots="0.02" Symbol="ESZ8" Open="831.75" SL="0.00" TP="821.50" CloseTime="2008-12-01 21:38:00" Close="831.00" Swap="-0.20" Profit="0.75" Comment=" (91)" />
        <deal Ticket="3377559" OpenTime="2008-11-24 20:31:00" DealType="1" Lots="0.02" Symbol="ESZ8" Open="844.50" SL="0.00" TP="864.25" CloseTime="2008-11-24 21:05:00" Close="844.25" Swap="-0.20" Profit="-0.25" Comment=" (92)" />
        <deal Ticket="3312516" OpenTime="2008-11-18 12:40:00" DealType="-1" Lots="0.02" Symbol="ESZ8" Open="830.25" SL="0.00" TP="820.00" CloseTime="2008-11-19 18:17:00" Close="829.50" Swap="-0.20" Profit="0.75" Comment=" (93)" />
        <deal Ticket="3283992" OpenTime="2008-11-14 14:18:00" DealType="-1" Lots="0.02" Symbol="ESZ8" Open="889.00" SL="0.00" TP="878.75" CloseTime="2008-11-14 16:42:00" Close="878.75" Swap="-0.20" Profit="10.25" Comment=" (94)" />
        <deal Ticket="3271746" OpenTime="2008-11-13 18:49:00" DealType="-1" Lots="0.02" Symbol="ESZ8" Open="836.25" SL="0.00" TP="0.00" CloseTime="2008-11-13 18:54:00" Close="829.75" Swap="-0.20" Profit="6.50" Comment=" (95)" />
        <deal Ticket="3259142" OpenTime="2008-11-13 07:15:00" DealType="1" Lots="0.02" Symbol="ESZ8" Open="851.50" SL="0.00" TP="861.75" CloseTime="2008-11-13 10:16:00" Close="861.75" Swap="-0.20" Profit="10.25" Comment=" (96)" />
        <deal Ticket="3222629" OpenTime="2008-11-10 17:48:00" DealType="-1" Lots="0.02" Symbol="ESZ8" Open="927.25" SL="0.00" TP="0.00" CloseTime="2008-11-10 17:51:00" Close="927.00" Swap="-0.20" Profit="0.25" Comment=" (97)" />
        <deal Ticket="3221406" OpenTime="2008-11-10 16:33:00" DealType="-1" Lots="0.02" Symbol="ESZ8" Open="939.25" SL="0.00" TP="0.00" CloseTime="2008-11-10 16:47:00" Close="938.50" Swap="-0.20" Profit="0.75" Comment=" (98)" />
        <deal Ticket="3111149" OpenTime="2008-10-30 16:53:00" DealType="-1" Lots="0.02" Symbol="ESZ8" Open="928.75000000" SL="0.00000000" TP="913.50000000" CloseTime="2008-11-06 17:13:00" Close="925.00000000" Swap="-0.20" Profit="3.75" Comment=" (99)" />
        <deal Ticket="3094944" OpenTime="2008-10-29 20:32:00" DealType="-1" Lots="0.02" Symbol="ESZ8" Open="930.00000000" SL="0.00000000" TP="914.75000000" CloseTime="2008-10-29 21:59:00" Close="921.75000000" Swap="-0.20" Profit="8.25" Comment=" (100)" />
        <deal Ticket="3093731" OpenTime="2008-10-29 19:35:00" DealType="1" Lots="0.02" Symbol="ESZ8" Open="952.00000000" SL="0.00000000" TP="0.00000000" CloseTime="2008-10-29 21:24:00" Close="964.25000000" Swap="-0.20" Profit="12.25" Comment=" (101)" />
        <deal Ticket="3094582" OpenTime="2008-10-29 20:22:00" DealType="-1" Lots="0.02" Symbol="ESZ8" Open="940.50000000" SL="0.00000000" TP="0.00000000" CloseTime="2008-10-29 20:22:00" Close="939.00000000" Swap="-0.20" Profit="1.50" Comment=" (102)" />
        <deal Ticket="3001060" OpenTime="2008-10-22 16:36:00" DealType="1" Lots="0.02" Symbol="ESZ8" Open="922.50000000" SL="0.00000000" TP="947.75000000" CloseTime="2008-10-28 22:00:00" Close="939.25000000" Swap="-0.20" Profit="16.75" Comment=" (103)" />
        <deal Ticket="3000819" OpenTime="2008-10-22 16:26:00" DealType="-1" Lots="0.02" Symbol="ESZ8" Open="914.50" SL="0.00" TP="0.00" CloseTime="2008-10-22 16:36:00" Close="922.00" Swap="-0.20" Profit="-7.50" Comment=" (104)" />
        <deal Ticket="2963329" OpenTime="2008-10-17 19:24:00" DealType="1" Lots="0.01" Symbol="ESZ8" Open="975.75000000" SL="0.00000000" TP="986.00000000" CloseTime="2008-10-17 19:40:00" Close="986.00000000" Swap="-0.10" Profit="5.13" Comment=" (105)" />
        <deal Ticket="2961856" OpenTime="2008-10-17 17:08:00" DealType="1" Lots="0.02" Symbol="ESZ8" Open="956.50000000" SL="959.25000000" TP="993.25000000" CloseTime="2008-10-17 19:13:00" Close="967.25000000" Swap="-0.20" Profit="10.75" Comment=" (106)" />
        <deal Ticket="2932465" OpenTime="2008-10-15 16:51:00" DealType="-1" Lots="0.02" Symbol="ESZ8" Open="954.75000000" SL="0.00000000" TP="939.50000000" CloseTime="2008-10-15 19:34:00" Close="939.50000000" Swap="-0.20" Profit="15.25" Comment=" (107)" />
        <deal Ticket="2919322" OpenTime="2008-10-14 16:38:00" DealType="-1" Lots="0.01" Symbol="ESZ8" Open="1012.50000000" SL="0.00000000" TP="0.00000000" CloseTime="2008-10-14 16:42:00" Close="1007.00000000" Swap="-0.10" Profit="2.75" Comment=" (108)" />
        <deal Ticket="2917237" OpenTime="2008-10-14 15:02:00" DealType="-1" Lots="0.02" Symbol="ESZ8" Open="1052.00000000" SL="0.00000000" TP="0.00000000" CloseTime="2008-10-14 16:01:00" Close="1026.75000000" Swap="-0.20" Profit="25.25" Comment=" (109)" />
        <deal Ticket="2916920" OpenTime="2008-10-14 14:41:00" DealType="1" Lots="0.01" Symbol="ESZ8" Open="1066.25" SL="0.00" TP="0.00" CloseTime="2008-10-14 15:09:00" Close="1050.25" Swap="-0.10" Profit="-8.00" Comment=" (110)" />
        <deal Ticket="2905524" OpenTime="2008-10-13 16:29:00" DealType="1" Lots="0.01" Symbol="ESZ8" Open="952.50000000" SL="0.00000000" TP="0.00000000" CloseTime="2008-10-13 17:30:00" Close="955.00000000" Swap="-0.10" Profit="1.25" Comment=" (111)" />
        <deal Ticket="2890995" OpenTime="2008-10-10 16:07:00" DealType="1" Lots="0.01" Symbol="ESZ8" Open="912.50000000" SL="0.00000000" TP="952.75000000" CloseTime="2008-10-10 21:31:00" Close="918.25000000" Swap="-0.10" Profit="2.88" Comment=" (112)" />
        <deal Ticket="2892891" OpenTime="2008-10-10 17:55:00" DealType="-1" Lots="0.02" Symbol="ESZ8" Open="858.25000000" SL="0.00000000" TP="0.00000000" CloseTime="2008-10-10 20:05:00" Close="856.50000000" Swap="-0.20" Profit="1.75" Comment=" (113)" />
        <deal Ticket="2891663" OpenTime="2008-10-10 16:35:00" DealType="-1" Lots="0.02" Symbol="ESZ8" Open="886.00000000" SL="0.00000000" TP="0.00000000" CloseTime="2008-10-10 16:37:00" Close="886.50000000" Swap="-0.20" Profit="-0.50" Comment=" (114)" />
        <deal Ticket="2890911" OpenTime="2008-10-10 16:04:00" DealType="1" Lots="0.01" Symbol="ESZ8" Open="895.75000000" SL="0.00000000" TP="0.00000000" CloseTime="2008-10-10 16:06:00" Close="903.50000000" Swap="-0.10" Profit="3.88" Comment=" (115)" />
        <deal Ticket="2889705" OpenTime="2008-10-10 14:59:00" DealType="-1" Lots="0.01" Symbol="ESZ8" Open="871.50000000" SL="0.00000000" TP="0.00000000" CloseTime="2008-10-10 15:37:00" Close="839.50000000" Swap="-0.10" Profit="16.00" Comment=" (116)" />
        <deal Ticket="2877525" OpenTime="2008-10-09 16:44:00" DealType="-1" Lots="0.01" Symbol="ESZ8" Open="977.00000000" SL="0.00000000" TP="0.00000000" CloseTime="2008-10-09 19:52:00" Close="974.00000000" Swap="-0.10" Profit="1.50" Comment=" (117)" />
        <deal Ticket="2829860" OpenTime="2008-10-06 17:26:00" DealType="1" Lots="0.01" Symbol="ES" Open="1060.50000000" SL="0.00000000" TP="1069.50000000" CloseTime="2008-10-07 06:48:00" Close="1069.50000000" Swap="-0.25" Profit="4.50" Comment=" (118)" />
        <deal Ticket="2828870" OpenTime="2008-10-06 16:43:00" DealType="-1" Lots="0.01" Symbol="ES" Open="1037.75" SL="0.00" TP="0.00" CloseTime="2008-10-06 16:44:00" Close="1032.50" Swap="-0.25" Profit="2.63" Comment=" (119)" />
        <deal Ticket="2814781" OpenTime="2008-10-03 19:08:00" DealType="1" Lots="0.01" Symbol="ES" Open="1158.00000000" SL="0.00000000" TP="0.00000000" CloseTime="2008-10-03 19:09:00" Close="1159.25000000" Swap="-0.25" Profit="0.63" Comment=" (120)" />
        <deal Ticket="2788108" OpenTime="2008-10-01 18:49:00" DealType="1" Lots="0.01" Symbol="ES" Open="1168.00000000" SL="1143.50000000" TP="0.00000000" CloseTime="2008-10-01 20:48:00" Close="1171.25000000" Swap="-0.25" Profit="1.63" Comment=" (121)" />
        <deal Ticket="2780646" OpenTime="2008-10-01 09:18:00" DealType="1" Lots="0.01" Symbol="NZDJPY" Open="71.59" SL="70.34" TP="72.60" CloseTime="2008-10-01 10:22:00" Close="71.74" Swap="0.00" Profit="1.41" Comment=" (122)" />
        <deal Ticket="2773038" OpenTime="2008-09-30 15:42:00" DealType="1" Lots="0.01" Symbol="ES" Open="1140.50" SL="1111.00" TP="1171.00" CloseTime="2008-09-30 16:50:00" Close="1149.50" Swap="-0.25" Profit="4.50" Comment=" (123)" />
        <deal Ticket="2756508" OpenTime="2008-09-29 15:52:00" DealType="-1" Lots="0.10" Symbol="ES" Open="1181.50" SL="0.00" TP="0.00" CloseTime="2008-09-29 15:54:00" Close="1176.25" Swap="-2.50" Profit="26.25" Comment=" (124)" />
        <deal Ticket="2756435" OpenTime="2008-09-29 15:48:00" DealType="-1" Lots="0.10" Symbol="ES" Open="1184.75" SL="0.00" TP="0.00" CloseTime="2008-09-29 15:50:00" Close="1183.50" Swap="-2.50" Profit="6.25" Comment=" (125)" />
        <deal Ticket="2693206" OpenTime="2008-09-22 19:21:00" DealType="-1" Lots="0.01" Symbol="ES" Open="1226.00" SL="1237.50" TP="0.00" CloseTime="2008-09-22 20:59:00" Close="1221.50" Swap="-0.25" Profit="2.25" Comment=" (126)" />
        <deal Ticket="1376752" OpenTime="2008-03-20 17:35:00" DealType="-1" Lots="0.03" Symbol="GBPJPY" Open="195.39" SL="0.00" TP="190.99" CloseTime="2008-07-23 04:06:00" Close="214.16" Swap="0.00" Profit="-524.26" Comment=" (128)" />
        <deal Ticket="1868283" OpenTime="2008-06-09 10:55:00" DealType="1" Lots="0.06" Symbol="GBPJPY" Open="208.54" SL="206.78" TP="209.24" CloseTime="2008-06-09 11:29:00" Close="208.85" Swap="0.00" Profit="17.58" Comment=" (129)" />
        <deal Ticket="1788360" OpenTime="2008-05-27 20:51:00" DealType="1" Lots="0.06" Symbol="GBPJPY" Open="206.07" SL="204.09" TP="206.95" CloseTime="2008-05-27 21:04:00" Close="206.11" Swap="0.00" Profit="2.30" Comment=" (130)" />
        <deal Ticket="1377823" OpenTime="2008-03-20 19:29:00" DealType="1" Lots="0.06" Symbol="GBPJPY" Open="196.24" SL="0.00" TP="0.00" CloseTime="2008-03-20 20:15:00" Close="196.34" Swap="0.00" Profit="6.06" Comment=" (131)" />
        <deal Ticket="1340120" OpenTime="2008-03-17 08:17:00" DealType="-1" Lots="0.04" Symbol="6J" Open="1.0318" SL="1.0500" TP="1.0215" CloseTime="2008-03-18 15:36:00" Close="1.0215" Swap="-0.80" Profit="51.50" Comment=" (132)" />
        <deal Ticket="989730" OpenTime="2008-01-22 09:07:00" DealType="-1" Lots="0.04" Symbol="NZDJPY" Open="78.19" SL="0.00" TP="0.00" CloseTime="2008-03-17 07:25:00" Close="77.70" Swap="0.00" Profit="20.28" Comment=" (133)" />
        <deal Ticket="1332372" OpenTime="2008-03-14 13:55:00" DealType="-1" Lots="0.04" Symbol="GBPJPY" Open="203.55" SL="204.35" TP="202.49" CloseTime="2008-03-14 14:30:00" Close="204.35" Swap="0.00" Profit="-31.77" Comment=" (134)" />
        <deal Ticket="1259141" OpenTime="2008-03-04 17:08:00" DealType="-1" Lots="0.04" Symbol="6A" Open="0.9273" SL="0.9350" TP="0.9169" CloseTime="2008-03-04 17:47:00" Close="0.9214" Swap="-0.80" Profit="23.60" Comment=" (135)" />
        <deal Ticket="1234255" OpenTime="2008-02-28 15:24:00" DealType="1" Lots="0.02" Symbol="6J" Open="0.9461" SL="0.9464" TP="0.9563" CloseTime="2008-02-29 00:50:00" Close="0.9563" Swap="-0.40" Profit="25.50" Comment=" (136)" />
        <deal Ticket="1234280" OpenTime="2008-02-28 15:28:00" DealType="-1" Lots="0.02" Symbol="USDJPY" Open="105.82" SL="105.79" TP="104.80" CloseTime="2008-02-29 00:49:00" Close="104.80" Swap="0.00" Profit="19.47" Comment=" (137)" />
        <deal Ticket="1219610" OpenTime="2008-02-26 15:08:00" DealType="1" Lots="0.02" Symbol="6J" Open="0.9297" SL="0.9261" TP="0.9364" CloseTime="2008-02-26 19:25:00" Close="0.9331" Swap="-0.40" Profit="8.50" Comment=" (138)" />
        <deal Ticket="1086073" OpenTime="2008-02-06 08:54:00" DealType="-1" Lots="0.02" Symbol="6C" Open="0.9897" SL="0.9990" TP="0.9795" CloseTime="2008-02-07 20:39:00" Close="0.9874" Swap="-0.40" Profit="4.60" Comment=" (139)" />
        <deal Ticket="1096928" OpenTime="2008-02-07 13:52:00" DealType="-1" Lots="0.01" Symbol="FDAX" Open="6736.00000000" SL="6927.50000000" TP="6620.50000000" CloseTime="2008-02-07 14:47:00" Close="6718.50000000" Swap="-0.25" Profit="6.36" Comment=" (140)" />
        <deal Ticket="1010961" OpenTime="2008-01-23 20:26:00" DealType="1" Lots="0.08" Symbol="NZDJPY" Open="80.43" SL="0.00" TP="81.43" CloseTime="2008-01-23 21:35:00" Close="81.43" Swap="0.00" Profit="75.19" Comment=" (141)" />
        <deal Ticket="1004670" OpenTime="2008-01-23 11:30:00" DealType="-1" Lots="0.04" Symbol="NZDJPY" Open="80.86" SL="0.00" TP="80.56" CloseTime="2008-01-23 12:06:00" Close="80.56" Swap="0.00" Profit="11.34" Comment=" (142)" />
        <deal Ticket="990875" OpenTime="2008-01-22 10:10:00" DealType="1" Lots="0.08" Symbol="NZDJPY" Open="79.85" SL="0.00" TP="80.95" CloseTime="2008-01-22 14:20:00" Close="80.95" Swap="0.00" Profit="82.45" Comment=" (143)" />
        <deal Ticket="989965" OpenTime="2008-01-22 09:22:00" DealType="1" Lots="0.04" Symbol="NZDJPY" Open="78.74" SL="0.00" TP="0.00" CloseTime="2008-01-22 09:28:00" Close="79.13" Swap="0.00" Profit="14.67" Comment=" (144)" />
        <deal Ticket="981102" OpenTime="2008-01-21 08:47:00" DealType="-1" Lots="0.04" Symbol="AUDJPY" Open="92.66" SL="0.00" TP="91.91" CloseTime="2008-01-21 11:23:00" Close="92.35" Swap="0.00" Profit="11.69" Comment=" (145)" />
        <deal Ticket="959703" OpenTime="2008-01-16 21:30:00" DealType="-1" Lots="0.04" Symbol="6C" Open="0.9765" SL="0.0000" TP="0.9723" CloseTime="2008-01-17 17:38:00" Close="0.9723" Swap="-0.80" Profit="16.80" Comment=" (146)" />
        <deal Ticket="950111" OpenTime="2008-01-15 22:22:00" DealType="-1" Lots="0.02" Symbol="NZDJPY" Open="82.87" SL="0.00" TP="80.70" CloseTime="2008-01-16 08:01:00" Close="82.43" Swap="0.00" Profit="8.30" Comment=" (147)" />
        <deal Ticket="950110" OpenTime="2008-01-15 22:04:00" DealType="-1" Lots="0.02" Symbol="AUDJPY" Open="94.31" SL="0.00" TP="92.99" CloseTime="2008-01-16 08:00:00" Close="93.57" Swap="0.00" Profit="13.95" Comment=" (148)" />
        <deal Ticket="939894" OpenTime="2008-01-14 13:14:00" DealType="1" Lots="0.03" Symbol="6J" Open="0.9363" SL="0.0000" TP="0.9465" CloseTime="2008-01-16 05:10:00" Close="0.9465" Swap="-0.60" Profit="38.25" Comment=" (149)" />
        <deal Ticket="948965" OpenTime="2008-01-15 18:04:00" DealType="-1" Lots="0.03" Symbol="6J" Open="0.9380" SL="0.0000" TP="0.0000" CloseTime="2008-01-15 20:59:00" Close="0.9395" Swap="-0.60" Profit="-5.63" Comment=" (150)" />
        <deal Ticket="922062" OpenTime="2008-01-09 18:01:00" DealType="-1" Lots="0.01" Symbol="ZW" Open="895.00000000" SL="0.00000000" TP="883.00000000" CloseTime="2008-01-10 01:33:00" Close="883.00000000" Swap="-0.30" Profit="6.00" Comment=" (151)" />
        <deal Ticket="895726" OpenTime="2008-01-03 10:10:00" DealType="-1" Lots="0.02" Symbol="NZDJPY" Open="84.71" SL="0.00" TP="82.61" CloseTime="2008-01-07 15:15:00" Close="83.51" Swap="0.00" Profit="22.00" Comment=" (152)" />
        <deal Ticket="895728" OpenTime="2008-01-03 15:34:00" DealType="-1" Lots="0.02" Symbol="AUDJPY" Open="96.57" SL="0.00" TP="94.47" CloseTime="2008-01-04 21:55:00" Close="94.47" Swap="0.00" Profit="38.69" Comment=" (153)" />
        <deal Ticket="693642" OpenTime="2007-11-08 12:51:00" DealType="1" Lots="0.01" Symbol="NZDJPY" Open="87.90" SL="0.00" TP="87.92" CloseTime="2007-12-12 14:46:00" Close="87.92" Swap="0.00" Profit="0.18" Comment=" (154)" />
        <deal Ticket="690116" OpenTime="2007-11-07 20:28:00" DealType="1" Lots="0.01" Symbol="NZDJPY" Open="88.33" SL="0.00" TP="87.92" CloseTime="2007-12-12 14:46:00" Close="87.92" Swap="0.00" Profit="-3.68" Comment=" (155)" />
        <deal Ticket="827854" OpenTime="2007-12-11 15:07:00" DealType="-1" Lots="0.04" Symbol="NZDJPY" Open="87.71" SL="0.00" TP="0.00" CloseTime="2007-12-11 16:01:00" Close="87.65" Swap="0.00" Profit="2.15" Comment=" (156)" />
        <deal Ticket="808899" OpenTime="2007-12-06 07:07:00" DealType="1" Lots="0.02" Symbol="NZDJPY" Open="85.69" SL="0.00" TP="87.79" CloseTime="2007-12-07 04:41:00" Close="86.63" Swap="0.00" Profit="16.89" Comment=" (157)" />
        <deal Ticket="792551" OpenTime="2007-12-03 07:35:00" DealType="1" Lots="0.02" Symbol="NZDJPY" Open="84.62" SL="0.00" TP="86.62" CloseTime="2007-12-05 18:31:00" Close="85.18" Swap="0.00" Profit="10.11" Comment=" (158)" />
        <deal Ticket="782720" OpenTime="2007-11-29 16:55:00" DealType="-1" Lots="0.02" Symbol="NZDJPY" Open="84.30" SL="0.00" TP="84.10" CloseTime="2007-12-03 07:35:00" Close="84.63" Swap="0.00" Profit="-5.96" Comment=" (159)" />
        <deal Ticket="743721" OpenTime="2007-11-21 05:47:00" DealType="-1" Lots="0.01" Symbol="AUDJPY" Open="96.71" SL="0.00" TP="96.51" CloseTime="2007-11-21 06:13:00" Close="96.51" Swap="0.00" Profit="1.84" Comment=" (160)" />
        <deal Ticket="710985" OpenTime="2007-11-13 10:53:00" DealType="-1" Lots="0.01" Symbol="NZDJPY" Open="82.78" SL="0.00" TP="82.31" CloseTime="2007-11-19 23:31:00" Close="82.31" Swap="0.00" Profit="4.29" Comment=" (161)" />
        <deal Ticket="709851" OpenTime="2007-11-13 12:11:00" DealType="1" Lots="0.01" Symbol="NZDJPY" Open="83.58" SL="82.35" TP="83.98" CloseTime="2007-11-13 20:52:00" Close="83.80" Swap="0.00" Profit="1.99" Comment=" (162)" />
        <deal Ticket="678105" OpenTime="2007-11-05 12:13:00" DealType="-1" Lots="0.01" Symbol="NZDJPY" Open="87.16" SL="0.00" TP="86.96" CloseTime="2007-11-07 23:14:00" Close="86.96" Swap="0.00" Profit="1.78" Comment=" (163)" />
        <deal Ticket="690415" OpenTime="2007-11-07 21:53:00" DealType="-1" Lots="0.01" Symbol="NZDJPY" Open="87.87" SL="0.00" TP="0.00" CloseTime="2007-11-07 22:59:00" Close="87.32" Swap="0.00" Profit="4.88" Comment=" (164)" />
        <deal Ticket="689918" OpenTime="2007-11-07 19:31:00" DealType="1" Lots="0.01" Symbol="NZDJPY" Open="88.04" SL="0.00" TP="0.00" CloseTime="2007-11-07 20:26:00" Close="88.11" Swap="0.00" Profit="0.62" Comment=" (165)" />
        <deal Ticket="689805" OpenTime="2007-11-07 19:17:00" DealType="-1" Lots="0.01" Symbol="AUDJPY" Open="105.52" SL="106.62" TP="105.12" CloseTime="2007-11-07 19:20:00" Close="105.24" Swap="0.00" Profit="2.48" Comment=" (166)" />
        <deal Ticket="684720" OpenTime="2007-11-06 22:08:00" DealType="1" Lots="0.01" Symbol="NZDJPY" Open="89.39" SL="89.41" TP="0.00" CloseTime="2007-11-07 06:50:00" Close="89.41" Swap="0.00" Profit="0.17" Comment=" (167)" />
        <deal Ticket="684561" OpenTime="2007-11-06 21:03:00" DealType="1" Lots="0.01" Symbol="NZDJPY" Open="89.31" SL="89.41" TP="0.00" CloseTime="2007-11-07 06:50:00" Close="89.41" Swap="0.00" Profit="0.87" Comment=" (168)" />
        <deal Ticket="683573" OpenTime="2007-11-06 16:49:00" DealType="-1" Lots="0.01" Symbol="CHFJPY" Open="99.98" SL="100.32" TP="99.78" CloseTime="2007-11-06 16:58:00" Close="99.89" Swap="0.00" Profit="0.79" Comment=" (169)" />
        <deal Ticket="683617" OpenTime="2007-11-06 16:49:00" DealType="-1" Lots="0.01" Symbol="NZDJPY" Open="88.66" SL="89.09" TP="88.46" CloseTime="2007-11-06 16:57:00" Close="88.46" Swap="0.00" Profit="1.75" Comment=" (170)" />
        <deal Ticket="669360" OpenTime="2007-11-01 22:41:00" DealType="-1" Lots="0.01" Symbol="CHFJPY" Open="98.92" SL="100.21" TP="98.67" CloseTime="2007-11-06 12:12:00" Close="100.21" Swap="0.00" Profit="-11.25" Comment=" (171)" />
        <deal Ticket="680220" OpenTime="2007-11-05 21:30:00" DealType="-1" Lots="0.01" Symbol="NZDJPY" Open="88.23" SL="88.36" TP="88.06" CloseTime="2007-11-05 22:17:00" Close="88.06" Swap="0.00" Profit="1.49" Comment=" (172)" />
        <deal Ticket="669300" OpenTime="2007-11-01 22:18:00" DealType="-1" Lots="0.01" Symbol="AUDJPY" Open="104.67" SL="0.00" TP="104.52" CloseTime="2007-11-01 22:33:00" Close="104.56" Swap="0.00" Profit="0.96" Comment=" (173)" />
    </deals>
    <balances>
        <balance Ticket="3939651" Amount="585.25" Date="2009-01-30 16:50:00" />
        <balance Ticket="2538981" Amount="161.05" Date="2008-09-07 13:00:00" />
        <balance Ticket="642224" Amount="202.46" Date="2007-10-25 16:41:00" />
        <balance Ticket="642199" Amount="8.40" Date="2007-10-25 16:37:00" />
    </balances>
</account>