﻿<?xml version="1.0" encoding="utf-8"?>
<account Id="11531" Broker="" Account="" Trader="" Login="" InitBalance="36000.00">
    <deals>
        <deal Ticket="22562548" OpenTime="2009-11-19 01:57:00" DealType="1" Lots="1.30" Symbol="EURUSD" Open="1.4946" SL="1.4596" TP="1.4951" CloseTime="2009-11-23 08:15:00" Close="1.4951" Swap="0.00" Profit="65.00" Comment="EuroEA v2.0[tp] (7)" />
        <deal Ticket="22562544" OpenTime="2009-11-19 01:57:00" DealType="1" Lots="1.34" Symbol="EURUSD" Open="1.4946" SL="1.4596" TP="1.4951" CloseTime="2009-11-23 08:15:00" Close="1.4951" Swap="0.00" Profit="67.00" Comment="EuroEA v2.0[tp] (8)" />
        <deal Ticket="22562526" OpenTime="2009-11-19 01:56:00" DealType="1" Lots="1.38" Symbol="EURUSD" Open="1.4946" SL="1.4596" TP="1.4951" CloseTime="2009-11-23 08:15:00" Close="1.4951" Swap="0.00" Profit="69.00" Comment="EuroEA v2.0[tp] (9)" />
        <deal Ticket="22562511" OpenTime="2009-11-19 01:56:00" DealType="1" Lots="1.43" Symbol="EURUSD" Open="1.4946" SL="1.4596" TP="1.4951" CloseTime="2009-11-23 08:15:00" Close="1.4951" Swap="0.00" Profit="71.50" Comment="EuroEA v2.0[tp] (10)" />
        <deal Ticket="22562454" OpenTime="2009-11-19 01:55:00" DealType="1" Lots="1.47" Symbol="EURUSD" Open="1.4946" SL="1.4596" TP="1.4951" CloseTime="2009-11-23 08:15:00" Close="1.4951" Swap="0.00" Profit="73.50" Comment="EuroEA v2.0[tp] (11)" />
        <deal Ticket="22562503" OpenTime="2009-11-19 01:55:00" DealType="1" Lots="1.47" Symbol="EURUSD" Open="1.4946" SL="1.4596" TP="1.4951" CloseTime="2009-11-23 08:15:00" Close="1.4951" Swap="0.00" Profit="73.50" Comment="EuroEA v2.0[tp] (12)" />
        <deal Ticket="22562489" OpenTime="2009-11-19 01:55:00" DealType="1" Lots="1.47" Symbol="EURUSD" Open="1.4946" SL="1.4596" TP="1.4951" CloseTime="2009-11-23 08:15:00" Close="1.4951" Swap="0.00" Profit="73.50" Comment="EuroEA v2.0[tp] (13)" />
        <deal Ticket="22823263" OpenTime="2009-11-23 04:57:00" DealType="1" Lots="1.15" Symbol="EURUSD" Open="1.4945" SL="1.4595" TP="1.4950" CloseTime="2009-11-23 08:04:00" Close="1.4950" Swap="0.00" Profit="57.50" Comment="EuroEA v2.0[tp] (14)" />
        <deal Ticket="22823754" OpenTime="2009-11-23 04:59:00" DealType="1" Lots="0.98" Symbol="EURUSD" Open="1.4944" SL="1.4594" TP="1.4949" CloseTime="2009-11-23 08:03:00" Close="1.4949" Swap="0.00" Profit="49.00" Comment="EuroEA v2.0[tp] (15)" />
        <deal Ticket="22823611" OpenTime="2009-11-23 04:58:00" DealType="1" Lots="1.05" Symbol="EURUSD" Open="1.4944" SL="1.4594" TP="1.4949" CloseTime="2009-11-23 08:03:00" Close="1.4949" Swap="0.00" Profit="52.50" Comment="EuroEA v2.0[tp] (16)" />
        <deal Ticket="22823661" OpenTime="2009-11-23 04:58:00" DealType="1" Lots="1.01" Symbol="EURUSD" Open="1.4944" SL="1.4594" TP="1.4949" CloseTime="2009-11-23 08:03:00" Close="1.4949" Swap="0.00" Profit="50.50" Comment="EuroEA v2.0[tp] (17)" />
        <deal Ticket="22823509" OpenTime="2009-11-23 04:57:00" DealType="1" Lots="1.11" Symbol="EURUSD" Open="1.4944" SL="1.4594" TP="1.4949" CloseTime="2009-11-23 08:03:00" Close="1.4949" Swap="0.00" Profit="55.50" Comment="EuroEA v2.0[tp] (18)" />
        <deal Ticket="22823565" OpenTime="2009-11-23 04:57:00" DealType="1" Lots="1.08" Symbol="EURUSD" Open="1.4944" SL="1.4594" TP="1.4949" CloseTime="2009-11-23 08:03:00" Close="1.4949" Swap="0.00" Profit="54.00" Comment="EuroEA v2.0[tp] (19)" />
        <deal Ticket="22823121" OpenTime="2009-11-23 04:56:00" DealType="1" Lots="1.18" Symbol="EURUSD" Open="1.4944" SL="1.4594" TP="1.4949" CloseTime="2009-11-23 08:03:00" Close="1.4949" Swap="0.00" Profit="59.00" Comment="EuroEA v2.0[tp] (20)" />
        <deal Ticket="22823006" OpenTime="2009-11-23 04:56:00" DealType="1" Lots="1.21" Symbol="EURUSD" Open="1.4943" SL="1.4592" TP="1.4947" CloseTime="2009-11-23 08:02:00" Close="1.4947" Swap="0.00" Profit="48.40" Comment="EuroEA v2.0[tp] (21)" />
        <deal Ticket="22822438" OpenTime="2009-11-23 04:56:00" DealType="1" Lots="1.28" Symbol="EURUSD" Open="1.4938" SL="1.4588" TP="1.4947" CloseTime="2009-11-23 05:53:00" Close="1.4944" Swap="0.00" Profit="76.80" Comment="EuroEA v2.0 (22)" />
        <deal Ticket="22822809" OpenTime="2009-11-23 04:56:00" DealType="1" Lots="1.25" Symbol="EURUSD" Open="1.4941" SL="1.4591" TP="1.4946" CloseTime="2009-11-23 05:40:00" Close="1.4946" Swap="0.00" Profit="62.50" Comment="EuroEA v2.0[tp] (23)" />
        <deal Ticket="22390908" OpenTime="2009-11-17 13:01:00" DealType="-1" Lots="0.20" Symbol="USDJPY" Open="89.17" SL="96.87" TP="88.27" CloseTime="2009-11-20 08:13:00" Close="88.83" Swap="0.00" Profit="76.55" Comment="PyramidEA (24)" />
        <deal Ticket="22321897" OpenTime="2009-11-16 20:10:00" DealType="-1" Lots="0.10" Symbol="USDJPY" Open="88.76" SL="96.86" TP="87.86" CloseTime="2009-11-20 08:13:00" Close="88.84" Swap="0.00" Profit="-9.00" Comment="PyramidEA (25)" />
        <deal Ticket="22672690" OpenTime="2009-11-19 20:24:00" DealType="1" Lots="1.08" Symbol="EURUSD" Open="1.4915" SL="1.4565" TP="1.4924" CloseTime="2009-11-19 21:43:00" Close="1.4924" Swap="0.00" Profit="97.20" Comment="EuroEA v2.0[tp] (26)" />
        <deal Ticket="22672711" OpenTime="2009-11-19 20:24:00" DealType="1" Lots="1.05" Symbol="EURUSD" Open="1.4916" SL="1.4566" TP="1.4925" CloseTime="2009-11-19 21:43:00" Close="1.4925" Swap="0.00" Profit="94.50" Comment="EuroEA v2.0[tp] (27)" />
        <deal Ticket="22672594" OpenTime="2009-11-19 20:23:00" DealType="1" Lots="1.18" Symbol="EURUSD" Open="1.4916" SL="1.4566" TP="1.4925" CloseTime="2009-11-19 21:43:00" Close="1.4925" Swap="0.00" Profit="106.20" Comment="EuroEA v2.0[tp] (28)" />
        <deal Ticket="22672614" OpenTime="2009-11-19 20:23:00" DealType="1" Lots="1.15" Symbol="EURUSD" Open="1.4916" SL="1.4566" TP="1.4925" CloseTime="2009-11-19 21:43:00" Close="1.4925" Swap="0.00" Profit="103.50" Comment="EuroEA v2.0[tp] (29)" />
        <deal Ticket="22672637" OpenTime="2009-11-19 20:23:00" DealType="1" Lots="1.11" Symbol="EURUSD" Open="1.4917" SL="1.4566" TP="1.4925" CloseTime="2009-11-19 21:43:00" Close="1.4925" Swap="0.00" Profit="88.80" Comment="EuroEA v2.0[tp] (30)" />
        <deal Ticket="22672562" OpenTime="2009-11-19 20:22:00" DealType="1" Lots="1.22" Symbol="EURUSD" Open="1.4915" SL="1.4565" TP="1.4924" CloseTime="2009-11-19 21:43:00" Close="1.4924" Swap="0.00" Profit="109.80" Comment="EuroEA v2.0[tp] (31)" />
        <deal Ticket="22509201" OpenTime="2009-11-18 15:04:00" DealType="-1" Lots="1.31" Symbol="EURUSD" Open="1.4923" SL="1.5273" TP="1.4918" CloseTime="2009-11-19 03:16:00" Close="1.4918" Swap="0.00" Profit="65.50" Comment="EuroEA v2.0[tp] (32)" />
        <deal Ticket="22508712" OpenTime="2009-11-18 15:03:00" DealType="-1" Lots="1.57" Symbol="EURUSD" Open="1.4924" SL="1.5274" TP="1.4919" CloseTime="2009-11-19 03:15:00" Close="1.4919" Swap="0.00" Profit="78.50" Comment="EuroEA v2.0[tp] (33)" />
        <deal Ticket="22509053" OpenTime="2009-11-18 15:04:00" DealType="-1" Lots="1.34" Symbol="EURUSD" Open="1.4925" SL="1.5275" TP="1.4920" CloseTime="2009-11-18 15:05:00" Close="1.4920" Swap="0.00" Profit="67.00" Comment="EuroEA v2.0[tp] (34)" />
        <deal Ticket="22508954" OpenTime="2009-11-18 15:04:00" DealType="-1" Lots="1.38" Symbol="EURUSD" Open="1.4926" SL="1.5276" TP="1.4921" CloseTime="2009-11-18 15:05:00" Close="1.4921" Swap="0.00" Profit="69.00" Comment="EuroEA v2.0[tp] (35)" />
        <deal Ticket="22508866" OpenTime="2009-11-18 15:03:00" DealType="-1" Lots="1.43" Symbol="EURUSD" Open="1.4925" SL="1.5275" TP="1.4920" CloseTime="2009-11-18 15:05:00" Close="1.4920" Swap="0.00" Profit="71.50" Comment="EuroEA v2.0[tp] (36)" />
        <deal Ticket="22508802" OpenTime="2009-11-18 15:03:00" DealType="-1" Lots="1.52" Symbol="EURUSD" Open="1.4925" SL="1.5275" TP="1.4920" CloseTime="2009-11-18 15:05:00" Close="1.4920" Swap="0.00" Profit="76.00" Comment="EuroEA v2.0[tp] (37)" />
        <deal Ticket="22508833" OpenTime="2009-11-18 15:03:00" DealType="-1" Lots="1.47" Symbol="EURUSD" Open="1.4926" SL="1.5276" TP="1.4921" CloseTime="2009-11-18 15:05:00" Close="1.4921" Swap="0.00" Profit="73.50" Comment="EuroEA v2.0[tp] (38)" />
        <deal Ticket="22186352" OpenTime="2009-11-13 15:37:00" DealType="-1" Lots="0.10" Symbol="USDJPY" Open="89.69" SL="97.79" TP="88.79" CloseTime="2009-11-16 20:09:00" Close="88.79" Swap="0.00" Profit="101.36" Comment="PyramidEA (39)" />
        <deal Ticket="22128563" OpenTime="2009-11-12 23:34:00" DealType="-1" Lots="1.26" Symbol="EURUSD" Open="1.4832" SL="1.5182" TP="1.4827" CloseTime="2009-11-13 16:00:00" Close="1.4827" Swap="0.00" Profit="63.00" Comment="EuroEA v2.0[tp] (40)" />
        <deal Ticket="22128537" OpenTime="2009-11-12 23:34:00" DealType="-1" Lots="1.30" Symbol="EURUSD" Open="1.4833" SL="1.5183" TP="1.4828" CloseTime="2009-11-13 16:00:00" Close="1.4828" Swap="0.00" Profit="65.00" Comment="EuroEA v2.0[tp] (41)" />
        <deal Ticket="22128519" OpenTime="2009-11-12 23:33:00" DealType="-1" Lots="1.34" Symbol="EURUSD" Open="1.4833" SL="1.5183" TP="1.4828" CloseTime="2009-11-13 16:00:00" Close="1.4828" Swap="0.00" Profit="67.00" Comment="EuroEA v2.0[tp] (42)" />
        <deal Ticket="22128495" OpenTime="2009-11-12 23:31:00" DealType="-1" Lots="1.38" Symbol="EURUSD" Open="1.4833" SL="1.5183" TP="1.4828" CloseTime="2009-11-13 16:00:00" Close="1.4828" Swap="0.00" Profit="69.00" Comment="EuroEA v2.0[tp] (43)" />
        <deal Ticket="22128469" OpenTime="2009-11-12 23:30:00" DealType="-1" Lots="1.46" Symbol="EURUSD" Open="1.4833" SL="1.5183" TP="1.4828" CloseTime="2009-11-13 16:00:00" Close="1.4828" Swap="0.00" Profit="73.00" Comment="EuroEA v2.0[tp] (44)" />
        <deal Ticket="22128371" OpenTime="2009-11-12 23:30:00" DealType="-1" Lots="1.56" Symbol="EURUSD" Open="1.4833" SL="1.5183" TP="1.4828" CloseTime="2009-11-13 16:00:00" Close="1.4828" Swap="0.00" Profit="78.00" Comment="EuroEA v2.0[tp] (45)" />
        <deal Ticket="22128440" OpenTime="2009-11-12 23:30:00" DealType="-1" Lots="1.51" Symbol="EURUSD" Open="1.4833" SL="1.5183" TP="1.4828" CloseTime="2009-11-13 16:00:00" Close="1.4828" Swap="0.00" Profit="75.50" Comment="EuroEA v2.0[tp] (46)" />
        <deal Ticket="22128474" OpenTime="2009-11-12 23:30:00" DealType="-1" Lots="1.42" Symbol="EURUSD" Open="1.4833" SL="1.5183" TP="1.4828" CloseTime="2009-11-13 16:00:00" Close="1.4828" Swap="0.00" Profit="71.00" Comment="EuroEA v2.0[tp] (47)" />
        <deal Ticket="22159557" OpenTime="2009-11-13 10:24:00" DealType="1" Lots="0.20" Symbol="USDJPY" Open="89.89" SL="82.19" TP="90.79" CloseTime="2009-11-13 15:36:00" Close="89.69" Swap="0.00" Profit="-44.60" Comment="PyramidEA (48)" />
        <deal Ticket="22077727" OpenTime="2009-11-12 15:07:00" DealType="1" Lots="0.10" Symbol="USDJPY" Open="90.29" SL="82.19" TP="91.19" CloseTime="2009-11-13 15:36:00" Close="89.70" Swap="0.00" Profit="-65.77" Comment="PyramidEA (49)" />
        <deal Ticket="22135002" OpenTime="2009-11-13 02:13:00" DealType="-1" Lots="1.03" Symbol="EURUSD" Open="1.4856" SL="1.5206" TP="1.4851" CloseTime="2009-11-13 02:37:00" Close="1.4851" Swap="0.00" Profit="51.50" Comment="EuroEA v2.0[tp] (50)" />
        <deal Ticket="22134987" OpenTime="2009-11-13 02:13:00" DealType="-1" Lots="1.06" Symbol="EURUSD" Open="1.4856" SL="1.5206" TP="1.4851" CloseTime="2009-11-13 02:37:00" Close="1.4851" Swap="0.00" Profit="53.00" Comment="EuroEA v2.0[tp] (51)" />
        <deal Ticket="22134979" OpenTime="2009-11-13 02:12:00" DealType="-1" Lots="1.10" Symbol="EURUSD" Open="1.4855" SL="1.5206" TP="1.4851" CloseTime="2009-11-13 02:37:00" Close="1.4851" Swap="0.00" Profit="44.00" Comment="EuroEA v2.0[tp] (52)" />
        <deal Ticket="22134968" OpenTime="2009-11-13 02:12:00" DealType="-1" Lots="1.13" Symbol="EURUSD" Open="1.4856" SL="1.5207" TP="1.4852" CloseTime="2009-11-13 02:36:00" Close="1.4852" Swap="0.00" Profit="45.20" Comment="EuroEA v2.0[tp] (53)" />
        <deal Ticket="22134952" OpenTime="2009-11-13 02:12:00" DealType="-1" Lots="1.16" Symbol="EURUSD" Open="1.4856" SL="1.5207" TP="1.4852" CloseTime="2009-11-13 02:36:00" Close="1.4852" Swap="0.00" Profit="46.40" Comment="EuroEA v2.0[tp] (54)" />
        <deal Ticket="22117966" OpenTime="2009-11-12 21:04:00" DealType="-1" Lots="1.55" Symbol="EURUSD" Open="1.4858" SL="1.5208" TP="1.4849" CloseTime="2009-11-12 21:28:00" Close="1.4849" Swap="0.00" Profit="139.50" Comment="EuroEA v2.0[tp] (55)" />
        <deal Ticket="22118037" OpenTime="2009-11-12 21:04:00" DealType="-1" Lots="1.50" Symbol="EURUSD" Open="1.4858" SL="1.5208" TP="1.4849" CloseTime="2009-11-12 21:28:00" Close="1.4849" Swap="0.00" Profit="135.00" Comment="EuroEA v2.0[tp] (56)" />
        <deal Ticket="22087610" OpenTime="2009-11-12 16:09:00" DealType="-1" Lots="1.54" Symbol="EURUSD" Open="1.4905" SL="1.5255" TP="1.4900" CloseTime="2009-11-12 16:10:00" Close="1.4900" Swap="0.00" Profit="77.00" Comment="EuroEA v2.0[tp] (57)" />
        <deal Ticket="22087718" OpenTime="2009-11-12 16:09:00" DealType="-1" Lots="1.50" Symbol="EURUSD" Open="1.4907" SL="1.5257" TP="1.4902" CloseTime="2009-11-12 16:10:00" Close="1.4902" Swap="0.00" Profit="75.00" Comment="EuroEA v2.0[tp] (58)" />
        <deal Ticket="22087737" OpenTime="2009-11-12 16:09:00" DealType="-1" Lots="1.45" Symbol="EURUSD" Open="1.4907" SL="1.5257" TP="1.4902" CloseTime="2009-11-12 16:10:00" Close="1.4902" Swap="0.00" Profit="72.50" Comment="EuroEA v2.0[tp] (59)" />
        <deal Ticket="22087768" OpenTime="2009-11-12 16:09:00" DealType="-1" Lots="1.41" Symbol="EURUSD" Open="1.4907" SL="1.5257" TP="1.4902" CloseTime="2009-11-12 16:10:00" Close="1.4902" Swap="0.00" Profit="70.50" Comment="EuroEA v2.0[tp] (60)" />
        <deal Ticket="22087792" OpenTime="2009-11-12 16:09:00" DealType="-1" Lots="1.37" Symbol="EURUSD" Open="1.4905" SL="1.5255" TP="1.4900" CloseTime="2009-11-12 16:10:00" Close="1.4900" Swap="0.00" Profit="68.50" Comment="EuroEA v2.0[tp] (61)" />
        <deal Ticket="22008804" OpenTime="2009-11-11 23:00:00" DealType="1" Lots="0.10" Symbol="USDJPY" Open="89.91" SL="81.81" TP="90.81" CloseTime="2009-11-12 13:30:00" Close="89.92" Swap="0.00" Profit="1.11" Comment="PyramidEA (62)" />
        <deal Ticket="21736086" OpenTime="2009-11-09 01:40:00" DealType="-1" Lots="0.10" Symbol="USDJPY" Open="89.88" SL="97.98" TP="88.98" CloseTime="2009-11-11 14:03:00" Close="89.87" Swap="0.00" Profit="1.11" Comment="PyramidEA (63)" />
        <deal Ticket="21955660" OpenTime="2009-11-11 10:52:00" DealType="-1" Lots="1.11" Symbol="EURUSD" Open="1.5040" SL="1.5390" TP="1.5029" CloseTime="2009-11-11 11:00:00" Close="1.5029" Swap="0.00" Profit="122.10" Comment="EuroEA v2.0[tp] (64)" />
        <deal Ticket="21955635" OpenTime="2009-11-11 10:52:00" DealType="-1" Lots="1.22" Symbol="EURUSD" Open="1.5040" SL="1.5390" TP="1.5029" CloseTime="2009-11-11 11:00:00" Close="1.5029" Swap="0.00" Profit="134.20" Comment="EuroEA v2.0[tp] (65)" />
        <deal Ticket="21955579" OpenTime="2009-11-11 10:50:00" DealType="-1" Lots="1.33" Symbol="EURUSD" Open="1.5040" SL="1.5040" TP="1.5029" CloseTime="2009-11-11 11:00:00" Close="1.5029" Swap="0.00" Profit="146.30" Comment="EuroEA v2.0[tp] (66)" />
        <deal Ticket="21955587" OpenTime="2009-11-11 10:50:00" DealType="-1" Lots="1.29" Symbol="EURUSD" Open="1.5040" SL="1.5390" TP="1.5029" CloseTime="2009-11-11 11:00:00" Close="1.5029" Swap="0.00" Profit="141.90" Comment="EuroEA v2.0[tp] (67)" />
        <deal Ticket="21955717" OpenTime="2009-11-11 10:54:00" DealType="-1" Lots="1.01" Symbol="EURUSD" Open="1.5040" SL="1.5391" TP="1.5030" CloseTime="2009-11-11 10:59:00" Close="1.5030" Swap="0.00" Profit="101.00" Comment="EuroEA v2.0[tp] (68)" />
        <deal Ticket="21955686" OpenTime="2009-11-11 10:53:00" DealType="-1" Lots="1.04" Symbol="EURUSD" Open="1.5041" SL="1.5391" TP="1.5030" CloseTime="2009-11-11 10:59:00" Close="1.5030" Swap="0.00" Profit="114.40" Comment="EuroEA v2.0[tp] (69)" />
        <deal Ticket="21955642" OpenTime="2009-11-11 10:52:00" DealType="-1" Lots="1.18" Symbol="EURUSD" Open="1.5041" SL="1.5391" TP="1.5030" CloseTime="2009-11-11 10:59:00" Close="1.5030" Swap="0.00" Profit="129.80" Comment="EuroEA v2.0[tp] (70)" />
        <deal Ticket="21955655" OpenTime="2009-11-11 10:52:00" DealType="-1" Lots="1.14" Symbol="EURUSD" Open="1.5040" SL="1.5391" TP="1.5030" CloseTime="2009-11-11 10:59:00" Close="1.5030" Swap="0.00" Profit="114.00" Comment="EuroEA v2.0[tp] (71)" />
        <deal Ticket="21955667" OpenTime="2009-11-11 10:52:00" DealType="-1" Lots="1.07" Symbol="EURUSD" Open="1.5040" SL="1.5391" TP="1.5030" CloseTime="2009-11-11 10:59:00" Close="1.5030" Swap="0.00" Profit="107.00" Comment="EuroEA v2.0[tp] (72)" />
        <deal Ticket="21955607" OpenTime="2009-11-11 10:51:00" DealType="-1" Lots="1.25" Symbol="EURUSD" Open="1.5041" SL="1.5391" TP="1.5030" CloseTime="2009-11-11 10:59:00" Close="1.5030" Swap="0.00" Profit="137.50" Comment="EuroEA v2.0[tp] (73)" />
        <deal Ticket="21955564" OpenTime="2009-11-11 10:50:00" DealType="-1" Lots="1.37" Symbol="EURUSD" Open="1.5041" SL="1.5391" TP="1.5030" CloseTime="2009-11-11 10:59:00" Close="1.5030" Swap="0.00" Profit="150.70" Comment="EuroEA v2.0[tp] (74)" />
        <deal Ticket="21955548" OpenTime="2009-11-11 10:50:00" DealType="-1" Lots="1.42" Symbol="EURUSD" Open="1.5041" SL="1.5391" TP="1.5030" CloseTime="2009-11-11 10:59:00" Close="1.5030" Swap="0.00" Profit="156.20" Comment="EuroEA v2.0[tp] (75)" />
        <deal Ticket="21955535" OpenTime="2009-11-11 10:50:00" DealType="-1" Lots="1.46" Symbol="EURUSD" Open="1.5042" SL="1.5393" TP="1.5032" CloseTime="2009-11-11 10:59:00" Close="1.5032" Swap="0.00" Profit="146.00" Comment="EuroEA v2.0[tp] (76)" />
        <deal Ticket="21955507" OpenTime="2009-11-11 10:50:00" DealType="-1" Lots="1.51" Symbol="EURUSD" Open="1.5043" SL="1.5393" TP="1.5032" CloseTime="2009-11-11 10:59:00" Close="1.5032" Swap="0.00" Profit="166.10" Comment="EuroEA v2.0[tp] (77)" />
        <deal Ticket="21756318" OpenTime="2009-11-09 07:34:00" DealType="1" Lots="1.32" Symbol="EURUSD" Open="1.4942" SL="1.4592" TP="1.4951" CloseTime="2009-11-09 08:12:00" Close="1.4951" Swap="0.00" Profit="118.80" Comment="EuroEA v2.0[tp] (78)" />
        <deal Ticket="21756332" OpenTime="2009-11-09 07:34:00" DealType="1" Lots="1.28" Symbol="EURUSD" Open="1.4942" SL="1.4592" TP="1.4951" CloseTime="2009-11-09 08:12:00" Close="1.4951" Swap="0.00" Profit="115.20" Comment="EuroEA v2.0[tp] (79)" />
        <deal Ticket="21756273" OpenTime="2009-11-09 07:33:00" DealType="1" Lots="1.36" Symbol="EURUSD" Open="1.4942" SL="1.4592" TP="1.4951" CloseTime="2009-11-09 08:12:00" Close="1.4951" Swap="0.00" Profit="122.40" Comment="EuroEA v2.0[tp] (80)" />
        <deal Ticket="21756243" OpenTime="2009-11-09 07:33:00" DealType="1" Lots="1.40" Symbol="EURUSD" Open="1.4942" SL="1.4592" TP="1.4951" CloseTime="2009-11-09 08:12:00" Close="1.4951" Swap="0.00" Profit="126.00" Comment="EuroEA v2.0[tp] (81)" />
        <deal Ticket="21756169" OpenTime="2009-11-09 07:32:00" DealType="1" Lots="1.45" Symbol="EURUSD" Open="1.4942" SL="1.4592" TP="1.4951" CloseTime="2009-11-09 08:12:00" Close="1.4951" Swap="0.00" Profit="130.50" Comment="EuroEA v2.0[tp] (82)" />
        <deal Ticket="21756131" OpenTime="2009-11-09 07:32:00" DealType="1" Lots="1.49" Symbol="EURUSD" Open="1.4942" SL="1.4592" TP="1.4951" CloseTime="2009-11-09 08:12:00" Close="1.4951" Swap="0.00" Profit="134.10" Comment="EuroEA v2.0[tp] (83)" />
        <deal Ticket="21730399" OpenTime="2009-11-09 00:04:00" DealType="1" Lots="1.31" Symbol="EURUSD" Open="1.4876" SL="1.4525" TP="1.4884" CloseTime="2009-11-09 01:36:00" Close="1.4884" Swap="0.00" Profit="104.80" Comment="EuroEA v2.0[tp] (84)" />
        <deal Ticket="21730325" OpenTime="2009-11-09 00:04:00" DealType="1" Lots="1.35" Symbol="EURUSD" Open="1.4875" SL="1.4525" TP="1.4884" CloseTime="2009-11-09 01:36:00" Close="1.4884" Swap="0.00" Profit="121.50" Comment="EuroEA v2.0[tp] (85)" />
        <deal Ticket="21730161" OpenTime="2009-11-09 00:03:00" DealType="1" Lots="1.44" Symbol="EURUSD" Open="1.4874" SL="1.4524" TP="1.4883" CloseTime="2009-11-09 01:36:00" Close="1.4883" Swap="0.00" Profit="129.60" Comment="EuroEA v2.0[tp] (86)" />
        <deal Ticket="21730236" OpenTime="2009-11-09 00:03:00" DealType="1" Lots="1.39" Symbol="EURUSD" Open="1.4874" SL="1.4524" TP="1.4883" CloseTime="2009-11-09 01:36:00" Close="1.4883" Swap="0.00" Profit="125.10" Comment="EuroEA v2.0[tp] (87)" />
        <deal Ticket="21730081" OpenTime="2009-11-09 00:02:00" DealType="1" Lots="1.48" Symbol="EURUSD" Open="1.4874" SL="1.4524" TP="1.4883" CloseTime="2009-11-09 01:36:00" Close="1.4883" Swap="0.00" Profit="133.20" Comment="EuroEA v2.0[tp] (88)" />
        <deal Ticket="21685090" OpenTime="2009-11-06 14:38:00" DealType="-1" Lots="1.30" Symbol="EURUSD" Open="1.4835" SL="1.5185" TP="1.4826" CloseTime="2009-11-06 14:50:00" Close="1.4826" Swap="0.00" Profit="117.00" Comment="EuroEA v2.0[tp] (89)" />
        <deal Ticket="21685025" OpenTime="2009-11-06 14:38:00" DealType="-1" Lots="1.34" Symbol="EURUSD" Open="1.4834" SL="1.5184" TP="1.4825" CloseTime="2009-11-06 14:50:00" Close="1.4825" Swap="0.00" Profit="120.60" Comment="EuroEA v2.0[tp] (90)" />
        <deal Ticket="21684709" OpenTime="2009-11-06 14:37:00" DealType="-1" Lots="1.43" Symbol="EURUSD" Open="1.4833" SL="1.5184" TP="1.4825" CloseTime="2009-11-06 14:50:00" Close="1.4825" Swap="0.00" Profit="114.40" Comment="EuroEA v2.0[tp] (91)" />
        <deal Ticket="21684955" OpenTime="2009-11-06 14:37:00" DealType="-1" Lots="1.38" Symbol="EURUSD" Open="1.4832" SL="1.5184" TP="1.4825" CloseTime="2009-11-06 14:50:00" Close="1.4825" Swap="0.00" Profit="96.60" Comment="EuroEA v2.0[tp] (92)" />
        <deal Ticket="21684614" OpenTime="2009-11-06 14:36:00" DealType="-1" Lots="1.47" Symbol="EURUSD" Open="1.4833" SL="1.5184" TP="1.4825" CloseTime="2009-11-06 14:50:00" Close="1.4825" Swap="0.00" Profit="117.60" Comment="EuroEA v2.0[tp] (93)" />
        <deal Ticket="21683045" OpenTime="2009-11-06 14:35:00" DealType="-1" Lots="1.42" Symbol="EURUSD" Open="1.4840" SL="1.5192" TP="1.4833" CloseTime="2009-11-06 14:35:00" Close="1.4833" Swap="0.00" Profit="99.40" Comment="EuroEA v2.0[tp] (94)" />
        <deal Ticket="21682925" OpenTime="2009-11-06 14:35:00" DealType="-1" Lots="1.47" Symbol="EURUSD" Open="1.4841" SL="1.5192" TP="1.4833" CloseTime="2009-11-06 14:35:00" Close="1.4833" Swap="0.00" Profit="117.60" Comment="EuroEA v2.0[tp] (95)" />
        <deal Ticket="19281150" OpenTime="2009-10-05 21:17:00" DealType="-1" Lots="5.31" Symbol="EURUSD" Open="1.4650" SL="1.4648" TP="1.4620" CloseTime="2009-11-03 11:55:00" Close="1.4648" Swap="0.00" Profit="106.20" Comment="Euro_EA[sl] (96)" />
        <deal Ticket="19281181" OpenTime="2009-10-06 07:56:00" DealType="-1" Lots="2.41" Symbol="EURUSD" Open="1.4725" SL="1.5157" TP="1.4650" CloseTime="2009-11-03 11:07:00" Close="1.4650" Swap="0.00" Profit="1807.50" Comment="Euro_EA  (97)" />
        <deal Ticket="21309444" OpenTime="2009-11-02 21:48:00" DealType="-1" Lots="2.72" Symbol="EURUSD" Open="1.4762" SL="1.5112" TP="1.4741" CloseTime="2009-11-03 09:53:00" Close="1.4741" Swap="0.00" Profit="571.20" Comment="Euro_EA[tp] (98)" />
        <deal Ticket="21309258" OpenTime="2009-11-02 21:47:00" DealType="-1" Lots="2.98" Symbol="EURUSD" Open="1.4762" SL="1.5112" TP="1.4741" CloseTime="2009-11-03 09:53:00" Close="1.4741" Swap="0.00" Profit="625.80" Comment="Euro_EA[tp] (99)" />
        <deal Ticket="20231783" OpenTime="2009-10-19 15:15:00" DealType="-1" Lots="2.24" Symbol="EURUSD" Open="1.4917" SL="1.5267" TP="1.4899" CloseTime="2009-10-20 17:38:00" Close="1.4899" Swap="0.00" Profit="403.20" Comment="Euro_EA[tp] (101)" />
        <deal Ticket="20231999" OpenTime="2009-10-19 15:17:00" DealType="-1" Lots="1.84" Symbol="EURUSD" Open="1.4921" SL="1.5271" TP="1.4903" CloseTime="2009-10-19 15:51:00" Close="1.4903" Swap="0.00" Profit="331.20" Comment="Euro_EA[tp] (102)" />
        <deal Ticket="20231941" OpenTime="2009-10-19 15:16:00" DealType="-1" Lots="2.03" Symbol="EURUSD" Open="1.4920" SL="1.5270" TP="1.4902" CloseTime="2009-10-19 15:51:00" Close="1.4902" Swap="0.00" Profit="365.40" Comment="Euro_EA[tp] (103)" />
        <deal Ticket="19944460" OpenTime="2009-10-14 15:01:00" DealType="1" Lots="2.36" Symbol="EURUSD" Open="1.4886" SL="1.4536" TP="1.4896" CloseTime="2009-10-14 15:04:00" Close="1.4896" Swap="0.00" Profit="236.00" Comment="Euro_EA[tp] (104)" />
        <deal Ticket="19944264" OpenTime="2009-10-14 15:00:00" DealType="1" Lots="2.36" Symbol="EURUSD" Open="1.4886" SL="1.4536" TP="1.4896" CloseTime="2009-10-14 15:04:00" Close="1.4896" Swap="0.00" Profit="236.00" Comment="Euro_EA[tp] (105)" />
        <deal Ticket="19857551" OpenTime="2009-10-13 18:52:00" DealType="-1" Lots="2.35" Symbol="EURUSD" Open="1.4831" SL="1.5181" TP="1.4821" CloseTime="2009-10-13 20:06:00" Close="1.4821" Swap="0.00" Profit="235.00" Comment="Euro_EA[tp] (106)" />
        <deal Ticket="19857376" OpenTime="2009-10-13 18:50:00" DealType="-1" Lots="2.57" Symbol="EURUSD" Open="1.4831" SL="1.5181" TP="1.4821" CloseTime="2009-10-13 20:06:00" Close="1.4821" Swap="0.00" Profit="257.00" Comment="Euro_EA[tp] (107)" />
        <deal Ticket="19771367" OpenTime="2009-10-12 22:00:00" DealType="1" Lots="2.45" Symbol="EURUSD" Open="1.4780" SL="1.4430" TP="1.4790" CloseTime="2009-10-13 01:21:00" Close="1.4790" Swap="0.00" Profit="245.00" Comment="Euro_EA[tp] (108)" />
        <deal Ticket="19771156" OpenTime="2009-10-12 21:54:00" DealType="1" Lots="2.68" Symbol="EURUSD" Open="1.4781" SL="1.4431" TP="1.4791" CloseTime="2009-10-13 01:21:00" Close="1.4791" Swap="0.00" Profit="268.00" Comment="Euro_EA[tp] (109)" />
        <deal Ticket="19771116" OpenTime="2009-10-12 21:53:00" DealType="1" Lots="2.72" Symbol="EURUSD" Open="1.4781" SL="1.4431" TP="1.4791" CloseTime="2009-10-13 01:21:00" Close="1.4791" Swap="0.00" Profit="272.00" Comment="Euro_EA[tp] (110)" />
        <deal Ticket="19771061" OpenTime="2009-10-12 21:51:00" DealType="1" Lots="2.73" Symbol="EURUSD" Open="1.4780" SL="1.4430" TP="1.4790" CloseTime="2009-10-13 01:21:00" Close="1.4790" Swap="0.00" Profit="273.00" Comment="Euro_EA[tp] (111)" />
        <deal Ticket="19771038" OpenTime="2009-10-12 21:50:00" DealType="1" Lots="2.73" Symbol="EURUSD" Open="1.4781" SL="1.4431" TP="1.4791" CloseTime="2009-10-13 01:21:00" Close="1.4791" Swap="0.00" Profit="273.00" Comment="Euro_EA[tp] (112)" />
        <deal Ticket="19281187" OpenTime="2009-10-08 15:01:00" DealType="-1" Lots="1.21" Symbol="EURUSD" Open="1.4800" SL="1.4778" TP="1.4650" CloseTime="2009-10-12 15:32:00" Close="1.4778" Swap="0.00" Profit="266.20" Comment="Euro_EA  (113)" />
        <deal Ticket="19696876" OpenTime="2009-10-12 06:26:00" DealType="1" Lots="2.94" Symbol="EURUSD" Open="1.4705" SL="1.4354" TP="1.4714" CloseTime="2009-10-12 07:17:00" Close="1.4714" Swap="0.00" Profit="264.60" Comment="Euro_EA[tp] (114)" />
        <deal Ticket="19696852" OpenTime="2009-10-12 06:24:00" DealType="1" Lots="2.95" Symbol="EURUSD" Open="1.4705" SL="1.4354" TP="1.4714" CloseTime="2009-10-12 07:17:00" Close="1.4714" Swap="0.00" Profit="265.50" Comment="Euro_EA[tp] (115)" />
        <deal Ticket="19696750" OpenTime="2009-10-12 06:20:00" DealType="1" Lots="2.95" Symbol="EURUSD" Open="1.4704" SL="1.4354" TP="1.4714" CloseTime="2009-10-12 07:17:00" Close="1.4714" Swap="0.00" Profit="295.00" Comment="Euro_EA[tp] (116)" />
        <deal Ticket="19696796" OpenTime="2009-10-12 06:22:00" DealType="1" Lots="2.95" Symbol="EURUSD" Open="1.4704" SL="1.4353" TP="1.4713" CloseTime="2009-10-12 07:16:00" Close="1.4713" Swap="0.00" Profit="265.50" Comment="Euro_EA[tp] (117)" />
        <deal Ticket="19524959" OpenTime="2009-10-08 11:39:00" DealType="1" Lots="2.62" Symbol="EURUSD" Open="1.4783" SL="1.4431" TP="1.4806" CloseTime="2009-10-08 18:28:00" Close="1.4806" Swap="0.00" Profit="602.60" Comment="Euro_EA[tp] (118)" />
        <deal Ticket="19307584" OpenTime="2009-10-06 07:49:00" DealType="-1" Lots="2.60" Symbol="EURUSD" Open="1.4712" SL="1.5062" TP="1.4687" CloseTime="2009-10-07 03:25:00" Close="1.4687" Swap="0.00" Profit="650.00" Comment="Euro_EA[tp] (119)" />
        <deal Ticket="19290395" OpenTime="2009-10-06 03:24:00" DealType="1" Lots="1.42" Symbol="CADCHF" Open="0.9643" SL="0.9293" TP="0.9668" CloseTime="2009-10-06 15:58:00" Close="0.9668" Swap="0.00" Profit="345.97" Comment="Euro_EA[tp] (120)" />
        <deal Ticket="19290370" OpenTime="2009-10-06 03:23:00" DealType="1" Lots="1.46" Symbol="CADCHF" Open="0.9642" SL="0.9647" TP="0.9667" CloseTime="2009-10-06 14:42:00" Close="0.9647" Swap="0.00" Profit="71.10" Comment="Euro_EA[sl] (121)" />
        <deal Ticket="19290337" OpenTime="2009-10-06 03:22:00" DealType="1" Lots="1.50" Symbol="CADCHF" Open="0.9641" SL="0.9648" TP="0.9666" CloseTime="2009-10-06 14:42:00" Close="0.9648" Swap="0.00" Profit="102.28" Comment="Euro_EA[sl] (122)" />
        <deal Ticket="19321746" OpenTime="2009-10-06 09:49:00" DealType="1" Lots="1.08" Symbol="AUDCHF" Open="0.9103" SL="0.8753" TP="0.9118" CloseTime="2009-10-06 14:14:00" Close="0.9118" Swap="0.00" Profit="157.83" Comment="Euro_EA[tp] (123)" />
        <deal Ticket="19290316" OpenTime="2009-10-06 03:20:00" DealType="1" Lots="1.55" Symbol="CADCHF" Open="0.9639" SL="0.9647" TP="0.9664" CloseTime="2009-10-06 13:59:00" Close="0.9664" Swap="0.00" Profit="377.71" Comment="Euro_EA[tp] (124)" />
        <deal Ticket="18766628" OpenTime="2009-09-28 16:04:00" DealType="1" Lots="2.08" Symbol="EURUSD" Open="1.4662" SL="1.4670" TP="1.4687" CloseTime="2009-10-06 03:41:00" Close="1.4687" Swap="0.00" Profit="520.00" Comment="Euro_EA[tp] (125)" />
        <deal Ticket="19276195" OpenTime="2009-10-05 19:39:00" DealType="-1" Lots="1.57" Symbol="AUDCHF" Open="0.9057" SL="0.9407" TP="0.9047" CloseTime="2009-10-06 02:34:00" Close="0.9047" Swap="0.00" Profit="152.22" Comment="Euro_EA[tp] (126)" />
        <deal Ticket="19276157" OpenTime="2009-10-05 19:38:00" DealType="-1" Lots="1.61" Symbol="AUDCHF" Open="0.9058" SL="0.9408" TP="0.9048" CloseTime="2009-10-06 02:30:00" Close="0.9048" Swap="0.00" Profit="156.08" Comment="Euro_EA[tp] (127)" />
        <deal Ticket="19276108" OpenTime="2009-10-05 19:37:00" DealType="-1" Lots="1.66" Symbol="AUDCHF" Open="0.9058" SL="0.9408" TP="0.9048" CloseTime="2009-10-06 02:30:00" Close="0.9048" Swap="0.00" Profit="160.93" Comment="Euro_EA[tp] (128)" />
        <deal Ticket="19275994" OpenTime="2009-10-05 19:35:00" DealType="-1" Lots="1.70" Symbol="AUDCHF" Open="0.9058" SL="0.9408" TP="0.9048" CloseTime="2009-10-06 02:30:00" Close="0.9048" Swap="0.00" Profit="164.81" Comment="Euro_EA[tp] (129)" />
        <deal Ticket="19110225" OpenTime="2009-10-02 03:59:00" DealType="1" Lots="1.04" Symbol="EURUSD" Open="1.4540" SL="0.0000" TP="1.4662" CloseTime="2009-10-05 19:27:00" Close="1.4662" Swap="0.00" Profit="1268.80" Comment="[tp] (130)" />
        <deal Ticket="19197486" OpenTime="2009-10-02 21:50:00" DealType="1" Lots="1.35" Symbol="AUDCHF" Open="0.8959" SL="0.8609" TP="0.8969" CloseTime="2009-10-05 01:50:00" Close="0.8969" Swap="0.00" Profit="130.52" Comment="Euro_EA[tp] (131)" />
        <deal Ticket="19197316" OpenTime="2009-10-02 21:44:00" DealType="1" Lots="1.38" Symbol="AUDCHF" Open="0.8961" SL="0.8611" TP="0.8971" CloseTime="2009-10-05 01:50:00" Close="0.8971" Swap="0.00" Profit="133.43" Comment="Euro_EA[tp] (132)" />
        <deal Ticket="19197270" OpenTime="2009-10-02 21:41:00" DealType="1" Lots="1.42" Symbol="AUDCHF" Open="0.8961" SL="0.8611" TP="0.8971" CloseTime="2009-10-05 01:50:00" Close="0.8971" Swap="0.00" Profit="137.30" Comment="Euro_EA[tp] (133)" />
        <deal Ticket="19197211" OpenTime="2009-10-02 21:40:00" DealType="1" Lots="1.46" Symbol="AUDCHF" Open="0.8960" SL="0.8610" TP="0.8970" CloseTime="2009-10-05 01:50:00" Close="0.8970" Swap="0.00" Profit="141.16" Comment="Euro_EA[tp] (134)" />
        <deal Ticket="19197822" OpenTime="2009-10-02 21:51:00" DealType="1" Lots="1.31" Symbol="AUDCHF" Open="0.8957" SL="0.8607" TP="0.8967" CloseTime="2009-10-05 01:21:00" Close="0.8967" Swap="0.00" Profit="126.68" Comment="Euro_EA[tp] (135)" />
        <deal Ticket="19194444" OpenTime="2009-10-02 20:04:00" DealType="-1" Lots="1.49" Symbol="AUDCAD" Open="0.9376" SL="0.9375" TP="0.9352" CloseTime="2009-10-05 00:39:00" Close="0.9375" Swap="0.00" Profit="13.77" Comment="Euro_EA[sl] (136)" />
        <deal Ticket="19194400" OpenTime="2009-10-02 20:03:00" DealType="-1" Lots="1.54" Symbol="AUDCAD" Open="0.9377" SL="0.9375" TP="0.9352" CloseTime="2009-10-05 00:39:00" Close="0.9375" Swap="0.00" Profit="28.45" Comment="Euro_EA[sl] (137)" />
        <deal Ticket="19194297" OpenTime="2009-10-02 20:01:00" DealType="-1" Lots="1.58" Symbol="AUDCAD" Open="0.9376" SL="0.9373" TP="0.9352" CloseTime="2009-10-05 00:34:00" Close="0.9373" Swap="0.00" Profit="43.82" Comment="Euro_EA[sl] (138)" />
        <deal Ticket="17460568" OpenTime="2009-09-08 19:44:00" DealType="1" Lots="0.82" Symbol="CADCHF" Open="0.9716" SL="0.9159" TP="0.9735" CloseTime="2009-10-01 14:31:00" Close="0.9735" Swap="0.00" Profit="149.44" Comment="Euro_EA[tp] (139)" />
        <deal Ticket="17460546" OpenTime="2009-09-08 19:43:00" DealType="1" Lots="0.85" Symbol="CADCHF" Open="0.9717" SL="0.9160" TP="0.9736" CloseTime="2009-10-01 14:31:00" Close="0.9736" Swap="0.00" Profit="154.90" Comment="Euro_EA[tp] (140)" />
        <deal Ticket="17460503" OpenTime="2009-09-08 19:42:00" DealType="1" Lots="0.87" Symbol="CADCHF" Open="0.9717" SL="0.9161" TP="0.9736" CloseTime="2009-10-01 14:31:00" Close="0.9736" Swap="0.00" Profit="158.55" Comment="Euro_EA[tp] (141)" />
        <deal Ticket="17460444" OpenTime="2009-09-08 19:40:00" DealType="1" Lots="0.90" Symbol="CADCHF" Open="0.9718" SL="0.9164" TP="0.9737" CloseTime="2009-10-01 14:31:00" Close="0.9737" Swap="0.00" Profit="164.01" Comment="Euro_EA[tp] (142)" />
        <deal Ticket="18629738" OpenTime="2009-09-28 17:50:00" DealType="1" Lots="0.50" Symbol="CADCHF" Open="0.9485" SL="0.0000" TP="0.0000" CloseTime="2009-10-01 00:55:00" Close="0.9687" Swap="0.00" Profit="975.38" Comment=" (143)" />
        <deal Ticket="18939159" OpenTime="2009-09-30 13:00:00" DealType="-1" Lots="1.17" Symbol="AUDCAD" Open="0.9472" SL="0.9472" TP="0.9456" CloseTime="2009-09-30 18:04:00" Close="0.9456" Swap="0.00" Profit="174.91" Comment="Euro_EA[tp] (145)" />
        <deal Ticket="18274836" OpenTime="2009-09-21 22:53:00" DealType="1" Lots="1.19" Symbol="EURCHF" Open="1.5159" SL="1.4809" TP="1.5184" CloseTime="2009-09-30 14:30:00" Close="1.5184" Swap="0.00" Profit="286.39" Comment="Euro_EA[tp] (146)" />
        <deal Ticket="18274803" OpenTime="2009-09-21 22:50:00" DealType="1" Lots="1.24" Symbol="EURCHF" Open="1.5159" SL="1.4802" TP="1.5184" CloseTime="2009-09-30 14:30:00" Close="1.5184" Swap="0.00" Profit="298.42" Comment="Euro_EA[tp] (147)" />
        <deal Ticket="18355107" OpenTime="2009-09-22 21:40:00" DealType="1" Lots="1.13" Symbol="CADCHF" Open="0.9582" SL="0.9584" TP="0.9600" CloseTime="2009-09-30 13:24:00" Close="0.9600" Swap="0.00" Profit="197.76" Comment="Euro_EA[tp] (148)" />
        <deal Ticket="18743359" OpenTime="2009-09-28 10:19:00" DealType="-1" Lots="1.05" Symbol="AUDCAD" Open="0.9473" SL="0.9823" TP="0.9463" CloseTime="2009-09-29 17:12:00" Close="0.9463" Swap="0.00" Profit="96.52" Comment="Euro_EA[tp] (149)" />
        <deal Ticket="18719378" OpenTime="2009-09-28 04:22:00" DealType="1" Lots="1.95" Symbol="EURUSD" Open="1.4598" SL="1.4606" TP="1.4623" CloseTime="2009-09-28 08:59:00" Close="1.4623" Swap="0.00" Profit="487.50" Comment="Euro_EA[tp] (150)" />
        <deal Ticket="18719249" OpenTime="2009-09-28 04:21:00" DealType="1" Lots="2.14" Symbol="EURUSD" Open="1.4597" SL="1.4246" TP="1.4621" CloseTime="2009-09-28 08:23:00" Close="1.4621" Swap="0.00" Profit="513.60" Comment="Euro_EA[tp] (151)" />
        <deal Ticket="18585072" OpenTime="2009-09-24 22:00:00" DealType="1" Lots="0.93" Symbol="EURCHF" Open="1.5099" SL="1.4749" TP="1.5109" CloseTime="2009-09-25 09:02:00" Close="1.5109" Swap="0.00" Profit="90.42" Comment="Euro_EA[tp] (152)" />
        <deal Ticket="18585000" OpenTime="2009-09-24 21:58:00" DealType="1" Lots="0.97" Symbol="EURCHF" Open="1.5099" SL="1.4748" TP="1.5108" CloseTime="2009-09-25 09:02:00" Close="1.5108" Swap="0.00" Profit="84.88" Comment="Euro_EA[tp] (153)" />
        <deal Ticket="18598820" OpenTime="2009-09-25 01:59:00" DealType="1" Lots="1.49" Symbol="EURUSD" Open="1.4653" SL="1.4303" TP="1.4678" CloseTime="2009-09-25 06:32:00" Close="1.4678" Swap="0.00" Profit="372.50" Comment="Euro_EA[tp] (154)" />
        <deal Ticket="18598710" OpenTime="2009-09-25 01:58:00" DealType="1" Lots="1.63" Symbol="EURUSD" Open="1.4653" SL="1.4303" TP="1.4678" CloseTime="2009-09-25 06:32:00" Close="1.4678" Swap="0.00" Profit="407.50" Comment="Euro_EA[tp] (155)" />
        <deal Ticket="18598612" OpenTime="2009-09-25 01:56:00" DealType="1" Lots="1.80" Symbol="EURUSD" Open="1.4653" SL="1.4303" TP="1.4678" CloseTime="2009-09-25 06:32:00" Close="1.4678" Swap="0.00" Profit="450.00" Comment="Euro_EA[tp] (156)" />
        <deal Ticket="18606755" OpenTime="2009-09-25 04:33:00" DealType="1" Lots="1.28" Symbol="EURUSD" Open="1.4648" SL="1.4298" TP="1.4673" CloseTime="2009-09-25 06:31:00" Close="1.4673" Swap="0.00" Profit="320.00" Comment="Euro_EA[tp] (157)" />
        <deal Ticket="18606631" OpenTime="2009-09-25 04:31:00" DealType="1" Lots="1.41" Symbol="EURUSD" Open="1.4650" SL="1.4298" TP="1.4673" CloseTime="2009-09-25 06:31:00" Close="1.4673" Swap="0.00" Profit="324.30" Comment="Euro_EA[tp] (158)" />
        <deal Ticket="17201746" OpenTime="2009-09-03 19:07:00" DealType="-1" Lots="1.00" Symbol="AUDCHF" Open="0.8902" SL="0.9252" TP="0.8886" CloseTime="2009-09-25 01:26:00" Close="0.8886" Swap="0.00" Profit="155.26" Comment="Euro_EA[tp] (159)" />
        <deal Ticket="18566754" OpenTime="2009-09-24 18:33:00" DealType="-1" Lots="1.89" Symbol="EURUSD" Open="1.4687" SL="1.4682" TP="1.4666" CloseTime="2009-09-24 19:41:00" Close="1.4666" Swap="0.00" Profit="396.90" Comment="Euro_EA[tp] (160)" />
        <deal Ticket="17460432" OpenTime="2009-09-08 19:40:00" DealType="-1" Lots="0.94" Symbol="EURCAD" Open="1.5616" SL="1.5967" TP="1.5593" CloseTime="2009-09-24 16:06:00" Close="1.5967" Swap="0.00" Profit="-3042.60" Comment="Euro_EA[sl] (161)" />
        <deal Ticket="18509902" OpenTime="2009-09-24 10:07:00" DealType="-1" Lots="1.73" Symbol="EURUSD" Open="1.4750" SL="1.5100" TP="1.4740" CloseTime="2009-09-24 10:15:00" Close="1.4740" Swap="0.00" Profit="173.00" Comment="Euro_EA[tp] (162)" />
        <deal Ticket="18509523" OpenTime="2009-09-24 10:06:00" DealType="-1" Lots="1.88" Symbol="EURUSD" Open="1.4752" SL="1.5102" TP="1.4742" CloseTime="2009-09-24 10:09:00" Close="1.4742" Swap="0.00" Profit="188.00" Comment="Euro_EA[tp] (163)" />
        <deal Ticket="18509260" OpenTime="2009-09-24 10:05:00" DealType="-1" Lots="2.06" Symbol="EURUSD" Open="1.4751" SL="1.5101" TP="1.4741" CloseTime="2009-09-24 10:09:00" Close="1.4741" Swap="0.00" Profit="206.00" Comment="Euro_EA[tp] (164)" />
        <deal Ticket="18444024" OpenTime="2009-09-23 19:54:00" DealType="1" Lots="0.88" Symbol="EURAUD" Open="1.6890" SL="1.6540" TP="1.6915" CloseTime="2009-09-23 21:23:00" Close="1.6915" Swap="0.00" Profit="192.02" Comment="Euro_EA[tp] (165)" />
        <deal Ticket="18443992" OpenTime="2009-09-23 19:53:00" DealType="1" Lots="0.92" Symbol="EURAUD" Open="1.6891" SL="1.6539" TP="1.6914" CloseTime="2009-09-23 21:23:00" Close="1.6914" Swap="0.00" Profit="184.68" Comment="Euro_EA[tp] (166)" />
        <deal Ticket="18443936" OpenTime="2009-09-23 19:52:00" DealType="1" Lots="0.97" Symbol="EURAUD" Open="1.6890" SL="1.6540" TP="1.6915" CloseTime="2009-09-23 21:23:00" Close="1.6915" Swap="0.00" Profit="211.66" Comment="Euro_EA[tp] (167)" />
        <deal Ticket="18443696" OpenTime="2009-09-23 19:50:00" DealType="1" Lots="1.06" Symbol="EURAUD" Open="1.6887" SL="1.6537" TP="1.6912" CloseTime="2009-09-23 21:23:00" Close="1.6912" Swap="0.00" Profit="231.40" Comment="Euro_EA[tp] (168)" />
        <deal Ticket="18443901" OpenTime="2009-09-23 19:51:00" DealType="1" Lots="1.02" Symbol="EURAUD" Open="1.6886" SL="1.6535" TP="1.6910" CloseTime="2009-09-23 21:22:00" Close="1.6910" Swap="0.00" Profit="213.81" Comment="Euro_EA[tp] (169)" />
        <deal Ticket="18245503" OpenTime="2009-09-21 14:40:00" DealType="1" Lots="1.27" Symbol="EURAUD" Open="1.7013" SL="1.6663" TP="1.7030" CloseTime="2009-09-21 16:04:00" Close="1.7030" Swap="0.00" Profit="185.57" Comment="Euro_EA[tp] (170)" />
        <deal Ticket="18236989" OpenTime="2009-09-21 12:34:00" DealType="-1" Lots="2.09" Symbol="EURUSD" Open="1.4647" SL="1.4998" TP="1.4630" CloseTime="2009-09-21 14:19:00" Close="1.4630" Swap="0.00" Profit="355.30" Comment="Euro_EA[tp] (171)" />
        <deal Ticket="18236772" OpenTime="2009-09-21 12:32:00" DealType="-1" Lots="2.27" Symbol="EURUSD" Open="1.4645" SL="1.4998" TP="1.4630" CloseTime="2009-09-21 14:19:00" Close="1.4630" Swap="0.00" Profit="340.50" Comment="Euro_EA[tp] (172)" />
        <deal Ticket="18236621" OpenTime="2009-09-21 12:30:00" DealType="-1" Lots="2.48" Symbol="EURUSD" Open="1.4650" SL="1.5000" TP="1.4632" CloseTime="2009-09-21 14:19:00" Close="1.4632" Swap="0.00" Profit="446.40" Comment="Euro_EA[tp] (173)" />
        <deal Ticket="18166025" OpenTime="2009-09-18 11:42:00" DealType="-1" Lots="1.00" Symbol="AUDCAD" Open="0.9325" SL="0.9675" TP="0.9315" CloseTime="2009-09-18 13:35:00" Close="0.9315" Swap="0.00" Profit="93.38" Comment="Euro_EA[tp] (174)" />
        <deal Ticket="18165629" OpenTime="2009-09-18 11:40:00" DealType="-1" Lots="1.03" Symbol="AUDCAD" Open="0.9325" SL="0.9675" TP="0.9315" CloseTime="2009-09-18 13:35:00" Close="0.9315" Swap="0.00" Profit="96.18" Comment="Euro_EA[tp] (175)" />
        <deal Ticket="18164528" OpenTime="2009-09-18 11:33:00" DealType="-1" Lots="1.08" Symbol="EURCAD" Open="1.5757" SL="1.6107" TP="1.5747" CloseTime="2009-09-18 12:42:00" Close="1.5747" Swap="0.00" Profit="100.84" Comment="Euro_EA[tp] (176)" />
        <deal Ticket="18164178" OpenTime="2009-09-18 11:32:00" DealType="-1" Lots="1.12" Symbol="EURCAD" Open="1.5761" SL="1.6111" TP="1.5751" CloseTime="2009-09-18 12:20:00" Close="1.5751" Swap="0.00" Profit="104.52" Comment="Euro_EA[tp] (177)" />
        <deal Ticket="18164096" OpenTime="2009-09-18 11:31:00" DealType="-1" Lots="1.18" Symbol="EURCAD" Open="1.5760" SL="1.6110" TP="1.5750" CloseTime="2009-09-18 12:20:00" Close="1.5750" Swap="0.00" Profit="110.12" Comment="Euro_EA[tp] (178)" />
        <deal Ticket="18164003" OpenTime="2009-09-18 11:30:00" DealType="-1" Lots="1.23" Symbol="EURCAD" Open="1.5760" SL="1.6110" TP="1.5750" CloseTime="2009-09-18 12:20:00" Close="1.5750" Swap="0.00" Profit="114.79" Comment="Euro_EA[tp] (179)" />
        <deal Ticket="18136673" OpenTime="2009-09-18 05:24:00" DealType="-1" Lots="2.12" Symbol="EURUSD" Open="1.4702" SL="1.5052" TP="1.4688" CloseTime="2009-09-18 08:47:00" Close="1.4688" Swap="0.00" Profit="296.80" Comment="Euro_EA[tp] (180)" />
        <deal Ticket="18136550" OpenTime="2009-09-18 05:23:00" DealType="-1" Lots="2.30" Symbol="EURUSD" Open="1.4705" SL="1.5055" TP="1.4691" CloseTime="2009-09-18 08:46:00" Close="1.4691" Swap="0.00" Profit="322.00" Comment="Euro_EA[tp] (181)" />
        <deal Ticket="18136502" OpenTime="2009-09-18 05:21:00" DealType="-1" Lots="2.52" Symbol="EURUSD" Open="1.4706" SL="1.5056" TP="1.4692" CloseTime="2009-09-18 08:43:00" Close="1.4692" Swap="0.00" Profit="352.80" Comment="Euro_EA[tp] (182)" />
        <deal Ticket="18021445" OpenTime="2009-09-16 19:49:00" DealType="1" Lots="1.02" Symbol="EURAUD" Open="1.6850" SL="0.0000" TP="0.0000" CloseTime="2009-09-17 19:10:00" Close="1.6904" Swap="0.00" Profit="479.36" Comment="Euro_EA (183)" />
        <deal Ticket="17910742" OpenTime="2009-09-15 19:06:00" DealType="-1" Lots="1.18" Symbol="EURCHF" Open="1.5165" SL="1.5518" TP="1.5155" CloseTime="2009-09-17 18:45:00" Close="1.5155" Swap="0.00" Profit="114.61" Comment="Euro_EA[tp] (184)" />
        <deal Ticket="18021350" OpenTime="2009-09-16 19:48:00" DealType="1" Lots="1.07" Symbol="EURAUD" Open="1.6850" SL="1.6500" TP="1.6860" CloseTime="2009-09-17 09:34:00" Close="1.6860" Swap="0.00" Profit="93.49" Comment="Euro_EA[tp] (185)" />
        <deal Ticket="18021290" OpenTime="2009-09-16 19:46:00" DealType="1" Lots="1.17" Symbol="EURAUD" Open="1.6848" SL="1.6498" TP="1.6858" CloseTime="2009-09-17 00:36:00" Close="1.6858" Swap="0.00" Profit="102.05" Comment="Euro_EA[tp] (186)" />
        <deal Ticket="18021324" OpenTime="2009-09-16 19:47:00" DealType="1" Lots="1.12" Symbol="EURAUD" Open="1.6847" SL="1.6497" TP="1.6857" CloseTime="2009-09-17 00:08:00" Close="1.6857" Swap="0.00" Profit="97.68" Comment="Euro_EA[tp] (187)" />
        <deal Ticket="17966551" OpenTime="2009-09-16 11:23:00" DealType="1" Lots="2.16" Symbol="EURUSD" Open="1.4705" SL="1.4355" TP="1.4722" CloseTime="2009-09-16 18:14:00" Close="1.4722" Swap="0.00" Profit="367.20" Comment="Euro_EA[tp] (188)" />
        <deal Ticket="17966427" OpenTime="2009-09-16 11:21:00" DealType="1" Lots="2.37" Symbol="EURUSD" Open="1.4708" SL="1.4355" TP="1.4722" CloseTime="2009-09-16 18:14:00" Close="1.4722" Swap="0.00" Profit="331.80" Comment="Euro_EA[tp] (189)" />
        <deal Ticket="17925175" OpenTime="2009-09-15 21:22:00" DealType="1" Lots="1.14" Symbol="AUDCAD" Open="0.9276" SL="0.9313" TP="0.9343" CloseTime="2009-09-16 10:50:00" Close="0.9313" Swap="0.00" Profit="394.72" Comment="Euro_EA[sl] (190)" />
        <deal Ticket="17931041" OpenTime="2009-09-16 02:09:00" DealType="1" Lots="2.02" Symbol="EURUSD" Open="1.4671" SL="1.4677" TP="1.4696" CloseTime="2009-09-16 08:42:00" Close="1.4677" Swap="0.00" Profit="121.20" Comment="Euro_EA[sl] (191)" />
        <deal Ticket="17930983" OpenTime="2009-09-16 02:06:00" DealType="1" Lots="2.20" Symbol="EURUSD" Open="1.4671" SL="1.4677" TP="1.4696" CloseTime="2009-09-16 08:42:00" Close="1.4677" Swap="0.00" Profit="132.00" Comment="Euro_EA[sl] (192)" />
        <deal Ticket="17201737" OpenTime="2009-09-03 19:07:00" DealType="1" Lots="1.04" Symbol="EURAUD" Open="1.7000" SL="1.6300" TP="1.7022" CloseTime="2009-09-15 14:25:00" Close="1.7022" Swap="0.00" Profit="196.29" Comment="Euro_EA[tp] (193)" />
        <deal Ticket="17689518" OpenTime="2009-09-11 14:01:00" DealType="1" Lots="1.50" Symbol="EURUSD" Open="1.4612" SL="1.4262" TP="1.4637" CloseTime="2009-09-14 16:47:00" Close="1.4637" Swap="0.00" Profit="375.00" Comment="Euro_EA[tp] (194)" />
        <deal Ticket="17547139" OpenTime="2009-09-09 20:11:00" DealType="1" Lots="0.79" Symbol="AUDCAD" Open="0.9320" SL="0.8970" TP="0.9336" CloseTime="2009-09-14 12:07:00" Close="0.9336" Swap="0.00" Profit="116.01" Comment="Euro_EA[tp] (195)" />
        <deal Ticket="17546867" OpenTime="2009-09-09 20:10:00" DealType="1" Lots="0.81" Symbol="AUDCAD" Open="0.9320" SL="0.8970" TP="0.9336" CloseTime="2009-09-14 12:07:00" Close="0.9336" Swap="0.00" Profit="118.94" Comment="Euro_EA[tp] (196)" />
        <deal Ticket="17211970" OpenTime="2009-09-03 22:12:00" DealType="-1" Lots="0.85" Symbol="AUDCHF" Open="0.8909" SL="0.9259" TP="0.8899" CloseTime="2009-09-14 03:15:00" Close="0.8899" Swap="0.00" Profit="81.69" Comment="Euro_EA[tp] (197)" />
        <deal Ticket="17211931" OpenTime="2009-09-03 22:10:00" DealType="-1" Lots="0.87" Symbol="AUDCHF" Open="0.8909" SL="0.9259" TP="0.8899" CloseTime="2009-09-14 03:15:00" Close="0.8899" Swap="0.00" Profit="83.62" Comment="Euro_EA[tp] (198)" />
        <deal Ticket="17212053" OpenTime="2009-09-03 22:16:00" DealType="-1" Lots="0.82" Symbol="AUDCHF" Open="0.8914" SL="0.9264" TP="0.8904" CloseTime="2009-09-14 03:02:00" Close="0.8904" Swap="0.00" Profit="78.86" Comment="Euro_EA[tp] (199)" />
        <deal Ticket="17211548" OpenTime="2009-09-03 22:00:00" DealType="-1" Lots="0.91" Symbol="EURCHF" Open="1.5144" SL="1.5494" TP="1.5119" CloseTime="2009-09-14 02:57:00" Close="1.5119" Swap="0.00" Profit="218.75" Comment="Euro_EA[tp] (200)" />
        <deal Ticket="17211470" OpenTime="2009-09-03 21:58:00" DealType="-1" Lots="0.94" Symbol="EURCHF" Open="1.5144" SL="1.5494" TP="1.5119" CloseTime="2009-09-14 02:57:00" Close="1.5119" Swap="0.00" Profit="225.96" Comment="Euro_EA[tp] (201)" />
        <deal Ticket="17556200" OpenTime="2009-09-10 00:23:00" DealType="-1" Lots="0.74" Symbol="EURCHF" Open="1.5154" SL="1.5504" TP="1.5129" CloseTime="2009-09-11 18:25:00" Close="1.5129" Swap="0.00" Profit="178.27" Comment="Euro_EA[tp] (202)" />
        <deal Ticket="17556132" OpenTime="2009-09-10 00:22:00" DealType="-1" Lots="0.77" Symbol="EURCHF" Open="1.5154" SL="1.5504" TP="1.5129" CloseTime="2009-09-11 18:25:00" Close="1.5129" Swap="0.00" Profit="185.49" Comment="Euro_EA[tp] (203)" />
        <deal Ticket="17215444" OpenTime="2009-09-04 02:19:00" DealType="-1" Lots="0.80" Symbol="EURCHF" Open="1.5142" SL="1.5492" TP="1.5132" CloseTime="2009-09-11 17:47:00" Close="1.5132" Swap="0.00" Profit="77.13" Comment="Euro_EA[tp] (204)" />
        <deal Ticket="17683905" OpenTime="2009-09-11 12:03:00" DealType="-1" Lots="0.73" Symbol="USDCHF" Open="1.0380" SL="1.0730" TP="1.0370" CloseTime="2009-09-11 12:27:00" Close="1.0370" Swap="0.00" Profit="70.40" Comment="Euro_EA[tp] (205)" />
        <deal Ticket="17683717" OpenTime="2009-09-11 12:00:00" DealType="-1" Lots="0.75" Symbol="USDCHF" Open="1.0380" SL="1.0730" TP="1.0370" CloseTime="2009-09-11 12:27:00" Close="1.0370" Swap="0.00" Profit="72.32" Comment="Euro_EA[tp] (206)" />
        <deal Ticket="17565565" OpenTime="2009-09-10 07:23:00" DealType="-1" Lots="1.22" Symbol="EURUSD" Open="1.4577" SL="1.4929" TP="1.4565" CloseTime="2009-09-10 09:01:00" Close="1.4565" Swap="0.00" Profit="146.40" Comment="Euro_EA[tp] (207)" />
        <deal Ticket="17565450" OpenTime="2009-09-10 07:21:00" DealType="-1" Lots="1.33" Symbol="EURUSD" Open="1.4578" SL="1.4928" TP="1.4564" CloseTime="2009-09-10 09:01:00" Close="1.4564" Swap="0.00" Profit="186.20" Comment="Euro_EA[tp] (208)" />
        <deal Ticket="17565375" OpenTime="2009-09-10 07:20:00" DealType="-1" Lots="1.46" Symbol="EURUSD" Open="1.4578" SL="1.4929" TP="1.4565" CloseTime="2009-09-10 09:01:00" Close="1.4565" Swap="0.00" Profit="189.80" Comment="Euro_EA[tp] (209)" />
        <deal Ticket="17506240" OpenTime="2009-09-09 13:12:00" DealType="-1" Lots="0.77" Symbol="EURCHF" Open="1.5173" SL="1.5524" TP="1.5164" CloseTime="2009-09-09 16:31:00" Close="1.5164" Swap="0.00" Profit="66.65" Comment="Euro_EA[tp] (210)" />
        <deal Ticket="17506207" OpenTime="2009-09-09 13:11:00" DealType="-1" Lots="0.81" Symbol="EURCHF" Open="1.5172" SL="1.5524" TP="1.5164" CloseTime="2009-09-09 16:31:00" Close="1.5164" Swap="0.00" Profit="62.32" Comment="Euro_EA[tp] (211)" />
        <deal Ticket="17467502" OpenTime="2009-09-08 21:54:00" DealType="-1" Lots="0.75" Symbol="AUDCAD" Open="0.9309" SL="0.9659" TP="0.9299" CloseTime="2009-09-08 22:59:00" Close="0.9299" Swap="0.00" Profit="69.51" Comment="Euro_EA[tp] (212)" />
        <deal Ticket="17467441" OpenTime="2009-09-08 21:51:00" DealType="-1" Lots="0.76" Symbol="AUDCAD" Open="0.9309" SL="0.9659" TP="0.9299" CloseTime="2009-09-08 22:59:00" Close="0.9299" Swap="0.00" Profit="70.45" Comment="Euro_EA[tp] (213)" />
        <deal Ticket="17467420" OpenTime="2009-09-08 21:50:00" DealType="-1" Lots="0.79" Symbol="AUDCAD" Open="0.9311" SL="0.9661" TP="0.9301" CloseTime="2009-09-08 22:59:00" Close="0.9301" Swap="0.00" Profit="73.19" Comment="Euro_EA[tp] (214)" />
        <deal Ticket="17432340" OpenTime="2009-09-08 15:15:00" DealType="-1" Lots="0.91" Symbol="AUDCHF" Open="0.9029" SL="0.9379" TP="0.9013" CloseTime="2009-09-08 20:29:00" Close="0.9013" Swap="0.00" Profit="139.33" Comment="Euro_EA[tp] (215)" />
        <deal Ticket="17306582" OpenTime="2009-09-07 02:28:00" DealType="1" Lots="0.92" Symbol="AUDCAD" Open="0.9266" SL="0.9275" TP="0.9291" CloseTime="2009-09-08 17:47:00" Close="0.9291" Swap="0.00" Profit="213.69" Comment="Euro_EA[tp] (216)" />
        <deal Ticket="17436519" OpenTime="2009-09-08 15:54:00" DealType="1" Lots="0.84" Symbol="AUDCAD" Open="0.9254" SL="0.8904" TP="0.9279" CloseTime="2009-09-08 16:59:00" Close="0.9279" Swap="0.00" Profit="195.82" Comment="Euro_EA[tp] (217)" />
        <deal Ticket="17436421" OpenTime="2009-09-08 15:53:00" DealType="1" Lots="0.87" Symbol="AUDCAD" Open="0.9254" SL="0.8904" TP="0.9279" CloseTime="2009-09-08 16:59:00" Close="0.9279" Swap="0.00" Profit="202.82" Comment="Euro_EA[tp] (218)" />
        <deal Ticket="17381270" OpenTime="2009-09-08 08:44:00" DealType="-1" Lots="0.84" Symbol="EURCHF" Open="1.5181" SL="1.5531" TP="1.5156" CloseTime="2009-09-08 14:54:00" Close="1.5156" Swap="0.00" Profit="200.78" Comment="Euro_EA[tp] (219)" />
        <deal Ticket="17384772" OpenTime="2009-09-08 09:00:00" DealType="-1" Lots="0.81" Symbol="AUDCHF" Open="0.9060" SL="0.9411" TP="0.9051" CloseTime="2009-09-08 11:51:00" Close="0.9051" Swap="0.00" Profit="69.54" Comment="Euro_EA[tp] (220)" />
        <deal Ticket="17243217" OpenTime="2009-09-04 13:15:00" DealType="1" Lots="1.04" Symbol="CADCHF" Open="0.9722" SL="0.9372" TP="0.9747" CloseTime="2009-09-04 14:35:00" Close="0.9747" Swap="0.00" Profit="244.82" Comment="Euro_EA[tp] (221)" />
        <deal Ticket="17031623" OpenTime="2009-09-02 03:44:00" DealType="1" Lots="0.84" Symbol="CADCHF" Open="0.9675" SL="0.9325" TP="0.9694" CloseTime="2009-09-04 13:00:00" Close="0.9694" Swap="0.00" Profit="150.21" Comment="Euro_EA[tp] (222)" />
        <deal Ticket="17031589" OpenTime="2009-09-02 03:42:00" DealType="1" Lots="0.87" Symbol="CADCHF" Open="0.9676" SL="0.9326" TP="0.9695" CloseTime="2009-09-04 13:00:00" Close="0.9695" Swap="0.00" Profit="155.58" Comment="Euro_EA[tp] (223)" />
        <deal Ticket="17031517" OpenTime="2009-09-02 03:40:00" DealType="1" Lots="0.89" Symbol="CADCHF" Open="0.9676" SL="0.9326" TP="0.9695" CloseTime="2009-09-04 13:00:00" Close="0.9695" Swap="0.00" Profit="159.15" Comment="Euro_EA[tp] (224)" />
        <deal Ticket="17211235" OpenTime="2009-09-03 21:54:00" DealType="1" Lots="0.98" Symbol="CADCHF" Open="0.9642" SL="0.9290" TP="0.9665" CloseTime="2009-09-04 10:23:00" Close="0.9665" Swap="0.00" Profit="212.28" Comment="Euro_EA[tp] (225)" />
        <deal Ticket="17196191" OpenTime="2009-09-03 17:30:00" DealType="1" Lots="1.43" Symbol="EURUSD" Open="1.4266" SL="1.3916" TP="1.4276" CloseTime="2009-09-03 17:42:00" Close="1.4276" Swap="0.00" Profit="143.00" Comment="Euro_EA[tp] (227)" />
        <deal Ticket="17196146" OpenTime="2009-09-03 17:28:00" DealType="1" Lots="1.56" Symbol="EURUSD" Open="1.4266" SL="1.3916" TP="1.4276" CloseTime="2009-09-03 17:42:00" Close="1.4276" Swap="0.00" Profit="156.00" Comment="Euro_EA[tp] (228)" />
        <deal Ticket="17196095" OpenTime="2009-09-03 17:27:00" DealType="1" Lots="1.69" Symbol="EURUSD" Open="1.4266" SL="1.3916" TP="1.4276" CloseTime="2009-09-03 17:42:00" Close="1.4276" Swap="0.00" Profit="169.00" Comment="Euro_EA[tp] (229)" />
        <deal Ticket="17196034" OpenTime="2009-09-03 17:26:00" DealType="1" Lots="1.85" Symbol="EURUSD" Open="1.4267" SL="1.3916" TP="1.4276" CloseTime="2009-09-03 17:42:00" Close="1.4276" Swap="0.00" Profit="166.50" Comment="Euro_EA[tp] (230)" />
        <deal Ticket="17195920" OpenTime="2009-09-03 17:25:00" DealType="1" Lots="2.00" Symbol="EURUSD" Open="1.4265" SL="1.3915" TP="1.4275" CloseTime="2009-09-03 17:41:00" Close="1.4275" Swap="0.00" Profit="200.00" Comment="Euro_EA[tp] (231)" />
        <deal Ticket="17127845" OpenTime="2009-09-03 03:44:00" DealType="-1" Lots="0.87" Symbol="USDCHF" Open="1.0608" SL="1.0958" TP="1.0583" CloseTime="2009-09-03 12:14:00" Close="1.0583" Swap="0.00" Profit="205.52" Comment="Euro_EA[tp] (232)" />
        <deal Ticket="17127732" OpenTime="2009-09-03 03:43:00" DealType="-1" Lots="0.89" Symbol="USDCHF" Open="1.0609" SL="1.0959" TP="1.0584" CloseTime="2009-09-03 12:14:00" Close="1.0584" Swap="0.00" Profit="210.22" Comment="Euro_EA[tp] (233)" />
        <deal Ticket="17127719" OpenTime="2009-09-03 03:42:00" DealType="-1" Lots="0.92" Symbol="USDCHF" Open="1.0610" SL="1.0960" TP="1.0585" CloseTime="2009-09-03 12:13:00" Close="1.0585" Swap="0.00" Profit="217.29" Comment="Euro_EA[tp] (234)" />
        <deal Ticket="17127660" OpenTime="2009-09-03 03:41:00" DealType="-1" Lots="0.95" Symbol="USDCHF" Open="1.0611" SL="1.0605" TP="1.0586" CloseTime="2009-09-03 09:03:00" Close="1.0586" Swap="0.00" Profit="224.35" Comment="Euro_EA[tp] (235)" />
        <deal Ticket="17127616" OpenTime="2009-09-03 03:40:00" DealType="-1" Lots="0.98" Symbol="USDCHF" Open="1.0612" SL="1.0605" TP="1.0587" CloseTime="2009-09-03 09:03:00" Close="1.0587" Swap="0.00" Profit="231.42" Comment="Euro_EA[tp] (236)" />
        <deal Ticket="16830874" OpenTime="2009-08-31 11:36:00" DealType="-1" Lots="0.98" Symbol="EURCHF" Open="1.5159" SL="1.5509" TP="1.5149" CloseTime="2009-09-02 16:59:00" Close="1.5149" Swap="0.00" Profit="92.12" Comment="Euro_EA[tp] (237)" />
        <deal Ticket="16830777" OpenTime="2009-08-31 11:35:00" DealType="-1" Lots="1.02" Symbol="EURCHF" Open="1.5159" SL="1.5509" TP="1.5149" CloseTime="2009-09-02 16:59:00" Close="1.5149" Swap="0.00" Profit="95.88" Comment="Euro_EA[tp] (238)" />
        <deal Ticket="17003977" OpenTime="2009-09-01 19:19:00" DealType="1" Lots="0.92" Symbol="USDCAD" Open="1.1070" SL="1.0720" TP="1.1095" CloseTime="2009-09-02 15:03:00" Close="1.1095" Swap="0.00" Profit="207.30" Comment="Euro_EA[tp] (239)" />
        <deal Ticket="17001745" OpenTime="2009-09-01 19:17:00" DealType="1" Lots="0.95" Symbol="USDCAD" Open="1.1056" SL="1.0705" TP="1.1080" CloseTime="2009-09-02 14:47:00" Close="1.1080" Swap="0.00" Profit="205.78" Comment="Euro_EA[tp] (240)" />
        <deal Ticket="17001480" OpenTime="2009-09-01 19:15:00" DealType="1" Lots="0.97" Symbol="USDCAD" Open="1.1055" SL="1.0705" TP="1.1080" CloseTime="2009-09-02 14:47:00" Close="1.1080" Swap="0.00" Profit="218.86" Comment="Euro_EA[tp] (241)" />
        <deal Ticket="16945979" OpenTime="2009-09-01 13:13:00" DealType="-1" Lots="0.93" Symbol="AUDCAD" Open="0.9151" SL="0.9145" TP="0.9126" CloseTime="2009-09-01 19:30:00" Close="0.9145" Swap="0.00" Profit="50.53" Comment="Euro_EA[sl] (242)" />
        <deal Ticket="16830900" OpenTime="2009-08-31 11:37:00" DealType="-1" Lots="0.94" Symbol="EURCHF" Open="1.5159" SL="1.5510" TP="1.5150" CloseTime="2009-09-01 17:15:00" Close="1.5150" Swap="0.00" Profit="79.69" Comment="Euro_EA[tp] (243)" />
        <deal Ticket="16959329" OpenTime="2009-09-01 15:36:00" DealType="1" Lots="1.65" Symbol="EURUSD" Open="1.4314" SL="1.3963" TP="1.4338" CloseTime="2009-09-01 16:05:00" Close="1.4338" Swap="0.00" Profit="396.00" Comment="Euro_EA[tp] (244)" />
        <deal Ticket="16959061" OpenTime="2009-09-01 15:35:00" DealType="1" Lots="1.80" Symbol="EURUSD" Open="1.4314" SL="1.3963" TP="1.4338" CloseTime="2009-09-01 16:05:00" Close="1.4338" Swap="0.00" Profit="432.00" Comment="Euro_EA[tp] (245)" />
        <deal Ticket="16901624" OpenTime="2009-09-01 04:39:00" DealType="-1" Lots="1.56" Symbol="EURUSD" Open="1.4334" SL="1.4684" TP="1.4324" CloseTime="2009-09-01 12:08:00" Close="1.4324" Swap="0.00" Profit="156.00" Comment="Euro_EA[tp] (246)" />
        <deal Ticket="16901569" OpenTime="2009-09-01 04:37:00" DealType="-1" Lots="1.70" Symbol="EURUSD" Open="1.4334" SL="1.4684" TP="1.4324" CloseTime="2009-09-01 12:08:00" Close="1.4324" Swap="0.00" Profit="170.00" Comment="Euro_EA[tp] (247)" />
        <deal Ticket="16907510" OpenTime="2009-09-01 06:52:00" DealType="-1" Lots="1.18" Symbol="EURUSD" Open="1.4347" SL="1.4697" TP="1.4337" CloseTime="2009-09-01 10:28:00" Close="1.4337" Swap="0.00" Profit="118.00" Comment="Euro_EA[tp] (248)" />
        <deal Ticket="16907451" OpenTime="2009-09-01 06:51:00" DealType="-1" Lots="1.29" Symbol="EURUSD" Open="1.4347" SL="1.4697" TP="1.4337" CloseTime="2009-09-01 10:28:00" Close="1.4337" Swap="0.00" Profit="129.00" Comment="Euro_EA[tp] (249)" />
        <deal Ticket="16907399" OpenTime="2009-09-01 06:50:00" DealType="-1" Lots="1.40" Symbol="EURUSD" Open="1.4347" SL="1.4697" TP="1.4337" CloseTime="2009-09-01 10:28:00" Close="1.4337" Swap="0.00" Profit="140.00" Comment="Euro_EA[tp] (250)" />
        <deal Ticket="16897750" OpenTime="2009-09-01 02:09:00" DealType="-1" Lots="0.89" Symbol="EURCAD" Open="1.5678" SL="1.6028" TP="1.5653" CloseTime="2009-09-01 09:28:00" Close="1.5653" Swap="0.00" Profit="204.09" Comment="Euro_EA[tp] (251)" />
    </deals>
    <balances>
        <balance Ticket="29141252" Amount="1.56" Date="2010-01-31 23:30:00" />
        <balance Ticket="26120769" Amount="1.68" Date="2009-12-31 23:31:00" />
        <balance Ticket="23617437" Amount="325.74" Date="2009-11-30 23:30:00" />
        <balance Ticket="23256394" Amount="-62091.41" Date="2009-11-26 16:06:00" />
        <balance Ticket="23004464" Amount="-9500.00" Date="2009-11-24 16:53:00" />
        <balance Ticket="23004020" Amount="-9500.00" Date="2009-11-24 16:47:00" />
        <balance Ticket="21181165" Amount="263.90" Date="2009-10-31 23:30:00" />
        <balance Ticket="19007121" Amount="187.93" Date="2009-09-30 23:30:00" />
        <balance Ticket="17219794" Amount="6300.00" Date="2009-09-04 05:49:00" />
        <balance Ticket="16894550" Amount="27.05" Date="2009-08-31 23:30:00" />
        <balance Ticket="16846184" Amount="-594.00" Date="2009-08-31 15:42:00" />
        <balance Ticket="16846007" Amount="-6.00" Date="2009-08-31 15:40:00" />
        <balance Ticket="16845480" Amount="600.00" Date="2009-08-31 15:29:00" />
        <balance Ticket="16766428" Amount="36000.00" Date="2009-08-28 16:29:00" />
    </balances>
</account>