﻿<?xml version="1.0" encoding="utf-8"?>
<account Id="4106" Broker="" Account="" Trader="" Login="" InitBalance="100.00">
    <deals>
        <deal Ticket="10093058" OpenTime="2009-04-29 16:02:00" DealType="-1" Lots="3.00" Symbol="EURUSD" Open="1.32515" SL="1.33242" TP="1.31788" CloseTime="2009-04-29 17:32:00" Close="1.33242" Swap="0.00" Profit="-72371.03" Comment=" (14)" />
        <deal Ticket="10092452" OpenTime="2009-04-29 15:16:00" DealType="-1" Lots="3.00" Symbol="EURUSD" Open="1.32251" SL="0.00000" TP="0.00000" CloseTime="2009-04-29 15:46:00" Close="1.32399" Swap="0.00" Profit="-14767.89" Comment=" (15)" />
        <deal Ticket="10061090" OpenTime="2009-04-27 09:02:00" DealType="-1" Lots="5.00" Symbol="USDJPY" Open="96.531" SL="96.827" TP="96.120" CloseTime="2009-04-27 19:10:00" Close="96.827" Swap="0.00" Profit="-51225.36" Comment=" (16)" />
        <deal Ticket="10023324" OpenTime="2009-04-22 12:27:00" DealType="1" Lots="0.10" Symbol="USDCHF" Open="1.17465" SL="1.16342" TP="0.00000" CloseTime="2009-04-24 03:54:00" Close="1.15144" Swap="0.00" Profit="0.00" Comment=" (17)" />
        <deal Ticket="10023328" OpenTime="2009-04-22 12:27:00" DealType="1" Lots="1.00" Symbol="NZDUSD" Open="0.54707" SL="0.55260" TP="0.54350" CloseTime="2009-04-24 03:54:00" Close="0.56098" Swap="0.00" Profit="0.00" Comment=" (18)" />
        <deal Ticket="10023330" OpenTime="2009-04-22 12:27:00" DealType="1" Lots="1.00" Symbol="EURUSD" Open="1.28835" SL="1.29550" TP="1.28360" CloseTime="2009-04-24 03:52:00" Close="1.31366" Swap="0.00" Profit="0.00" Comment=" (19)" />
        <deal Ticket="10023332" OpenTime="2009-04-22 12:27:00" DealType="1" Lots="1.00" Symbol="EURCHF" Open="1.50717" SL="1.50980" TP="1.50551" CloseTime="2009-04-24 03:51:00" Close="1.51224" Swap="0.00" Profit="0.00" Comment=" (20)" />
        <deal Ticket="10023322" OpenTime="2009-04-22 14:44:00" DealType="-1" Lots="0.50" Symbol="GBPUSD" Open="1.44415" SL="1.47093" TP="1.43630" CloseTime="2009-04-23 21:42:00" Close="1.47093" Swap="0.00" Profit="-45004.32" Comment=" (21)" />
        <deal Ticket="10039950" OpenTime="2009-04-23 15:43:00" DealType="1" Lots="0.50" Symbol="EURUSD" Open="1.30154" SL="1.29257" TP="1.30593" CloseTime="2009-04-23 16:56:00" Close="1.30593" Swap="0.00" Profit="7355.89" Comment=" (22)" />
        <deal Ticket="10023319" OpenTime="2009-04-22 14:33:00" DealType="-1" Lots="0.50" Symbol="USDJPY" Open="97.575" SL="98.431" TP="97.207" CloseTime="2009-04-23 10:31:00" Close="98.431" Swap="0.00" Profit="-14688.00" Comment=" (23)" />
        <deal Ticket="10026541" OpenTime="2009-04-22 15:41:00" DealType="-1" Lots="2.00" Symbol="EURGBP" Open="0.89593" SL="0.89915" TP="0.89390" CloseTime="2009-04-22 17:04:00" Close="0.89582" Swap="0.00" Profit="1086.86" Comment=" (24)" />
        <deal Ticket="10025236" OpenTime="2009-04-22 14:37:00" DealType="-1" Lots="2.00" Symbol="EURGBP" Open="0.89442" SL="0.00000" TP="0.00000" CloseTime="2009-04-22 14:41:00" Close="0.89393" Swap="0.00" Profit="4840.06" Comment=" (25)" />
        <deal Ticket="9979741" OpenTime="2009-04-17 07:00:00" DealType="1" Lots="3.06" Symbol="EURUSD" Open="1.30898" SL="1.30198" TP="1.31148" CloseTime="2009-04-17 08:02:00" Close="1.30956" Swap="0.00" Profit="5925.52" Comment=" (26)" />
        <deal Ticket="9966360" OpenTime="2009-04-16 07:00:00" DealType="1" Lots="1.62" Symbol="EURUSD" Open="1.32026" SL="1.31326" TP="1.32276" CloseTime="2009-04-16 11:34:00" Close="1.31326" Swap="0.00" Profit="-37821.17" Comment=" (27)" />
        <deal Ticket="9951260" OpenTime="2009-04-15 07:00:00" DealType="1" Lots="3.12" Symbol="EURUSD" Open="1.32554" SL="1.31854" TP="1.32804" CloseTime="2009-04-15 12:31:00" Close="1.32804" Swap="0.00" Profit="25934.22" Comment=" (28)" />
        <deal Ticket="9937634" OpenTime="2009-04-14 07:00:00" DealType="-1" Lots="3.02" Symbol="EURUSD" Open="1.33458" SL="1.34158" TP="1.33208" CloseTime="2009-04-14 08:19:00" Close="1.33208" Swap="0.00" Profit="25291.97" Comment=" (29)" />
        <deal Ticket="9925341" OpenTime="2009-04-13 07:00:00" DealType="-1" Lots="1.58" Symbol="EURUSD" Open="1.31696" SL="1.32396" TP="1.31446" CloseTime="2009-04-13 14:05:00" Close="1.32396" Swap="0.00" Profit="-37087.28" Comment=" (30)" />
        <deal Ticket="9839636" OpenTime="2009-04-02 07:03:00" DealType="-1" Lots="2.43" Symbol="EURUSD" Open="1.32670" SL="1.33684" TP="1.32434" CloseTime="2009-04-02 12:31:00" Close="1.33684" Swap="0.00" Profit="-83043.63" Comment=" (31)" />
        <deal Ticket="9827351" OpenTime="2009-04-01 07:00:00" DealType="-1" Lots="2.37" Symbol="EURUSD" Open="1.32033" SL="1.33040" TP="1.31790" CloseTime="2009-04-01 07:54:00" Close="1.31790" Swap="0.00" Profit="19669.75" Comment=" (32)" />
        <deal Ticket="9812330" OpenTime="2009-03-31 07:00:00" DealType="1" Lots="5.59" Symbol="EURUSD" Open="1.32440" SL="1.31440" TP="1.32690" CloseTime="2009-03-31 09:50:00" Close="1.32690" Swap="0.00" Profit="47113.50" Comment=" (33)" />
        <deal Ticket="9783941" OpenTime="2009-03-27 07:00:00" DealType="1" Lots="2.53" Symbol="EURUSD" Open="1.35814" SL="1.34800" TP="1.36050" CloseTime="2009-03-27 10:32:00" Close="1.34800" Swap="0.00" Profit="-85626.28" Comment=" (34)" />
        <deal Ticket="9769508" OpenTime="2009-03-26 07:00:00" DealType="-1" Lots="2.46" Symbol="EURUSD" Open="1.35857" SL="1.36876" TP="1.35626" CloseTime="2009-03-26 07:56:00" Close="1.35626" Swap="0.00" Profit="19149.23" Comment=" (35)" />
        <deal Ticket="9754192" OpenTime="2009-03-25 07:00:00" DealType="1" Lots="2.40" Symbol="EURUSD" Open="1.34874" SL="1.33872" TP="1.35122" CloseTime="2009-03-25 11:34:00" Close="1.35122" Swap="0.00" Profit="19969.79" Comment=" (36)" />
        <deal Ticket="9737319" OpenTime="2009-03-24 07:00:00" DealType="-1" Lots="2.37" Symbol="EURUSD" Open="1.36646" SL="1.37655" TP="1.36405" CloseTime="2009-03-24 07:54:00" Close="1.36405" Swap="0.00" Profit="19012.48" Comment=" (37)" />
        <deal Ticket="9719771" OpenTime="2009-03-23 07:00:00" DealType="-1" Lots="2.87" Symbol="EURUSD" Open="1.36576" SL="1.37379" TP="1.36379" CloseTime="2009-03-23 10:00:00" Close="1.36379" Swap="0.00" Profit="18910.59" Comment=" (38)" />
        <deal Ticket="9704622" OpenTime="2009-03-20 07:00:00" DealType="-1" Lots="5.48" Symbol="EURUSD" Open="1.36476" SL="1.37276" TP="1.36276" CloseTime="2009-03-20 11:32:00" Close="1.36276" Swap="0.00" Profit="36755.56" Comment=" (39)" />
        <deal Ticket="9689724" OpenTime="2009-03-19 07:00:00" DealType="-1" Lots="2.63" Symbol="EURUSD" Open="1.34502" SL="1.35329" TP="1.34329" CloseTime="2009-03-19 07:10:00" Close="1.34329" Swap="0.00" Profit="15527.17" Comment=" (40)" />
        <deal Ticket="9671689" OpenTime="2009-03-18 07:02:00" DealType="-1" Lots="2.53" Symbol="EURUSD" Open="1.30388" SL="1.31188" TP="1.30188" CloseTime="2009-03-18 08:15:00" Close="1.30188" Swap="0.00" Profit="17479.01" Comment=" (41)" />
        <deal Ticket="9656257" OpenTime="2009-03-17 07:00:00" DealType="-1" Lots="5.92" Symbol="EURUSD" Open="1.29836" SL="1.30636" TP="1.29636" CloseTime="2009-03-17 07:51:00" Close="1.29636" Swap="0.00" Profit="41200.01" Comment=" (42)" />
        <deal Ticket="9640786" OpenTime="2009-03-16 07:00:00" DealType="-1" Lots="2.63" Symbol="EURUSD" Open="1.28996" SL="1.29796" TP="1.28796" CloseTime="2009-03-16 09:25:00" Close="1.29796" Swap="0.00" Profit="-73420.14" Comment=" (43)" />
        <deal Ticket="9628751" OpenTime="2009-03-13 07:00:00" DealType="-1" Lots="2.54" Symbol="EURUSD" Open="1.28956" SL="1.29756" TP="1.28756" CloseTime="2009-03-13 08:01:00" Close="1.28756" Swap="0.00" Profit="17840.25" Comment=" (44)" />
        <deal Ticket="9613549" OpenTime="2009-03-12 07:00:00" DealType="-1" Lots="2.48" Symbol="EURUSD" Open="1.28317" SL="1.29117" TP="1.28117" CloseTime="2009-03-12 07:03:00" Close="1.28117" Swap="0.00" Profit="17421.26" Comment=" (45)" />
        <deal Ticket="9599504" OpenTime="2009-03-11 07:00:00" DealType="-1" Lots="2.42" Symbol="EURUSD" Open="1.26707" SL="1.27507" TP="1.26507" CloseTime="2009-03-11 07:14:00" Close="1.26507" Swap="0.00" Profit="17037.87" Comment=" (46)" />
        <deal Ticket="9585515" OpenTime="2009-03-10 07:00:00" DealType="1" Lots="2.32" Symbol="EURUSD" Open="1.27051" SL="1.26251" TP="1.27251" CloseTime="2009-03-10 09:00:00" Close="1.27251" Swap="0.00" Profit="16383.09" Comment=" (47)" />
        <deal Ticket="9572905" OpenTime="2009-03-09 07:00:00" DealType="-1" Lots="2.25" Symbol="EURUSD" Open="1.26605" SL="1.27405" TP="1.26405" CloseTime="2009-03-09 07:16:00" Close="1.26405" Swap="0.00" Profit="16149.46" Comment=" (48)" />
        <deal Ticket="9560483" OpenTime="2009-03-06 07:00:00" DealType="1" Lots="2.19" Symbol="EURUSD" Open="1.25939" SL="1.25139" TP="1.26139" CloseTime="2009-03-06 07:18:00" Close="1.26139" Swap="0.00" Profit="15634.58" Comment=" (49)" />
        <deal Ticket="9548129" OpenTime="2009-03-05 07:00:00" DealType="-1" Lots="4.16" Symbol="EURUSD" Open="1.26001" SL="1.26801" TP="1.25801" CloseTime="2009-03-05 07:09:00" Close="1.25801" Swap="0.00" Profit="30083.79" Comment=" (50)" />
        <deal Ticket="9536021" OpenTime="2009-03-04 07:00:00" DealType="1" Lots="2.01" Symbol="EURUSD" Open="1.24967" SL="1.24167" TP="1.25167" CloseTime="2009-03-04 07:48:00" Close="1.25167" Swap="0.00" Profit="14551.59" Comment=" (51)" />
        <deal Ticket="9521878" OpenTime="2009-03-03 07:00:00" DealType="-1" Lots="1.97" Symbol="EURUSD" Open="1.26258" SL="1.27058" TP="1.26058" CloseTime="2009-03-03 12:31:00" Close="1.26058" Swap="0.00" Profit="14336.64" Comment=" (52)" />
        <deal Ticket="9508490" OpenTime="2009-03-02 07:00:00" DealType="1" Lots="4.67" Symbol="EURUSD" Open="1.25845" SL="1.25045" TP="1.26045" CloseTime="2009-03-02 07:53:00" Close="1.26045" Swap="0.00" Profit="33502.58" Comment=" (53)" />
        <deal Ticket="9495181" OpenTime="2009-02-27 07:01:00" DealType="1" Lots="2.08" Symbol="EURUSD" Open="1.27445" SL="1.26645" TP="1.27645" CloseTime="2009-02-27 09:07:00" Close="1.26645" Swap="0.00" Profit="-59354.05" Comment=" (54)" />
        <deal Ticket="9482717" OpenTime="2009-02-26 07:00:00" DealType="1" Lots="2.03" Symbol="EURUSD" Open="1.27166" SL="1.26366" TP="1.27366" CloseTime="2009-02-26 09:26:00" Close="1.27366" Swap="0.00" Profit="14446.74" Comment=" (55)" />
        <deal Ticket="9469174" OpenTime="2009-02-25 07:00:00" DealType="-1" Lots="1.98" Symbol="EURUSD" Open="1.28314" SL="1.29114" TP="1.28114" CloseTime="2009-02-25 12:46:00" Close="1.28114" Swap="0.00" Profit="14222.14" Comment=" (56)" />
        <deal Ticket="9455930" OpenTime="2009-02-24 07:00:00" DealType="1" Lots="1.92" Symbol="EURUSD" Open="1.27455" SL="1.26655" TP="1.27655" CloseTime="2009-02-24 09:03:00" Close="1.27655" Swap="0.00" Profit="13756.45" Comment=" (57)" />
        <deal Ticket="9430912" OpenTime="2009-02-20 07:00:00" DealType="-1" Lots="1.88" Symbol="EURUSD" Open="1.25945" SL="1.26745" TP="1.25745" CloseTime="2009-02-20 08:08:00" Close="1.25745" Swap="0.00" Profit="13575.60" Comment=" (58)" />
        <deal Ticket="9419096" OpenTime="2009-02-19 07:00:00" DealType="1" Lots="1.81" Symbol="EURUSD" Open="1.25775" SL="1.24975" TP="1.25975" CloseTime="2009-02-19 08:45:00" Close="1.25975" Swap="0.00" Profit="13043.40" Comment=" (59)" />
        <deal Ticket="9407567" OpenTime="2009-02-18 07:00:00" DealType="1" Lots="1.77" Symbol="EURUSD" Open="1.25895" SL="1.25095" TP="1.26095" CloseTime="2009-02-18 07:22:00" Close="1.26095" Swap="0.00" Profit="12817.06" Comment=" (60)" />
        <deal Ticket="9395661" OpenTime="2009-02-17 07:00:00" DealType="1" Lots="3.46" Symbol="EURUSD" Open="1.26445" SL="1.25645" TP="1.26645" CloseTime="2009-02-17 11:03:00" Close="1.26645" Swap="0.00" Profit="24682.26" Comment=" (61)" />
        <deal Ticket="9386712" OpenTime="2009-02-16 07:02:00" DealType="1" Lots="1.72" Symbol="EURUSD" Open="1.27525" SL="1.26725" TP="1.27725" CloseTime="2009-02-16 10:53:00" Close="1.27725" Swap="0.00" Profit="11964.25" Comment=" (62)" />
        <deal Ticket="9376164" OpenTime="2009-02-13 07:00:00" DealType="-1" Lots="1.68" Symbol="EURUSD" Open="1.29245" SL="1.30045" TP="1.29045" CloseTime="2009-02-13 08:01:00" Close="1.29045" Swap="0.00" Profit="11648.68" Comment=" (63)" />
        <deal Ticket="9364187" OpenTime="2009-02-12 07:00:00" DealType="-1" Lots="3.89" Symbol="EURUSD" Open="1.29015" SL="1.29815" TP="1.28815" CloseTime="2009-02-12 09:23:00" Close="1.28815" Swap="0.00" Profit="27179.98" Comment=" (64)" />
        <deal Ticket="9353168" OpenTime="2009-02-11 07:00:00" DealType="-1" Lots="1.69" Symbol="EURUSD" Open="1.29015" SL="1.29815" TP="1.28815" CloseTime="2009-02-11 09:56:00" Close="1.29815" Swap="0.00" Profit="-48432.02" Comment=" (65)" />
        <deal Ticket="9339577" OpenTime="2009-02-10 07:00:00" DealType="1" Lots="1.64" Symbol="EURUSD" Open="1.28845" SL="1.28045" TP="1.29045" CloseTime="2009-02-10 09:12:00" Close="1.29045" Swap="0.00" Profit="11747.68" Comment=" (66)" />
        <deal Ticket="9327346" OpenTime="2009-02-09 07:00:00" DealType="-1" Lots="1.58" Symbol="EURUSD" Open="1.29264" SL="1.28945" TP="1.27264" CloseTime="2009-02-09 07:19:00" Close="1.28945" Swap="0.00" Profit="18323.40" Comment=" (67)" />
        <deal Ticket="9314730" OpenTime="2009-02-06 07:00:00" DealType="1" Lots="1.26" Symbol="EURUSD" Open="1.2796" SL="1.2716" TP="1.2816" CloseTime="2009-02-06 10:17:00" Close="1.2816" Swap="0.00" Profit="9137.85" Comment=" (69)" />
        <deal Ticket="9301408" OpenTime="2009-02-05 07:00:00" DealType="1" Lots="1.23" Symbol="EURUSD" Open="1.2846" SL="1.2766" TP="1.2866" CloseTime="2009-02-05 10:32:00" Close="1.2866" Swap="0.00" Profit="8906.19" Comment=" (70)" />
        <deal Ticket="9288039" OpenTime="2009-02-04 07:00:00" DealType="-1" Lots="1.21" Symbol="EURUSD" Open="1.3027" SL="1.3107" TP="1.3007" CloseTime="2009-02-04 08:27:00" Close="1.3007" Swap="0.00" Profit="8740.44" Comment=" (71)" />
        <deal Ticket="9274279" OpenTime="2009-02-03 07:00:00" DealType="-1" Lots="1.18" Symbol="EURUSD" Open="1.2847" SL="1.2927" TP="1.2827" CloseTime="2009-02-03 07:50:00" Close="1.2827" Swap="0.00" Profit="8556.32" Comment=" (72)" />
        <deal Ticket="9259541" OpenTime="2009-02-02 07:00:00" DealType="1" Lots="1.16" Symbol="EURUSD" Open="1.2730" SL="1.2650" TP="1.2750" CloseTime="2009-02-02 09:27:00" Close="1.2750" Swap="0.00" Profit="8358.40" Comment=" (73)" />
        <deal Ticket="9245598" OpenTime="2009-01-30 07:00:00" DealType="1" Lots="2.79" Symbol="EURUSD" Open="1.2894" SL="1.2814" TP="1.2914" CloseTime="2009-01-30 07:06:00" Close="1.2914" Swap="0.00" Profit="19563.60" Comment=" (74)" />
        <deal Ticket="9231234" OpenTime="2009-01-29 07:00:00" DealType="1" Lots="1.28" Symbol="EURUSD" Open="1.3116" SL="1.3036" TP="1.3136" CloseTime="2009-01-29 10:34:00" Close="1.3036" Swap="0.00" Profit="-35635.20" Comment=" (75)" />
        <deal Ticket="9216131" OpenTime="2009-01-28 07:00:00" DealType="-1" Lots="1.29" Symbol="EURUSD" Open="1.3247" SL="1.3327" TP="1.3227" CloseTime="2009-01-28 08:17:00" Close="1.3227" Swap="0.00" Profit="8580.93" Comment=" (76)" />
        <deal Ticket="9202066" OpenTime="2009-01-27 07:00:00" DealType="-1" Lots="3.05" Symbol="EURUSD" Open="1.3233" SL="1.3313" TP="1.3213" CloseTime="2009-01-27 07:10:00" Close="1.3213" Swap="0.00" Profit="20050.70" Comment=" (77)" />
        <deal Ticket="9186384" OpenTime="2009-01-26 07:00:00" DealType="1" Lots="1.18" Symbol="EURUSD" Open="1.2923" SL="1.2843" TP="1.2943" CloseTime="2009-01-26 09:10:00" Close="1.2943" Swap="0.00" Profit="7747.43" Comment=" (78)" />
        <deal Ticket="9171336" OpenTime="2009-01-23 07:00:00" DealType="1" Lots="1.17" Symbol="EURUSD" Open="1.2944" SL="1.2864" TP="1.2964" CloseTime="2009-01-23 08:11:00" Close="1.2964" Swap="0.00" Profit="7645.60" Comment=" (79)" />
        <deal Ticket="9158306" OpenTime="2009-01-22 07:03:00" DealType="-1" Lots="2.75" Symbol="EURUSD" Open="1.3005" SL="1.3085" TP="1.2985" CloseTime="2009-01-22 08:17:00" Close="1.2985" Swap="0.00" Profit="18156.55" Comment=" (80)" />
        <deal Ticket="9142249" OpenTime="2009-01-21 07:00:00" DealType="1" Lots="1.21" Symbol="EURUSD" Open="1.2999" SL="1.2919" TP="1.3019" CloseTime="2009-01-21 07:59:00" Close="1.2919" Swap="0.00" Profit="-31841.98" Comment=" (81)" />
        <deal Ticket="9127751" OpenTime="2009-01-20 07:00:00" DealType="1" Lots="1.17" Symbol="EURUSD" Open="1.3005" SL="1.2923" TP="1.3023" CloseTime="2009-01-20 07:10:00" Close="1.3023" Swap="0.00" Profit="7003.90" Comment=" (82)" />
        <deal Ticket="9116261" OpenTime="2009-01-19 07:00:00" DealType="-1" Lots="1.17" Symbol="EURUSD" Open="1.3339" SL="1.3419" TP="1.3319" CloseTime="2009-01-19 08:11:00" Close="1.3319" Swap="0.00" Profit="7715.29" Comment=" (83)" />
        <deal Ticket="9104186" OpenTime="2009-01-16 07:00:00" DealType="-1" Lots="0.66" Symbol="EURUSD" Open="1.3228" SL="1.3308" TP="1.3208" CloseTime="2009-01-16 09:12:00" Close="1.3208" Swap="0.00" Profit="4313.65" Comment=" (85)" />
        <deal Ticket="9088410" OpenTime="2009-01-15 07:00:00" DealType="1" Lots="0.65" Symbol="EURUSD" Open="1.3175" SL="1.3095" TP="1.3195" CloseTime="2009-01-15 07:19:00" Close="1.3195" Swap="0.00" Profit="4112.62" Comment=" (86)" />
        <deal Ticket="9071499" OpenTime="2009-01-14 07:00:00" DealType="1" Lots="0.65" Symbol="EURUSD" Open="1.3286" SL="1.3204" TP="1.3304" CloseTime="2009-01-14 07:04:00" Close="1.3304" Swap="0.00" Profit="3635.51" Comment=" (87)" />
        <deal Ticket="9057978" OpenTime="2009-01-13 07:00:00" DealType="1" Lots="0.64" Symbol="EURUSD" Open="1.3263" SL="1.3180" TP="1.3280" CloseTime="2009-01-13 07:13:00" Close="1.3280" Swap="0.00" Profit="3386.47" Comment=" (88)" />
        <deal Ticket="9044463" OpenTime="2009-01-12 07:00:00" DealType="1" Lots="0.63" Symbol="EURUSD" Open="1.3412" SL="1.3332" TP="1.3432" CloseTime="2009-01-12 08:06:00" Close="1.3432" Swap="0.00" Profit="3888.94" Comment=" (89)" />
        <deal Ticket="8939448" OpenTime="2008-12-23 07:00:00" DealType="1" Lots="0.67" Symbol="EURUSD" Open="1.3988" SL="1.3908" TP="1.4008" CloseTime="2008-12-23 07:39:00" Close="1.4008" Swap="0.00" Profit="3782.42" Comment=" (90)" />
        <deal Ticket="8927017" OpenTime="2008-12-22 07:01:00" DealType="1" Lots="0.65" Symbol="EURUSD" Open="1.4009" SL="1.3929" TP="1.4029" CloseTime="2008-12-22 08:28:00" Close="1.4029" Swap="0.00" Profit="3665.79" Comment=" (91)" />
        <deal Ticket="8913683" OpenTime="2008-12-19 07:00:00" DealType="1" Lots="0.65" Symbol="EURUSD" Open="1.4254" SL="1.4174" TP="1.4274" CloseTime="2008-12-19 07:54:00" Close="1.4274" Swap="0.00" Profit="3568.69" Comment=" (92)" />
        <deal Ticket="8895893" OpenTime="2008-12-18 07:00:00" DealType="-1" Lots="0.64" Symbol="EURUSD" Open="1.4458" SL="1.4538" TP="1.4438" CloseTime="2008-12-18 07:06:00" Close="1.4438" Swap="0.00" Profit="3492.29" Comment=" (93)" />
        <deal Ticket="8864327" OpenTime="2008-12-16 07:00:00" DealType="-1" Lots="0.62" Symbol="EURUSD" Open="1.3719" SL="1.3799" TP="1.3699" CloseTime="2008-12-16 08:10:00" Close="1.3699" Swap="0.00" Profit="3436.07" Comment=" (94)" />
        <deal Ticket="8851653" OpenTime="2008-12-15 07:00:00" DealType="-1" Lots="0.60" Symbol="EURUSD" Open="1.3481" SL="1.3561" TP="1.3461" CloseTime="2008-12-15 08:15:00" Close="1.3461" Swap="0.00" Profit="3334.32" Comment=" (95)" />
        <deal Ticket="8838581" OpenTime="2008-12-12 07:00:00" DealType="-1" Lots="0.59" Symbol="EURUSD" Open="1.3300" SL="1.3380" TP="1.3280" CloseTime="2008-12-12 07:28:00" Close="1.3280" Swap="0.00" Profit="3286.79" Comment=" (96)" />
        <deal Ticket="8823271" OpenTime="2008-12-11 07:00:00" DealType="-1" Lots="0.29" Symbol="EURUSD" Open="1.3126" SL="1.3206" TP="1.3106" CloseTime="2008-12-11 09:39:00" Close="1.3106" Swap="0.00" Profit="1626.38" Comment=" (97)" />
        <deal Ticket="8638132" OpenTime="2008-11-20 21:45:00" DealType="-1" Lots="0.12" Symbol="GBPUSD" Open="1.4755" SL="1.4858" TP="1.4598" CloseTime="2008-11-21 07:18:00" Close="1.4858" Swap="0.00" Profit="-3415.57" Comment=" (98)" />
        <deal Ticket="8638129" OpenTime="2008-11-20 21:45:00" DealType="-1" Lots="0.12" Symbol="AUDCHF" Open="0.7426" SL="0.7538" TP="0.7278" CloseTime="2008-11-21 04:09:00" Close="0.7538" Swap="0.00" Profit="-3038.60" Comment=" (99)" />
        <deal Ticket="8638838" OpenTime="2008-11-20 22:39:00" DealType="-1" Lots="0.11" Symbol="GBPJPY" Open="137.72" SL="138.79" TP="136.32" CloseTime="2008-11-20 23:26:00" Close="138.79" Swap="0.00" Profit="-3473.19" Comment=" (100)" />
        <deal Ticket="8600427" OpenTime="2008-11-18 08:45:00" DealType="1" Lots="0.10" Symbol="GBPUSD" Open="1.5076" SL="1.4973" TP="1.5233" CloseTime="2008-11-18 10:45:00" Close="1.4973" Swap="0.00" Profit="-2820.06" Comment=" (101)" />
        <deal Ticket="8494216" OpenTime="2008-11-06 13:57:00" DealType="1" Lots="0.12" Symbol="EURUSD" Open="1.2765" SL="1.2688" TP="1.2883" CloseTime="2008-11-06 15:06:00" Close="1.2800" Swap="0.00" Profit="1127.90" Comment=" (102)" />
        <deal Ticket="8488396" OpenTime="2008-11-06 06:00:00" DealType="-1" Lots="0.10" Symbol="GBPJPY" Open="154.82" SL="156.44" TP="152.54" CloseTime="2008-11-06 09:18:00" Close="156.44" Swap="0.00" Profit="-4454.22" Comment=" (103)" />
        <deal Ticket="8482118" OpenTime="2008-11-05 16:21:00" DealType="-1" Lots="0.47" Symbol="EURUSD" Open="1.3083" SL="1.2995" TP="0.0000" CloseTime="2008-11-05 18:48:00" Close="1.2995" Swap="0.00" Profit="11121.91" Comment=" (104)" />
        <deal Ticket="8482352" OpenTime="2008-11-05 16:31:00" DealType="1" Lots="0.60" Symbol="EURUSD" Open="1.3112" SL="1.3004" TP="1.3279" CloseTime="2008-11-05 17:33:00" Close="1.3004" Swap="0.00" Profit="-17281.51" Comment=" (105)" />
        <deal Ticket="8481811" OpenTime="2008-11-05 16:13:00" DealType="-1" Lots="0.39" Symbol="EURUSD" Open="1.3027" SL="1.3104" TP="1.2909" CloseTime="2008-11-05 16:20:00" Close="1.3104" Swap="0.00" Profit="-8043.86" Comment=" (106)" />
        <deal Ticket="8473278" OpenTime="2008-11-05 05:18:00" DealType="1" Lots="0.36" Symbol="EURUSD" Open="1.2844" SL="1.2939" TP="0.0000" CloseTime="2008-11-05 13:30:00" Close="1.2939" Swap="0.00" Profit="9138.75" Comment=" (107)" />
        <deal Ticket="8468048" OpenTime="2008-11-04 17:01:00" DealType="1" Lots="0.50" Symbol="EURUSD" Open="1.2980" SL="1.2870" TP="1.3145" CloseTime="2008-11-05 05:17:00" Close="1.2870" Swap="0.00" Profit="-14716.73" Comment=" (108)" />
        <deal Ticket="8459468" OpenTime="2008-11-04 05:01:00" DealType="-1" Lots="0.42" Symbol="EURUSD" Open="1.2568" SL="1.2676" TP="1.2401" CloseTime="2008-11-04 09:22:00" Close="1.2676" Swap="0.00" Profit="-12356.24" Comment=" (109)" />
        <deal Ticket="8455996" OpenTime="2008-11-03 18:30:00" DealType="-1" Lots="0.35" Symbol="GBPJPY" Open="156.85" SL="155.38" TP="0.00" CloseTime="2008-11-04 02:37:00" Close="155.38" Swap="0.00" Profit="14256.47" Comment=" (110)" />
        <deal Ticket="8431492" OpenTime="2008-10-31 02:15:00" DealType="-1" Lots="0.42" Symbol="EURUSD" Open="1.2812" SL="1.2652" TP="0.0000" CloseTime="2008-11-03 21:13:00" Close="1.2652" Swap="0.00" Profit="18318.52" Comment=" (111)" />
        <deal Ticket="8444139" OpenTime="2008-10-31 18:57:00" DealType="-1" Lots="0.32" Symbol="GBPJPY" Open="158.71" SL="160.34" TP="156.44" CloseTime="2008-11-03 02:47:00" Close="160.34" Swap="0.00" Profit="-14264.01" Comment=" (112)" />
        <deal Ticket="8413517" OpenTime="2008-10-30 03:42:00" DealType="-1" Lots="0.52" Symbol="EURUSD" Open="1.3282" SL="1.3169" TP="0.0000" CloseTime="2008-10-30 07:20:00" Close="1.3169" Swap="0.00" Profit="15693.62" Comment=" (113)" />
        <deal Ticket="8413064" OpenTime="2008-10-30 02:18:00" DealType="-1" Lots="0.43" Symbol="EURUSD" Open="1.3167" SL="1.3244" TP="1.3049" CloseTime="2008-10-30 03:40:00" Close="1.3244" Swap="0.00" Profit="-8813.61" Comment=" (114)" />
        <deal Ticket="8412690" OpenTime="2008-10-30 01:24:00" DealType="-1" Lots="0.36" Symbol="EURUSD" Open="1.3068" SL="1.3145" TP="1.2950" CloseTime="2008-10-30 02:17:00" Close="1.3145" Swap="0.00" Profit="-7408.39" Comment=" (115)" />
        <deal Ticket="8409371" OpenTime="2008-10-29 19:32:00" DealType="1" Lots="0.33" Symbol="EURUSD" Open="1.2836" SL="1.2937" TP="0.0000" CloseTime="2008-10-29 20:53:00" Close="1.2937" Swap="0.00" Profit="8913.21" Comment=" (116)" />
        <deal Ticket="8404637" OpenTime="2008-10-29 15:23:00" DealType="-1" Lots="0.31" Symbol="EURUSD" Open="1.2940" SL="1.2865" TP="0.0000" CloseTime="2008-10-29 17:20:00" Close="1.2865" Swap="0.00" Profit="6283.64" Comment=" (117)" />
        <deal Ticket="8392783" OpenTime="2008-10-28 22:02:00" DealType="1" Lots="0.41" Symbol="EURUSD" Open="1.2686" SL="1.2788" TP="0.0000" CloseTime="2008-10-29 01:14:00" Close="1.2788" Swap="0.00" Profit="11256.27" Comment=" (118)" />
        <deal Ticket="8390612" OpenTime="2008-10-28 20:00:00" DealType="1" Lots="0.31" Symbol="GBPJPY" Open="154.09" SL="156.66" TP="0.00" CloseTime="2008-10-28 22:32:00" Close="156.66" Swap="0.00" Profit="21860.15" Comment=" (119)" />
        <deal Ticket="8376233" OpenTime="2008-10-28 02:05:00" DealType="-1" Lots="0.34" Symbol="EURUSD" Open="1.2362" SL="1.2474" TP="1.2199" CloseTime="2008-10-28 05:43:00" Close="1.2474" Swap="0.00" Profit="-10456.88" Comment=" (120)" />
        <deal Ticket="8358030" OpenTime="2008-10-27 00:45:00" DealType="-1" Lots="0.37" Symbol="EURUSD" Open="1.2588" SL="1.2394" TP="0.0000" CloseTime="2008-10-27 10:32:00" Close="1.2394" Swap="0.00" Profit="19773.67" Comment=" (121)" />
        <deal Ticket="8345783" OpenTime="2008-10-24 10:30:00" DealType="-1" Lots="0.34" Symbol="EURUSD" Open="1.2581" SL="1.2683" TP="1.2483" CloseTime="2008-10-24 14:41:00" Close="1.2683" Swap="0.00" Profit="-9456.82" Comment=" (122)" />
        <deal Ticket="8332206" OpenTime="2008-10-23 15:05:00" DealType="-1" Lots="1.00" Symbol="GBPJPY" Open="156.95" SL="158.02" TP="156.02" CloseTime="2008-10-23 15:08:00" Close="157.07" Swap="0.00" Profit="-3334.68" Comment=" (123)" />
        <deal Ticket="8311471" OpenTime="2008-10-22 08:30:00" DealType="-1" Lots="0.46" Symbol="EURUSD" Open="1.2855" SL="1.2960" TP="1.2760" CloseTime="2008-10-23 01:09:00" Close="1.2760" Swap="0.00" Profit="11850.04" Comment=" (124)" />
        <deal Ticket="8309759" OpenTime="2008-10-22 06:30:00" DealType="-1" Lots="0.31" Symbol="EURUSD" Open="1.2737" SL="1.2839" TP="1.2639" CloseTime="2008-10-22 07:03:00" Close="1.2839" Swap="0.00" Profit="-8530.29" Comment=" (125)" />
        <deal Ticket="8309481" OpenTime="2008-10-22 06:15:00" DealType="-1" Lots="0.28" Symbol="EURUSD" Open="1.2903" SL="1.3005" TP="1.2805" CloseTime="2008-10-22 06:28:00" Close="1.2805" Swap="0.00" Profit="7402.32" Comment=" (126)" />
        <deal Ticket="8308267" OpenTime="2008-10-22 01:45:00" DealType="-1" Lots="0.26" Symbol="EURUSD" Open="1.3005" SL="1.3107" TP="1.2907" CloseTime="2008-10-22 06:15:00" Close="1.2907" Swap="0.00" Profit="6872.72" Comment=" (127)" />
        <deal Ticket="8304381" OpenTime="2008-10-21 18:15:00" DealType="-1" Lots="0.26" Symbol="EURUSD" Open="1.3122" SL="1.3224" TP="1.3024" CloseTime="2008-10-22 01:31:00" Close="1.3024" Swap="0.00" Profit="6837.48" Comment=" (128)" />
        <deal Ticket="8298843" OpenTime="2008-10-21 11:30:00" DealType="-1" Lots="0.38" Symbol="EURUSD" Open="1.3255" SL="1.3357" TP="1.3157" CloseTime="2008-10-21 14:58:00" Close="1.3157" Swap="0.00" Profit="9938.72" Comment=" (129)" />
        <deal Ticket="8254535" OpenTime="2008-10-16 07:15:00" DealType="-1" Lots="0.25" Symbol="EURUSD" Open="1.3410" SL="1.3512" TP="1.3312" CloseTime="2008-10-16 13:15:00" Close="1.3512" Swap="0.00" Profit="-6724.99" Comment=" (130)" />
        <deal Ticket="8202295" OpenTime="2008-10-10 19:45:00" DealType="-1" Lots="0.36" Symbol="EURUSD" Open="1.3363" SL="1.3465" TP="1.3265" CloseTime="2008-10-10 20:45:00" Close="1.3265" Swap="0.00" Profit="9304.57" Comment=" (131)" />
        <deal Ticket="8146559" OpenTime="2008-10-07 16:15:00" DealType="1" Lots="0.22" Symbol="EURUSD" Open="1.3684" SL="1.3582" TP="1.3782" CloseTime="2008-10-07 19:44:00" Close="1.3582" Swap="0.00" Profit="-5849.99" Comment=" (132)" />
        <deal Ticket="8146456" OpenTime="2008-10-07 16:09:00" DealType="-1" Lots="0.20" Symbol="GOLD" Open="874.80" SL="0.00" TP="0.00" CloseTime="2008-10-07 16:09:00" Close="875.40" Swap="0.00" Profit="-311.86" Comment=" (133)" />
        <deal Ticket="8141802" OpenTime="2008-10-07 12:00:00" DealType="1" Lots="0.20" Symbol="GOLD" Open="886.30" SL="836.30" TP="0.00" CloseTime="2008-10-07 16:09:00" Close="875.00" Swap="0.00" Profit="-5873.47" Comment=" (134)" />
        <deal Ticket="8122561" OpenTime="2008-10-06 11:45:00" DealType="-1" Lots="0.22" Symbol="EURUSD" Open="1.3564" SL="1.3666" TP="1.3466" CloseTime="2008-10-06 20:25:00" Close="1.3466" Swap="0.00" Profit="5691.93" Comment=" (135)" />
        <deal Ticket="8117383" OpenTime="2008-10-06 02:57:00" DealType="-1" Lots="0.32" Symbol="EURUSD" Open="1.3642" SL="1.3744" TP="1.3544" CloseTime="2008-10-06 11:11:00" Close="1.3544" Swap="0.00" Profit="8246.93" Comment=" (136)" />
        <deal Ticket="8095787" OpenTime="2008-10-02 15:15:00" DealType="-1" Lots="0.21" Symbol="EURUSD" Open="1.3788" SL="1.3890" TP="1.3690" CloseTime="2008-10-03 07:58:00" Close="1.3890" Swap="0.00" Profit="-5561.16" Comment=" (137)" />
        <deal Ticket="8090593" OpenTime="2008-10-02 09:15:00" DealType="-1" Lots="0.32" Symbol="EURUSD" Open="1.3919" SL="1.4021" TP="1.3821" CloseTime="2008-10-02 14:35:00" Close="1.3821" Swap="0.00" Profit="8151.12" Comment=" (138)" />
        <deal Ticket="8070239" OpenTime="2008-09-30 17:00:00" DealType="-1" Lots="0.20" Symbol="EURUSD" Open="1.4044" SL="1.4149" TP="1.3949" CloseTime="2008-10-01 08:29:00" Close="1.4149" Swap="0.00" Profit="-5393.96" Comment=" (139)" />
        <deal Ticket="8068838" OpenTime="2008-09-30 16:00:00" DealType="-1" Lots="0.29" Symbol="EURUSD" Open="1.4175" SL="1.4277" TP="1.4077" CloseTime="2008-09-30 16:50:00" Close="1.4077" Swap="0.00" Profit="7319.83" Comment=" (140)" />
        <deal Ticket="8047427" OpenTime="2008-09-29 09:15:00" DealType="-1" Lots="0.19" Symbol="EURUSD" Open="1.4364" SL="1.4466" TP="1.4266" CloseTime="2008-09-29 16:19:00" Close="1.4466" Swap="0.00" Profit="-4919.52" Comment=" (141)" />
        <deal Ticket="8037013" OpenTime="2008-09-26 12:31:00" DealType="-1" Lots="3.95" Symbol="EURUSD" Open="1.4563" SL="1.4633" TP="1.4556" CloseTime="2008-09-26 13:50:00" Close="1.4633" Swap="0.00" Profit="-69438.00" Comment=" (142)" />
        <deal Ticket="7997832" OpenTime="2008-09-23 11:41:00" DealType="1" Lots="3.74" Symbol="EURUSD" Open="1.4743" SL="1.4673" TP="1.4750" CloseTime="2008-09-23 11:43:00" Close="1.4750" Swap="0.00" Profit="6518.61" Comment=" (143)" />
        <deal Ticket="7988203" OpenTime="2008-09-22 16:30:00" DealType="1" Lots="3.58" Symbol="EURUSD" Open="1.4648" SL="1.4578" TP="1.4655" CloseTime="2008-09-22 16:44:00" Close="1.4655" Swap="0.00" Profit="6274.30" Comment=" (144)" />
        <deal Ticket="7953830" OpenTime="2008-09-18 11:43:00" DealType="1" Lots="3.44" Symbol="EURUSD" Open="1.4429" SL="1.4359" TP="1.4436" CloseTime="2008-09-18 11:46:00" Close="1.4436" Swap="0.00" Profit="6084.53" Comment=" (145)" />
        <deal Ticket="7942532" OpenTime="2008-09-17 17:43:00" DealType="-1" Lots="3.31" Symbol="EURUSD" Open="1.4135" SL="1.4205" TP="1.4128" CloseTime="2008-09-17 17:55:00" Close="1.4128" Swap="0.00" Profit="5962.09" Comment=" (146)" />
        <deal Ticket="7942426" OpenTime="2008-09-17 17:36:00" DealType="-1" Lots="0.10" Symbol="EURUSD" Open="1.4144" SL="1.4214" TP="1.4137" CloseTime="2008-09-17 17:43:00" Close="1.4137" Swap="0.00" Profit="179.98" Comment=" (147)" />
        <deal Ticket="7942502" OpenTime="2008-09-17 17:41:00" DealType="1" Lots="3.21" Symbol="EURUSD" Open="1.4137" SL="1.4207" TP="1.4130" CloseTime="2008-09-17 17:42:00" Close="1.4139" Swap="0.00" Profit="0.00" Comment=" (148)" />
        <deal Ticket="7942482" OpenTime="2008-09-17 17:40:00" DealType="1" Lots="3.20" Symbol="EURUSD" Open="1.4146" SL="1.4216" TP="1.4139" CloseTime="2008-09-17 17:41:00" Close="1.4146" Swap="0.00" Profit="0.00" Comment=" (149)" />
        <deal Ticket="7942469" OpenTime="2008-09-17 17:39:00" DealType="1" Lots="3.20" Symbol="EURUSD" Open="1.4140" SL="1.4210" TP="1.4133" CloseTime="2008-09-17 17:40:00" Close="1.4149" Swap="0.00" Profit="0.00" Comment=" (150)" />
        <deal Ticket="7942457" OpenTime="2008-09-17 17:39:00" DealType="1" Lots="3.21" Symbol="EURUSD" Open="1.4137" SL="1.4207" TP="1.4130" CloseTime="2008-09-17 17:39:00" Close="1.4143" Swap="0.00" Profit="0.00" Comment=" (151)" />
        <deal Ticket="7942409" OpenTime="2008-09-17 17:35:00" DealType="-1" Lots="3.15" Symbol="EURUSD" Open="1.4151" SL="1.4221" TP="1.4144" CloseTime="2008-09-17 17:38:00" Close="1.4144" Swap="0.00" Profit="5669.74" Comment=" (152)" />
        <deal Ticket="7942434" OpenTime="2008-09-17 17:37:00" DealType="1" Lots="0.10" Symbol="EURUSD" Open="1.4145" SL="1.4215" TP="1.4138" CloseTime="2008-09-17 17:37:00" Close="1.4145" Swap="0.00" Profit="0.00" Comment=" (153)" />
        <deal Ticket="7942418" OpenTime="2008-09-17 17:35:00" DealType="1" Lots="0.10" Symbol="EURUSD" Open="1.4148" SL="1.4218" TP="1.4141" CloseTime="2008-09-17 17:36:00" Close="1.4148" Swap="0.00" Profit="0.00" Comment=" (154)" />
        <deal Ticket="7942396" OpenTime="2008-09-17 17:34:00" DealType="1" Lots="3.15" Symbol="EURUSD" Open="1.4138" SL="1.4208" TP="1.4131" CloseTime="2008-09-17 17:34:00" Close="1.4148" Swap="0.00" Profit="0.00" Comment=" (155)" />
        <deal Ticket="7942379" OpenTime="2008-09-17 17:33:00" DealType="1" Lots="3.15" Symbol="EURUSD" Open="1.4139" SL="1.4209" TP="1.4132" CloseTime="2008-09-17 17:33:00" Close="1.4141" Swap="0.00" Profit="0.00" Comment=" (156)" />
        <deal Ticket="7942345" OpenTime="2008-09-17 17:31:00" DealType="1" Lots="3.15" Symbol="EURUSD" Open="1.4136" SL="1.4206" TP="1.4129" CloseTime="2008-09-17 17:32:00" Close="1.4145" Swap="0.00" Profit="0.00" Comment=" (157)" />
        <deal Ticket="7942329" OpenTime="2008-09-17 17:31:00" DealType="1" Lots="3.15" Symbol="EURUSD" Open="1.4128" SL="1.4198" TP="1.4121" CloseTime="2008-09-17 17:31:00" Close="1.4138" Swap="0.00" Profit="0.00" Comment=" (158)" />
        <deal Ticket="7942308" OpenTime="2008-09-17 17:30:00" DealType="1" Lots="3.15" Symbol="EURUSD" Open="1.4126" SL="1.4196" TP="1.4119" CloseTime="2008-09-17 17:30:00" Close="1.4129" Swap="0.00" Profit="0.00" Comment=" (159)" />
        <deal Ticket="7848075" OpenTime="2008-09-08 20:00:00" DealType="-1" Lots="0.67" Symbol="EURUSD" Open="1.4074" SL="1.4176" TP="1.3976" CloseTime="2008-09-09 11:11:00" Close="1.4176" Swap="0.00" Profit="-17526.41" Comment=" (160)" />
        <deal Ticket="7824351" OpenTime="2008-09-05 03:00:00" DealType="-1" Lots="0.37" Symbol="EURUSD" Open="1.4267" SL="1.4369" TP="1.4169" CloseTime="2008-09-08 00:00:00" Close="1.4369" Swap="0.00" Profit="-9654.57" Comment=" (161)" />
        <deal Ticket="7803156" OpenTime="2008-09-03 10:30:00" DealType="-1" Lots="0.19" Symbol="EURUSD" Open="1.4401" SL="1.4503" TP="1.4303" CloseTime="2008-09-03 21:22:00" Close="1.4503" Swap="0.00" Profit="-4888.84" Comment=" (162)" />
        <deal Ticket="7793518" OpenTime="2008-09-02 13:00:00" DealType="-1" Lots="0.10" Symbol="EURUSD" Open="1.4493" SL="1.4595" TP="1.4395" CloseTime="2008-09-03 10:21:00" Close="1.4395" Swap="0.00" Profit="2467.14" Comment=" (163)" />
        <deal Ticket="7788401" OpenTime="2008-09-02 02:45:00" DealType="1" Lots="3.99" Symbol="EURUSD" Open="1.4569" SL="1.4639" TP="1.4562" CloseTime="2008-09-02 03:00:00" Close="1.4582" Swap="0.00" Profit="0.00" Comment=" (164)" />
        <deal Ticket="7784699" OpenTime="2008-09-01 14:00:00" DealType="1" Lots="3.98" Symbol="EURUSD" Open="1.4619" SL="1.4689" TP="1.4612" CloseTime="2008-09-01 14:15:00" Close="1.4621" Swap="0.00" Profit="0.00" Comment=" (165)" />
        <deal Ticket="7770595" OpenTime="2008-08-29 06:17:00" DealType="1" Lots="3.78" Symbol="EURUSD" Open="1.4756" SL="1.4686" TP="1.4763" CloseTime="2008-08-29 10:13:00" Close="1.4763" Swap="0.00" Profit="6477.31" Comment=" (166)" />
        <deal Ticket="7738591" OpenTime="2008-08-26 09:24:00" DealType="-1" Lots="3.63" Symbol="EURUSD" Open="1.4679" SL="1.4749" TP="1.4672" CloseTime="2008-08-26 10:00:00" Close="1.4672" Swap="0.00" Profit="6272.23" Comment=" (167)" />
        <deal Ticket="7724766" OpenTime="2008-08-22 20:22:00" DealType="-1" Lots="3.47" Symbol="EURUSD" Open="1.4771" SL="1.4841" TP="1.4764" CloseTime="2008-08-22 20:44:00" Close="1.4764" Swap="0.00" Profit="5952.96" Comment=" (168)" />
        <deal Ticket="7711761" OpenTime="2008-08-21 15:00:00" DealType="1" Lots="3.31" Symbol="EURUSD" Open="1.4828" SL="1.4758" TP="1.4835" CloseTime="2008-08-21 15:01:00" Close="1.4835" Swap="0.00" Profit="5618.03" Comment=" (169)" />
        <deal Ticket="7622146" OpenTime="2008-08-11 15:01:00" DealType="-1" Lots="3.13" Symbol="EURUSD" Open="1.4971" SL="1.5041" TP="1.4964" CloseTime="2008-08-11 17:54:00" Close="1.4964" Swap="0.00" Profit="5361.51" Comment=" (170)" />
        <deal Ticket="7422238" OpenTime="2008-07-16 17:01:00" DealType="-1" Lots="3.00" Symbol="EURUSD" Open="1.5823" SL="0.0000" TP="0.0000" CloseTime="2008-07-16 17:04:00" Close="1.5830" Swap="0.00" Profit="-4903.75" Comment=" (171)" />
        <deal Ticket="7418591" OpenTime="2008-07-16 13:43:00" DealType="1" Lots="3.00" Symbol="EURUSD" Open="1.5913" SL="0.0000" TP="0.0000" CloseTime="2008-07-16 16:53:00" Close="1.5841" Swap="0.00" Profit="-49983.69" Comment=" (172)" />
        <deal Ticket="7406356" OpenTime="2008-07-15 15:34:00" DealType="-1" Lots="0.30" Symbol="EURUSD" Open="1.5970" SL="0.0000" TP="0.0000" CloseTime="2008-07-15 19:38:00" Close="1.5920" Swap="0.00" Profit="3488.96" Comment=" (174)" />
        <deal Ticket="7405968" OpenTime="2008-07-15 15:15:00" DealType="1" Lots="0.30" Symbol="EURUSD" Open="1.5976" SL="0.0000" TP="0.0000" CloseTime="2008-07-15 15:34:00" Close="1.5974" Swap="0.00" Profit="-138.09" Comment=" (175)" />
        <deal Ticket="7404998" OpenTime="2008-07-15 14:19:00" DealType="-1" Lots="0.30" Symbol="EURUSD" Open="1.5989" SL="0.0000" TP="0.0000" CloseTime="2008-07-15 15:15:00" Close="1.5974" Swap="0.00" Profit="1044.71" Comment=" (176)" />
        <deal Ticket="7404225" OpenTime="2008-07-15 13:06:00" DealType="-1" Lots="0.14" Symbol="EURUSD" Open="1.5994" SL="0.0000" TP="0.2000" CloseTime="2008-07-15 14:14:00" Close="1.5991" Swap="0.00" Profit="97.40" Comment=" (177)" />
        <deal Ticket="7397643" OpenTime="2008-07-15 01:29:00" DealType="-1" Lots="0.41" Symbol="EURUSD" Open="1.5895" SL="0.0000" TP="0.2000" CloseTime="2008-07-15 01:37:00" Close="1.5894" Swap="0.00" Profit="95.39" Comment=" (178)" />
        <deal Ticket="7392137" OpenTime="2008-07-14 14:57:00" DealType="1" Lots="0.41" Symbol="EURUSD" Open="1.5876" SL="0.0000" TP="0.0000" CloseTime="2008-07-15 01:31:00" Close="1.5893" Swap="0.00" Profit="1607.67" Comment=" (179)" />
    </deals>
    <balances>
        <balance Ticket="14037512" Amount="-68883.00" Date="2010-01-30 03:34:00" />
        <balance Ticket="14037289" Amount="68883.75" Date="2010-01-30 00:02:00" />
        <balance Ticket="13497030" Amount="-291414.00" Date="2010-01-01 10:32:00" />
        <balance Ticket="13496798" Amount="291413.57" Date="2010-01-01 00:02:00" />
        <balance Ticket="13027435" Amount="0.00" Date="2009-12-01 00:01:00" />
        <balance Ticket="12503671" Amount="0.00" Date="2009-10-31 00:01:00" />
        <balance Ticket="12018882" Amount="0.00" Date="2009-10-01 00:01:00" />
        <balance Ticket="11473443" Amount="-38010.00" Date="2009-09-01 04:00:00" />
        <balance Ticket="11472363" Amount="37273.39" Date="2009-09-01 00:01:00" />
        <balance Ticket="11119696" Amount="0.00" Date="2009-08-01 00:00:00" />
        <balance Ticket="10726382" Amount="0.00" Date="2009-07-01 00:00:00" />
        <balance Ticket="10391157" Amount="737.15" Date="2009-05-30 00:00:00" />
        <balance Ticket="10121367" Amount="-537702.00" Date="2009-05-03 11:48:00" />
        <balance Ticket="9325599" Amount="79480.00" Date="2009-02-07 12:40:00" />
        <balance Ticket="9114534" Amount="129300.00" Date="2009-01-18 08:41:00" />
        <balance Ticket="7418265" Amount="149000.00" Date="2008-07-16 13:16:00" />
        <balance Ticket="7390560" Amount="10000.00" Date="2008-07-14 12:57:00" />
        <balance Ticket="7336011" Amount="5000.00" Date="2008-07-08 18:04:00" />
        <balance Ticket="7312642" Amount="100.00" Date="2008-07-05 13:43:00" />
    </balances>
</account>