﻿<?xml version="1.0" encoding="utf-8"?>
<account Id="11976" Broker="" Account="" Trader="" Login="" InitBalance="2000.00">
    <deals>
        <deal Ticket="5302531" OpenTime="2010-02-17 00:17:00" DealType="-1" Lots="0.50" Symbol="EURCHF." Open="1.4681" SL="1.4851" TP="1.4611" CloseTime="2010-02-17 01:56:00" Close="1.4678" Swap="0.00" Profit="14.07" Comment=" (1)" />
        <deal Ticket="5301806" OpenTime="2010-02-16 22:34:00" DealType="-1" Lots="0.50" Symbol="EURGBP." Open="0.8723" SL="0.8893" TP="0.8653" CloseTime="2010-02-17 00:53:00" Close="0.8720" Swap="0.00" Profit="23.68" Comment=" (2)" />
        <deal Ticket="5301513" OpenTime="2010-02-16 22:00:00" DealType="-1" Lots="0.50" Symbol="EURCHF." Open="1.4683" SL="1.4853" TP="1.4613" CloseTime="2010-02-16 23:59:00" Close="1.4680" Swap="0.00" Profit="14.07" Comment=" (3)" />
        <deal Ticket="5283408" OpenTime="2010-02-15 22:35:00" DealType="-1" Lots="0.50" Symbol="EURGBP." Open="0.8685" SL="0.8855" TP="0.8615" CloseTime="2010-02-16 00:47:00" Close="0.8684" Swap="0.00" Profit="7.83" Comment=" (4)" />
        <deal Ticket="5252735" OpenTime="2010-02-11 23:49:00" DealType="-1" Lots="0.50" Symbol="EURCHF." Open="1.4660" SL="1.4830" TP="1.4590" CloseTime="2010-02-12 01:30:00" Close="1.4657" Swap="0.00" Profit="14.01" Comment=" (5)" />
        <deal Ticket="5231074" OpenTime="2010-02-11 01:02:00" DealType="-1" Lots="0.50" Symbol="EURGBP." Open="0.8809" SL="0.8979" TP="0.8739" CloseTime="2010-02-11 06:07:00" Close="0.8809" Swap="0.00" Profit="0.00" Comment=" (6)" />
        <deal Ticket="5231527" OpenTime="2010-02-11 01:44:00" DealType="-1" Lots="0.50" Symbol="EURCHF." Open="1.4667" SL="1.4837" TP="1.4597" CloseTime="2010-02-11 04:05:00" Close="1.4667" Swap="0.00" Profit="0.00" Comment=" (7)" />
        <deal Ticket="5231273" OpenTime="2010-02-11 01:16:00" DealType="1" Lots="0.50" Symbol="EURCHF." Open="1.4660" SL="1.4490" TP="1.4730" CloseTime="2010-02-11 01:26:00" Close="1.4666" Swap="0.00" Profit="28.12" Comment=" (8)" />
        <deal Ticket="5229922" OpenTime="2010-02-10 22:24:00" DealType="1" Lots="0.50" Symbol="EURCHF." Open="1.4666" SL="1.4496" TP="1.4736" CloseTime="2010-02-11 01:08:00" Close="1.4666" Swap="0.00" Profit="0.00" Comment=" (9)" />
        <deal Ticket="5229744" OpenTime="2010-02-10 22:00:00" DealType="-1" Lots="0.50" Symbol="EURGBP." Open="0.8812" SL="0.8982" TP="0.8742" CloseTime="2010-02-11 00:21:00" Close="0.8809" Swap="0.00" Profit="23.39" Comment=" (10)" />
        <deal Ticket="5204903" OpenTime="2010-02-09 22:00:00" DealType="-1" Lots="0.50" Symbol="EURCHF." Open="1.4677" SL="1.4847" TP="1.4677" CloseTime="2010-02-10 05:14:00" Close="1.4677" Swap="0.00" Profit="0.00" Comment=" (11)" />
        <deal Ticket="5207304" OpenTime="2010-02-10 01:00:00" DealType="-1" Lots="0.50" Symbol="EURGBP." Open="0.8783" SL="0.8953" TP="0.8713" CloseTime="2010-02-10 03:49:00" Close="0.8782" Swap="0.00" Profit="7.85" Comment=" (12)" />
        <deal Ticket="5205343" OpenTime="2010-02-09 22:55:00" DealType="1" Lots="0.50" Symbol="EURGBP." Open="0.8779" SL="0.8609" TP="0.8849" CloseTime="2010-02-10 01:00:00" Close="0.8783" Swap="0.00" Profit="31.41" Comment=" (13)" />
        <deal Ticket="5179138" OpenTime="2010-02-08 22:30:00" DealType="-1" Lots="0.50" Symbol="EURGBP." Open="0.8760" SL="0.8930" TP="0.8690" CloseTime="2010-02-09 02:06:00" Close="0.8761" Swap="0.00" Profit="-7.80" Comment=" (14)" />
        <deal Ticket="5181596" OpenTime="2010-02-09 01:37:00" DealType="1" Lots="0.50" Symbol="EURCHF." Open="1.4647" SL="1.4477" TP="1.4717" CloseTime="2010-02-09 02:00:00" Close="1.4653" Swap="0.00" Profit="27.95" Comment=" (15)" />
        <deal Ticket="5181508" OpenTime="2010-02-09 01:25:00" DealType="-1" Lots="0.50" Symbol="EURCHF." Open="1.4653" SL="1.4823" TP="1.4583" CloseTime="2010-02-09 01:37:00" Close="1.4648" Swap="0.00" Profit="23.30" Comment=" (16)" />
        <deal Ticket="5181183" OpenTime="2010-02-09 00:52:00" DealType="1" Lots="0.50" Symbol="EURCHF." Open="1.4647" SL="1.4477" TP="1.4717" CloseTime="2010-02-09 01:25:00" Close="1.4653" Swap="0.00" Profit="27.97" Comment=" (17)" />
        <deal Ticket="5179641" OpenTime="2010-02-08 23:00:00" DealType="1" Lots="0.50" Symbol="EURCHF." Open="1.4646" SL="1.4476" TP="1.4716" CloseTime="2010-02-08 23:33:00" Close="1.4651" Swap="0.00" Profit="23.30" Comment=" (18)" />
        <deal Ticket="5178768" OpenTime="2010-02-08 22:01:00" DealType="-1" Lots="0.50" Symbol="EURCHF." Open="1.4654" SL="1.4824" TP="1.4584" CloseTime="2010-02-08 23:00:00" Close="1.4648" Swap="0.00" Profit="27.98" Comment=" (19)" />
        <deal Ticket="5132966" OpenTime="2010-02-04 23:47:00" DealType="1" Lots="0.50" Symbol="EURGBP." Open="0.8717" SL="0.8547" TP="0.8717" CloseTime="2010-02-05 07:44:00" Close="0.8717" Swap="0.00" Profit="0.00" Comment=" (20)" />
        <deal Ticket="5131438" OpenTime="2010-02-04 22:01:00" DealType="1" Lots="0.50" Symbol="EURGBP." Open="0.8722" SL="0.8552" TP="0.8792" CloseTime="2010-02-04 23:04:00" Close="0.8725" Swap="0.00" Profit="23.62" Comment=" (21)" />
        <deal Ticket="5102234" OpenTime="2010-02-04 00:53:00" DealType="1" Lots="0.50" Symbol="EURGBP." Open="0.8740" SL="0.8570" TP="0.8740" CloseTime="2010-02-04 09:06:00" Close="0.8740" Swap="0.00" Profit="0.00" Comment=" (22)" />
        <deal Ticket="5101813" OpenTime="2010-02-04 00:26:00" DealType="1" Lots="0.40" Symbol="EURCHF." Open="1.4711" SL="1.4541" TP="1.4716" CloseTime="2010-02-04 08:28:00" Close="1.4711" Swap="0.00" Profit="0.00" Comment=" (23)" />
        <deal Ticket="5100377" OpenTime="2010-02-03 23:27:00" DealType="-1" Lots="0.50" Symbol="EURGBP." Open="0.8744" SL="0.8914" TP="0.8674" CloseTime="2010-02-04 00:53:00" Close="0.8740" Swap="0.00" Profit="31.80" Comment=" (24)" />
        <deal Ticket="5099745" OpenTime="2010-02-03 22:00:00" DealType="-1" Lots="0.40" Symbol="EURGBP." Open="0.8746" SL="0.8916" TP="0.8676" CloseTime="2010-02-03 23:03:00" Close="0.8743" Swap="0.00" Profit="19.08" Comment=" (25)" />
        <deal Ticket="5073291" OpenTime="2010-02-02 22:00:00" DealType="-1" Lots="0.40" Symbol="EURCHF." Open="1.4729" SL="1.4899" TP="1.4729" CloseTime="2010-02-03 11:17:00" Close="1.4729" Swap="0.00" Profit="0.00" Comment=" (26)" />
        <deal Ticket="5074105" OpenTime="2010-02-02 23:36:00" DealType="-1" Lots="0.40" Symbol="EURGBP." Open="0.8743" SL="0.8913" TP="0.8673" CloseTime="2010-02-03 02:01:00" Close="0.8740" Swap="0.00" Profit="19.19" Comment=" (27)" />
        <deal Ticket="4998546" OpenTime="2010-01-28 23:44:00" DealType="1" Lots="0.40" Symbol="EURGBP." Open="0.8659" SL="0.8489" TP="0.8659" CloseTime="2010-01-29 11:30:00" Close="0.8659" Swap="0.00" Profit="0.00" Comment=" (28)" />
        <deal Ticket="4998622" OpenTime="2010-01-28 23:48:00" DealType="1" Lots="0.40" Symbol="EURCHF." Open="1.4691" SL="1.4521" TP="1.4761" CloseTime="2010-01-28 23:57:00" Close="1.4697" Swap="0.00" Profit="22.81" Comment=" (29)" />
        <deal Ticket="4967629" OpenTime="2010-01-27 23:59:00" DealType="-1" Lots="0.40" Symbol="EURCHF." Open="1.4723" SL="1.4893" TP="1.4653" CloseTime="2010-01-28 03:45:00" Close="1.4724" Swap="0.00" Profit="-3.79" Comment=" (30)" />
        <deal Ticket="4967901" OpenTime="2010-01-28 00:19:00" DealType="-1" Lots="0.40" Symbol="EURGBP." Open="0.8677" SL="0.8847" TP="0.8607" CloseTime="2010-01-28 01:52:00" Close="0.8674" Swap="0.00" Profit="19.41" Comment=" (31)" />
        <deal Ticket="4967260" OpenTime="2010-01-27 23:06:00" DealType="1" Lots="0.40" Symbol="EURCHF." Open="1.4717" SL="1.4547" TP="1.4787" CloseTime="2010-01-27 23:59:00" Close="1.4723" Swap="0.00" Profit="22.86" Comment=" (32)" />
        <deal Ticket="4966426" OpenTime="2010-01-27 22:16:00" DealType="-1" Lots="0.40" Symbol="EURGBP." Open="0.8679" SL="0.8849" TP="0.8609" CloseTime="2010-01-27 23:25:00" Close="0.8675" Swap="0.00" Profit="25.87" Comment=" (33)" />
        <deal Ticket="4965437" OpenTime="2010-01-27 22:06:00" DealType="1" Lots="0.40" Symbol="EURGBP." Open="0.8674" SL="0.8504" TP="0.8744" CloseTime="2010-01-27 22:16:00" Close="0.8680" Swap="0.00" Profit="38.72" Comment=" (34)" />
        <deal Ticket="4965359" OpenTime="2010-01-27 22:00:00" DealType="-1" Lots="0.40" Symbol="EURCHF." Open="1.4725" SL="1.4895" TP="1.4655" CloseTime="2010-01-27 22:13:00" Close="1.4719" Swap="0.00" Profit="22.82" Comment=" (35)" />
        <deal Ticket="4938047" OpenTime="2010-01-27 00:29:00" DealType="-1" Lots="0.40" Symbol="EURCHF." Open="1.4725" SL="1.4895" TP="1.4655" CloseTime="2010-01-27 03:05:00" Close="1.4724" Swap="0.00" Profit="3.83" Comment=" (36)" />
        <deal Ticket="4938424" OpenTime="2010-01-27 01:07:00" DealType="-1" Lots="0.40" Symbol="EURGBP." Open="0.8722" SL="0.8892" TP="0.8652" CloseTime="2010-01-27 02:39:00" Close="0.8718" Swap="0.00" Profit="25.85" Comment=" (37)" />
        <deal Ticket="4936209" OpenTime="2010-01-26 22:12:00" DealType="1" Lots="0.40" Symbol="EURGBP." Open="0.8723" SL="0.8553" TP="0.8793" CloseTime="2010-01-27 01:07:00" Close="0.8723" Swap="0.00" Profit="0.00" Comment=" (38)" />
        <deal Ticket="4903859" OpenTime="2010-01-25 23:04:00" DealType="1" Lots="0.40" Symbol="EURGBP." Open="0.8716" SL="0.8546" TP="0.8786" CloseTime="2010-01-26 02:55:00" Close="0.8715" Swap="0.00" Profit="-6.49" Comment=" (39)" />
        <deal Ticket="4904719" OpenTime="2010-01-26 00:13:00" DealType="-1" Lots="0.40" Symbol="EURCHF." Open="1.4714" SL="1.4884" TP="1.4644" CloseTime="2010-01-26 02:24:00" Close="1.4711" Swap="0.00" Profit="11.55" Comment=" (40)" />
        <deal Ticket="4904265" OpenTime="2010-01-25 23:42:00" DealType="1" Lots="0.40" Symbol="EURCHF." Open="1.4708" SL="1.4538" TP="1.4778" CloseTime="2010-01-26 00:13:00" Close="1.4714" Swap="0.00" Profit="23.08" Comment=" (41)" />
        <deal Ticket="4903706" OpenTime="2010-01-25 22:39:00" DealType="-1" Lots="0.40" Symbol="EURCHF." Open="1.4714" SL="1.4884" TP="1.4644" CloseTime="2010-01-25 23:30:00" Close="1.4709" Swap="0.00" Profit="19.24" Comment=" (42)" />
        <deal Ticket="4849541" OpenTime="2010-01-21 22:00:00" DealType="-1" Lots="0.40" Symbol="EURGBP." Open="0.8701" SL="0.8871" TP="0.8631" CloseTime="2010-01-22 00:25:00" Close="0.8698" Swap="0.00" Profit="19.44" Comment=" (43)" />
        <deal Ticket="4849667" OpenTime="2010-01-21 22:11:00" DealType="1" Lots="0.40" Symbol="EURCHF." Open="1.4683" SL="1.4513" TP="1.4753" CloseTime="2010-01-21 22:47:00" Close="1.4689" Swap="0.00" Profit="23.03" Comment=" (44)" />
        <deal Ticket="4773282" OpenTime="2010-01-20 00:02:00" DealType="1" Lots="0.40" Symbol="EURGBP." Open="0.8731" SL="0.8561" TP="0.8801" CloseTime="2010-01-20 02:51:00" Close="0.8731" Swap="0.00" Profit="0.00" Comment=" (45)" />
        <deal Ticket="4772949" OpenTime="2010-01-19 23:56:00" DealType="1" Lots="0.40" Symbol="EURCHF." Open="1.4750" SL="1.4580" TP="1.4820" CloseTime="2010-01-20 02:17:00" Close="1.4750" Swap="0.00" Profit="0.00" Comment=" (46)" />
        <deal Ticket="4771494" OpenTime="2010-01-19 22:42:00" DealType="-1" Lots="0.40" Symbol="EURGBP." Open="0.8736" SL="0.8906" TP="0.8666" CloseTime="2010-01-19 23:57:00" Close="0.8733" Swap="0.00" Profit="19.63" Comment=" (47)" />
        <deal Ticket="4771964" OpenTime="2010-01-19 22:59:00" DealType="-1" Lots="0.40" Symbol="EURCHF." Open="1.4755" SL="1.4925" TP="1.4685" CloseTime="2010-01-19 23:56:00" Close="1.4749" Swap="0.00" Profit="23.23" Comment=" (48)" />
        <deal Ticket="4771627" OpenTime="2010-01-19 22:45:00" DealType="1" Lots="0.40" Symbol="EURCHF." Open="1.4749" SL="1.4579" TP="1.4819" CloseTime="2010-01-19 22:53:00" Close="1.4754" Swap="0.00" Profit="19.39" Comment=" (49)" />
        <deal Ticket="4771302" OpenTime="2010-01-19 22:24:00" DealType="-1" Lots="0.40" Symbol="EURCHF." Open="1.4755" SL="1.4925" TP="1.4685" CloseTime="2010-01-19 22:44:00" Close="1.4749" Swap="0.00" Profit="23.26" Comment=" (50)" />
        <deal Ticket="4737969" OpenTime="2010-01-19 00:37:00" DealType="-1" Lots="0.40" Symbol="EURCHF." Open="1.4741" SL="1.4911" TP="1.4738" CloseTime="2010-01-19 03:14:00" Close="1.4741" Swap="0.00" Profit="0.00" Comment=" (51)" />
        <deal Ticket="4739249" OpenTime="2010-01-19 01:41:00" DealType="-1" Lots="0.40" Symbol="EURGBP." Open="0.8809" SL="0.8979" TP="0.8739" CloseTime="2010-01-19 02:25:00" Close="0.8803" Swap="0.00" Profit="39.27" Comment=" (52)" />
        <deal Ticket="4736678" OpenTime="2010-01-18 22:45:00" DealType="1" Lots="0.40" Symbol="EURGBP." Open="0.8809" SL="0.8639" TP="0.8879" CloseTime="2010-01-19 01:41:00" Close="0.8809" Swap="0.00" Profit="0.00" Comment=" (53)" />
        <deal Ticket="4736479" OpenTime="2010-01-18 22:00:00" DealType="-1" Lots="0.40" Symbol="EURCHF." Open="1.4743" SL="1.4913" TP="1.4673" CloseTime="2010-01-18 23:31:00" Close="1.4739" Swap="0.00" Profit="15.60" Comment=" (54)" />
        <deal Ticket="4681286" OpenTime="2010-01-14 23:33:00" DealType="1" Lots="0.40" Symbol="EURGBP." Open="0.8878" SL="0.8708" TP="0.8948" CloseTime="2010-01-15 02:40:00" Close="0.8879" Swap="0.00" Profit="6.53" Comment=" (55)" />
        <deal Ticket="4648505" OpenTime="2010-01-14 01:32:00" DealType="-1" Lots="0.40" Symbol="EURCHF." Open="1.4774" SL="1.4944" TP="1.4774" CloseTime="2010-01-14 19:10:00" Close="1.4774" Swap="0.00" Profit="0.00" Comment=" (56)" />
        <deal Ticket="4647129" OpenTime="2010-01-14 00:02:00" DealType="-1" Lots="0.40" Symbol="EURGBP." Open="0.8915" SL="0.9085" TP="0.8845" CloseTime="2010-01-14 02:55:00" Close="0.8915" Swap="0.00" Profit="0.00" Comment=" (57)" />
        <deal Ticket="4645958" OpenTime="2010-01-13 22:16:00" DealType="-1" Lots="0.40" Symbol="EURCHF." Open="1.4774" SL="1.4944" TP="1.4704" CloseTime="2010-01-14 00:36:00" Close="1.4774" Swap="0.00" Profit="0.00" Comment=" (58)" />
        <deal Ticket="4611417" OpenTime="2010-01-13 01:00:00" DealType="-1" Lots="0.40" Symbol="EURCHF." Open="1.4754" SL="1.4924" TP="1.4684" CloseTime="2010-01-13 01:54:00" Close="1.4749" Swap="0.00" Profit="19.62" Comment=" (59)" />
        <deal Ticket="4611199" OpenTime="2010-01-13 00:43:00" DealType="-1" Lots="0.40" Symbol="EURGBP." Open="0.8968" SL="0.9138" TP="0.8898" CloseTime="2010-01-13 01:50:00" Close="0.8965" Swap="0.00" Profit="19.38" Comment=" (60)" />
        <deal Ticket="4610946" OpenTime="2010-01-13 00:21:00" DealType="1" Lots="0.40" Symbol="EURCHF." Open="1.4748" SL="1.4578" TP="1.4818" CloseTime="2010-01-13 01:00:00" Close="1.4754" Swap="0.00" Profit="23.57" Comment=" (61)" />
        <deal Ticket="4609557" OpenTime="2010-01-12 22:51:00" DealType="-1" Lots="0.40" Symbol="EURCHF." Open="1.4753" SL="1.4923" TP="1.4683" CloseTime="2010-01-13 00:18:00" Close="1.4749" Swap="0.00" Profit="15.71" Comment=" (62)" />
        <deal Ticket="4609102" OpenTime="2010-01-12 22:10:00" DealType="1" Lots="0.40" Symbol="EURGBP." Open="0.8960" SL="0.8790" TP="0.9030" CloseTime="2010-01-12 22:43:00" Close="0.8967" Swap="0.00" Profit="45.24" Comment=" (63)" />
        <deal Ticket="4568431" OpenTime="2010-01-11 23:53:00" DealType="1" Lots="0.40" Symbol="EURGBP." Open="0.9010" SL="0.8840" TP="0.9016" CloseTime="2010-01-12 03:29:00" Close="0.9009" Swap="0.00" Profit="-6.44" Comment=" (64)" />
        <deal Ticket="4568762" OpenTime="2010-01-12 00:06:00" DealType="1" Lots="0.40" Symbol="EURCHF." Open="1.4747" SL="1.4577" TP="1.4817" CloseTime="2010-01-12 01:50:00" Close="1.4750" Swap="0.00" Profit="11.80" Comment=" (65)" />
        <deal Ticket="4567517" OpenTime="2010-01-11 22:56:00" DealType="-1" Lots="0.40" Symbol="EURGBP." Open="0.9018" SL="0.9188" TP="0.8948" CloseTime="2010-01-11 23:28:00" Close="0.9012" Swap="0.00" Profit="38.67" Comment=" (66)" />
        <deal Ticket="4502643" OpenTime="2010-01-07 23:53:00" DealType="1" Lots="0.40" Symbol="EURCHF." Open="1.4792" SL="1.4622" TP="1.4862" CloseTime="2010-01-08 00:12:00" Close="1.4798" Swap="0.00" Profit="23.21" Comment=" (67)" />
        <deal Ticket="4471793" OpenTime="2010-01-06 22:38:00" DealType="1" Lots="0.40" Symbol="EURGBP." Open="0.9000" SL="0.8830" TP="0.9006" CloseTime="2010-01-07 02:51:00" Close="0.9000" Swap="0.00" Profit="0.00" Comment=" (68)" />
        <deal Ticket="4472031" OpenTime="2010-01-06 23:06:00" DealType="1" Lots="0.40" Symbol="EURCHF." Open="1.4806" SL="1.4636" TP="1.4806" CloseTime="2010-01-07 02:27:00" Close="1.4806" Swap="0.00" Profit="0.00" Comment=" (69)" />
        <deal Ticket="4434837" OpenTime="2010-01-05 22:28:00" DealType="1" Lots="0.40" Symbol="EURCHF." Open="1.4852" SL="1.4682" TP="1.4852" CloseTime="2010-01-06 07:10:00" Close="1.4852" Swap="0.00" Profit="0.00" Comment=" (70)" />
        <deal Ticket="4437659" OpenTime="2010-01-06 01:07:00" DealType="-1" Lots="0.40" Symbol="EURGBP." Open="0.8987" SL="0.9157" TP="0.8917" CloseTime="2010-01-06 03:24:00" Close="0.8984" Swap="0.00" Profit="19.17" Comment=" (71)" />
        <deal Ticket="4399608" OpenTime="2010-01-05 01:33:00" DealType="1" Lots="0.40" Symbol="EURGBP." Open="0.8952" SL="0.8782" TP="0.9022" CloseTime="2010-01-05 03:04:00" Close="0.8956" Swap="0.00" Profit="25.76" Comment=" (72)" />
        <deal Ticket="4398260" OpenTime="2010-01-05 00:11:00" DealType="-1" Lots="0.40" Symbol="EURCHF." Open="1.4845" SL="1.5015" TP="1.4775" CloseTime="2010-01-05 02:32:00" Close="1.4845" Swap="0.00" Profit="0.00" Comment=" (73)" />
        <deal Ticket="4396115" OpenTime="2010-01-04 22:11:00" DealType="-1" Lots="0.40" Symbol="EURGBP." Open="0.8954" SL="0.9124" TP="0.8884" CloseTime="2010-01-05 01:23:00" Close="0.8954" Swap="0.00" Profit="0.00" Comment=" (74)" />
        <deal Ticket="4256548" OpenTime="2009-12-21 23:56:00" DealType="1" Lots="2.00" Symbol="EURCHF." Open="1.4938" SL="1.4768" TP="1.5008" CloseTime="2009-12-22 02:16:00" Close="1.4937" Swap="0.00" Profit="-19.14" Comment=" (75)" />
        <deal Ticket="4258621" OpenTime="2009-12-22 01:49:00" DealType="-1" Lots="2.10" Symbol="EURGBP." Open="0.8904" SL="0.9074" TP="0.8834" CloseTime="2009-12-22 02:01:00" Close="0.8897" Swap="0.00" Profit="236.13" Comment=" (76)" />
        <deal Ticket="4257827" OpenTime="2009-12-22 00:57:00" DealType="1" Lots="2.00" Symbol="EURGBP." Open="0.8897" SL="0.8727" TP="0.8967" CloseTime="2009-12-22 01:48:00" Close="0.8904" Swap="0.00" Profit="224.60" Comment=" (77)" />
        <deal Ticket="4255953" OpenTime="2009-12-21 23:18:00" DealType="-1" Lots="2.00" Symbol="EURGBP." Open="0.8903" SL="0.9073" TP="0.8833" CloseTime="2009-12-22 00:26:00" Close="0.8899" Swap="0.00" Profit="128.31" Comment=" (78)" />
        <deal Ticket="4254628" OpenTime="2009-12-21 22:10:00" DealType="-1" Lots="1.90" Symbol="EURCHF." Open="1.4946" SL="1.5116" TP="1.4876" CloseTime="2009-12-21 23:38:00" Close="1.4942" Swap="0.00" Profit="72.68" Comment=" (79)" />
        <deal Ticket="4254851" OpenTime="2009-12-21 22:11:00" DealType="-1" Lots="1.90" Symbol="EURGBP." Open="0.8905" SL="0.9075" TP="0.8835" CloseTime="2009-12-21 23:14:00" Close="0.8902" Swap="0.00" Profit="91.47" Comment=" (80)" />
        <deal Ticket="4179797" OpenTime="2009-12-17 22:30:00" DealType="1" Lots="1.90" Symbol="EURGBP." Open="0.8877" SL="0.8707" TP="0.8947" CloseTime="2009-12-18 01:13:00" Close="0.8880" Swap="0.00" Profit="91.82" Comment=" (81)" />
        <deal Ticket="4179494" OpenTime="2009-12-17 22:00:00" DealType="-1" Lots="1.80" Symbol="EURGBP." Open="0.8883" SL="0.9053" TP="0.8813" CloseTime="2009-12-17 22:29:00" Close="0.8877" Swap="0.00" Profit="174.55" Comment=" (82)" />
        <deal Ticket="4131753" OpenTime="2009-12-16 23:00:00" DealType="1" Lots="1.80" Symbol="EURGBP." Open="0.8897" SL="0.8727" TP="0.8967" CloseTime="2009-12-17 01:55:00" Close="0.8897" Swap="0.00" Profit="0.00" Comment=" (83)" />
        <deal Ticket="4130647" OpenTime="2009-12-16 22:02:00" DealType="1" Lots="1.70" Symbol="EURCHF." Open="1.5092" SL="1.4922" TP="1.5162" CloseTime="2009-12-16 23:18:00" Close="1.5097" Swap="0.00" Profit="81.86" Comment=" (84)" />
        <deal Ticket="4130560" OpenTime="2009-12-16 22:01:00" DealType="-1" Lots="1.70" Symbol="EURGBP." Open="0.8901" SL="0.9071" TP="0.8831" CloseTime="2009-12-16 23:00:00" Close="0.8897" Swap="0.00" Profit="111.12" Comment=" (85)" />
        <deal Ticket="4092716" OpenTime="2009-12-15 23:51:00" DealType="-1" Lots="1.70" Symbol="EURCHF." Open="1.5123" SL="1.5293" TP="1.5123" CloseTime="2009-12-16 13:33:00" Close="1.5123" Swap="0.00" Profit="0.00" Comment=" (86)" />
        <deal Ticket="4091488" OpenTime="2009-12-15 22:38:00" DealType="1" Lots="1.70" Symbol="EURGBP." Open="0.8935" SL="0.8765" TP="0.9005" CloseTime="2009-12-16 01:25:00" Close="0.8937" Swap="0.00" Profit="55.30" Comment=" (87)" />
        <deal Ticket="4053778" OpenTime="2009-12-15 01:18:00" DealType="-1" Lots="1.70" Symbol="EURCHF." Open="1.5123" SL="1.5293" TP="1.5053" CloseTime="2009-12-15 09:15:00" Close="1.5123" Swap="0.00" Profit="0.00" Comment=" (88)" />
        <deal Ticket="4052946" OpenTime="2009-12-15 00:25:00" DealType="1" Lots="1.60" Symbol="EURGBP." Open="0.8984" SL="0.8814" TP="0.9054" CloseTime="2009-12-15 01:25:00" Close="0.8987" Swap="0.00" Profit="78.25" Comment=" (89)" />
        <deal Ticket="4051013" OpenTime="2009-12-14 22:20:00" DealType="-1" Lots="1.70" Symbol="EURCHF." Open="1.5122" SL="1.5292" TP="1.5052" CloseTime="2009-12-15 00:43:00" Close="1.5122" Swap="0.00" Profit="0.00" Comment=" (90)" />
        <deal Ticket="3968492" OpenTime="2009-12-10 23:52:00" DealType="-1" Lots="1.60" Symbol="EURGBP." Open="0.9050" SL="0.9220" TP="0.8980" CloseTime="2009-12-11 02:17:00" Close="0.9047" Swap="0.00" Profit="78.17" Comment=" (91)" />
        <deal Ticket="3967246" OpenTime="2009-12-10 22:11:00" DealType="-1" Lots="1.60" Symbol="EURCHF." Open="1.5115" SL="1.5285" TP="1.5045" CloseTime="2009-12-11 01:01:00" Close="1.5115" Swap="0.00" Profit="0.00" Comment=" (92)" />
        <deal Ticket="3967312" OpenTime="2009-12-10 22:20:00" DealType="-1" Lots="1.60" Symbol="EURGBP." Open="0.9051" SL="0.9221" TP="0.8981" CloseTime="2009-12-10 23:31:00" Close="0.9048" Swap="0.00" Profit="78.15" Comment=" (93)" />
        <deal Ticket="3923339" OpenTime="2009-12-09 22:05:00" DealType="-1" Lots="1.60" Symbol="EURCHF." Open="1.5118" SL="1.5288" TP="1.5048" CloseTime="2009-12-10 10:28:00" Close="1.5118" Swap="0.00" Profit="0.00" Comment=" (94)" />
        <deal Ticket="3923320" OpenTime="2009-12-09 22:04:00" DealType="1" Lots="1.60" Symbol="EURGBP." Open="0.9056" SL="0.8886" TP="0.9056" CloseTime="2009-12-10 08:45:00" Close="0.9056" Swap="0.00" Profit="0.00" Comment=" (95)" />
        <deal Ticket="3869615" OpenTime="2009-12-09 00:47:00" DealType="-1" Lots="1.60" Symbol="EURGBP." Open="0.9032" SL="0.9202" TP="0.9032" CloseTime="2009-12-09 12:37:00" Close="0.9032" Swap="0.00" Profit="0.00" Comment=" (96)" />
        <deal Ticket="3811739" OpenTime="2009-12-07 22:48:00" DealType="-1" Lots="1.60" Symbol="EURCHF." Open="1.5115" SL="1.5285" TP="1.5045" CloseTime="2009-12-08 07:18:00" Close="1.5115" Swap="0.00" Profit="0.00" Comment=" (97)" />
        <deal Ticket="3811731" OpenTime="2009-12-07 22:48:00" DealType="1" Lots="1.60" Symbol="EURGBP." Open="0.9010" SL="0.8840" TP="0.9080" CloseTime="2009-12-07 23:56:00" Close="0.9014" Swap="0.00" Profit="105.22" Comment=" (98)" />
        <deal Ticket="3667169" OpenTime="2009-12-02 22:33:00" DealType="-1" Lots="1.60" Symbol="EURGBP." Open="0.9039" SL="0.9209" TP="0.9039" CloseTime="2009-12-04 15:30:00" Close="0.9039" Swap="0.00" Profit="0.00" Comment=" (99)" />
        <deal Ticket="3666746" OpenTime="2009-12-02 22:00:00" DealType="-1" Lots="1.60" Symbol="EURCHF." Open="1.5075" SL="1.5245" TP="1.5075" CloseTime="2009-12-03 17:00:00" Close="1.5075" Swap="0.00" Profit="0.00" Comment=" (100)" />
        <deal Ticket="3635977" OpenTime="2009-12-02 01:32:00" DealType="-1" Lots="1.60" Symbol="EURGBP." Open="0.9076" SL="0.9246" TP="0.9076" CloseTime="2009-12-02 11:07:00" Close="0.9076" Swap="0.00" Profit="0.00" Comment=" (101)" />
        <deal Ticket="3632588" OpenTime="2009-12-01 22:03:00" DealType="1" Lots="1.50" Symbol="EURGBP." Open="0.9071" SL="0.8901" TP="0.9141" CloseTime="2009-12-01 23:03:00" Close="0.9075" Swap="0.00" Profit="99.70" Comment=" (102)" />
        <deal Ticket="3587114" OpenTime="2009-11-30 22:00:00" DealType="-1" Lots="1.50" Symbol="EURCHF." Open="1.5083" SL="1.5253" TP="1.5013" CloseTime="2009-12-01 05:41:00" Close="1.5083" Swap="0.00" Profit="0.00" Comment=" (103)" />
        <deal Ticket="3589896" OpenTime="2009-12-01 00:09:00" DealType="-1" Lots="1.50" Symbol="EURGBP." Open="0.9128" SL="0.9298" TP="0.9058" CloseTime="2009-12-01 04:08:00" Close="0.9128" Swap="0.00" Profit="0.00" Comment=" (104)" />
        <deal Ticket="3589212" OpenTime="2009-11-30 23:14:00" DealType="1" Lots="1.50" Symbol="EURGBP." Open="0.9122" SL="0.8952" TP="0.9192" CloseTime="2009-12-01 00:09:00" Close="0.9128" Swap="0.00" Profit="147.88" Comment=" (105)" />
        <deal Ticket="3471878" OpenTime="2009-11-26 23:38:00" DealType="1" Lots="1.40" Symbol="EURGBP." Open="0.9088" SL="0.8918" TP="0.9158" CloseTime="2009-11-27 00:51:00" Close="0.9092" Swap="0.00" Profit="92.39" Comment=" (106)" />
        <deal Ticket="3472061" OpenTime="2009-11-26 23:44:00" DealType="-1" Lots="1.40" Symbol="EURCHF." Open="1.5066" SL="1.5236" TP="1.4996" CloseTime="2009-11-26 23:53:00" Close="1.5061" Swap="0.00" Profit="69.80" Comment=" (107)" />
        <deal Ticket="3470813" OpenTime="2009-11-26 23:04:00" DealType="1" Lots="1.40" Symbol="EURGBP." Open="0.9088" SL="0.8918" TP="0.9158" CloseTime="2009-11-26 23:15:00" Close="0.9095" Swap="0.00" Profit="161.79" Comment=" (108)" />
        <deal Ticket="3469536" OpenTime="2009-11-26 22:00:00" DealType="1" Lots="1.40" Symbol="EURGBP." Open="0.9089" SL="0.8919" TP="0.9159" CloseTime="2009-11-26 23:00:00" Close="0.9093" Swap="0.00" Profit="92.44" Comment=" (109)" />
        <deal Ticket="3420623" OpenTime="2009-11-25 23:00:00" DealType="-1" Lots="1.40" Symbol="EURGBP." Open="0.9053" SL="0.9223" TP="0.9050" CloseTime="2009-11-26 02:26:00" Close="0.9055" Swap="0.00" Profit="-46.77" Comment=" (110)" />
        <deal Ticket="3375884" OpenTime="2009-11-24 22:49:00" DealType="-1" Lots="1.40" Symbol="EURGBP." Open="0.9026" SL="0.9196" TP="0.8956" CloseTime="2009-11-24 23:52:00" Close="0.9022" Swap="0.00" Profit="92.85" Comment=" (111)" />
        <deal Ticket="3248890" OpenTime="2009-11-19 22:00:00" DealType="-1" Lots="2.00" Symbol="EURGBP." Open="0.8960" SL="0.9130" TP="0.8890" CloseTime="2009-11-19 22:53:00" Close="0.8954" Swap="0.00" Profit="199.94" Comment=" (112)" />
        <deal Ticket="3202297" OpenTime="2009-11-18 23:04:00" DealType="-1" Lots="1.90" Symbol="EURGBP." Open="0.8934" SL="0.9104" TP="0.8864" CloseTime="2009-11-19 01:50:00" Close="0.8931" Swap="0.00" Profit="95.44" Comment=" (113)" />
        <deal Ticket="3202687" OpenTime="2009-11-18 23:25:00" DealType="-1" Lots="1.90" Symbol="EURCHF." Open="1.5111" SL="1.5281" TP="1.5041" CloseTime="2009-11-19 01:46:00" Close="1.5111" Swap="0.00" Profit="0.00" Comment=" (114)" />
        <deal Ticket="3160592" OpenTime="2009-11-17 23:05:00" DealType="-1" Lots="1.80" Symbol="EURCHF." Open="1.5114" SL="1.5284" TP="1.5044" CloseTime="2009-11-18 02:42:00" Close="1.5115" Swap="0.00" Profit="-17.72" Comment=" (115)" />
        <deal Ticket="3163059" OpenTime="2009-11-18 01:43:00" DealType="1" Lots="1.90" Symbol="EURGBP." Open="0.8842" SL="0.8672" TP="0.8912" CloseTime="2009-11-18 02:34:00" Close="0.8848" Swap="0.00" Profit="191.62" Comment=" (116)" />
        <deal Ticket="3162154" OpenTime="2009-11-18 00:42:00" DealType="-1" Lots="1.80" Symbol="EURGBP." Open="0.8846" SL="0.9016" TP="0.8776" CloseTime="2009-11-18 01:41:00" Close="0.8843" Swap="0.00" Profit="90.84" Comment=" (117)" />
        <deal Ticket="3117349" OpenTime="2009-11-17 01:41:00" DealType="-1" Lots="1.80" Symbol="EURCHF." Open="1.5088" SL="1.5258" TP="1.5018" CloseTime="2009-11-17 04:20:00" Close="1.5089" Swap="0.00" Profit="-17.84" Comment=" (118)" />
        <deal Ticket="3116068" OpenTime="2009-11-17 00:22:00" DealType="1" Lots="1.80" Symbol="EURGBP." Open="0.8893" SL="0.8723" TP="0.8963" CloseTime="2009-11-17 01:27:00" Close="0.8897" Swap="0.00" Profit="121.24" Comment=" (119)" />
        <deal Ticket="3113219" OpenTime="2009-11-16 22:13:00" DealType="1" Lots="1.70" Symbol="EURGBP." Open="0.8896" SL="0.8726" TP="0.8966" CloseTime="2009-11-16 23:57:00" Close="0.8899" Swap="0.00" Profit="85.79" Comment=" (120)" />
        <deal Ticket="2700731" OpenTime="2009-11-03 01:15:00" DealType="-1" Lots="1.60" Symbol="EURCHF." Open="1.5093" SL="1.5263" TP="1.5093" CloseTime="2009-11-16 14:28:00" Close="1.5093" Swap="0.00" Profit="0.00" Comment=" (121)" />
        <deal Ticket="3034681" OpenTime="2009-11-12 22:09:00" DealType="1" Lots="1.60" Symbol="EURGBP." Open="0.8962" SL="0.8792" TP="0.8962" CloseTime="2009-11-16 10:43:00" Close="0.8962" Swap="0.00" Profit="0.00" Comment=" (122)" />
        <deal Ticket="2992212" OpenTime="2009-11-11 23:54:00" DealType="1" Lots="1.60" Symbol="EURGBP." Open="0.9038" SL="0.8868" TP="0.9108" CloseTime="2009-11-12 03:39:00" Close="0.9038" Swap="0.00" Profit="0.00" Comment=" (123)" />
        <deal Ticket="2835539" OpenTime="2009-11-05 22:17:00" DealType="-1" Lots="1.60" Symbol="EURGBP." Open="0.897" SL="0.914" TP="0.890" CloseTime="2009-11-06 01:07:00" Close="0.897" Swap="0.00" Profit="0.00" Comment=" (124)" />
        <deal Ticket="2794198" OpenTime="2009-11-04 22:00:00" DealType="-1" Lots="1.60" Symbol="EURGBP." Open="0.8979" SL="0.9149" TP="0.8909" CloseTime="2009-11-04 22:13:00" Close="0.8974" Swap="0.00" Profit="132.71" Comment=" (125)" />
        <deal Ticket="2750249" OpenTime="2009-11-04 01:02:00" DealType="-1" Lots="1.60" Symbol="EURGBP." Open="0.8966" SL="0.9136" TP="0.8896" CloseTime="2009-11-04 03:53:00" Close="0.8966" Swap="0.00" Profit="0.00" Comment=" (126)" />
        <deal Ticket="2748214" OpenTime="2009-11-03 23:03:00" DealType="1" Lots="1.60" Symbol="EURGBP." Open="0.8962" SL="0.8792" TP="0.9032" CloseTime="2009-11-04 01:02:00" Close="0.8966" Swap="0.00" Profit="105.04" Comment=" (127)" />
        <deal Ticket="2747520" OpenTime="2009-11-03 22:03:00" DealType="-1" Lots="1.50" Symbol="EURGBP." Open="0.8965" SL="0.9135" TP="0.8895" CloseTime="2009-11-03 23:03:00" Close="0.8961" Swap="0.00" Profit="98.54" Comment=" (128)" />
        <deal Ticket="2700578" OpenTime="2009-11-03 01:09:00" DealType="-1" Lots="1.70" Symbol="EURGBP." Open="0.9014" SL="0.9184" TP="0.9014" CloseTime="2009-11-03 12:02:00" Close="0.9014" Swap="0.00" Profit="0.00" Comment=" (129)" />
        <deal Ticket="2699545" OpenTime="2009-11-03 00:01:00" DealType="1" Lots="1.50" Symbol="EURGBP." Open="0.9006" SL="0.8836" TP="0.9012" CloseTime="2009-11-03 01:08:00" Close="0.9012" Swap="0.00" Profit="147.53" Comment=" (130)" />
        <deal Ticket="2698066" OpenTime="2009-11-02 22:03:00" DealType="-1" Lots="1.60" Symbol="EURCHF." Open="1.5092" SL="1.5262" TP="1.5022" CloseTime="2009-11-03 00:28:00" Close="1.5092" Swap="0.00" Profit="0.00" Comment=" (131)" />
        <deal Ticket="2606786" OpenTime="2009-10-29 23:59:00" DealType="1" Lots="1.60" Symbol="EURGBP." Open="0.8964" SL="0.8794" TP="0.9034" CloseTime="2009-10-30 03:07:00" Close="0.8964" Swap="0.00" Profit="0.00" Comment=" (132)" />
        <deal Ticket="2606642" OpenTime="2009-10-29 23:56:00" DealType="-1" Lots="1.50" Symbol="EURCHF." Open="1.5106" SL="1.5276" TP="1.5036" CloseTime="2009-10-30 00:21:00" Close="1.5102" Swap="0.00" Profit="58.91" Comment=" (133)" />
        <deal Ticket="2605082" OpenTime="2009-10-29 22:00:00" DealType="-1" Lots="1.40" Symbol="EURCHF." Open="1.5106" SL="1.5276" TP="1.5036" CloseTime="2009-10-29 23:53:00" Close="1.5104" Swap="0.00" Profit="27.49" Comment=" (134)" />
        <deal Ticket="2605074" OpenTime="2009-10-29 22:00:00" DealType="-1" Lots="1.50" Symbol="EURGBP." Open="0.8971" SL="0.9141" TP="0.8901" CloseTime="2009-10-29 23:39:00" Close="0.8967" Swap="0.00" Profit="99.28" Comment=" (135)" />
        <deal Ticket="2566200" OpenTime="2009-10-29 01:24:00" DealType="1" Lots="1.40" Symbol="EURGBP." Open="0.8980" SL="0.8810" TP="0.9050" CloseTime="2009-10-29 02:35:00" Close="0.8984" Swap="0.00" Profit="91.76" Comment=" (136)" />
        <deal Ticket="2564716" OpenTime="2009-10-28 23:45:00" DealType="-1" Lots="1.50" Symbol="EURCHF." Open="1.5106" SL="1.5276" TP="1.5036" CloseTime="2009-10-29 01:30:00" Close="1.5105" Swap="0.00" Profit="14.62" Comment=" (137)" />
        <deal Ticket="2563931" OpenTime="2009-10-28 23:23:00" DealType="1" Lots="1.40" Symbol="EURCHF." Open="1.5100" SL="1.4930" TP="1.5170" CloseTime="2009-10-28 23:45:00" Close="1.5106" Swap="0.00" Profit="81.81" Comment=" (138)" />
        <deal Ticket="2521958" OpenTime="2009-10-28 00:59:00" DealType="-1" Lots="1.40" Symbol="EURGBP." Open="0.9044" SL="0.9214" TP="0.8974" CloseTime="2009-10-28 02:45:00" Close="0.9040" Swap="0.00" Profit="91.84" Comment=" (139)" />
        <deal Ticket="2481422" OpenTime="2009-10-27 01:38:00" DealType="1" Lots="1.30" Symbol="EURGBP." Open="0.9106" SL="0.8936" TP="0.9176" CloseTime="2009-10-27 02:11:00" Close="0.9112" Swap="0.00" Profit="127.20" Comment=" (140)" />
        <deal Ticket="2479236" OpenTime="2009-10-26 23:30:00" DealType="-1" Lots="1.30" Symbol="EURCHF." Open="1.5145" SL="1.5315" TP="1.5075" CloseTime="2009-10-27 01:51:00" Close="1.5144" Swap="0.00" Profit="12.77" Comment=" (141)" />
        <deal Ticket="2478690" OpenTime="2009-10-26 23:00:00" DealType="1" Lots="1.20" Symbol="EURGBP." Open="0.9106" SL="0.8936" TP="0.9176" CloseTime="2009-10-27 00:01:00" Close="0.9109" Swap="0.00" Profit="58.76" Comment=" (142)" />
        <deal Ticket="2477880" OpenTime="2009-10-26 22:02:00" DealType="1" Lots="1.20" Symbol="EURCHF." Open="1.5140" SL="1.4970" TP="1.5210" CloseTime="2009-10-26 23:30:00" Close="1.5144" Swap="0.00" Profit="47.13" Comment=" (143)" />
        <deal Ticket="2406745" OpenTime="2009-10-22 23:06:00" DealType="-1" Lots="1.20" Symbol="EURGBP." Open="0.9041" SL="0.9211" TP="0.8971" CloseTime="2009-10-23 03:03:00" Close="0.9042" Swap="0.00" Profit="-19.97" Comment=" (144)" />
        <deal Ticket="2370533" OpenTime="2009-10-21 23:29:00" DealType="1" Lots="1.20" Symbol="EURCHF." Open="1.5105" SL="1.4935" TP="1.5175" CloseTime="2009-10-22 05:36:00" Close="1.5104" Swap="0.00" Profit="-11.92" Comment=" (145)" />
        <deal Ticket="2371071" OpenTime="2009-10-22 00:00:00" DealType="1" Lots="1.20" Symbol="EURGBP." Open="0.9039" SL="0.8869" TP="0.9109" CloseTime="2009-10-22 03:34:00" Close="0.9038" Swap="0.00" Profit="-19.95" Comment=" (146)" />
        <deal Ticket="2368971" OpenTime="2009-10-21 22:39:00" DealType="-1" Lots="1.20" Symbol="EURGBP." Open="0.9043" SL="0.9213" TP="0.8973" CloseTime="2009-10-22 00:00:00" Close="0.9039" Swap="0.00" Profit="79.76" Comment=" (147)" />
        <deal Ticket="2367884" OpenTime="2009-10-21 22:01:00" DealType="-1" Lots="1.20" Symbol="EURCHF." Open="1.5109" SL="1.5279" TP="1.5039" CloseTime="2009-10-21 23:27:00" Close="1.5105" Swap="0.00" Profit="47.70" Comment=" (148)" />
        <deal Ticket="2330972" OpenTime="2009-10-21 00:19:00" DealType="1" Lots="1.20" Symbol="EURGBP." Open="0.9117" SL="0.8947" TP="0.9187" CloseTime="2009-10-21 04:44:00" Close="0.9116" Swap="0.00" Profit="-19.63" Comment=" (149)" />
        <deal Ticket="2329772" OpenTime="2009-10-20 23:25:00" DealType="-1" Lots="1.20" Symbol="EURCHF." Open="1.5122" SL="1.5292" TP="1.5052" CloseTime="2009-10-21 02:00:00" Close="1.5122" Swap="0.00" Profit="0.00" Comment=" (150)" />
        <deal Ticket="2329829" OpenTime="2009-10-20 23:30:00" DealType="-1" Lots="1.10" Symbol="EURGBP." Open="0.9122" SL="0.9292" TP="0.9052" CloseTime="2009-10-21 00:19:00" Close="0.9116" Swap="0.00" Profit="108.18" Comment=" (151)" />
        <deal Ticket="2329214" OpenTime="2009-10-20 22:51:00" DealType="1" Lots="1.10" Symbol="EURCHF." Open="1.5116" SL="1.4946" TP="1.5186" CloseTime="2009-10-20 23:25:00" Close="1.5122" Swap="0.00" Profit="65.19" Comment=" (152)" />
        <deal Ticket="2328462" OpenTime="2009-10-20 22:07:00" DealType="-1" Lots="1.10" Symbol="EURCHF." Open="1.5122" SL="1.5292" TP="1.5052" CloseTime="2009-10-20 22:51:00" Close="1.5116" Swap="0.00" Profit="65.19" Comment=" (153)" />
        <deal Ticket="2292582" OpenTime="2009-10-19 23:39:00" DealType="-1" Lots="1.10" Symbol="EURCHF." Open="1.5138" SL="1.5308" TP="1.5068" CloseTime="2009-10-20 03:03:00" Close="1.5140" Swap="0.00" Profit="-21.75" Comment=" (154)" />
        <deal Ticket="2225671" OpenTime="2009-10-15 22:36:00" DealType="-1" Lots="1.10" Symbol="EURCHF." Open="1.5162" SL="1.5332" TP="1.5157" CloseTime="2009-10-16 09:24:00" Close="1.5163" Swap="0.00" Profit="-10.83" Comment=" (155)" />
        <deal Ticket="2188526" OpenTime="2009-10-14 22:57:00" DealType="1" Lots="1.10" Symbol="EURCHF." Open="1.5143" SL="1.4973" TP="1.5213" CloseTime="2009-10-14 23:52:00" Close="1.5148" Swap="0.00" Profit="54.20" Comment=" (156)" />
        <deal Ticket="2153078" OpenTime="2009-10-14 00:07:00" DealType="-1" Lots="1.10" Symbol="EURCHF." Open="1.5174" SL="1.5344" TP="1.5104" CloseTime="2009-10-14 02:55:00" Close="1.5174" Swap="0.00" Profit="0.00" Comment=" (157)" />
        <deal Ticket="2150525" OpenTime="2009-10-13 22:22:00" DealType="-1" Lots="1.10" Symbol="EURCHF." Open="1.5175" SL="1.5345" TP="1.5105" CloseTime="2009-10-14 00:06:00" Close="1.5173" Swap="0.00" Profit="21.54" Comment=" (158)" />
        <deal Ticket="2115136" OpenTime="2009-10-12 22:00:00" DealType="-1" Lots="1.10" Symbol="EURCHF." Open="1.5171" SL="1.5341" TP="1.5101" CloseTime="2009-10-13 00:20:00" Close="1.5170" Swap="0.00" Profit="10.72" Comment=" (159)" />
        <deal Ticket="2049393" OpenTime="2009-10-08 22:00:00" DealType="-1" Lots="1.10" Symbol="EURCHF." Open="1.5176" SL="1.5346" TP="1.5106" CloseTime="2009-10-09 00:19:00" Close="1.5176" Swap="0.00" Profit="0.00" Comment=" (160)" />
        <deal Ticket="2016238" OpenTime="2009-10-07 23:45:00" DealType="-1" Lots="1.10" Symbol="EURCHF." Open="1.5173" SL="1.5343" TP="1.5103" CloseTime="2009-10-08 02:28:00" Close="1.5173" Swap="0.00" Profit="0.00" Comment=" (161)" />
        <deal Ticket="1981697" OpenTime="2009-10-06 22:00:00" DealType="-1" Lots="1.60" Symbol="EURCHF." Open="1.5113" SL="1.5283" TP="1.5113" CloseTime="2009-10-07 17:30:00" Close="1.5168" Swap="0.00" Profit="-851.89" Comment=" (162)" />
        <deal Ticket="1949872" OpenTime="2009-10-06 00:49:00" DealType="-1" Lots="1.60" Symbol="EURCHF." Open="1.512" SL="1.529" TP="1.505" CloseTime="2009-10-06 03:33:00" Close="1.512" Swap="0.00" Profit="0.00" Comment=" (163)" />
        <deal Ticket="1948299" OpenTime="2009-10-05 23:19:00" DealType="-1" Lots="1.00" Symbol="EURGBP." Open="0.9193" SL="0.9363" TP="0.9123" CloseTime="2009-10-06 02:41:00" Close="0.9194" Swap="0.00" Profit="-15.94" Comment=" (164)" />
        <deal Ticket="1947777" OpenTime="2009-10-05 22:17:00" DealType="1" Lots="1.60" Symbol="EURCHF." Open="1.512" SL="1.495" TP="1.519" CloseTime="2009-10-06 00:43:00" Close="1.512" Swap="0.00" Profit="0.00" Comment=" (165)" />
        <deal Ticket="1947510" OpenTime="2009-10-05 22:00:00" DealType="-1" Lots="1.00" Symbol="EURGBP." Open="0.9196" SL="0.9366" TP="0.9126" CloseTime="2009-10-05 22:59:00" Close="0.9192" Swap="0.00" Profit="63.77" Comment=" (166)" />
        <deal Ticket="1884606" OpenTime="2009-10-01 23:20:00" DealType="-1" Lots="1.00" Symbol="EURGBP." Open="0.9117" SL="0.9287" TP="0.9047" CloseTime="2009-10-02 00:20:00" Close="0.9113" Swap="0.00" Profit="63.82" Comment=" (167)" />
        <deal Ticket="1884033" OpenTime="2009-10-01 22:58:00" DealType="1" Lots="1.40" Symbol="EURCHF." Open="1.5133" SL="1.4963" TP="1.5203" CloseTime="2009-10-01 23:59:00" Close="1.5139" Swap="0.00" Profit="80.71" Comment=" (168)" />
        <deal Ticket="1883712" OpenTime="2009-10-01 22:33:00" DealType="1" Lots="0.90" Symbol="EURGBP." Open="0.9110" SL="0.8940" TP="0.9180" CloseTime="2009-10-01 23:20:00" Close="0.9117" Swap="0.00" Profit="100.47" Comment=" (169)" />
        <deal Ticket="1882927" OpenTime="2009-10-01 22:03:00" DealType="-1" Lots="0.90" Symbol="EURGBP." Open="0.9116" SL="0.9286" TP="0.9046" CloseTime="2009-10-01 22:33:00" Close="0.9109" Swap="0.00" Profit="100.51" Comment=" (170)" />
        <deal Ticket="1849760" OpenTime="2009-09-30 22:10:00" DealType="1" Lots="1.30" Symbol="EURCHF." Open="1.5169" SL="1.4999" TP="1.5239" CloseTime="2009-10-01 07:57:00" Close="1.5169" Swap="0.00" Profit="0.00" Comment=" (171)" />
        <deal Ticket="1851934" OpenTime="2009-10-01 00:15:00" DealType="1" Lots="0.90" Symbol="EURGBP." Open="0.9147" SL="0.8977" TP="0.9217" CloseTime="2009-10-01 02:06:00" Close="0.9150" Swap="0.00" Profit="43.21" Comment=" (172)" />
        <deal Ticket="1850071" OpenTime="2009-09-30 22:17:00" DealType="-1" Lots="0.90" Symbol="EURGBP." Open="0.9152" SL="0.9322" TP="0.9082" CloseTime="2009-10-01 00:14:00" Close="0.9148" Swap="0.00" Profit="57.61" Comment=" (173)" />
        <deal Ticket="1813740" OpenTime="2009-09-29 22:07:00" DealType="-1" Lots="1.30" Symbol="EURCHF." Open="1.5112" SL="1.5282" TP="1.5042" CloseTime="2009-09-30 09:36:00" Close="1.5111" Swap="0.00" Profit="12.59" Comment=" (174)" />
        <deal Ticket="1815303" OpenTime="2009-09-30 00:09:00" DealType="-1" Lots="0.80" Symbol="EURGBP." Open="0.9139" SL="0.9309" TP="0.9069" CloseTime="2009-09-30 01:56:00" Close="0.9136" Swap="0.00" Profit="38.34" Comment=" (175)" />
        <deal Ticket="1814278" OpenTime="2009-09-29 23:11:00" DealType="1" Lots="0.80" Symbol="EURGBP." Open="0.9134" SL="0.8964" TP="0.9204" CloseTime="2009-09-30 00:09:00" Close="0.9140" Swap="0.00" Profit="76.59" Comment=" (176)" />
        <deal Ticket="1780497" OpenTime="2009-09-28 23:58:00" DealType="-1" Lots="1.30" Symbol="EURCHF." Open="1.5093" SL="1.5263" TP="1.5023" CloseTime="2009-09-29 03:42:00" Close="1.5095" Swap="0.00" Profit="-25.15" Comment=" (177)" />
        <deal Ticket="1781604" OpenTime="2009-09-29 01:20:00" DealType="-1" Lots="0.80" Symbol="EURGBP." Open="0.9207" SL="0.9377" TP="0.9137" CloseTime="2009-09-29 03:00:00" Close="0.9203" Swap="0.00" Profit="50.86" Comment=" (178)" />
        <deal Ticket="1778839" OpenTime="2009-09-28 22:00:00" DealType="1" Lots="0.10" Symbol="EURGBP." Open="0.9197" SL="0.9027" TP="0.9267" CloseTime="2009-09-28 23:17:00" Close="0.9200" Swap="0.00" Profit="4.76" Comment=" (179)" />
        <deal Ticket="1712133" OpenTime="2009-09-24 23:35:00" DealType="-1" Lots="0.80" Symbol="EURGBP." Open="0.9130" SL="0.9300" TP="0.9060" CloseTime="2009-09-25 00:44:00" Close="0.9129" Swap="0.00" Profit="12.85" Comment=" (180)" />
        <deal Ticket="1712285" OpenTime="2009-09-24 23:55:00" DealType="-1" Lots="0.80" Symbol="EURCHF." Open="1.5102" SL="1.5272" TP="1.5032" CloseTime="2009-09-25 00:09:00" Close="1.5093" Swap="0.00" Profit="69.95" Comment=" (181)" />
        <deal Ticket="1711198" OpenTime="2009-09-24 22:06:00" DealType="1" Lots="0.80" Symbol="EURCHF." Open="1.5098" SL="1.4928" TP="1.5168" CloseTime="2009-09-24 23:55:00" Close="1.5101" Swap="0.00" Profit="23.31" Comment=" (182)" />
        <deal Ticket="1711186" OpenTime="2009-09-24 22:06:00" DealType="1" Lots="0.80" Symbol="EURGBP." Open="0.9120" SL="0.8950" TP="0.9190" CloseTime="2009-09-24 23:05:00" Close="0.9125" Swap="0.00" Profit="64.24" Comment=" (183)" />
        <deal Ticket="1678192" OpenTime="2009-09-23 23:31:00" DealType="1" Lots="0.70" Symbol="EURCHF." Open="1.5127" SL="1.4957" TP="1.5197" CloseTime="2009-09-24 09:08:00" Close="1.5127" Swap="0.00" Profit="0.00" Comment=" (184)" />
        <deal Ticket="1674345" OpenTime="2009-09-23 22:00:00" DealType="-1" Lots="0.70" Symbol="EURGBP." Open="0.9012" SL="0.9182" TP="0.9006" CloseTime="2009-09-24 00:39:00" Close="0.9006" Swap="0.00" Profit="68.65" Comment=" (185)" />
        <deal Ticket="1674351" OpenTime="2009-09-23 22:00:00" DealType="-1" Lots="0.70" Symbol="EURCHF." Open="1.5134" SL="1.5304" TP="1.5064" CloseTime="2009-09-23 23:30:00" Close="1.5130" Swap="0.00" Profit="27.26" Comment=" (186)" />
        <deal Ticket="1645817" OpenTime="2009-09-22 23:17:00" DealType="-1" Lots="0.70" Symbol="EURGBP." Open="0.9044" SL="0.9214" TP="0.8974" CloseTime="2009-09-23 02:06:00" Close="0.9042" Swap="0.00" Profit="22.92" Comment=" (187)" />
        <deal Ticket="1645305" OpenTime="2009-09-22 22:22:00" DealType="-1" Lots="0.70" Symbol="EURCHF." Open="1.5145" SL="1.5315" TP="1.5075" CloseTime="2009-09-23 00:42:00" Close="1.5143" Swap="0.00" Profit="13.67" Comment=" (188)" />
        <deal Ticket="1621107" OpenTime="2009-09-21 22:30:00" DealType="1" Lots="0.70" Symbol="EURGBP." Open="0.9058" SL="0.8888" TP="0.9128" CloseTime="2009-09-22 04:26:00" Close="0.9058" Swap="0.00" Profit="0.00" Comment=" (189)" />
        <deal Ticket="1622705" OpenTime="2009-09-22 01:32:00" DealType="-1" Lots="0.70" Symbol="EURCHF." Open="1.5155" SL="1.5325" TP="1.5085" CloseTime="2009-09-22 03:38:00" Close="1.5152" Swap="0.00" Profit="20.38" Comment=" (190)" />
        <deal Ticket="1620796" OpenTime="2009-09-21 22:06:00" DealType="-1" Lots="0.70" Symbol="EURGBP." Open="0.9063" SL="0.9233" TP="0.8993" CloseTime="2009-09-21 22:30:00" Close="0.9057" Swap="0.00" Profit="68.13" Comment=" (191)" />
        <deal Ticket="1541741" OpenTime="2009-09-16 23:06:00" DealType="1" Lots="1.40" Symbol="EURCHF." Open="1.5178" SL="1.5008" TP="1.5248" CloseTime="2009-09-17 01:35:00" Close="1.5178" Swap="0.00" Profit="0.00" Comment=" (192)" />
        <deal Ticket="1541005" OpenTime="2009-09-16 22:14:00" DealType="-1" Lots="1.40" Symbol="EURCHF." Open="1.5184" SL="1.5354" TP="1.5114" CloseTime="2009-09-16 23:06:00" Close="1.5178" Swap="0.00" Profit="81.53" Comment=" (193)" />
    </deals>
    <balances>
        <balance Ticket="1522840" Amount="100.00" Date="2009-09-16 11:57:00" />
        <balance Ticket="1522839" Amount="2000.00" Date="2009-09-16 11:57:00" />
    </balances>
</account>