﻿<?xml version="1.0" encoding="utf-8"?>
<account Id="13354" Broker="" Account="" Trader="" Login="" InitBalance="200.00">
    <deals>
        <deal Ticket="23708008" OpenTime="2009-12-01 14:27:00" DealType="1" Lots="0.10" Symbol="EURUSD" Open="1.5087" SL="0.0000" TP="0.0000" CloseTime="2009-12-01 14:31:00" Close="1.5093" Swap="0.00" Profit="6.00" Comment=" (3)" />
        <deal Ticket="23699549" OpenTime="2009-12-01 13:06:00" DealType="1" Lots="0.50" Symbol="EURUSD" Open="1.5067" SL="0.0000" TP="0.0000" CloseTime="2009-12-01 14:26:00" Close="1.5085" Swap="0.00" Profit="90.00" Comment=" (4)" />
        <deal Ticket="23676275" OpenTime="2009-12-01 09:36:00" DealType="1" Lots="0.20" Symbol="EURUSD" Open="1.5059" SL="0.0000" TP="0.0000" CloseTime="2009-12-01 13:06:00" Close="1.5061" Swap="0.00" Profit="4.00" Comment=" (5)" />
        <deal Ticket="23669543" OpenTime="2009-12-01 09:01:00" DealType="-1" Lots="0.20" Symbol="USDCAD" Open="1.0510" SL="1.0504" TP="0.0000" CloseTime="2009-12-01 09:17:00" Close="1.0496" Swap="0.00" Profit="26.68" Comment=" (6)" />
        <deal Ticket="23663854" OpenTime="2009-12-01 08:07:00" DealType="-1" Lots="0.10" Symbol="USDCHF" Open="1.0030" SL="0.0000" TP="0.0000" CloseTime="2009-12-01 09:17:00" Close="1.0020" Swap="0.00" Profit="9.98" Comment=" (7)" />
        <deal Ticket="23663752" OpenTime="2009-12-01 08:06:00" DealType="-1" Lots="0.20" Symbol="USDCAD" Open="1.0535" SL="1.0531" TP="0.0000" CloseTime="2009-12-01 08:48:00" Close="1.0531" Swap="0.00" Profit="7.60" Comment=" (8)" />
        <deal Ticket="23527804" OpenTime="2009-11-30 08:35:00" DealType="-1" Lots="0.20" Symbol="USDCAD" Open="1.0548" SL="1.0531" TP="1.0455" CloseTime="2009-12-01 08:48:00" Close="1.0531" Swap="0.00" Profit="32.29" Comment=" (9)" />
        <deal Ticket="23124589" OpenTime="2009-11-25 16:10:00" DealType="-1" Lots="0.02" Symbol="EURCAD" Open="1.5812" SL="0.0000" TP="1.5772" CloseTime="2009-12-01 08:39:00" Close="1.5822" Swap="0.00" Profit="-1.90" Comment=" (10)" />
        <deal Ticket="23092928" OpenTime="2009-11-25 12:17:00" DealType="-1" Lots="0.01" Symbol="EURCAD" Open="1.5772" SL="0.0000" TP="1.5732" CloseTime="2009-12-01 08:39:00" Close="1.5824" Swap="0.00" Profit="-4.94" Comment=" (11)" />
        <deal Ticket="23219020" OpenTime="2009-11-26 10:16:00" DealType="-1" Lots="0.08" Symbol="EURCAD" Open="1.5892" SL="1.5826" TP="0.0000" CloseTime="2009-12-01 08:38:00" Close="1.5826" Swap="0.00" Profit="50.15" Comment=" (12)" />
        <deal Ticket="23199775" OpenTime="2009-11-26 08:09:00" DealType="-1" Lots="0.04" Symbol="EURCAD" Open="1.5852" SL="1.5826" TP="0.0000" CloseTime="2009-12-01 08:38:00" Close="1.5826" Swap="0.00" Profit="9.88" Comment=" (13)" />
        <deal Ticket="22864897" OpenTime="2009-11-23 11:59:00" DealType="-1" Lots="0.01" Symbol="EURCAD" Open="1.5827" SL="0.0000" TP="1.5787" CloseTime="2009-11-25 12:17:00" Close="1.5787" Swap="0.00" Profit="3.81" Comment=" (15)" />
        <deal Ticket="22851105" OpenTime="2009-11-23 09:26:00" DealType="-1" Lots="0.01" Symbol="EURCAD" Open="1.5879" SL="0.0000" TP="1.5839" CloseTime="2009-11-23 11:54:00" Close="1.5839" Swap="0.00" Profit="3.78" Comment=" (16)" />
        <deal Ticket="22793073" OpenTime="2009-11-20 19:47:00" DealType="-1" Lots="0.04" Symbol="EURCAD" Open="1.5929" SL="0.0000" TP="1.5889" CloseTime="2009-11-23 09:26:00" Close="1.5889" Swap="0.00" Profit="15.08" Comment=" (17)" />
        <deal Ticket="22645141" OpenTime="2009-11-19 16:06:00" DealType="-1" Lots="0.02" Symbol="EURCAD" Open="1.5889" SL="0.0000" TP="1.5849" CloseTime="2009-11-23 09:26:00" Close="1.5888" Swap="0.00" Profit="0.19" Comment=" (18)" />
        <deal Ticket="22079473" OpenTime="2009-11-12 15:21:00" DealType="-1" Lots="0.01" Symbol="EURCAD" Open="1.5652" SL="0.0000" TP="1.5592" CloseTime="2009-11-23 09:26:00" Close="1.5887" Swap="0.00" Profit="-22.16" Comment=" (19)" />
        <deal Ticket="22145130" OpenTime="2009-11-13 08:00:00" DealType="1" Lots="0.01" Symbol="EURCHF" Open="1.5114" SL="0.0000" TP="1.5174" CloseTime="2009-11-19 15:24:00" Close="1.5127" Swap="0.00" Profit="1.28" Comment=" (20)" />
        <deal Ticket="22133875" OpenTime="2009-11-13 01:33:00" DealType="-1" Lots="0.05" Symbol="EURCHF" Open="1.5108" SL="0.0000" TP="0.0000" CloseTime="2009-11-13 05:59:00" Close="1.5111" Swap="0.00" Profit="-1.47" Comment=" (21)" />
        <deal Ticket="22064023" OpenTime="2009-11-12 13:29:00" DealType="-1" Lots="0.02" Symbol="EURCAD" Open="1.5717" SL="0.0000" TP="1.5657" CloseTime="2009-11-12 15:21:00" Close="1.5657" Swap="0.00" Profit="11.44" Comment=" (22)" />
        <deal Ticket="21992137" OpenTime="2009-11-11 17:18:00" DealType="-1" Lots="0.01" Symbol="EURCAD" Open="1.5657" SL="0.0000" TP="1.5597" CloseTime="2009-11-12 15:21:00" Close="1.5659" Swap="0.00" Profit="-0.19" Comment=" (23)" />
        <deal Ticket="21891549" OpenTime="2009-11-10 17:06:00" DealType="-1" Lots="0.01" Symbol="EURCAD" Open="1.5724" SL="0.0000" TP="1.5664" CloseTime="2009-11-11 17:18:00" Close="1.5664" Swap="0.00" Profit="5.74" Comment=" (24)" />
        <deal Ticket="21910563" OpenTime="2009-11-10 22:58:00" DealType="-1" Lots="0.10" Symbol="EURCHF" Open="1.5103" SL="0.0000" TP="1.5098" CloseTime="2009-11-11 00:31:00" Close="1.5104" Swap="0.00" Profit="-0.99" Comment=" (25)" />
        <deal Ticket="21909913" OpenTime="2009-11-10 22:40:00" DealType="1" Lots="0.10" Symbol="EURCHF" Open="1.5103" SL="0.0000" TP="1.5108" CloseTime="2009-11-10 22:57:00" Close="1.5103" Swap="0.00" Profit="0.00" Comment=" (26)" />
        <deal Ticket="21882206" OpenTime="2009-11-10 15:59:00" DealType="-1" Lots="0.01" Symbol="EURCAD" Open="1.5792" SL="0.0000" TP="1.5732" CloseTime="2009-11-10 17:06:00" Close="1.5732" Swap="0.00" Profit="5.70" Comment=" (27)" />
        <deal Ticket="21655715" OpenTime="2009-11-06 07:06:00" DealType="-1" Lots="0.01" Symbol="EURCAD" Open="1.5834" SL="0.0000" TP="1.5794" CloseTime="2009-11-10 15:51:00" Close="1.5794" Swap="0.00" Profit="3.80" Comment=" (28)" />
        <deal Ticket="21819379" OpenTime="2009-11-09 22:59:00" DealType="-1" Lots="0.10" Symbol="EURCHF" Open="1.5116" SL="0.0000" TP="1.5111" CloseTime="2009-11-10 03:27:00" Close="1.5117" Swap="0.00" Profit="-0.99" Comment=" (29)" />
        <deal Ticket="21819308" OpenTime="2009-11-09 22:50:00" DealType="1" Lots="0.10" Symbol="EURCHF" Open="1.5117" SL="0.0000" TP="1.5122" CloseTime="2009-11-09 22:58:00" Close="1.5116" Swap="0.00" Profit="-0.99" Comment=" (30)" />
        <deal Ticket="21819036" OpenTime="2009-11-09 22:30:00" DealType="-1" Lots="0.10" Symbol="EURCHF" Open="1.5116" SL="0.0000" TP="1.5111" CloseTime="2009-11-09 22:50:00" Close="1.5117" Swap="0.00" Profit="-0.99" Comment=" (31)" />
        <deal Ticket="21676757" OpenTime="2009-11-06 14:10:00" DealType="-1" Lots="0.02" Symbol="EURCAD" Open="1.5931" SL="0.0000" TP="1.5871" CloseTime="2009-11-09 15:05:00" Close="1.5871" Swap="0.00" Profit="11.34" Comment=" (32)" />
        <deal Ticket="21645227" OpenTime="2009-11-05 22:55:00" DealType="1" Lots="0.10" Symbol="EURCHF" Open="1.5119" SL="0.0000" TP="1.5122" CloseTime="2009-11-06 02:26:00" Close="1.5119" Swap="0.00" Profit="0.00" Comment=" (33)" />
        <deal Ticket="21621305" OpenTime="2009-11-05 15:39:00" DealType="1" Lots="0.01" Symbol="EURCAD" Open="1.5850" SL="0.0000" TP="1.5890" CloseTime="2009-11-05 21:54:00" Close="1.5845" Swap="0.00" Profit="-0.46" Comment=" (34)" />
        <deal Ticket="21623654" OpenTime="2009-11-05 16:00:00" DealType="1" Lots="0.02" Symbol="EURCAD" Open="1.5810" SL="0.0000" TP="1.5850" CloseTime="2009-11-05 21:37:00" Close="1.5850" Swap="0.00" Profit="7.50" Comment=" (35)" />
        <deal Ticket="21612208" OpenTime="2009-11-05 14:40:00" DealType="1" Lots="0.02" Symbol="EURCAD" Open="1.5794" SL="0.0000" TP="1.5834" CloseTime="2009-11-05 15:39:00" Close="1.5834" Swap="0.00" Profit="7.51" Comment=" (36)" />
        <deal Ticket="21608274" OpenTime="2009-11-05 14:07:00" DealType="1" Lots="0.01" Symbol="EURCAD" Open="1.5834" SL="0.0000" TP="1.5874" CloseTime="2009-11-05 15:39:00" Close="1.5838" Swap="0.00" Profit="0.38" Comment=" (37)" />
        <deal Ticket="21600271" OpenTime="2009-11-05 13:20:00" DealType="1" Lots="0.02" Symbol="EURCAD" Open="1.5786" SL="0.0000" TP="1.5826" CloseTime="2009-11-05 14:07:00" Close="1.5826" Swap="0.00" Profit="7.51" Comment=" (38)" />
        <deal Ticket="21596729" OpenTime="2009-11-05 13:00:00" DealType="1" Lots="0.01" Symbol="EURCAD" Open="1.5826" SL="0.0000" TP="1.5866" CloseTime="2009-11-05 14:07:00" Close="1.5827" Swap="0.00" Profit="0.09" Comment=" (39)" />
        <deal Ticket="21570505" OpenTime="2009-11-05 07:08:00" DealType="1" Lots="0.01" Symbol="EURCAD" Open="1.5822" SL="0.0000" TP="1.5862" CloseTime="2009-11-05 13:00:00" Close="1.5817" Swap="0.00" Profit="-0.47" Comment=" (40)" />
        <deal Ticket="21589522" OpenTime="2009-11-05 10:44:00" DealType="1" Lots="0.02" Symbol="EURCAD" Open="1.5782" SL="0.0000" TP="1.5822" CloseTime="2009-11-05 12:59:00" Close="1.5822" Swap="0.00" Profit="7.51" Comment=" (41)" />
        <deal Ticket="21552621" OpenTime="2009-11-04 23:03:00" DealType="1" Lots="0.01" Symbol="EURCHF" Open="1.5102" SL="0.0000" TP="1.5105" CloseTime="2009-11-05 02:25:00" Close="1.5101" Swap="0.00" Profit="-0.10" Comment=" (42)" />
        <deal Ticket="21551537" OpenTime="2009-11-04 22:38:00" DealType="-1" Lots="0.01" Symbol="USDCHF" Open="1.0153" SL="0.0000" TP="1.0152" CloseTime="2009-11-04 23:22:00" Close="1.0152" Swap="0.00" Profit="0.10" Comment=" (43)" />
        <deal Ticket="21551525" OpenTime="2009-11-04 22:37:00" DealType="-1" Lots="0.01" Symbol="EURCHF" Open="1.5102" SL="0.0000" TP="1.5097" CloseTime="2009-11-04 23:03:00" Close="1.5100" Swap="0.00" Profit="0.20" Comment=" (44)" />
        <deal Ticket="21516133" OpenTime="2009-11-04 16:53:00" DealType="1" Lots="0.01" Symbol="EURCAD" Open="1.5759" SL="0.0000" TP="1.5799" CloseTime="2009-11-04 17:37:00" Close="1.5799" Swap="0.00" Profit="3.75" Comment=" (45)" />
        <deal Ticket="21501481" OpenTime="2009-11-04 14:44:00" DealType="1" Lots="0.01" Symbol="EURCAD" Open="1.5711" SL="0.0000" TP="1.5751" CloseTime="2009-11-04 16:53:00" Close="1.5751" Swap="0.00" Profit="3.77" Comment=" (46)" />
        <deal Ticket="21422121" OpenTime="2009-11-03 18:18:00" DealType="-1" Lots="0.01" Symbol="EURCAD" Open="1.5687" SL="0.0000" TP="1.5647" CloseTime="2009-11-04 11:02:00" Close="1.5647" Swap="0.00" Profit="3.77" Comment=" (47)" />
        <deal Ticket="21443506" OpenTime="2009-11-03 22:21:00" DealType="1" Lots="0.01" Symbol="USDCAD" Open="1.0676" SL="0.0000" TP="1.0681" CloseTime="2009-11-04 01:30:00" Close="1.0677" Swap="0.00" Profit="0.09" Comment=" (48)" />
        <deal Ticket="21446179" OpenTime="2009-11-03 23:12:00" DealType="1" Lots="0.01" Symbol="EURCHF" Open="1.5109" SL="0.0000" TP="1.5112" CloseTime="2009-11-04 01:00:00" Close="1.5108" Swap="0.00" Profit="-0.09" Comment=" (49)" />
        <deal Ticket="21446965" OpenTime="2009-11-03 23:48:00" DealType="-1" Lots="0.01" Symbol="USDCHF" Open="1.0264" SL="0.0000" TP="1.0260" CloseTime="2009-11-04 00:12:00" Close="1.0260" Swap="0.00" Profit="0.39" Comment=" (50)" />
        <deal Ticket="21443508" OpenTime="2009-11-03 22:21:00" DealType="1" Lots="0.01" Symbol="USDCHF" Open="1.0264" SL="0.0000" TP="1.0268" CloseTime="2009-11-03 23:48:00" Close="1.0263" Swap="0.00" Profit="-0.10" Comment=" (51)" />
        <deal Ticket="21445482" OpenTime="2009-11-03 22:51:00" DealType="-1" Lots="0.01" Symbol="EURCHF" Open="1.5106" SL="0.0000" TP="1.5103" CloseTime="2009-11-03 23:11:00" Close="1.5109" Swap="0.00" Profit="-0.29" Comment=" (52)" />
        <deal Ticket="21443232" OpenTime="2009-11-03 22:04:00" DealType="1" Lots="0.01" Symbol="EURCHF" Open="1.5109" SL="0.0000" TP="1.5112" CloseTime="2009-11-03 22:42:00" Close="1.5108" Swap="0.00" Profit="-0.09" Comment=" (53)" />
    </deals>
    <balances>
        <balance Ticket="26123390" Amount="0.09" Date="2009-12-31 23:31:00" />
        <balance Ticket="23790892" Amount="-500.00" Date="2009-12-02 14:24:00" />
        <balance Ticket="23620537" Amount="1.03" Date="2009-11-30 23:30:00" />
        <balance Ticket="21422112" Amount="200.00" Date="2009-11-03 18:18:00" />
    </balances>
</account>