﻿<?xml version="1.0" encoding="utf-8"?>
<account Id="7700" Broker="" Account="" Trader="" Login="" InitBalance="10000.00">
    <deals>
        <deal Ticket="39840386" OpenTime="2010-01-21 09:33:00" DealType="1" Lots="0.10" Symbol="CADCHF" Open="0.9972" SL="0.0000" TP="0.0000" CloseTime="2010-01-21 09:35:00" Close="0.9993" Swap="0.00" Profit="0.00" Comment="cancelled (1)" />
        <deal Ticket="39831282" OpenTime="2010-01-20 20:38:00" DealType="1" Lots="0.10" Symbol="USDCAD" Open="1.02800000" SL="0.00000000" TP="0.00000000" CloseTime="2010-01-20 20:39:00" Close="1.04740000" Swap="0.00" Profit="0.00" Comment="cancelled (2)" />
        <deal Ticket="36217753" OpenTime="2009-08-10 22:02:00" DealType="1" Lots="0.10" Symbol="AUDCAD" Open="0.9113" SL="0.0000" TP="0.0000" CloseTime="2009-12-11 15:25:00" Close="0.9630" Swap="0.00" Profit="492.90" Comment=" (3)" />
        <deal Ticket="36217762" OpenTime="2009-08-10 22:03:00" DealType="1" Lots="0.10" Symbol="AUDCAD" Open="0.9113" SL="0.0000" TP="0.0000" CloseTime="2009-12-11 15:24:00" Close="0.9631" Swap="0.00" Profit="493.76" Comment=" (4)" />
        <deal Ticket="36217774" OpenTime="2009-08-10 22:03:00" DealType="1" Lots="0.10" Symbol="CADCHF" Open="0.9974" SL="0.0000" TP="0.0000" CloseTime="2009-12-11 15:24:00" Close="0.9762" Swap="0.00" Profit="-206.91" Comment=" (5)" />
        <deal Ticket="36217785" OpenTime="2009-08-10 22:03:00" DealType="1" Lots="0.10" Symbol="CHFJPY" Open="89.45" SL="0.00" TP="0.00" CloseTime="2009-12-11 15:24:00" Close="86.70" Swap="0.00" Profit="-309.48" Comment=" (6)" />
        <deal Ticket="36217728" OpenTime="2009-08-10 22:02:00" DealType="-1" Lots="0.10" Symbol="EURNZD" Open="2.0916" SL="0.0000" TP="0.0000" CloseTime="2009-12-11 15:24:00" Close="2.0279" Swap="0.00" Profit="464.12" Comment=" (7)" />
        <deal Ticket="36217701" OpenTime="2009-08-10 22:01:00" DealType="1" Lots="0.10" Symbol="CHFJPY" Open="89.40" SL="0.00" TP="0.00" CloseTime="2009-12-11 15:23:00" Close="86.71" Swap="0.00" Profit="-302.66" Comment=" (8)" />
        <deal Ticket="36217709" OpenTime="2009-08-10 22:01:00" DealType="1" Lots="0.10" Symbol="USDCHF" Open="1.0864" SL="0.0000" TP="0.0000" CloseTime="2009-12-11 15:23:00" Close="1.0244" Swap="0.00" Profit="-605.23" Comment=" (9)" />
        <deal Ticket="36217695" OpenTime="2009-08-10 22:00:00" DealType="1" Lots="0.10" Symbol="CADCHF" Open="0.9973" SL="0.0000" TP="0.0000" CloseTime="2009-12-11 15:22:00" Close="0.9762" Swap="0.00" Profit="-205.93" Comment=" (10)" />
        <deal Ticket="36217683" OpenTime="2009-08-10 22:00:00" DealType="1" Lots="0.10" Symbol="AUDCAD" Open="0.9111" SL="0.0000" TP="0.0000" CloseTime="2009-12-11 15:20:00" Close="0.9629" Swap="0.00" Profit="493.85" Comment=" (11)" />
        <deal Ticket="36217655" OpenTime="2009-08-10 22:00:00" DealType="1" Lots="0.10" Symbol="AUDCAD" Open="0.9111" SL="0.0000" TP="0.0000" CloseTime="2009-12-11 15:18:00" Close="0.9628" Swap="0.00" Profit="492.95" Comment=" (12)" />
        <deal Ticket="36217818" OpenTime="2009-08-10 22:04:00" DealType="-1" Lots="0.10" Symbol="EURNZD" Open="2.0896" SL="0.0000" TP="0.0000" CloseTime="2009-12-10 17:47:00" Close="2.0179" Swap="0.00" Profit="523.55" Comment=" (13)" />
        <deal Ticket="36217793" OpenTime="2009-08-10 22:04:00" DealType="1" Lots="0.10" Symbol="USDCHF" Open="1.0859" SL="0.0000" TP="0.0000" CloseTime="2009-12-10 17:44:00" Close="1.0277" Swap="0.00" Profit="-566.31" Comment=" (14)" />
        <deal Ticket="34013379" OpenTime="2009-05-26 10:52:00" DealType="1" Lots="0.10" Symbol="CHFJPY" Open="87.05" SL="0.00" TP="0.00" CloseTime="2009-06-12 14:19:00" Close="91.09" Swap="0.00" Profit="411.45" Comment=" (15)" />
        <deal Ticket="34013384" OpenTime="2009-05-26 10:52:00" DealType="1" Lots="0.10" Symbol="GBPCAD" Open="1.7894" SL="0.0000" TP="0.0000" CloseTime="2009-06-12 14:19:00" Close="1.8433" Swap="0.00" Profit="480.86" Comment=" (16)" />
        <deal Ticket="34013388" OpenTime="2009-05-26 10:52:00" DealType="1" Lots="0.10" Symbol="EURUSD" Open="1.3950" SL="0.0000" TP="0.0000" CloseTime="2009-06-12 14:19:00" Close="1.3999" Swap="0.00" Profit="49.00" Comment=" (17)" />
        <deal Ticket="34013361" OpenTime="2009-05-26 10:51:00" DealType="1" Lots="0.10" Symbol="EURUSD" Open="1.3948" SL="0.0000" TP="0.0000" CloseTime="2009-06-12 14:19:00" Close="1.4001" Swap="0.00" Profit="53.00" Comment=" (18)" />
        <deal Ticket="34013370" OpenTime="2009-05-26 10:51:00" DealType="1" Lots="0.10" Symbol="CADCHF" Open="0.9643" SL="0.0000" TP="0.0000" CloseTime="2009-06-12 14:18:00" Close="0.9611" Swap="0.00" Profit="-29.70" Comment=" (19)" />
        <deal Ticket="34013367" OpenTime="2009-05-26 10:51:00" DealType="-1" Lots="0.10" Symbol="AUDNZD" Open="1.2598" SL="0.0000" TP="0.0000" CloseTime="2009-06-12 14:18:00" Close="1.2706" Swap="0.00" Profit="-69.13" Comment=" (20)" />
        <deal Ticket="34013359" OpenTime="2009-05-26 10:51:00" DealType="1" Lots="0.10" Symbol="GBPCAD" Open="1.7892" SL="0.0000" TP="0.0000" CloseTime="2009-06-12 14:18:00" Close="1.8428" Swap="0.00" Profit="478.36" Comment=" (21)" />
        <deal Ticket="34013356" OpenTime="2009-05-26 10:50:00" DealType="1" Lots="0.10" Symbol="CHFJPY" Open="87.03" SL="0.00" TP="0.00" CloseTime="2009-06-12 14:18:00" Close="91.10" Swap="0.00" Profit="414.50" Comment=" (22)" />
        <deal Ticket="34013346" OpenTime="2009-05-26 10:50:00" DealType="-1" Lots="0.10" Symbol="AUDNZD" Open="1.2598" SL="0.0000" TP="0.0000" CloseTime="2009-06-12 14:17:00" Close="1.2710" Swap="0.00" Profit="-71.68" Comment=" (23)" />
        <deal Ticket="34013351" OpenTime="2009-05-26 10:50:00" DealType="1" Lots="0.10" Symbol="CADCHF" Open="0.9648" SL="0.0000" TP="0.0000" CloseTime="2009-06-12 14:17:00" Close="0.9615" Swap="0.00" Profit="-30.63" Comment=" (24)" />
        <deal Ticket="34013321" OpenTime="2009-05-26 10:49:00" DealType="1" Lots="0.10" Symbol="EURUSD" Open="1.3952" SL="0.0000" TP="0.0000" CloseTime="2009-06-12 14:16:00" Close="1.4006" Swap="0.00" Profit="54.00" Comment=" (25)" />
        <deal Ticket="34013308" OpenTime="2009-05-26 10:49:00" DealType="1" Lots="0.10" Symbol="GBPCAD" Open="1.7897" SL="0.0000" TP="0.0000" CloseTime="2009-06-12 14:16:00" Close="1.8416" Swap="0.00" Profit="463.60" Comment=" (26)" />
        <deal Ticket="34013286" OpenTime="2009-05-26 10:48:00" DealType="1" Lots="0.10" Symbol="EURUSD" Open="1.3947" SL="0.0000" TP="0.0000" CloseTime="2009-06-12 14:16:00" Close="1.4005" Swap="0.00" Profit="58.00" Comment=" (27)" />
        <deal Ticket="34013292" OpenTime="2009-05-26 10:48:00" DealType="-1" Lots="0.10" Symbol="AUDNZD" Open="1.2601" SL="0.0000" TP="0.0000" CloseTime="2009-06-12 14:16:00" Close="1.2713" Swap="0.00" Profit="-71.71" Comment=" (28)" />
        <deal Ticket="34013296" OpenTime="2009-05-26 10:48:00" DealType="1" Lots="0.10" Symbol="CADCHF" Open="0.9644" SL="0.0000" TP="0.0000" CloseTime="2009-06-12 14:16:00" Close="0.9616" Swap="0.00" Profit="-26.00" Comment=" (29)" />
        <deal Ticket="34013300" OpenTime="2009-05-26 10:48:00" DealType="1" Lots="0.10" Symbol="CHFJPY" Open="87.03" SL="0.00" TP="0.00" CloseTime="2009-06-12 14:16:00" Close="91.14" Swap="0.00" Profit="418.62" Comment=" (30)" />
        <deal Ticket="34013282" OpenTime="2009-05-26 10:47:00" DealType="1" Lots="0.10" Symbol="GBPCAD" Open="1.7900" SL="0.0000" TP="0.0000" CloseTime="2009-06-12 14:15:00" Close="1.8416" Swap="0.00" Profit="460.92" Comment=" (31)" />
        <deal Ticket="34013278" OpenTime="2009-05-26 10:47:00" DealType="1" Lots="0.10" Symbol="CHFJPY" Open="86.98" SL="0.00" TP="0.00" CloseTime="2009-06-12 14:15:00" Close="91.17" Swap="0.00" Profit="426.46" Comment=" (32)" />
        <deal Ticket="34013254" OpenTime="2009-05-26 10:46:00" DealType="1" Lots="0.10" Symbol="CADCHF" Open="0.9643" SL="0.0000" TP="0.0000" CloseTime="2009-06-12 14:15:00" Close="0.9621" Swap="0.00" Profit="-20.42" Comment=" (33)" />
        <deal Ticket="34013249" OpenTime="2009-05-26 10:46:00" DealType="-1" Lots="0.10" Symbol="AUDNZD" Open="1.2600" SL="0.0000" TP="0.0000" CloseTime="2009-06-12 14:15:00" Close="1.2714" Swap="0.00" Profit="-72.97" Comment=" (34)" />
        <deal Ticket="31887328" OpenTime="2009-03-25 10:32:00" DealType="1" Lots="1.00" Symbol="AUDCAD" Open="0.8535" SL="0.8774" TP="0.0000" CloseTime="2009-05-22 22:27:00" Close="0.8774" Swap="0.00" Profit="2134.31" Comment="sl/a (35)" />
        <deal Ticket="33568305" OpenTime="2009-05-13 15:03:00" DealType="1" Lots="1.00" Symbol="GBPUSD" Open="1.5130" SL="1.5130" TP="0.0000" CloseTime="2009-05-18 03:19:00" Close="1.5130" Swap="0.00" Profit="0.00" Comment="sl/a (36)" />
        <deal Ticket="33568327" OpenTime="2009-05-12 13:06:00" DealType="1" Lots="1.00" Symbol="GBPUSD" Open="1.4931" SL="0.0000" TP="0.0000" CloseTime="2009-05-15 00:05:00" Close="1.5230" Swap="0.00" Profit="0.00" Comment="cancelled (37)" />
        <deal Ticket="33568329" OpenTime="2009-05-12 13:06:00" DealType="1" Lots="1.00" Symbol="GBPUSD" Open="1.4933" SL="0.0000" TP="0.0000" CloseTime="2009-05-15 00:05:00" Close="1.5230" Swap="0.00" Profit="0.00" Comment="cancelled (38)" />
        <deal Ticket="33568301" OpenTime="2009-05-13 15:03:00" DealType="1" Lots="1.00" Symbol="GBPUSD" Open="1.5128" SL="0.0000" TP="0.0000" CloseTime="2009-05-15 00:04:00" Close="1.5226" Swap="0.00" Profit="980.00" Comment=" (39)" />
        <deal Ticket="32371359" OpenTime="2009-04-06 14:17:00" DealType="1" Lots="1.00" Symbol="AUDCAD" Open="0.8575" SL="0.0000" TP="0.0000" CloseTime="2009-04-09 08:55:00" Close="0.8792" Swap="0.00" Profit="0.00" Comment="cancelled (40)" />
        <deal Ticket="32371350" OpenTime="2009-04-06 14:17:00" DealType="1" Lots="1.00" Symbol="AUDCAD" Open="0.8728" SL="0.0000" TP="0.0000" CloseTime="2009-04-09 08:55:00" Close="0.8793" Swap="0.00" Profit="0.00" Comment="cancelled (41)" />
        <deal Ticket="32371354" OpenTime="2009-04-06 14:17:00" DealType="1" Lots="1.00" Symbol="AUDCAD" Open="0.8730" SL="0.0000" TP="0.0000" CloseTime="2009-04-09 08:55:00" Close="0.8793" Swap="0.00" Profit="0.00" Comment="cancelled (42)" />
        <deal Ticket="32371363" OpenTime="2009-04-06 14:17:00" DealType="1" Lots="1.00" Symbol="AUDCAD" Open="0.8578" SL="0.0000" TP="0.0000" CloseTime="2009-04-09 08:55:00" Close="0.8792" Swap="0.00" Profit="0.00" Comment="cancelled (43)" />
        <deal Ticket="32254407" OpenTime="2009-04-02 08:09:00" DealType="1" Lots="1.00" Symbol="EURJPY" Open="131.10" SL="131.11" TP="0.00" CloseTime="2009-04-08 09:46:00" Close="131.11" Swap="0.00" Profit="10.03" Comment="[sl] (44)" />
        <deal Ticket="32254434" OpenTime="2009-04-02 08:11:00" DealType="1" Lots="1.00" Symbol="EURJPY" Open="126.00" SL="0.00" TP="0.00" CloseTime="2009-04-02 12:18:00" Close="132.03" Swap="0.00" Profit="0.00" Comment="cancelled (45)" />
        <deal Ticket="32254435" OpenTime="2009-04-02 08:11:00" DealType="1" Lots="1.00" Symbol="EURJPY" Open="125.98" SL="0.00" TP="0.00" CloseTime="2009-04-02 12:18:00" Close="132.04" Swap="0.00" Profit="0.00" Comment="cancelled (46)" />
        <deal Ticket="32254423" OpenTime="2009-04-02 08:10:00" DealType="1" Lots="1.00" Symbol="EURJPY" Open="129.19" SL="0.00" TP="0.00" CloseTime="2009-04-02 12:17:00" Close="132.04" Swap="0.00" Profit="0.00" Comment="cancelled (47)" />
        <deal Ticket="32254416" OpenTime="2009-04-02 08:10:00" DealType="1" Lots="1.00" Symbol="EURJPY" Open="129.23" SL="0.00" TP="0.00" CloseTime="2009-04-02 12:17:00" Close="132.02" Swap="0.00" Profit="0.00" Comment="cancelled (48)" />
        <deal Ticket="32254404" OpenTime="2009-04-02 08:09:00" DealType="1" Lots="1.00" Symbol="EURJPY" Open="131.10" SL="0.00" TP="0.00" CloseTime="2009-04-02 12:17:00" Close="132.00" Swap="0.00" Profit="906.62" Comment=" (49)" />
        <deal Ticket="32176817" OpenTime="2009-03-31 16:46:00" DealType="1" Lots="1.00" Symbol="GBPJPY" Open="140.71000000" SL="140.80000000" TP="0.00000000" CloseTime="2009-04-01 03:04:00" Close="140.80000000" Swap="0.00" Profit="91.63" Comment="[sl] (50)" />
        <deal Ticket="32176848" OpenTime="2009-03-31 16:31:00" DealType="1" Lots="1.00" Symbol="GBPJPY" Open="135.99000000" SL="0.00000000" TP="0.00000000" CloseTime="2009-03-31 22:42:00" Close="142.21000000" Swap="0.00" Profit="0.00" Comment="cancelled (51)" />
        <deal Ticket="32176840" OpenTime="2009-03-31 16:31:00" DealType="1" Lots="1.00" Symbol="GBPJPY" Open="135.99000000" SL="0.00000000" TP="0.00000000" CloseTime="2009-03-31 22:42:00" Close="142.20000000" Swap="0.00" Profit="0.00" Comment="cancelled (52)" />
        <deal Ticket="32176809" OpenTime="2009-03-31 16:46:00" DealType="1" Lots="1.00" Symbol="GBPJPY" Open="140.71000000" SL="0.00000000" TP="142.24000000" CloseTime="2009-03-31 22:25:00" Close="142.24000000" Swap="0.00" Profit="1544.05" Comment="[tp] (53)" />
        <deal Ticket="31887333" OpenTime="2009-03-24 15:28:00" DealType="1" Lots="1.00" Symbol="AUDCAD" Open="0.8426" SL="0.0000" TP="0.0000" CloseTime="2009-03-31 07:58:00" Close="0.8655" Swap="0.00" Profit="0.00" Comment="cancelled (54)" />
        <deal Ticket="31887343" OpenTime="2009-03-24 15:28:00" DealType="1" Lots="1.00" Symbol="AUDCAD" Open="0.8427" SL="0.0000" TP="0.0000" CloseTime="2009-03-31 07:58:00" Close="0.8655" Swap="0.00" Profit="0.00" Comment="cancelled (55)" />
        <deal Ticket="31887319" OpenTime="2009-03-25 10:32:00" DealType="1" Lots="1.00" Symbol="AUDCAD" Open="0.8532" SL="0.0000" TP="0.8631" CloseTime="2009-03-31 05:15:00" Close="0.8631" Swap="0.00" Profit="787.91" Comment="[tp] (56)" />
        <deal Ticket="29767733" OpenTime="2009-02-09 15:20:00" DealType="-1" Lots="1.00" Symbol="NZDUSD" Open="0.53630000" SL="0.51120000" TP="0.00000000" CloseTime="2009-03-11 22:01:00" Close="0.51120000" Swap="0.00" Profit="2510.00" Comment="[sl] (57)" />
        <deal Ticket="30003994" OpenTime="2009-02-09 20:19:00" DealType="1" Lots="1.00" Symbol="NZDUSD" Open="0.56340000" SL="0.00000000" TP="0.00000000" CloseTime="2009-02-12 22:15:00" Close="0.51610000" Swap="0.00" Profit="0.00" Comment="cancelled (58)" />
        <deal Ticket="30003976" OpenTime="2009-02-09 20:19:00" DealType="1" Lots="1.00" Symbol="NZDUSD" Open="0.56350000" SL="0.00000000" TP="0.00000000" CloseTime="2009-02-12 22:15:00" Close="0.51610000" Swap="0.00" Profit="0.00" Comment="cancelled (59)" />
        <deal Ticket="29767711" OpenTime="2009-02-09 15:20:00" DealType="-1" Lots="1.00" Symbol="NZDUSD" Open="0.53630000" SL="0.00000000" TP="0.00000000" CloseTime="2009-02-12 22:15:00" Close="0.51640000" Swap="0.00" Profit="1990.00" Comment=" (60)" />
        <deal Ticket="29767699" OpenTime="2009-02-05 19:02:00" DealType="-1" Lots="1.00" Symbol="NZDUSD" Open="0.51710000" SL="0.00000000" TP="0.00000000" CloseTime="2009-02-12 22:15:00" Close="0.51640000" Swap="0.00" Profit="70.00" Comment=" (61)" />
        <deal Ticket="29767702" OpenTime="2009-02-05 19:02:00" DealType="-1" Lots="1.00" Symbol="NZDUSD" Open="0.51710000" SL="0.00000000" TP="0.00000000" CloseTime="2009-02-12 22:15:00" Close="0.51640000" Swap="0.00" Profit="70.00" Comment=" (62)" />
        <deal Ticket="28457681" OpenTime="2009-01-13 20:43:00" DealType="1" Lots="1.00" Symbol="AUDCAD" Open="0.8154" SL="0.8155" TP="0.0000" CloseTime="2009-01-21 12:27:00" Close="0.8155" Swap="0.00" Profit="7.95" Comment="[sl] (63)" />
        <deal Ticket="28457677" OpenTime="2009-01-13 20:43:00" DealType="1" Lots="1.00" Symbol="AUDCAD" Open="0.8152" SL="0.0000" TP="0.0000" CloseTime="2009-01-16 07:14:00" Close="0.8373" Swap="0.00" Profit="1775.10" Comment=" (64)" />
        <deal Ticket="28854628" OpenTime="2009-01-14 07:23:00" DealType="1" Lots="1.00" Symbol="AUDCAD" Open="0.7927" SL="0.0000" TP="0.0000" CloseTime="2009-01-16 07:13:00" Close="0.8384" Swap="0.00" Profit="0.00" Comment="cancelled (65)" />
        <deal Ticket="28854632" OpenTime="2009-01-14 07:23:00" DealType="1" Lots="1.00" Symbol="AUDCAD" Open="0.7931" SL="0.0000" TP="0.0000" CloseTime="2009-01-16 07:13:00" Close="0.8381" Swap="0.00" Profit="0.00" Comment="cancelled (66)" />
        <deal Ticket="28457668" OpenTime="2009-01-09 11:17:00" DealType="1" Lots="1.00" Symbol="AUDCAD" Open="0.8372" SL="0.0000" TP="0.8380" CloseTime="2009-01-16 00:51:00" Close="0.8380" Swap="0.00" Profit="63.83" Comment="[tp] (67)" />
        <deal Ticket="28457663" OpenTime="2009-01-08 22:22:00" DealType="1" Lots="1.00" Symbol="AUDCAD" Open="0.8375" SL="0.0000" TP="0.8380" CloseTime="2009-01-16 00:51:00" Close="0.8380" Swap="0.00" Profit="39.89" Comment="[tp] (68)" />
        <deal Ticket="28457659" OpenTime="2009-01-05 17:59:00" DealType="1" Lots="1.00" Symbol="AUDCAD" Open="0.8504" SL="0.0000" TP="0.8380" CloseTime="2009-01-16 00:51:00" Close="0.8380" Swap="0.00" Profit="-989.39" Comment="[tp] (69)" />
        <deal Ticket="28457661" OpenTime="2009-01-05 17:59:00" DealType="1" Lots="1.00" Symbol="AUDCAD" Open="0.8504" SL="0.0000" TP="0.8380" CloseTime="2009-01-16 00:51:00" Close="0.8380" Swap="0.00" Profit="-989.39" Comment="[tp] (70)" />
        <deal Ticket="28469136" OpenTime="2009-01-07 21:46:00" DealType="-1" Lots="1.00" Symbol="GBPCAD" Open="1.81270000" SL="1.81200000" TP="0.00000000" CloseTime="2009-01-14 18:00:00" Close="1.81200000" Swap="0.00" Profit="56.28" Comment="[sl] (71)" />
        <deal Ticket="28721051" OpenTime="2009-01-09 21:09:00" DealType="1" Lots="1.00" Symbol="GBPCAD" Open="1.85290000" SL="0.00000000" TP="0.00000000" CloseTime="2009-01-14 07:22:00" Close="1.77150000" Swap="0.00" Profit="0.00" Comment="cancelled (72)" />
        <deal Ticket="28721048" OpenTime="2009-01-09 21:09:00" DealType="1" Lots="1.00" Symbol="GBPCAD" Open="1.85350000" SL="0.00000000" TP="0.00000000" CloseTime="2009-01-14 07:21:00" Close="1.77150000" Swap="0.00" Profit="0.00" Comment="cancelled (73)" />
        <deal Ticket="28468911" OpenTime="2009-01-07 14:35:00" DealType="-1" Lots="1.00" Symbol="GBPCAD" Open="1.77830000" SL="0.00000000" TP="1.77830000" CloseTime="2009-01-13 22:21:00" Close="1.77830000" Swap="0.00" Profit="0.00" Comment="[tp] (74)" />
        <deal Ticket="28468921" OpenTime="2009-01-07 14:35:00" DealType="-1" Lots="1.00" Symbol="GBPCAD" Open="1.77750000" SL="0.00000000" TP="1.77830000" CloseTime="2009-01-13 22:21:00" Close="1.77830000" Swap="0.00" Profit="-65.19" Comment="[tp] (75)" />
        <deal Ticket="28469140" OpenTime="2009-01-07 18:18:00" DealType="-1" Lots="1.00" Symbol="GBPCAD" Open="1.81220000" SL="0.00000000" TP="1.78000000" CloseTime="2009-01-13 19:03:00" Close="1.78000000" Swap="0.00" Profit="2627.71" Comment="[tp] (76)" />
        <deal Ticket="28415405" OpenTime="2008-12-30 19:00:00" DealType="1" Lots="1.00" Symbol="AUDCAD" Open="0.8451" SL="0.0000" TP="0.0000" CloseTime="2008-12-31 18:14:00" Close="0.8538" Swap="0.00" Profit="708.18" Comment=" (77)" />
        <deal Ticket="27522348" OpenTime="2008-12-05 00:32:00" DealType="-1" Lots="1.00" Symbol="AUDNZD" Open="1.20620000" SL="0.00000000" TP="0.00000000" CloseTime="2008-12-18 19:51:00" Close="1.17870000" Swap="0.00" Profit="1629.92" Comment=" (78)" />
        <deal Ticket="22759122" OpenTime="2008-07-09 09:08:00" DealType="1" Lots="0.20" Symbol="AUDNZD" Open="1.26130000" SL="1.26150000" TP="0.00000000" CloseTime="2008-07-14 17:44:00" Close="1.27230000" Swap="0.00" Profit="167.77" Comment=" (79)" />
        <deal Ticket="22737466" OpenTime="2008-07-09 23:13:00" DealType="1" Lots="0.20" Symbol="USDJPY" Open="106.78000000" SL="106.78000000" TP="0.00000000" CloseTime="2008-07-11 14:45:00" Close="106.78000000" Swap="0.00" Profit="0.00" Comment="[sl] (80)" />
        <deal Ticket="22737459" OpenTime="2008-07-09 23:13:00" DealType="1" Lots="0.20" Symbol="USDJPY" Open="106.77000000" SL="0.00000000" TP="107.22000000" CloseTime="2008-07-10 10:16:00" Close="107.22000000" Swap="0.00" Profit="83.93" Comment="[tp] (81)" />
        <deal Ticket="22607080" OpenTime="2008-07-09 04:56:00" DealType="1" Lots="0.20" Symbol="AUDNZD" Open="1.26260000" SL="0.00000000" TP="1.26670000" CloseTime="2008-07-10 04:33:00" Close="1.26670000" Swap="0.00" Profit="62.15" Comment="[tp] (82)" />
        <deal Ticket="22665951" OpenTime="2008-07-04 11:27:00" DealType="1" Lots="0.20" Symbol="EURJPY" Open="167.77000000" SL="167.78000000" TP="0.00000000" CloseTime="2008-07-08 09:07:00" Close="167.78000000" Swap="0.00" Profit="1.87" Comment="[sl] (83)" />
        <deal Ticket="22665947" OpenTime="2008-07-04 11:27:00" DealType="1" Lots="0.20" Symbol="EURJPY" Open="167.77000000" SL="0.00000000" TP="168.40000000" CloseTime="2008-07-07 12:55:00" Close="168.40000000" Swap="0.00" Profit="117.11" Comment="[tp] (84)" />
        <deal Ticket="22492213" OpenTime="2008-06-30 09:40:00" DealType="1" Lots="1.00" Symbol="CHFJPY" Open="103.90" SL="103.91" TP="105.17" CloseTime="2008-07-03 17:45:00" Close="103.91" Swap="0.00" Profit="9.37" Comment="[sl] (85)" />
        <deal Ticket="22607005" OpenTime="2008-07-02 14:44:00" DealType="1" Lots="0.10" Symbol="AUDNZD" Open="1.26760000" SL="0.00000000" TP="0.00000000" CloseTime="2008-07-02 14:45:00" Close="1.26620000" Swap="0.00" Profit="-10.60" Comment=" (86)" />
        <deal Ticket="22492211" OpenTime="2008-06-27 10:59:00" DealType="1" Lots="1.00" Symbol="CHFJPY" Open="104.18" SL="0.00" TP="0.00" CloseTime="2008-07-02 11:55:00" Close="104.51" Swap="0.00" Profit="309.92" Comment=" (87)" />
        <deal Ticket="22492172" OpenTime="2008-06-27 14:25:00" DealType="1" Lots="1.00" Symbol="AUDCAD" Open="0.9671" SL="0.9673" TP="0.9770" CloseTime="2008-06-30 22:54:00" Close="0.9770" Swap="0.00" Profit="970.97" Comment="[tp] (88)" />
        <deal Ticket="22492167" OpenTime="2008-06-27 14:25:00" DealType="1" Lots="1.00" Symbol="AUDCAD" Open="0.9673" SL="0.0000" TP="0.0000" CloseTime="2008-06-27 22:43:00" Close="0.9707" Swap="0.00" Profit="336.27" Comment=" (89)" />
        <deal Ticket="22368427" OpenTime="2008-06-23 10:09:00" DealType="1" Lots="1.00" Symbol="GBPNZD" Open="2.58650000" SL="2.58660000" TP="0.00000000" CloseTime="2008-06-25 20:42:00" Close="2.60210000" Swap="0.00" Profit="1179.51" Comment=" (90)" />
        <deal Ticket="22368415" OpenTime="2008-06-23 10:09:00" DealType="1" Lots="1.00" Symbol="GBPNZD" Open="2.58650000" SL="0.00000000" TP="2.60190000" CloseTime="2008-06-25 09:10:00" Close="2.60190000" Swap="0.00" Profit="1163.47" Comment="[tp] (91)" />
        <deal Ticket="22260715" OpenTime="2008-06-20 14:10:00" DealType="1" Lots="1.00" Symbol="USDJPY" Open="107.44000000" SL="107.44000000" TP="0.00000000" CloseTime="2008-06-24 17:03:00" Close="107.44000000" Swap="0.00" Profit="0.00" Comment="[sl] (92)" />
        <deal Ticket="22368397" OpenTime="2008-06-23 10:09:00" DealType="1" Lots="1.00" Symbol="GBPNZD" Open="2.58650000" SL="0.00000000" TP="0.00000000" CloseTime="2008-06-23 21:52:00" Close="2.59470000" Swap="0.00" Profit="620.49" Comment=" (93)" />
        <deal Ticket="22260723" OpenTime="2008-06-19 10:12:00" DealType="1" Lots="1.00" Symbol="USDJPY" Open="107.45000000" SL="107.47000000" TP="0.00000000" CloseTime="2008-06-20 14:09:00" Close="107.47000000" Swap="0.00" Profit="18.61" Comment="[sl] (94)" />
        <deal Ticket="22260671" OpenTime="2008-06-17 16:35:00" DealType="1" Lots="1.00" Symbol="AUDNZD" Open="1.24920000" SL="0.00000000" TP="1.24920000" CloseTime="2008-06-20 10:09:00" Close="1.24920000" Swap="0.00" Profit="0.00" Comment="[tp] (95)" />
        <deal Ticket="22168253" OpenTime="2008-06-12 04:45:00" DealType="1" Lots="1.00" Symbol="AUDCAD" Open="0.9590" SL="0.9590" TP="0.0000" CloseTime="2008-06-16 18:06:00" Close="0.9590" Swap="0.00" Profit="0.00" Comment="[sl] (96)" />
        <deal Ticket="22168247" OpenTime="2008-06-12 04:45:00" DealType="1" Lots="1.00" Symbol="AUDCAD" Open="0.9588" SL="0.0000" TP="0.0000" CloseTime="2008-06-13 20:57:00" Close="0.9651" Swap="0.00" Profit="612.18" Comment=" (97)" />
        <deal Ticket="22168195" OpenTime="2008-06-11 18:46:00" DealType="1" Lots="1.00" Symbol="AUDCAD" Open="0.9645" SL="0.0000" TP="0.0000" CloseTime="2008-06-13 20:57:00" Close="0.9651" Swap="0.00" Profit="58.30" Comment=" (98)" />
        <deal Ticket="22168167" OpenTime="2008-06-11 18:45:00" DealType="1" Lots="1.00" Symbol="AUDCAD" Open="0.9644" SL="0.0000" TP="0.9680" CloseTime="2008-06-13 20:57:00" Close="0.9650" Swap="0.00" Profit="58.31" Comment=" (99)" />
        <deal Ticket="21928885" OpenTime="2008-06-06 21:48:00" DealType="1" Lots="1.00" Symbol="CADJPY" Open="103.24000000" SL="0.00000000" TP="0.00000000" CloseTime="2008-06-10 16:12:00" Close="104.46000000" Swap="0.00" Profit="1143.07" Comment=" (100)" />
        <deal Ticket="21928888" OpenTime="2008-06-06 21:16:00" DealType="1" Lots="1.00" Symbol="CADJPY" Open="103.26000000" SL="0.00000000" TP="0.00000000" CloseTime="2008-06-10 16:12:00" Close="104.46000000" Swap="0.00" Profit="1124.33" Comment=" (101)" />
        <deal Ticket="21865436" OpenTime="2008-06-02 18:31:00" DealType="1" Lots="1.00" Symbol="CADJPY" Open="104.42000000" SL="0.00000000" TP="0.00000000" CloseTime="2008-06-10 16:11:00" Close="104.46000000" Swap="0.00" Profit="37.48" Comment=" (102)" />
        <deal Ticket="21865424" OpenTime="2008-06-02 18:31:00" DealType="1" Lots="1.00" Symbol="CADJPY" Open="104.41000000" SL="0.00000000" TP="0.00000000" CloseTime="2008-06-10 16:11:00" Close="104.44000000" Swap="0.00" Profit="28.11" Comment=" (103)" />
        <deal Ticket="21865414" OpenTime="2008-06-02 11:16:00" DealType="1" Lots="1.00" Symbol="CADJPY" Open="105.36000000" SL="0.00000000" TP="0.00000000" CloseTime="2008-06-10 16:11:00" Close="104.44000000" Swap="0.00" Profit="-861.91" Comment=" (104)" />
        <deal Ticket="21865416" OpenTime="2008-06-02 11:16:00" DealType="1" Lots="1.00" Symbol="CADJPY" Open="105.36000000" SL="0.00000000" TP="0.00000000" CloseTime="2008-06-10 16:11:00" Close="104.44000000" Swap="0.00" Profit="-861.91" Comment=" (105)" />
        <deal Ticket="21947186" OpenTime="2008-06-03 08:27:00" DealType="-1" Lots="1.00" Symbol="GBPAUD" Open="2.05450000" SL="0.00000000" TP="2.05440000" CloseTime="2008-06-04 05:15:00" Close="2.05440000" Swap="0.00" Profit="9.56" Comment="[tp] (106)" />
        <deal Ticket="21947171" OpenTime="2008-06-03 08:27:00" DealType="-1" Lots="1.00" Symbol="GBPAUD" Open="2.05470000" SL="0.00000000" TP="2.04780000" CloseTime="2008-06-03 12:05:00" Close="2.04780000" Swap="0.00" Profit="663.37" Comment="[tp] (107)" />
        <deal Ticket="21904781" OpenTime="2008-05-30 18:00:00" DealType="-1" Lots="1.00" Symbol="EURAUD" Open="1.62980000" SL="1.62980000" TP="0.00000000" CloseTime="2008-06-02 18:39:00" Close="1.62980000" Swap="0.00" Profit="0.00" Comment="[sl] (108)" />
        <deal Ticket="21904778" OpenTime="2008-05-30 18:00:00" DealType="-1" Lots="1.00" Symbol="EURAUD" Open="1.62950000" SL="0.00000000" TP="0.00000000" CloseTime="2008-06-02 15:08:00" Close="1.62470000" Swap="0.00" Profit="458.84" Comment=" (109)" />
        <deal Ticket="21635947" OpenTime="2008-05-22 11:33:00" DealType="-1" Lots="1.00" Symbol="GBPAUD" Open="2.06000000" SL="2.05990000" TP="0.00000000" CloseTime="2008-05-29 12:36:00" Close="2.05990000" Swap="0.00" Profit="9.59" Comment="[sl] (110)" />
        <deal Ticket="21635938" OpenTime="2008-05-22 11:33:00" DealType="-1" Lots="1.00" Symbol="GBPAUD" Open="2.06000000" SL="0.00000000" TP="0.00000000" CloseTime="2008-05-29 10:22:00" Close="2.05130000" Swap="0.00" Profit="836.07" Comment=" (111)" />
        <deal Ticket="21787373" OpenTime="2008-05-26 10:57:00" DealType="1" Lots="1.00" Symbol="CADJPY" Open="104.49000000" SL="0.00000000" TP="0.00000000" CloseTime="2008-05-28 21:17:00" Close="105.56000000" Swap="0.00" Profit="1022.26" Comment=" (112)" />
        <deal Ticket="21636485" OpenTime="2008-05-20 18:39:00" DealType="-1" Lots="1.00" Symbol="GBPCAD" Open="1.95990000" SL="1.95530000" TP="1.92880000" CloseTime="2008-05-22 14:45:00" Close="1.95530000" Swap="0.00" Profit="466.48" Comment="[sl] (113)" />
        <deal Ticket="21666806" OpenTime="2008-05-20 12:58:00" DealType="-1" Lots="1.00" Symbol="NZDCAD" Open="0.76890000" SL="0.76830000" TP="0.00000000" CloseTime="2008-05-22 05:46:00" Close="0.76830000" Swap="0.00" Profit="60.99" Comment="[sl] (114)" />
        <deal Ticket="21666800" OpenTime="2008-05-20 12:20:00" DealType="-1" Lots="1.00" Symbol="NZDCAD" Open="0.76860000" SL="0.00000000" TP="0.76320000" CloseTime="2008-05-21 23:49:00" Close="0.76470000" Swap="0.00" Profit="396.50" Comment=" (115)" />
        <deal Ticket="21666745" OpenTime="2008-05-20 13:29:00" DealType="-1" Lots="1.00" Symbol="GBPAUD" Open="2.04910000" SL="0.00000000" TP="2.03850000" CloseTime="2008-05-21 14:16:00" Close="2.03850000" Swap="0.00" Profit="1023.00" Comment="[tp] (116)" />
        <deal Ticket="21636484" OpenTime="2008-05-20 18:39:00" DealType="-1" Lots="1.00" Symbol="GBPCAD" Open="1.96000000" SL="1.96000000" TP="1.94930000" CloseTime="2008-05-21 07:48:00" Close="1.94930000" Swap="0.00" Profit="1080.48" Comment="[tp] (117)" />
        <deal Ticket="21635815" OpenTime="2008-05-19 14:53:00" DealType="1" Lots="1.00" Symbol="AUDNZD" Open="1.22920000" SL="0.00000000" TP="0.00000000" CloseTime="2008-05-19 22:13:00" Close="1.23480000" Swap="0.00" Profit="431.92" Comment=" (118)" />
        <deal Ticket="21605019" OpenTime="2008-05-16 10:20:00" DealType="1" Lots="1.00" Symbol="USDJPY" Open="104.30000000" SL="104.31000000" TP="0.00000000" CloseTime="2008-05-16 17:11:00" Close="104.31000000" Swap="0.00" Profit="9.59" Comment="[sl] (119)" />
        <deal Ticket="21605028" OpenTime="2008-05-16 10:20:00" DealType="1" Lots="1.00" Symbol="USDJPY" Open="104.31000000" SL="104.31000000" TP="0.00000000" CloseTime="2008-05-16 17:11:00" Close="104.31000000" Swap="0.00" Profit="0.00" Comment="[sl] (120)" />
        <deal Ticket="21491094" OpenTime="2008-05-12 14:59:00" DealType="1" Lots="1.00" Symbol="AUDUSD" Open="0.94310000" SL="0.94320000" TP="0.00000000" CloseTime="2008-05-13 12:23:00" Close="0.94320000" Swap="0.00" Profit="10.00" Comment="[sl] (121)" />
        <deal Ticket="21491090" OpenTime="2008-05-12 15:01:00" DealType="1" Lots="1.00" Symbol="AUDUSD" Open="0.94290000" SL="0.00000000" TP="0.94690000" CloseTime="2008-05-12 23:04:00" Close="0.94690000" Swap="0.00" Profit="400.00" Comment="[tp] (122)" />
        <deal Ticket="21020033" OpenTime="2008-05-02 10:50:00" DealType="1" Lots="1.00" Symbol="AUDNZD" Open="1.19470000" SL="1.21240000" TP="1.22360000" CloseTime="2008-05-09 14:50:00" Close="1.22360000" Swap="0.00" Profit="2219.81" Comment="[tp] (123)" />
        <deal Ticket="21020025" OpenTime="2008-05-02 10:50:00" DealType="1" Lots="1.00" Symbol="AUDNZD" Open="1.19470000" SL="1.21240000" TP="1.22360000" CloseTime="2008-05-09 14:50:00" Close="1.22360000" Swap="0.00" Profit="2219.81" Comment="[tp] (124)" />
        <deal Ticket="21327818" OpenTime="2008-05-06 21:32:00" DealType="1" Lots="1.00" Symbol="EURNZD" Open="1.96110000" SL="0.00000000" TP="0.00000000" CloseTime="2008-05-08 17:27:00" Close="1.99610000" Swap="0.00" Profit="2699.55" Comment=" (125)" />
        <deal Ticket="21327807" OpenTime="2008-05-06 21:33:00" DealType="1" Lots="1.00" Symbol="EURNZD" Open="1.96060000" SL="0.00000000" TP="0.00000000" CloseTime="2008-05-08 17:26:00" Close="1.99650000" Swap="0.00" Profit="2768.61" Comment=" (126)" />
        <deal Ticket="21115139" OpenTime="2008-05-01 21:54:00" DealType="1" Lots="1.00" Symbol="EURNZD" Open="1.98620000" SL="0.00000000" TP="0.00000000" CloseTime="2008-05-08 17:26:00" Close="1.99650000" Swap="0.00" Profit="794.24" Comment=" (127)" />
        <deal Ticket="21064332" OpenTime="2008-05-01 21:54:00" DealType="1" Lots="1.00" Symbol="EURNZD" Open="1.98620000" SL="0.00000000" TP="2.00270000" CloseTime="2008-05-08 17:26:00" Close="1.99640000" Swap="0.00" Profit="786.63" Comment=" (128)" />
        <deal Ticket="21064328" OpenTime="2008-04-22 16:45:00" DealType="1" Lots="1.00" Symbol="EURNZD" Open="2.00480000" SL="0.00000000" TP="2.00270000" CloseTime="2008-05-08 17:26:00" Close="1.99640000" Swap="0.00" Profit="-647.81" Comment=" (129)" />
        <deal Ticket="21064326" OpenTime="2008-04-22 16:45:00" DealType="1" Lots="1.00" Symbol="EURNZD" Open="2.00470000" SL="0.00000000" TP="2.00270000" CloseTime="2008-05-08 17:25:00" Close="1.99660000" Swap="0.00" Profit="-624.59" Comment=" (130)" />
        <deal Ticket="21019884" OpenTime="2008-05-01 11:34:00" DealType="1" Lots="1.00" Symbol="EURJPY" Open="161.50000000" SL="161.51000000" TP="166.55000000" CloseTime="2008-05-07 21:29:00" Close="161.51000000" Swap="0.00" Profit="9.54" Comment="[sl] (131)" />
        <deal Ticket="21020014" OpenTime="2008-05-02 10:50:00" DealType="1" Lots="1.00" Symbol="AUDNZD" Open="1.19470000" SL="0.00000000" TP="0.00000000" CloseTime="2008-05-05 07:38:00" Close="1.19880000" Swap="0.00" Profit="320.58" Comment=" (132)" />
        <deal Ticket="21019879" OpenTime="2008-05-01 11:34:00" DealType="1" Lots="1.00" Symbol="EURJPY" Open="161.50000000" SL="0.00000000" TP="162.77000000" CloseTime="2008-05-05 02:17:00" Close="162.77000000" Swap="0.00" Profit="1204.47" Comment="[tp] (133)" />
        <deal Ticket="21019862" OpenTime="2008-04-29 09:43:00" DealType="1" Lots="1.00" Symbol="EURJPY" Open="162.58000000" SL="0.00000000" TP="162.77000000" CloseTime="2008-05-05 02:17:00" Close="162.77000000" Swap="0.00" Profit="180.19" Comment="[tp] (134)" />
        <deal Ticket="21019870" OpenTime="2008-04-29 09:40:00" DealType="1" Lots="1.00" Symbol="EURJPY" Open="162.65000000" SL="0.00000000" TP="162.77000000" CloseTime="2008-05-05 02:17:00" Close="162.77000000" Swap="0.00" Profit="113.80" Comment="[tp] (135)" />
        <deal Ticket="21064066" OpenTime="2008-04-22 16:25:00" DealType="1" Lots="1.00" Symbol="EURUSD" Open="1.5912" SL="1.5913" TP="0.0000" CloseTime="2008-04-23 16:08:00" Close="1.5913" Swap="0.00" Profit="10.00" Comment="[sl] (136)" />
        <deal Ticket="21064064" OpenTime="2008-04-22 16:25:00" DealType="1" Lots="1.00" Symbol="EURUSD" Open="1.5910" SL="0.0000" TP="0.0000" CloseTime="2008-04-22 19:43:00" Close="1.5983" Swap="0.00" Profit="730.00" Comment=" (137)" />
        <deal Ticket="20861174" OpenTime="2008-04-17 18:44:00" DealType="1" Lots="1.00" Symbol="EURGBP" Open="0.79990000" SL="0.00000000" TP="0.00000000" CloseTime="2008-04-21 16:24:00" Close="0.80170000" Swap="0.00" Profit="357.41" Comment=" (138)" />
        <deal Ticket="20861168" OpenTime="2008-04-17 18:44:00" DealType="1" Lots="1.00" Symbol="EURGBP" Open="0.79970000" SL="0.00000000" TP="0.00000000" CloseTime="2008-04-21 16:24:00" Close="0.80160000" Swap="0.00" Profit="377.27" Comment=" (139)" />
        <deal Ticket="20861181" OpenTime="2008-04-17 18:43:00" DealType="1" Lots="1.00" Symbol="EURGBP" Open="0.80020000" SL="0.00000000" TP="0.00000000" CloseTime="2008-04-21 16:24:00" Close="0.80170000" Swap="0.00" Profit="297.84" Comment=" (140)" />
        <deal Ticket="20732995" OpenTime="2008-04-14 01:00:00" DealType="1" Lots="1.00" Symbol="EURUSD" Open="1.5753" SL="1.5755" TP="1.5902" CloseTime="2008-04-15 20:32:00" Close="1.5755" Swap="0.00" Profit="20.00" Comment="[sl] (141)" />
        <deal Ticket="20733401" OpenTime="2008-04-11 17:09:00" DealType="1" Lots="1.00" Symbol="CHFJPY" Open="100.99" SL="0.00" TP="0.00" CloseTime="2008-04-14 16:21:00" Close="101.15" Swap="0.00" Profit="158.60" Comment=" (142)" />
        <deal Ticket="20733384" OpenTime="2008-04-11 17:09:00" DealType="1" Lots="1.00" Symbol="CHFJPY" Open="101.00" SL="0.00" TP="101.51" CloseTime="2008-04-14 16:20:00" Close="101.14" Swap="0.00" Profit="138.79" Comment=" (143)" />
        <deal Ticket="20732988" OpenTime="2008-04-14 01:00:00" DealType="1" Lots="1.00" Symbol="EURUSD" Open="1.5753" SL="0.0000" TP="1.5808" CloseTime="2008-04-14 13:20:00" Close="1.5808" Swap="0.00" Profit="550.00" Comment="[tp] (144)" />
        <deal Ticket="20540987" OpenTime="2008-04-08 15:12:00" DealType="1" Lots="1.00" Symbol="EURUSD" Open="1.5692" SL="0.0000" TP="0.0000" CloseTime="2008-04-09 20:36:00" Close="1.5838" Swap="0.00" Profit="1460.00" Comment=" (145)" />
        <deal Ticket="20540978" OpenTime="2008-04-08 15:12:00" DealType="1" Lots="1.00" Symbol="EURUSD" Open="1.5692" SL="0.0000" TP="1.5755" CloseTime="2008-04-09 16:06:00" Close="1.5755" Swap="0.00" Profit="630.00" Comment="[tp] (146)" />
        <deal Ticket="20570609" OpenTime="2008-04-08 10:39:00" DealType="1" Lots="1.00" Symbol="CHFJPY" Open="101.04" SL="0.00" TP="0.00" CloseTime="2008-04-08 15:00:00" Close="101.10" Swap="0.00" Profit="58.66" Comment=" (147)" />
        <deal Ticket="20533324" OpenTime="2008-04-07 09:33:00" DealType="1" Lots="1.00" Symbol="EURGBP" Open="0.78860000" SL="0.78860000" TP="0.00000000" CloseTime="2008-04-07 15:31:00" Close="0.78860000" Swap="0.00" Profit="0.00" Comment="[sl] (148)" />
        <deal Ticket="20533271" OpenTime="2008-04-07 09:32:00" DealType="1" Lots="1.00" Symbol="EURGBP" Open="0.78870000" SL="0.00000000" TP="0.00000000" CloseTime="2008-04-07 12:32:00" Close="0.79020000" Swap="0.00" Profit="298.08" Comment=" (149)" />
        <deal Ticket="20400107" OpenTime="2008-04-01 20:25:00" DealType="1" Lots="1.00" Symbol="EURCHF" Open="1.57880000" SL="0.00000000" TP="0.00000000" CloseTime="2008-04-03 08:32:00" Close="1.58500000" Swap="0.00" Profit="611.14" Comment=" (150)" />
        <deal Ticket="20400121" OpenTime="2008-04-01 20:25:00" DealType="-1" Lots="1.00" Symbol="EURCAD" Open="1.59800000" SL="0.00000000" TP="0.00000000" CloseTime="2008-04-03 08:32:00" Close="1.58610000" Swap="0.00" Profit="1172.29" Comment=" (151)" />
        <deal Ticket="20400098" OpenTime="2008-04-01 20:24:00" DealType="1" Lots="1.00" Symbol="USDCAD" Open="1.0252" SL="0.0000" TP="0.0000" CloseTime="2008-04-03 08:32:00" Close="1.0146" Swap="0.00" Profit="-1044.75" Comment=" (152)" />
        <deal Ticket="20400091" OpenTime="2008-04-01 20:24:00" DealType="1" Lots="1.00" Symbol="CHFJPY" Open="100.69" SL="0.00" TP="0.00" CloseTime="2008-04-03 08:31:00" Close="101.26" Swap="0.00" Profit="554.69" Comment=" (153)" />
        <deal Ticket="20400077" OpenTime="2008-04-01 20:24:00" DealType="1" Lots="1.00" Symbol="GBPCAD" Open="2.02640000" SL="0.00000000" TP="0.00000000" CloseTime="2008-04-03 08:31:00" Close="2.01510000" Swap="0.00" Profit="-1113.63" Comment=" (154)" />
        <deal Ticket="20400053" OpenTime="2008-04-01 20:23:00" DealType="1" Lots="1.00" Symbol="CADCHF" Open="0.98770000" SL="0.00000000" TP="0.00000000" CloseTime="2008-04-03 08:31:00" Close="0.99920000" Swap="0.00" Profit="1133.68" Comment=" (155)" />
        <deal Ticket="20399896" OpenTime="2008-04-01 20:15:00" DealType="-1" Lots="0.10" Symbol="EURCAD" Open="1.59980000" SL="0.00000000" TP="0.00000000" CloseTime="2008-04-03 08:30:00" Close="1.58630000" Swap="0.00" Profit="132.99" Comment=" (156)" />
        <deal Ticket="20399891" OpenTime="2008-04-01 20:15:00" DealType="1" Lots="0.10" Symbol="EURCHF" Open="1.57800000" SL="0.00000000" TP="0.00000000" CloseTime="2008-04-03 08:30:00" Close="1.58500000" Swap="0.00" Profit="69.00" Comment=" (157)" />
        <deal Ticket="20399861" OpenTime="2008-04-01 20:14:00" DealType="1" Lots="0.10" Symbol="CHFJPY" Open="100.70" SL="0.00" TP="0.00" CloseTime="2008-04-03 08:30:00" Close="101.25" Swap="0.00" Profit="53.53" Comment=" (158)" />
        <deal Ticket="20399877" OpenTime="2008-04-01 20:14:00" DealType="1" Lots="0.10" Symbol="USDCAD" Open="1.0257" SL="0.0000" TP="0.0000" CloseTime="2008-04-03 08:30:00" Close="1.0147" Swap="0.00" Profit="-108.41" Comment=" (159)" />
        <deal Ticket="20399848" OpenTime="2008-04-01 20:13:00" DealType="1" Lots="0.10" Symbol="CADCHF" Open="0.98640000" SL="0.00000000" TP="0.00000000" CloseTime="2008-04-03 08:30:00" Close="0.99910000" Swap="0.00" Profit="125.24" Comment=" (160)" />
        <deal Ticket="20399852" OpenTime="2008-04-01 20:13:00" DealType="1" Lots="0.10" Symbol="GBPCAD" Open="2.02710000" SL="0.00000000" TP="0.00000000" CloseTime="2008-04-03 08:30:00" Close="2.01530000" Swap="0.00" Profit="-116.27" Comment=" (161)" />
        <deal Ticket="20148967" OpenTime="2008-03-26 12:54:00" DealType="1" Lots="0.40" Symbol="GBPJPY" Open="197.83000000" SL="196.46000000" TP="201.83000000" CloseTime="2008-04-01 19:34:00" Close="201.44000000" Swap="0.00" Profit="1416.79" Comment=" (162)" />
        <deal Ticket="20148899" OpenTime="2008-03-25 08:21:00" DealType="1" Lots="0.10" Symbol="GBPJPY" Open="199.57000000" SL="197.83000000" TP="203.29000000" CloseTime="2008-03-26 12:54:00" Close="197.83000000" Swap="0.00" Profit="-175.49" Comment="[sl] (163)" />
        <deal Ticket="20148892" OpenTime="2008-03-25 08:20:00" DealType="1" Lots="0.20" Symbol="GBPJPY" Open="199.55000000" SL="197.83000000" TP="203.34000000" CloseTime="2008-03-26 12:54:00" Close="197.83000000" Swap="0.00" Profit="-346.95" Comment="[sl] (164)" />
        <deal Ticket="20026283" OpenTime="2008-03-19 20:19:00" DealType="1" Lots="0.10" Symbol="GBPJPY" Open="196.53000000" SL="194.90000000" TP="200.47000000" CloseTime="2008-03-25 03:09:00" Close="200.47000000" Swap="0.00" Profit="390.91" Comment="[tp] (165)" />
        <deal Ticket="20026258" OpenTime="2008-03-19 20:18:00" DealType="1" Lots="0.50" Symbol="GBPJPY" Open="196.60000000" SL="194.90000000" TP="200.47000000" CloseTime="2008-03-25 03:09:00" Close="200.47000000" Swap="0.00" Profit="1919.83" Comment="[tp] (166)" />
        <deal Ticket="19737094" OpenTime="2008-03-14 19:39:00" DealType="1" Lots="0.50" Symbol="GBPJPY" Open="202.13000000" SL="200.94000000" TP="206.17000000" CloseTime="2008-03-14 20:28:00" Close="200.94000000" Swap="0.00" Profit="-599.19" Comment="[sl] (167)" />
        <deal Ticket="19737049" OpenTime="2008-03-13 08:10:00" DealType="1" Lots="0.40" Symbol="GBPJPY" Open="203.37000000" SL="202.13000000" TP="207.32000000" CloseTime="2008-03-14 19:33:00" Close="202.13000000" Swap="0.00" Profit="-496.75" Comment="[sl] (168)" />
        <deal Ticket="19713571" OpenTime="2008-03-13 05:09:00" DealType="1" Lots="0.30" Symbol="GBPJPY" Open="204.89000000" SL="203.54000000" TP="208.89000000" CloseTime="2008-03-13 06:57:00" Close="203.54000000" Swap="0.00" Profit="-403.95" Comment="[sl] (169)" />
        <deal Ticket="19713482" OpenTime="2008-03-12 21:06:00" DealType="1" Lots="0.20" Symbol="GBPJPY" Open="206.49000000" SL="204.89000000" TP="210.39000000" CloseTime="2008-03-13 04:02:00" Close="204.89000000" Swap="0.00" Profit="-316.77" Comment="[sl] (170)" />
        <deal Ticket="19402205" OpenTime="2008-03-11 02:01:00" DealType="1" Lots="0.50" Symbol="GBPJPY" Open="203.66000000" SL="202.19000000" TP="207.65000000" CloseTime="2008-03-11 22:44:00" Close="207.65000000" Swap="0.00" Profit="1928.28" Comment="[tp] (171)" />
        <deal Ticket="19402222" OpenTime="2008-03-11 02:01:00" DealType="1" Lots="0.50" Symbol="GBPJPY" Open="203.66000000" SL="202.19000000" TP="207.65000000" CloseTime="2008-03-11 22:44:00" Close="207.65000000" Swap="0.00" Profit="1928.28" Comment="[tp] (172)" />
        <deal Ticket="19402230" OpenTime="2008-03-11 02:01:00" DealType="1" Lots="0.50" Symbol="GBPJPY" Open="203.66000000" SL="202.19000000" TP="207.65000000" CloseTime="2008-03-11 22:44:00" Close="207.65000000" Swap="0.00" Profit="1928.28" Comment="[tp] (173)" />
        <deal Ticket="19402244" OpenTime="2008-03-11 02:01:00" DealType="1" Lots="0.30" Symbol="GBPJPY" Open="203.66000000" SL="202.19000000" TP="207.65000000" CloseTime="2008-03-11 22:44:00" Close="207.65000000" Swap="0.00" Profit="1156.97" Comment="[tp] (174)" />
        <deal Ticket="19383276" OpenTime="2008-03-03 20:50:00" DealType="1" Lots="0.20" Symbol="GBPJPY" Open="205.39000000" SL="203.66000000" TP="209.27000000" CloseTime="2008-03-11 02:01:00" Close="203.66000000" Swap="0.00" Profit="-341.05" Comment="[sl] (175)" />
        <deal Ticket="19383274" OpenTime="2008-03-03 20:50:00" DealType="1" Lots="0.50" Symbol="GBPJPY" Open="205.39000000" SL="203.66000000" TP="209.27000000" CloseTime="2008-03-11 02:01:00" Close="203.66000000" Swap="0.00" Profit="-852.64" Comment="[sl] (176)" />
        <deal Ticket="19383272" OpenTime="2008-03-03 20:50:00" DealType="1" Lots="0.50" Symbol="GBPJPY" Open="205.40000000" SL="203.66000000" TP="209.27000000" CloseTime="2008-03-11 02:01:00" Close="203.66000000" Swap="0.00" Profit="-857.56" Comment="[sl] (177)" />
        <deal Ticket="19383267" OpenTime="2008-03-03 20:50:00" DealType="1" Lots="0.50" Symbol="GBPJPY" Open="205.40000000" SL="203.66000000" TP="209.27000000" CloseTime="2008-03-11 02:01:00" Close="203.66000000" Swap="0.00" Profit="-857.56" Comment="[sl] (178)" />
        <deal Ticket="19346347" OpenTime="2008-03-03 07:35:00" DealType="1" Lots="0.10" Symbol="GBPJPY" Open="204.92000000" SL="203.60000000" TP="208.86000000" CloseTime="2008-03-03 09:43:00" Close="203.60000000" Swap="0.00" Profit="-128.61" Comment="[sl] (179)" />
        <deal Ticket="19346317" OpenTime="2008-03-03 07:34:00" DealType="1" Lots="0.50" Symbol="GBPJPY" Open="204.96000000" SL="203.60000000" TP="208.82000000" CloseTime="2008-03-03 09:43:00" Close="203.60000000" Swap="0.00" Profit="-662.51" Comment="[sl] (180)" />
        <deal Ticket="19346324" OpenTime="2008-03-03 07:34:00" DealType="1" Lots="0.50" Symbol="GBPJPY" Open="204.96000000" SL="203.60000000" TP="208.85000000" CloseTime="2008-03-03 09:43:00" Close="203.60000000" Swap="0.00" Profit="-662.51" Comment="[sl] (181)" />
        <deal Ticket="19346331" OpenTime="2008-03-03 07:34:00" DealType="1" Lots="0.50" Symbol="GBPJPY" Open="204.95000000" SL="203.60000000" TP="208.86000000" CloseTime="2008-03-03 09:43:00" Close="203.60000000" Swap="0.00" Profit="-657.63" Comment="[sl] (182)" />
        <deal Ticket="18987284" OpenTime="2008-02-29 02:37:00" DealType="1" Lots="0.50" Symbol="GBPJPY" Open="208.04000000" SL="206.70000000" TP="212.45000000" CloseTime="2008-02-29 12:30:00" Close="206.70000000" Swap="0.00" Profit="-642.31" Comment="[sl] (183)" />
        <deal Ticket="18987282" OpenTime="2008-02-29 02:37:00" DealType="1" Lots="0.50" Symbol="GBPJPY" Open="208.04000000" SL="206.70000000" TP="212.43000000" CloseTime="2008-02-29 12:30:00" Close="206.70000000" Swap="0.00" Profit="-642.31" Comment="[sl] (184)" />
        <deal Ticket="18987280" OpenTime="2008-02-29 02:37:00" DealType="1" Lots="0.50" Symbol="GBPJPY" Open="208.04000000" SL="206.70000000" TP="212.43000000" CloseTime="2008-02-29 12:30:00" Close="206.70000000" Swap="0.00" Profit="-642.31" Comment="[sl] (185)" />
        <deal Ticket="18854960" OpenTime="2008-02-19 11:39:00" DealType="1" Lots="0.50" Symbol="GBPJPY" Open="209.67000000" SL="208.04000000" TP="214.01000000" CloseTime="2008-02-29 02:33:00" Close="208.04000000" Swap="0.00" Profit="-779.08" Comment="[sl] (186)" />
        <deal Ticket="18854965" OpenTime="2008-02-19 11:39:00" DealType="1" Lots="0.50" Symbol="GBPJPY" Open="209.67000000" SL="208.04000000" TP="214.03000000" CloseTime="2008-02-29 02:33:00" Close="208.04000000" Swap="0.00" Profit="-779.08" Comment="[sl] (187)" />
        <deal Ticket="18854971" OpenTime="2008-02-19 11:39:00" DealType="1" Lots="0.40" Symbol="GBPJPY" Open="209.67000000" SL="208.04000000" TP="214.05000000" CloseTime="2008-02-29 02:33:00" Close="208.04000000" Swap="0.00" Profit="-623.27" Comment="[sl] (188)" />
        <deal Ticket="18820512" OpenTime="2008-02-15 14:57:00" DealType="1" Lots="0.30" Symbol="GBPJPY" Open="211.20000000" SL="209.67000000" TP="215.15000000" CloseTime="2008-02-19 11:23:00" Close="209.67000000" Swap="0.00" Profit="-426.43" Comment="[sl] (189)" />
        <deal Ticket="18820466" OpenTime="2008-02-15 14:57:00" DealType="1" Lots="0.50" Symbol="GBPJPY" Open="211.20000000" SL="209.67000000" TP="215.15000000" CloseTime="2008-02-19 11:23:00" Close="209.67000000" Swap="0.00" Profit="-710.70" Comment="[sl] (190)" />
        <deal Ticket="18820456" OpenTime="2008-02-15 14:57:00" DealType="1" Lots="0.50" Symbol="GBPJPY" Open="211.20000000" SL="209.67000000" TP="215.17000000" CloseTime="2008-02-19 11:23:00" Close="209.67000000" Swap="0.00" Profit="-710.70" Comment="[sl] (191)" />
        <deal Ticket="18790722" OpenTime="2008-02-14 20:07:00" DealType="1" Lots="0.20" Symbol="GBPJPY" Open="212.57000000" SL="211.20000000" TP="216.09000000" CloseTime="2008-02-15 14:55:00" Close="211.20000000" Swap="0.00" Profit="-254.32" Comment="[sl] (192)" />
        <deal Ticket="18790688" OpenTime="2008-02-14 20:06:00" DealType="1" Lots="0.50" Symbol="GBPJPY" Open="212.58000000" SL="211.20000000" TP="216.09000000" CloseTime="2008-02-15 14:55:00" Close="211.20000000" Swap="0.00" Profit="-640.43" Comment="[sl] (193)" />
        <deal Ticket="18790718" OpenTime="2008-02-14 20:06:00" DealType="1" Lots="0.50" Symbol="GBPJPY" Open="212.57000000" SL="211.20000000" TP="216.09000000" CloseTime="2008-02-15 14:55:00" Close="211.20000000" Swap="0.00" Profit="-635.79" Comment="[sl] (194)" />
        <deal Ticket="18274161" OpenTime="2008-02-01 17:32:00" DealType="1" Lots="0.10" Symbol="GBPJPY" Open="209.00000000" SL="207.22000000" TP="213.50000000" CloseTime="2008-02-07 14:19:00" Close="207.22000000" Swap="0.00" Profit="-167.45" Comment="[sl] (195)" />
        <deal Ticket="18274143" OpenTime="2008-02-01 17:32:00" DealType="1" Lots="0.50" Symbol="GBPJPY" Open="209.00000000" SL="207.22000000" TP="213.50000000" CloseTime="2008-02-07 14:19:00" Close="207.22000000" Swap="0.00" Profit="-837.25" Comment="[sl] (196)" />
        <deal Ticket="18274140" OpenTime="2008-02-01 17:32:00" DealType="1" Lots="0.50" Symbol="GBPJPY" Open="209.00000000" SL="207.22000000" TP="213.50000000" CloseTime="2008-02-07 14:19:00" Close="207.22000000" Swap="0.00" Profit="-837.25" Comment="[sl] (197)" />
        <deal Ticket="18150331" OpenTime="2008-01-31 01:52:00" DealType="1" Lots="0.50" Symbol="GBPJPY" Open="210.50000000" SL="209.00000000" TP="214.00000000" CloseTime="2008-02-01 17:32:00" Close="209.00000000" Swap="0.00" Profit="-706.48" Comment="[sl] (198)" />
        <deal Ticket="18150300" OpenTime="2008-01-31 01:52:00" DealType="1" Lots="0.50" Symbol="GBPJPY" Open="210.50000000" SL="209.00000000" TP="214.00000000" CloseTime="2008-02-01 17:32:00" Close="209.00000000" Swap="0.00" Profit="-706.48" Comment="[sl] (199)" />
        <deal Ticket="18150241" OpenTime="2008-01-28 17:00:00" DealType="1" Lots="0.40" Symbol="GBPJPY" Open="211.82000000" SL="210.50000000" TP="214.80000000" CloseTime="2008-01-31 01:29:00" Close="210.50000000" Swap="0.00" Profit="-498.02" Comment="[sl] (200)" />
        <deal Ticket="18150218" OpenTime="2008-01-28 17:00:00" DealType="1" Lots="0.50" Symbol="GBPJPY" Open="211.82000000" SL="210.50000000" TP="214.80000000" CloseTime="2008-01-31 01:29:00" Close="210.50000000" Swap="0.00" Profit="-622.53" Comment="[sl] (201)" />
        <deal Ticket="17726057" OpenTime="2008-01-17 01:03:00" DealType="1" Lots="0.30" Symbol="GBPJPY" Open="210.58000000" SL="209.23000000" TP="0.00000000" CloseTime="2008-01-18 17:55:00" Close="209.23000000" Swap="0.00" Profit="-378.29" Comment="[sl] (202)" />
        <deal Ticket="17726005" OpenTime="2008-01-17 01:03:00" DealType="1" Lots="0.50" Symbol="GBPJPY" Open="210.58000000" SL="209.23000000" TP="0.00000000" CloseTime="2008-01-18 17:55:00" Close="209.23000000" Swap="0.00" Profit="-630.49" Comment="[sl] (203)" />
        <deal Ticket="17593585" OpenTime="2008-01-15 23:22:00" DealType="1" Lots="0.20" Symbol="GBPJPY" Open="209.50000000" SL="207.80000000" TP="212.50000000" CloseTime="2008-01-16 07:45:00" Close="207.80000000" Swap="0.00" Profit="-320.67" Comment="[sl] (204)" />
        <deal Ticket="17593580" OpenTime="2008-01-15 23:22:00" DealType="1" Lots="0.50" Symbol="GBPJPY" Open="209.50000000" SL="207.80000000" TP="212.50000000" CloseTime="2008-01-16 07:45:00" Close="207.80000000" Swap="0.00" Profit="-801.66" Comment="[sl] (205)" />
        <deal Ticket="17536964" OpenTime="2008-01-14 11:05:00" DealType="1" Lots="0.50" Symbol="GBPJPY" Open="211.50000000" SL="209.50000000" TP="214.71000000" CloseTime="2008-01-15 23:21:00" Close="209.50000000" Swap="0.00" Profit="-936.60" Comment="[sl] (206)" />
        <deal Ticket="17536987" OpenTime="2008-01-14 11:05:00" DealType="1" Lots="0.10" Symbol="GBPJPY" Open="211.50000000" SL="209.50000000" TP="214.71000000" CloseTime="2008-01-15 23:21:00" Close="209.50000000" Swap="0.00" Profit="-187.32" Comment="[sl] (207)" />
        <deal Ticket="17428651" OpenTime="2008-01-11 07:54:00" DealType="1" Lots="0.50" Symbol="GBPJPY" Open="213.25000000" SL="211.50000000" TP="217.00000000" CloseTime="2008-01-14 11:04:00" Close="211.50000000" Swap="0.00" Profit="-810.94" Comment="[sl] (208)" />
        <deal Ticket="17405809" OpenTime="2008-01-08 22:25:00" DealType="1" Lots="0.40" Symbol="GBPJPY" Open="215.06000000" SL="213.25000000" TP="218.15000000" CloseTime="2008-01-11 07:53:00" Close="213.25000000" Swap="0.00" Profit="-664.65" Comment="[sl] (209)" />
        <deal Ticket="17405789" OpenTime="2008-01-08 21:32:00" DealType="1" Lots="0.30" Symbol="GBPJPY" Open="216.28000000" SL="215.05000000" TP="219.14000000" CloseTime="2008-01-08 22:25:00" Close="215.05000000" Swap="0.00" Profit="-338.41" Comment="[sl] (210)" />
    </deals>
    <balances>
        <balance Ticket="17085310" Amount="12736.87" Date="2007-12-31 23:59:00" />
        <balance Ticket="15135608" Amount="15000.00" Date="2007-10-22 23:54:00" />
        <balance Ticket="8894909" Amount="10000.00" Date="2007-02-27 09:06:00" />
    </balances>
</account>