﻿<?xml version="1.0" encoding="utf-8"?>
<account Id="16573" Broker="" Account="" Trader="" Login="" InitBalance="975.70">
    <deals>
        <deal Ticket="1880328" OpenTime="2010-02-17 14:21:00" DealType="1" Lots="0.50" Symbol="EURUSD" Open="1.3720" SL="1.3695" TP="1.3735" CloseTime="2010-02-17 15:16:00" Close="1.3695" Swap="0.00" Profit="-125.00" Comment="sl/a (1)" />
        <deal Ticket="1879605" OpenTime="2010-02-17 11:59:00" DealType="1" Lots="0.50" Symbol="EURUSD" Open="1.3731" SL="1.3695" TP="1.3740" CloseTime="2010-02-17 15:16:00" Close="1.3695" Swap="0.00" Profit="-180.00" Comment="sl/a (2)" />
        <deal Ticket="1879400" OpenTime="2010-02-17 11:35:00" DealType="1" Lots="0.50" Symbol="EURUSD" Open="1.3743" SL="1.3695" TP="1.3750" CloseTime="2010-02-17 15:16:00" Close="1.3695" Swap="0.00" Profit="-240.00" Comment="sl/a (3)" />
        <deal Ticket="1876868" OpenTime="2010-02-17 01:15:00" DealType="-1" Lots="0.50" Symbol="EURUSD" Open="1.3769" SL="0.0000" TP="1.3760" CloseTime="2010-02-17 02:16:00" Close="1.3765" Swap="0.00" Profit="20.00" Comment=" (4)" />
        <deal Ticket="1875432" OpenTime="2010-02-16 21:37:00" DealType="-1" Lots="0.50" Symbol="EURUSD" Open="1.3776" SL="0.0000" TP="1.3756" CloseTime="2010-02-17 00:42:00" Close="1.3766" Swap="0.00" Profit="50.00" Comment=" (5)" />
        <deal Ticket="1875022" OpenTime="2010-02-16 20:45:00" DealType="1" Lots="0.50" Symbol="EURUSD" Open="1.3761" SL="0.0000" TP="1.3775" CloseTime="2010-02-16 21:35:00" Close="1.3775" Swap="0.00" Profit="70.00" Comment="tp/a (6)" />
        <deal Ticket="1861131" OpenTime="2010-02-12 13:54:00" DealType="-1" Lots="2.00" Symbol="EURUSD" Open="1.3556" SL="1.3700" TP="1.3530" CloseTime="2010-02-16 16:45:00" Close="1.3700" Swap="0.00" Profit="-2880.00" Comment="sl/a (7)" />
        <deal Ticket="1856967" OpenTime="2010-02-12 00:53:00" DealType="-1" Lots="2.00" Symbol="EURUSD" Open="1.3690" SL="1.3800" TP="1.3600" CloseTime="2010-02-12 10:58:00" Close="1.3606" Swap="0.00" Profit="1680.00" Comment=" (8)" />
        <deal Ticket="1822311" OpenTime="2010-02-08 12:11:00" DealType="-1" Lots="2.00" Symbol="EURUSD" Open="1.3682" SL="1.3840" TP="1.3640" CloseTime="2010-02-11 15:45:00" Close="1.3640" Swap="0.00" Profit="840.00" Comment="tp/a (9)" />
        <deal Ticket="1818976" OpenTime="2010-02-05 21:19:00" DealType="-1" Lots="1.00" Symbol="EURUSD" Open="1.3656" SL="0.0000" TP="1.3630" CloseTime="2010-02-08 07:13:00" Close="1.3630" Swap="0.00" Profit="260.00" Comment="tp/a (10)" />
        <deal Ticket="1814413" OpenTime="2010-02-05 11:07:00" DealType="-1" Lots="1.50" Symbol="EURUSD" Open="1.3664" SL="0.0000" TP="1.3600" CloseTime="2010-02-05 17:46:00" Close="1.3600" Swap="0.00" Profit="960.00" Comment="tp/a (11)" />
        <deal Ticket="1815732" OpenTime="2010-02-05 14:41:00" DealType="-1" Lots="0.20" Symbol="EURUSD" Open="1.3702" SL="0.0000" TP="1.3600" CloseTime="2010-02-05 17:45:00" Close="1.3600" Swap="0.00" Profit="204.00" Comment="[tp] (12)" />
        <deal Ticket="1810637" OpenTime="2010-02-05 00:41:00" DealType="1" Lots="1.50" Symbol="EURUSD" Open="1.3760" SL="0.0000" TP="1.3699" CloseTime="2010-02-05 11:11:00" Close="1.3666" Swap="0.00" Profit="0.00" Comment="cancelled (13)" />
        <deal Ticket="1808257" OpenTime="2010-02-04 19:02:00" DealType="-1" Lots="1.00" Symbol="EURUSD" Open="1.3753" SL="0.0000" TP="1.3730" CloseTime="2010-02-04 22:16:00" Close="1.3730" Swap="0.00" Profit="230.00" Comment="tp/a (14)" />
        <deal Ticket="1787205" OpenTime="2010-02-02 12:38:00" DealType="-1" Lots="0.60" Symbol="EURUSD" Open="1.3953" SL="0.0000" TP="1.3875" CloseTime="2010-02-04 02:04:00" Close="1.3875" Swap="0.00" Profit="468.00" Comment="tp/a (15)" />
        <deal Ticket="1786984" OpenTime="2010-02-02 11:42:00" DealType="-1" Lots="0.60" Symbol="EURUSD" Open="1.3944" SL="0.0000" TP="1.3875" CloseTime="2010-02-04 02:04:00" Close="1.3875" Swap="0.00" Profit="414.00" Comment="tp/a (16)" />
        <deal Ticket="1771534" OpenTime="2010-01-29 11:59:00" DealType="-1" Lots="0.50" Symbol="EURUSD" Open="1.3962" SL="0.0000" TP="1.3888" CloseTime="2010-01-29 17:30:00" Close="1.3888" Swap="0.00" Profit="370.00" Comment="tp/a (17)" />
        <deal Ticket="1768551" OpenTime="2010-01-29 02:40:00" DealType="-1" Lots="0.50" Symbol="EURUSD" Open="1.3930" SL="0.0000" TP="1.3888" CloseTime="2010-01-29 17:30:00" Close="1.3888" Swap="0.00" Profit="210.00" Comment="tp/a (18)" />
        <deal Ticket="1761928" OpenTime="2010-01-28 09:14:00" DealType="1" Lots="0.50" Symbol="EURUSD" Open="1.4050" SL="0.0000" TP="1.4000" CloseTime="2010-01-29 12:01:00" Close="1.3957" Swap="0.00" Profit="0.00" Comment="cancelled (19)" />
        <deal Ticket="1750159" OpenTime="2010-01-27 00:35:00" DealType="-1" Lots="0.50" Symbol="EURUSD" Open="1.4076" SL="0.0000" TP="1.4025" CloseTime="2010-01-27 09:47:00" Close="1.4025" Swap="0.00" Profit="255.00" Comment="tp/a (20)" />
        <deal Ticket="1745858" OpenTime="2010-01-26 12:24:00" DealType="1" Lots="0.50" Symbol="EURUSD" Open="1.4089" SL="0.0000" TP="1.4091" CloseTime="2010-01-26 14:05:00" Close="1.4091" Swap="0.00" Profit="10.00" Comment="tp/a (21)" />
        <deal Ticket="1733686" OpenTime="2010-01-22 16:27:00" DealType="-1" Lots="0.40" Symbol="EURUSD" Open="1.4120" SL="0.0000" TP="1.4100" CloseTime="2010-01-26 05:43:00" Close="1.4100" Swap="0.00" Profit="80.00" Comment="tp/a (22)" />
        <deal Ticket="1741936" OpenTime="2010-01-26 01:20:00" DealType="-1" Lots="0.50" Symbol="EURUSD" Open="1.4163" SL="0.0000" TP="1.4145" CloseTime="2010-01-26 03:54:00" Close="1.4145" Swap="0.00" Profit="90.00" Comment="tp/a (23)" />
        <deal Ticket="1735899" OpenTime="2010-01-25 00:27:00" DealType="-1" Lots="0.30" Symbol="EURUSD" Open="1.4167" SL="0.0000" TP="1.4100" CloseTime="2010-01-25 16:14:00" Close="1.4139" Swap="0.00" Profit="84.00" Comment=" (24)" />
        <deal Ticket="1720705" OpenTime="2010-01-21 15:33:00" DealType="-1" Lots="0.40" Symbol="EURUSD" Open="1.4100" SL="0.0000" TP="1.4070" CloseTime="2010-01-21 16:24:00" Close="1.4070" Swap="0.00" Profit="120.00" Comment="tp/a (25)" />
        <deal Ticket="1720153" OpenTime="2010-01-21 02:26:00" DealType="-1" Lots="0.30" Symbol="EURUSD" Open="1.4125" SL="0.0000" TP="1.4100" CloseTime="2010-01-21 03:00:00" Close="1.4100" Swap="0.00" Profit="75.00" Comment="tp/a (26)" />
        <deal Ticket="1717671" OpenTime="2010-01-20 18:58:00" DealType="-1" Lots="0.30" Symbol="EURUSD" Open="1.4110" SL="0.0000" TP="1.4100" CloseTime="2010-01-21 03:00:00" Close="1.4100" Swap="0.00" Profit="30.00" Comment="tp/a (27)" />
        <deal Ticket="1714679" OpenTime="2010-01-20 09:57:00" DealType="-1" Lots="0.30" Symbol="EURUSD" Open="1.4198" SL="0.0000" TP="1.4168" CloseTime="2010-01-20 12:02:00" Close="1.4168" Swap="0.00" Profit="90.00" Comment="tp/a (28)" />
        <deal Ticket="1714743" OpenTime="2010-01-20 10:11:00" DealType="-1" Lots="0.20" Symbol="EURUSD" Open="1.4205" SL="0.0000" TP="1.4199" CloseTime="2010-01-20 10:40:00" Close="1.4199" Swap="0.00" Profit="12.00" Comment="tp/a (29)" />
        <deal Ticket="1714831" OpenTime="2010-01-20 10:26:00" DealType="-1" Lots="0.20" Symbol="EURUSD" Open="1.4214" SL="0.0000" TP="1.4200" CloseTime="2010-01-20 10:39:00" Close="1.4200" Swap="0.00" Profit="28.00" Comment="tp/a (30)" />
        <deal Ticket="1714736" OpenTime="2010-01-20 10:09:00" DealType="1" Lots="0.20" Symbol="EURUSD" Open="1.4208" SL="0.0000" TP="0.0000" CloseTime="2010-01-20 10:11:00" Close="1.4205" Swap="0.00" Profit="0.00" Comment="cancelled (31)" />
        <deal Ticket="1706692" OpenTime="2010-01-19 12:51:00" DealType="1" Lots="0.30" Symbol="EURUSD" Open="1.4295" SL="0.0000" TP="1.4270" CloseTime="2010-01-20 09:57:00" Close="1.4198" Swap="0.00" Profit="0.00" Comment="cancelled (32)" />
        <deal Ticket="1708383" OpenTime="2010-01-19 15:56:00" DealType="-1" Lots="0.30" Symbol="EURUSD" Open="1.4295" SL="0.0000" TP="1.4275" CloseTime="2010-01-19 17:15:00" Close="1.4275" Swap="0.00" Profit="60.00" Comment="tp/a (33)" />
        <deal Ticket="1706085" OpenTime="2010-01-19 11:33:00" DealType="-1" Lots="0.30" Symbol="EURUSD" Open="1.4340" SL="0.0000" TP="1.4300" CloseTime="2010-01-19 12:48:00" Close="1.4300" Swap="0.00" Profit="120.00" Comment="tp/a (34)" />
        <deal Ticket="1692638" OpenTime="2010-01-15 09:06:00" DealType="1" Lots="0.15" Symbol="EURUSD" Open="1.4393" SL="0.0000" TP="1.4499" CloseTime="2010-01-19 11:14:00" Close="1.4330" Swap="0.00" Profit="-94.50" Comment=" (35)" />
        <deal Ticket="1687429" OpenTime="2010-01-14 18:50:00" DealType="1" Lots="0.25" Symbol="EURUSD" Open="1.4491" SL="0.0000" TP="1.4499" CloseTime="2010-01-19 11:14:00" Close="1.4330" Swap="0.00" Profit="-402.50" Comment=" (36)" />
        <deal Ticket="1674468" OpenTime="2010-01-13 09:12:00" DealType="-1" Lots="0.20" Symbol="EURUSD" Open="1.4463" SL="0.0000" TP="1.4462" CloseTime="2010-01-14 17:03:00" Close="1.4462" Swap="0.00" Profit="2.00" Comment="tp/a (37)" />
        <deal Ticket="1677795" OpenTime="2010-01-13 17:17:00" DealType="-1" Lots="0.20" Symbol="EURUSD" Open="1.4484" SL="0.0000" TP="1.4470" CloseTime="2010-01-14 15:57:00" Close="1.4470" Swap="0.00" Profit="28.00" Comment="tp/a (38)" />
        <deal Ticket="1675867" OpenTime="2010-01-13 12:39:00" DealType="-1" Lots="0.20" Symbol="EURUSD" Open="1.4543" SL="0.0000" TP="1.4500" CloseTime="2010-01-13 16:25:00" Close="1.4500" Swap="0.00" Profit="86.00" Comment="tp/a (39)" />
        <deal Ticket="1669597" OpenTime="2010-01-12 16:57:00" DealType="1" Lots="0.20" Symbol="EURUSD" Open="1.4560" SL="0.0000" TP="1.4470" CloseTime="2010-01-13 12:40:00" Close="1.4545" Swap="0.00" Profit="0.00" Comment="cancelled (40)" />
        <deal Ticket="1666345" OpenTime="2010-01-12 10:42:00" DealType="-1" Lots="0.20" Symbol="EURUSD" Open="1.4484" SL="0.0000" TP="1.4460" CloseTime="2010-01-13 02:08:00" Close="1.4460" Swap="0.00" Profit="48.00" Comment="tp/a (41)" />
        <deal Ticket="1666208" OpenTime="2010-01-12 10:27:00" DealType="-1" Lots="0.20" Symbol="EURUSD" Open="1.4472" SL="0.0000" TP="1.4460" CloseTime="2010-01-13 02:08:00" Close="1.4460" Swap="0.00" Profit="24.00" Comment="tp/a (42)" />
        <deal Ticket="1665440" OpenTime="2010-01-12 08:39:00" DealType="-1" Lots="0.20" Symbol="EURUSD" Open="1.4510" SL="0.0000" TP="1.4490" CloseTime="2010-01-12 09:42:00" Close="1.4490" Swap="0.00" Profit="40.00" Comment="tp/a (43)" />
        <deal Ticket="1662536" OpenTime="2010-01-11 23:24:00" DealType="-1" Lots="0.30" Symbol="EURUSD" Open="1.4506" SL="0.0000" TP="1.4490" CloseTime="2010-01-12 09:42:00" Close="1.4490" Swap="0.00" Profit="48.00" Comment="tp/a (44)" />
        <deal Ticket="1660291" OpenTime="2010-01-11 17:49:00" DealType="1" Lots="0.30" Symbol="EURUSD" Open="1.4536" SL="1.4499" TP="1.4552" CloseTime="2010-01-12 01:02:00" Close="1.4499" Swap="0.00" Profit="-111.00" Comment="sl/a (45)" />
        <deal Ticket="1660260" OpenTime="2010-01-11 17:40:00" DealType="1" Lots="0.40" Symbol="EURUSD" Open="1.4551" SL="1.4499" TP="1.4552" CloseTime="2010-01-12 01:02:00" Close="1.4499" Swap="0.00" Profit="-208.00" Comment="sl/a (46)" />
        <deal Ticket="1659983" OpenTime="2010-01-11 16:52:00" DealType="-1" Lots="0.40" Symbol="EURUSD" Open="1.4546" SL="1.4570" TP="1.4540" CloseTime="2010-01-11 17:45:00" Close="1.4540" Swap="0.00" Profit="24.00" Comment="tp/a (47)" />
        <deal Ticket="1658936" OpenTime="2010-01-11 15:27:00" DealType="-1" Lots="0.40" Symbol="EURUSD" Open="1.4498" SL="1.4540" TP="1.4430" CloseTime="2010-01-11 16:50:00" Close="1.4540" Swap="0.00" Profit="-168.00" Comment="sl/a (48)" />
        <deal Ticket="1658582" OpenTime="2010-01-11 14:55:00" DealType="-1" Lots="0.40" Symbol="EURUSD" Open="1.4525" SL="1.4540" TP="1.4515" CloseTime="2010-01-11 15:10:00" Close="1.4515" Swap="0.00" Profit="40.00" Comment="tp/a (49)" />
        <deal Ticket="1656615" OpenTime="2010-01-11 08:40:00" DealType="-1" Lots="0.40" Symbol="EURUSD" Open="1.4493" SL="1.4530" TP="1.4483" CloseTime="2010-01-11 08:56:00" Close="1.4483" Swap="0.00" Profit="40.00" Comment="tp/a (50)" />
        <deal Ticket="1653271" OpenTime="2010-01-08 17:04:00" DealType="1" Lots="0.40" Symbol="EURUSD" Open="1.4323" SL="1.4280" TP="1.4333" CloseTime="2010-01-08 17:07:00" Close="1.4333" Swap="0.00" Profit="40.00" Comment="tp/a (51)" />
        <deal Ticket="1648267" OpenTime="2010-01-08 01:36:00" DealType="1" Lots="0.30" Symbol="EURUSD" Open="1.4307" SL="1.4270" TP="1.4321" CloseTime="2010-01-08 02:02:00" Close="1.4321" Swap="0.00" Profit="42.00" Comment="tp/a (52)" />
        <deal Ticket="1637474" OpenTime="2010-01-06 14:15:00" DealType="-1" Lots="0.20" Symbol="EURUSD" Open="1.4360" SL="1.4550" TP="1.4310" CloseTime="2010-01-07 21:03:00" Close="1.4310" Swap="0.00" Profit="100.00" Comment="tp/a (53)" />
        <deal Ticket="1637513" OpenTime="2010-01-06 13:34:00" DealType="-1" Lots="0.30" Symbol="EURUSD" Open="1.4351" SL="1.4550" TP="1.4310" CloseTime="2010-01-07 21:03:00" Close="1.4310" Swap="0.00" Profit="123.00" Comment="tp/a (54)" />
        <deal Ticket="1623217" OpenTime="2010-01-04 10:39:00" DealType="-1" Lots="0.20" Symbol="EURUSD" Open="1.4382" SL="0.0000" TP="1.4300" CloseTime="2010-01-06 07:47:00" Close="1.4300" Swap="0.00" Profit="164.00" Comment="tp/a (55)" />
        <deal Ticket="1623016" OpenTime="2010-01-04 10:26:00" DealType="-1" Lots="0.20" Symbol="EURUSD" Open="1.4350" SL="0.0000" TP="1.4300" CloseTime="2010-01-06 07:47:00" Close="1.4300" Swap="0.00" Profit="100.00" Comment="tp/a (56)" />
        <deal Ticket="1620878" OpenTime="2010-01-04 00:25:00" DealType="-1" Lots="0.20" Symbol="EURUSD" Open="1.4330" SL="0.0000" TP="1.4270" CloseTime="2010-01-04 02:02:00" Close="1.4270" Swap="0.00" Profit="120.00" Comment="tp/a (57)" />
        <deal Ticket="1596625" OpenTime="2009-12-23 13:53:00" DealType="-1" Lots="0.20" Symbol="EURUSD" Open="1.4280" SL="1.4550" TP="1.4270" CloseTime="2010-01-04 02:02:00" Close="1.4270" Swap="0.00" Profit="20.00" Comment="tp/a (58)" />
        <deal Ticket="1617680" OpenTime="2009-12-31 02:38:00" DealType="-1" Lots="0.20" Symbol="EURUSD" Open="1.4357" SL="0.0000" TP="1.4300" CloseTime="2010-01-03 23:04:00" Close="1.4300" Swap="0.00" Profit="114.00" Comment="tp/a (59)" />
        <deal Ticket="1614642" OpenTime="2009-12-30 11:12:00" DealType="-1" Lots="0.20" Symbol="EURUSD" Open="1.4354" SL="0.0000" TP="1.4300" CloseTime="2009-12-30 15:39:00" Close="1.4300" Swap="0.00" Profit="108.00" Comment="tp/a (60)" />
        <deal Ticket="1610316" OpenTime="2009-12-29 12:52:00" DealType="-1" Lots="0.20" Symbol="EURUSD" Open="1.4437" SL="0.0000" TP="1.4380" CloseTime="2009-12-29 17:12:00" Close="1.4380" Swap="0.00" Profit="114.00" Comment="tp/a (61)" />
        <deal Ticket="1608359" OpenTime="2009-12-29 01:17:00" DealType="-1" Lots="0.20" Symbol="EURUSD" Open="1.4366" SL="0.0000" TP="1.4356" CloseTime="2009-12-29 04:17:00" Close="1.4356" Swap="0.00" Profit="20.00" Comment="tp/a (62)" />
        <deal Ticket="1596615" OpenTime="2009-12-22 19:23:00" DealType="1" Lots="1.00" Symbol="EURUSD" Open="1.4280" SL="1.4380" TP="1.4230" CloseTime="2009-12-22 19:24:00" Close="1.4260" Swap="0.00" Profit="0.00" Comment="cancelled (63)" />
        <deal Ticket="1594268" OpenTime="2009-12-22 14:37:00" DealType="-1" Lots="0.20" Symbol="EURUSD" Open="1.4310" SL="1.4380" TP="1.4290" CloseTime="2009-12-22 15:19:00" Close="1.4290" Swap="0.00" Profit="40.00" Comment="tp/a (64)" />
        <deal Ticket="1594283" OpenTime="2009-12-22 12:36:00" DealType="-1" Lots="0.20" Symbol="EURUSD" Open="1.4293" SL="1.4380" TP="1.4290" CloseTime="2009-12-22 15:19:00" Close="1.4290" Swap="0.00" Profit="6.00" Comment="tp/a (65)" />
        <deal Ticket="1587334" OpenTime="2009-12-21 13:25:00" DealType="-1" Lots="0.20" Symbol="EURUSD" Open="1.4360" SL="1.4420" TP="1.4300" CloseTime="2009-12-21 19:14:00" Close="1.4300" Swap="0.00" Profit="120.00" Comment="tp/a (66)" />
        <deal Ticket="1587152" OpenTime="2009-12-21 00:00:00" DealType="-1" Lots="0.20" Symbol="EURUSD" Open="1.4314" SL="1.4380" TP="1.4300" CloseTime="2009-12-21 09:50:00" Close="1.4300" Swap="0.00" Profit="28.00" Comment="tp/a (67)" />
        <deal Ticket="1586757" OpenTime="2009-12-18 21:18:00" DealType="-1" Lots="0.20" Symbol="EURUSD" Open="1.4332" SL="1.4382" TP="1.4327" CloseTime="2009-12-20 23:00:00" Close="1.4327" Swap="0.00" Profit="10.00" Comment="tp/a (68)" />
        <deal Ticket="1585668" OpenTime="2009-12-18 17:26:00" DealType="-1" Lots="0.20" Symbol="EURUSD" Open="1.4281" SL="0.0000" TP="1.4272" CloseTime="2009-12-18 17:45:00" Close="1.4274" Swap="0.00" Profit="14.00" Comment=" (69)" />
        <deal Ticket="1585707" OpenTime="2009-12-18 17:35:00" DealType="-1" Lots="0.20" Symbol="EURUSD" Open="1.4283" SL="0.0000" TP="1.4275" CloseTime="2009-12-18 17:44:00" Close="1.4275" Swap="0.00" Profit="16.00" Comment="tp/a (70)" />
        <deal Ticket="1574948" OpenTime="2009-12-17 12:48:00" DealType="-1" Lots="0.20" Symbol="EURUSD" Open="1.4358" SL="1.4450" TP="1.4310" CloseTime="2009-12-18 16:40:00" Close="1.4315" Swap="0.00" Profit="86.00" Comment=" (71)" />
        <deal Ticket="1582869" OpenTime="2009-12-18 09:15:00" DealType="-1" Lots="0.10" Symbol="EURUSD" Open="1.4390" SL="1.4450" TP="1.4370" CloseTime="2009-12-18 12:54:00" Close="1.4370" Swap="0.00" Profit="20.00" Comment="tp/a (72)" />
        <deal Ticket="1569738" OpenTime="2009-12-16 21:31:00" DealType="-1" Lots="0.20" Symbol="EURUSD" Open="1.4520" SL="1.4600" TP="1.4500" CloseTime="2009-12-17 02:44:00" Close="1.4500" Swap="0.00" Profit="40.00" Comment="tp/a (73)" />
        <deal Ticket="1567133" OpenTime="2009-12-16 14:54:00" DealType="-1" Lots="0.10" Symbol="EURUSD" Open="1.4540" SL="1.4615" TP="1.4500" CloseTime="2009-12-17 02:44:00" Close="1.4500" Swap="0.00" Profit="40.00" Comment="tp/a (74)" />
        <deal Ticket="1567130" OpenTime="2009-12-16 14:53:00" DealType="-1" Lots="0.10" Symbol="EURUSD" Open="1.4539" SL="1.4615" TP="1.4500" CloseTime="2009-12-17 02:44:00" Close="1.4500" Swap="0.00" Profit="39.00" Comment="tp/a (75)" />
        <deal Ticket="1564001" OpenTime="2009-12-16 02:00:00" DealType="-1" Lots="0.10" Symbol="EURUSD" Open="1.4535" SL="1.4595" TP="1.4515" CloseTime="2009-12-16 08:50:00" Close="1.4515" Swap="0.00" Profit="20.00" Comment="tp/a (76)" />
    </deals>
    <balances>
        <balance Ticket="1334581" Amount="975.70" Date="2009-10-29 13:38:00" />
    </balances>
</account>