﻿<?xml version="1.0" encoding="utf-8"?>
<account Id="13200" Broker="" Account="" Trader="" Login="" InitBalance="1000.00">
    <deals>
        <deal Ticket="38893096" OpenTime="2009-11-26 08:54:00" DealType="-1" Lots="0.10" Symbol="EURCHF" Open="1.5091" SL="0.0000" TP="0.0000" CloseTime="2009-11-26 09:31:00" Close="1.5122" Swap="0.00" Profit="-30.91" Comment=" (1)" />
        <deal Ticket="38857770" OpenTime="2009-11-25 08:23:00" DealType="1" Lots="0.10" Symbol="EURCHF" Open="1.5101" SL="0.0000" TP="0.0000" CloseTime="2009-11-26 09:29:00" Close="1.5120" Swap="0.00" Profit="18.95" Comment=" (2)" />
        <deal Ticket="38855631" OpenTime="2009-11-25 05:57:00" DealType="1" Lots="0.10" Symbol="EURCHF" Open="1.5101" SL="0.0000" TP="0.0000" CloseTime="2009-11-26 09:29:00" Close="1.5125" Swap="0.00" Profit="23.94" Comment=" (3)" />
        <deal Ticket="38847621" OpenTime="2009-11-24 19:34:00" DealType="1" Lots="0.10" Symbol="EURCHF" Open="1.5109" SL="0.0000" TP="0.0000" CloseTime="2009-11-26 09:29:00" Close="1.5125" Swap="0.00" Profit="15.96" Comment=" (4)" />
        <deal Ticket="38839211" OpenTime="2009-11-24 14:48:00" DealType="1" Lots="0.10" Symbol="EURCHF" Open="1.5112" SL="0.0000" TP="0.0000" CloseTime="2009-11-26 09:29:00" Close="1.5125" Swap="0.00" Profit="12.97" Comment=" (5)" />
        <deal Ticket="38823700" OpenTime="2009-11-24 04:08:00" DealType="1" Lots="0.10" Symbol="EURCHF" Open="1.5110" SL="0.0000" TP="0.0000" CloseTime="2009-11-26 09:29:00" Close="1.5123" Swap="0.00" Profit="12.96" Comment=" (6)" />
        <deal Ticket="38800600" OpenTime="2009-11-23 08:45:00" DealType="1" Lots="0.10" Symbol="EURCHF" Open="1.5118" SL="0.0000" TP="0.0000" CloseTime="2009-11-26 09:29:00" Close="1.5122" Swap="0.00" Profit="3.99" Comment=" (7)" />
        <deal Ticket="38795942" OpenTime="2009-11-23 03:59:00" DealType="1" Lots="0.10" Symbol="EURCHF" Open="1.5122" SL="0.0000" TP="0.0000" CloseTime="2009-11-26 09:28:00" Close="1.5123" Swap="0.00" Profit="0.99" Comment=" (8)" />
        <deal Ticket="38772278" OpenTime="2009-11-20 09:36:00" DealType="1" Lots="0.10" Symbol="EURCHF" Open="1.5116" SL="0.0000" TP="0.0000" CloseTime="2009-11-26 09:28:00" Close="1.5126" Swap="0.00" Profit="9.96" Comment=" (9)" />
        <deal Ticket="38758532" OpenTime="2009-11-19 19:13:00" DealType="1" Lots="0.10" Symbol="EURCHF" Open="1.5128" SL="0.0000" TP="0.0000" CloseTime="2009-11-26 09:28:00" Close="1.5130" Swap="0.00" Profit="2.00" Comment=" (10)" />
        <deal Ticket="38856405" OpenTime="2009-11-25 06:55:00" DealType="-1" Lots="0.10" Symbol="EURCHF" Open="1.5101" SL="0.0000" TP="0.0000" CloseTime="2009-11-26 04:49:00" Close="1.5026" Swap="0.00" Profit="75.44" Comment=" (11)" />
        <deal Ticket="38854628" OpenTime="2009-11-25 04:20:00" DealType="-1" Lots="0.10" Symbol="EURCHF" Open="1.5101" SL="0.0000" TP="0.0000" CloseTime="2009-11-26 04:48:00" Close="1.5026" Swap="0.00" Profit="75.45" Comment=" (12)" />
        <deal Ticket="38843854" OpenTime="2009-11-24 17:11:00" DealType="-1" Lots="0.10" Symbol="EURCHF" Open="1.5114" SL="0.0000" TP="0.0000" CloseTime="2009-11-24 21:38:00" Close="1.5104" Swap="0.00" Profit="9.91" Comment=" (13)" />
        <deal Ticket="38825860" OpenTime="2009-11-24 07:38:00" DealType="-1" Lots="0.10" Symbol="EURCHF" Open="1.5111" SL="0.0000" TP="0.0000" CloseTime="2009-11-24 21:38:00" Close="1.5104" Swap="0.00" Profit="6.94" Comment=" (14)" />
        <deal Ticket="38812190" OpenTime="2009-11-23 16:25:00" DealType="-1" Lots="0.10" Symbol="EURCHF" Open="1.5113" SL="0.0000" TP="0.0000" CloseTime="2009-11-24 21:38:00" Close="1.5104" Swap="0.00" Profit="8.92" Comment=" (15)" />
        <deal Ticket="38800415" OpenTime="2009-11-23 08:34:00" DealType="-1" Lots="0.10" Symbol="EURCHF" Open="1.5121" SL="0.0000" TP="0.0000" CloseTime="2009-11-24 21:38:00" Close="1.5104" Swap="0.00" Profit="16.86" Comment=" (16)" />
        <deal Ticket="38773196" OpenTime="2009-11-20 10:14:00" DealType="-1" Lots="0.10" Symbol="EURCHF" Open="1.5123" SL="0.0000" TP="0.0000" CloseTime="2009-11-24 21:38:00" Close="1.5104" Swap="0.00" Profit="18.84" Comment=" (17)" />
        <deal Ticket="38761883" OpenTime="2009-11-19 22:38:00" DealType="-1" Lots="0.10" Symbol="EURCHF" Open="1.5116" SL="0.0000" TP="0.0000" CloseTime="2009-11-24 21:37:00" Close="1.5105" Swap="0.00" Profit="10.91" Comment=" (18)" />
        <deal Ticket="38735352" OpenTime="2009-11-19 05:31:00" DealType="-1" Lots="0.10" Symbol="EURCHF" Open="1.5111" SL="0.0000" TP="0.0000" CloseTime="2009-11-24 21:37:00" Close="1.5104" Swap="0.00" Profit="6.94" Comment=" (19)" />
        <deal Ticket="38725816" OpenTime="2009-11-18 19:15:00" DealType="-1" Lots="0.10" Symbol="EURCHF" Open="1.5111" SL="0.0000" TP="0.0000" CloseTime="2009-11-24 21:37:00" Close="1.5104" Swap="0.00" Profit="6.94" Comment=" (20)" />
        <deal Ticket="38716474" OpenTime="2009-11-18 15:15:00" DealType="-1" Lots="0.10" Symbol="EURCHF" Open="1.5112" SL="0.0000" TP="0.0000" CloseTime="2009-11-24 21:37:00" Close="1.5104" Swap="0.00" Profit="7.93" Comment=" (21)" />
        <deal Ticket="38702268" OpenTime="2009-11-18 01:17:00" DealType="-1" Lots="0.10" Symbol="EURCHF" Open="1.5114" SL="0.0000" TP="0.0000" CloseTime="2009-11-24 21:37:00" Close="1.5104" Swap="0.00" Profit="9.92" Comment=" (22)" />
        <deal Ticket="38680346" OpenTime="2009-11-17 10:08:00" DealType="-1" Lots="0.10" Symbol="EURCHF" Open="1.5097" SL="0.0000" TP="0.0000" CloseTime="2009-11-24 21:37:00" Close="1.5102" Swap="0.00" Profit="-4.96" Comment=" (23)" />
        <deal Ticket="38649739" OpenTime="2009-11-16 08:36:00" DealType="-1" Lots="0.10" Symbol="EURCHF" Open="1.5103" SL="0.0000" TP="0.0000" CloseTime="2009-11-24 21:37:00" Close="1.5103" Swap="0.00" Profit="0.00" Comment=" (24)" />
        <deal Ticket="38674097" OpenTime="2009-11-17 01:41:00" DealType="-1" Lots="0.10" Symbol="EURCHF" Open="1.5097" SL="0.0000" TP="0.0000" CloseTime="2009-11-24 21:36:00" Close="1.5103" Swap="0.00" Profit="-5.94" Comment=" (25)" />
        <deal Ticket="38648186" OpenTime="2009-11-16 06:24:00" DealType="-1" Lots="0.10" Symbol="EURCHF" Open="1.5101" SL="0.0000" TP="0.0000" CloseTime="2009-11-24 21:36:00" Close="1.5103" Swap="0.00" Profit="-1.99" Comment=" (26)" />
        <deal Ticket="38647523" OpenTime="2009-11-16 05:20:00" DealType="-1" Lots="0.10" Symbol="EURCHF" Open="1.5100" SL="0.0000" TP="0.0000" CloseTime="2009-11-24 21:36:00" Close="1.5102" Swap="0.00" Profit="-1.98" Comment=" (27)" />
        <deal Ticket="38732385" OpenTime="2009-11-19 02:46:00" DealType="1" Lots="0.10" Symbol="EURCHF" Open="1.5111" SL="0.0000" TP="0.0000" CloseTime="2009-11-19 12:13:00" Close="1.5138" Swap="0.00" Profit="26.52" Comment=" (28)" />
        <deal Ticket="38723805" OpenTime="2009-11-18 18:05:00" DealType="1" Lots="0.10" Symbol="EURCHF" Open="1.5107" SL="0.0000" TP="0.0000" CloseTime="2009-11-19 12:13:00" Close="1.5137" Swap="0.00" Profit="29.46" Comment=" (29)" />
        <deal Ticket="38706943" OpenTime="2009-11-18 08:56:00" DealType="1" Lots="0.10" Symbol="EURCHF" Open="1.5119" SL="0.0000" TP="0.0000" CloseTime="2009-11-19 12:13:00" Close="1.5139" Swap="0.00" Profit="19.65" Comment=" (30)" />
        <deal Ticket="38701594" OpenTime="2009-11-18 00:13:00" DealType="1" Lots="0.10" Symbol="EURCHF" Open="1.5114" SL="0.0000" TP="0.0000" CloseTime="2009-11-19 12:13:00" Close="1.5139" Swap="0.00" Profit="24.56" Comment=" (31)" />
        <deal Ticket="38626937" OpenTime="2009-11-13 10:32:00" DealType="1" Lots="0.10" Symbol="EURCHF" Open="1.5111" SL="0.0000" TP="0.0000" CloseTime="2009-11-17 17:51:00" Close="1.5115" Swap="0.00" Profit="3.92" Comment=" (32)" />
        <deal Ticket="38587323" OpenTime="2009-11-12 03:31:00" DealType="1" Lots="0.10" Symbol="EURCHF" Open="1.5105" SL="0.0000" TP="0.0000" CloseTime="2009-11-17 17:51:00" Close="1.5116" Swap="0.00" Profit="10.79" Comment=" (33)" />
        <deal Ticket="38678455" OpenTime="2009-11-17 08:40:00" DealType="1" Lots="0.10" Symbol="EURCHF" Open="1.5093" SL="0.0000" TP="0.0000" CloseTime="2009-11-17 17:50:00" Close="1.5113" Swap="0.00" Profit="19.63" Comment=" (34)" />
        <deal Ticket="38649977" OpenTime="2009-11-16 08:47:00" DealType="1" Lots="0.10" Symbol="EURCHF" Open="1.5102" SL="0.0000" TP="0.0000" CloseTime="2009-11-17 17:50:00" Close="1.5113" Swap="0.00" Profit="10.80" Comment=" (35)" />
        <deal Ticket="38649622" OpenTime="2009-11-16 08:23:00" DealType="1" Lots="0.10" Symbol="EURCHF" Open="1.5102" SL="0.0000" TP="0.0000" CloseTime="2009-11-17 17:50:00" Close="1.5113" Swap="0.00" Profit="10.79" Comment=" (36)" />
        <deal Ticket="38648158" OpenTime="2009-11-16 06:22:00" DealType="1" Lots="0.10" Symbol="EURCHF" Open="1.5102" SL="0.0000" TP="0.0000" CloseTime="2009-11-17 17:50:00" Close="1.5113" Swap="0.00" Profit="10.79" Comment=" (37)" />
        <deal Ticket="38625224" OpenTime="2009-11-13 09:39:00" DealType="1" Lots="0.10" Symbol="EURCHF" Open="1.5111" SL="0.0000" TP="0.0000" CloseTime="2009-11-17 17:50:00" Close="1.5113" Swap="0.00" Profit="1.96" Comment=" (38)" />
        <deal Ticket="38613473" OpenTime="2009-11-12 19:23:00" DealType="1" Lots="0.10" Symbol="EURCHF" Open="1.5105" SL="0.0000" TP="0.0000" CloseTime="2009-11-17 17:50:00" Close="1.5115" Swap="0.00" Profit="9.81" Comment=" (39)" />
        <deal Ticket="38602439" OpenTime="2009-11-12 14:37:00" DealType="1" Lots="0.10" Symbol="EURCHF" Open="1.5108" SL="0.0000" TP="0.0000" CloseTime="2009-11-17 17:50:00" Close="1.5113" Swap="0.00" Profit="4.90" Comment=" (40)" />
        <deal Ticket="38557110" OpenTime="2009-11-11 06:04:00" DealType="1" Lots="0.10" Symbol="EURCHF" Open="1.5101" SL="0.0000" TP="0.0000" CloseTime="2009-11-17 17:50:00" Close="1.5113" Swap="0.00" Profit="11.77" Comment=" (41)" />
        <deal Ticket="38527357" OpenTime="2009-11-10 04:46:00" DealType="1" Lots="0.10" Symbol="EURCHF" Open="1.5118" SL="0.0000" TP="0.0000" CloseTime="2009-11-17 17:50:00" Close="1.5115" Swap="0.00" Profit="-2.94" Comment=" (42)" />
        <deal Ticket="38584330" OpenTime="2009-11-12 00:48:00" DealType="1" Lots="0.10" Symbol="EURCHF" Open="1.5104" SL="0.0000" TP="0.0000" CloseTime="2009-11-17 17:49:00" Close="1.5115" Swap="0.00" Profit="10.80" Comment=" (43)" />
        <deal Ticket="38543936" OpenTime="2009-11-10 16:49:00" DealType="1" Lots="0.10" Symbol="EURCHF" Open="1.5111" SL="0.0000" TP="0.0000" CloseTime="2009-11-17 17:49:00" Close="1.5115" Swap="0.00" Profit="3.93" Comment=" (44)" />
        <deal Ticket="38506933" OpenTime="2009-11-09 09:37:00" DealType="1" Lots="0.10" Symbol="EURCHF" Open="1.5116" SL="0.0000" TP="0.0000" CloseTime="2009-11-17 17:49:00" Close="1.5115" Swap="0.00" Profit="-0.98" Comment=" (45)" />
        <deal Ticket="38481167" OpenTime="2009-11-06 14:16:00" DealType="1" Lots="0.10" Symbol="EURCHF" Open="1.5116" SL="0.0000" TP="0.0000" CloseTime="2009-11-17 17:49:00" Close="1.5113" Swap="0.00" Profit="-2.95" Comment=" (46)" />
        <deal Ticket="38473932" OpenTime="2009-11-06 07:22:00" DealType="1" Lots="0.10" Symbol="EURCHF" Open="1.5115" SL="0.0000" TP="0.0000" CloseTime="2009-11-17 17:49:00" Close="1.5115" Swap="0.00" Profit="0.00" Comment=" (47)" />
        <deal Ticket="38469383" OpenTime="2009-11-05 23:24:00" DealType="1" Lots="0.10" Symbol="EURCHF" Open="1.5116" SL="0.0000" TP="0.0000" CloseTime="2009-11-17 17:49:00" Close="1.5113" Swap="0.00" Profit="-2.95" Comment=" (48)" />
        <deal Ticket="38462877" OpenTime="2009-11-05 16:57:00" DealType="1" Lots="0.10" Symbol="EURCHF" Open="1.5115" SL="0.0000" TP="0.0000" CloseTime="2009-11-17 17:49:00" Close="1.5115" Swap="0.00" Profit="0.00" Comment=" (49)" />
        <deal Ticket="38626038" OpenTime="2009-11-13 10:13:00" DealType="-1" Lots="0.10" Symbol="EURCHF" Open="1.5113" SL="0.0000" TP="0.0000" CloseTime="2009-11-13 14:51:00" Close="1.5100" Swap="0.00" Profit="12.80" Comment=" (50)" />
        <deal Ticket="38621677" OpenTime="2009-11-13 04:55:00" DealType="-1" Lots="0.10" Symbol="EURCHF" Open="1.5109" SL="0.0000" TP="0.0000" CloseTime="2009-11-13 14:51:00" Close="1.5100" Swap="0.00" Profit="8.86" Comment=" (51)" />
        <deal Ticket="38609452" OpenTime="2009-11-12 17:22:00" DealType="-1" Lots="0.10" Symbol="EURCHF" Open="1.5111" SL="0.0000" TP="0.0000" CloseTime="2009-11-13 14:51:00" Close="1.5100" Swap="0.00" Profit="10.83" Comment=" (52)" />
        <deal Ticket="38593250" OpenTime="2009-11-12 09:48:00" DealType="-1" Lots="0.10" Symbol="EURCHF" Open="1.5106" SL="0.0000" TP="0.0000" CloseTime="2009-11-13 14:51:00" Close="1.5100" Swap="0.00" Profit="5.91" Comment=" (53)" />
        <deal Ticket="38586679" OpenTime="2009-11-12 02:48:00" DealType="-1" Lots="0.10" Symbol="EURCHF" Open="1.5106" SL="0.0000" TP="0.0000" CloseTime="2009-11-13 14:50:00" Close="1.5100" Swap="0.00" Profit="5.91" Comment=" (54)" />
        <deal Ticket="38558882" OpenTime="2009-11-11 08:06:00" DealType="-1" Lots="0.10" Symbol="EURCHF" Open="1.5105" SL="0.0000" TP="0.0000" CloseTime="2009-11-12 00:57:00" Close="1.5106" Swap="0.00" Profit="-0.99" Comment=" (55)" />
        <deal Ticket="38552754" OpenTime="2009-11-11 00:00:00" DealType="-1" Lots="0.10" Symbol="EURCHF" Open="1.5105" SL="0.0000" TP="0.0000" CloseTime="2009-11-12 00:57:00" Close="1.5106" Swap="0.00" Profit="-0.99" Comment=" (56)" />
        <deal Ticket="38540936" OpenTime="2009-11-10 14:57:00" DealType="-1" Lots="0.10" Symbol="EURCHF" Open="1.5115" SL="0.0000" TP="0.0000" CloseTime="2009-11-12 00:57:00" Close="1.5106" Swap="0.00" Profit="8.93" Comment=" (57)" />
        <deal Ticket="38518031" OpenTime="2009-11-09 16:57:00" DealType="-1" Lots="0.10" Symbol="EURCHF" Open="1.5104" SL="0.0000" TP="0.0000" CloseTime="2009-11-12 00:57:00" Close="1.5106" Swap="0.00" Profit="-1.99" Comment=" (58)" />
        <deal Ticket="38496961" OpenTime="2009-11-09 01:09:00" DealType="-1" Lots="0.10" Symbol="EURCHF" Open="1.5107" SL="0.0000" TP="0.0000" CloseTime="2009-11-12 00:56:00" Close="1.5104" Swap="0.00" Profit="2.98" Comment=" (59)" />
        <deal Ticket="38475582" OpenTime="2009-11-06 09:16:00" DealType="-1" Lots="0.10" Symbol="EURCHF" Open="1.5115" SL="0.0000" TP="0.0000" CloseTime="2009-11-12 00:56:00" Close="1.5104" Swap="0.00" Profit="10.91" Comment=" (60)" />
        <deal Ticket="38471127" OpenTime="2009-11-06 02:21:00" DealType="-1" Lots="0.10" Symbol="EURCHF" Open="1.5115" SL="0.0000" TP="0.0000" CloseTime="2009-11-12 00:56:00" Close="1.5102" Swap="0.00" Profit="12.90" Comment=" (61)" />
        <deal Ticket="38466411" OpenTime="2009-11-05 19:19:00" DealType="-1" Lots="0.10" Symbol="EURCHF" Open="1.5116" SL="0.0000" TP="0.0000" CloseTime="2009-11-12 00:56:00" Close="1.5102" Swap="0.00" Profit="13.89" Comment=" (62)" />
        <deal Ticket="38452896" OpenTime="2009-11-05 12:04:00" DealType="-1" Lots="0.10" Symbol="EURCHF" Open="1.5103" SL="0.0000" TP="0.0000" CloseTime="2009-11-12 00:56:00" Close="1.5102" Swap="0.00" Profit="0.99" Comment=" (63)" />
        <deal Ticket="38465205" OpenTime="2009-11-05 18:38:00" DealType="1" Lots="0.10" Symbol="EURCHF" Open="1.5115" SL="0.0000" TP="0.0000" CloseTime="2009-11-05 19:19:00" Close="1.5115" Swap="0.00" Profit="0.00" Comment=" (64)" />
        <deal Ticket="38416428" OpenTime="2009-11-04 10:50:00" DealType="1" Lots="0.10" Symbol="EURCHF" Open="1.5111" SL="0.0000" TP="0.0000" CloseTime="2009-11-05 14:40:00" Close="1.5112" Swap="0.00" Profit="0.99" Comment=" (65)" />
        <deal Ticket="38396611" OpenTime="2009-11-03 17:49:00" DealType="1" Lots="0.10" Symbol="EURCHF" Open="1.5108" SL="0.0000" TP="0.0000" CloseTime="2009-11-05 14:40:00" Close="1.5112" Swap="0.00" Profit="3.94" Comment=" (66)" />
        <deal Ticket="38377399" OpenTime="2009-11-03 09:24:00" DealType="1" Lots="0.10" Symbol="EURCHF" Open="1.5102" SL="0.0000" TP="0.0000" CloseTime="2009-11-05 14:40:00" Close="1.5112" Swap="0.00" Profit="9.85" Comment=" (67)" />
        <deal Ticket="38350584" OpenTime="2009-11-02 13:02:00" DealType="1" Lots="0.10" Symbol="EURCHF" Open="1.5093" SL="0.0000" TP="0.0000" CloseTime="2009-11-05 14:40:00" Close="1.5112" Swap="0.00" Profit="18.71" Comment=" (68)" />
        <deal Ticket="38329190" OpenTime="2009-10-30 18:38:00" DealType="1" Lots="0.10" Symbol="EURCHF" Open="1.5111" SL="0.0000" TP="0.0000" CloseTime="2009-11-05 14:40:00" Close="1.5112" Swap="0.00" Profit="0.98" Comment=" (69)" />
        <deal Ticket="38309263" OpenTime="2009-10-30 07:26:00" DealType="1" Lots="0.10" Symbol="EURCHF" Open="1.5109" SL="0.0000" TP="0.0000" CloseTime="2009-11-05 14:40:00" Close="1.5112" Swap="0.00" Profit="2.95" Comment=" (70)" />
        <deal Ticket="38268050" OpenTime="2009-10-29 02:38:00" DealType="1" Lots="0.10" Symbol="EURCHF" Open="1.5104" SL="0.0000" TP="0.0000" CloseTime="2009-11-05 14:40:00" Close="1.5112" Swap="0.00" Profit="7.87" Comment=" (71)" />
        <deal Ticket="38236996" OpenTime="2009-10-28 11:17:00" DealType="1" Lots="0.10" Symbol="EURCHF" Open="1.5123" SL="0.0000" TP="0.0000" CloseTime="2009-11-05 14:40:00" Close="1.5112" Swap="0.00" Profit="-10.83" Comment=" (72)" />
        <deal Ticket="38228982" OpenTime="2009-10-28 06:13:00" DealType="1" Lots="0.10" Symbol="EURCHF" Open="1.5125" SL="0.0000" TP="0.0000" CloseTime="2009-11-05 14:40:00" Close="1.5112" Swap="0.00" Profit="-12.80" Comment=" (73)" />
        <deal Ticket="38288998" OpenTime="2009-10-29 15:25:00" DealType="1" Lots="0.10" Symbol="EURCHF" Open="1.5105" SL="0.0000" TP="0.0000" CloseTime="2009-11-05 14:29:00" Close="1.5109" Swap="0.00" Profit="3.93" Comment=" (74)" />
        <deal Ticket="38259630" OpenTime="2009-10-28 20:14:00" DealType="1" Lots="0.10" Symbol="EURCHF" Open="1.5108" SL="0.0000" TP="0.0000" CloseTime="2009-11-05 14:29:00" Close="1.5109" Swap="0.00" Profit="0.98" Comment=" (75)" />
        <deal Ticket="38233168" OpenTime="2009-10-28 09:23:00" DealType="1" Lots="0.10" Symbol="EURCHF" Open="1.5127" SL="0.0000" TP="0.0000" CloseTime="2009-11-05 14:29:00" Close="1.5109" Swap="0.00" Profit="-17.69" Comment=" (76)" />
        <deal Ticket="38216527" OpenTime="2009-10-27 19:01:00" DealType="1" Lots="0.10" Symbol="EURCHF" Open="1.5142" SL="0.0000" TP="0.0000" CloseTime="2009-11-05 14:29:00" Close="1.5109" Swap="0.00" Profit="-32.43" Comment=" (77)" />
        <deal Ticket="38410320" OpenTime="2009-11-04 06:51:00" DealType="-1" Lots="0.10" Symbol="EURCHF" Open="1.5114" SL="0.0000" TP="0.0000" CloseTime="2009-11-05 09:36:00" Close="1.5096" Swap="0.00" Profit="17.67" Comment=" (78)" />
        <deal Ticket="38377761" OpenTime="2009-11-03 09:34:00" DealType="-1" Lots="0.10" Symbol="EURCHF" Open="1.5106" SL="0.0000" TP="0.0000" CloseTime="2009-11-05 09:35:00" Close="1.5097" Swap="0.00" Profit="8.83" Comment=" (79)" />
        <deal Ticket="38364133" OpenTime="2009-11-02 20:01:00" DealType="-1" Lots="0.10" Symbol="EURCHF" Open="1.5098" SL="0.0000" TP="0.0000" CloseTime="2009-11-05 09:35:00" Close="1.5097" Swap="0.00" Profit="0.99" Comment=" (80)" />
        <deal Ticket="38345027" OpenTime="2009-11-02 09:25:00" DealType="-1" Lots="0.10" Symbol="EURCHF" Open="1.5104" SL="0.0000" TP="0.0000" CloseTime="2009-11-05 09:35:00" Close="1.5097" Swap="0.00" Profit="6.87" Comment=" (81)" />
        <deal Ticket="38317252" OpenTime="2009-10-30 13:30:00" DealType="-1" Lots="0.10" Symbol="EURCHF" Open="1.5139" SL="0.0000" TP="0.0000" CloseTime="2009-11-05 09:33:00" Close="1.5096" Swap="0.00" Profit="42.21" Comment=" (82)" />
        <deal Ticket="38303911" OpenTime="2009-10-30 00:12:00" DealType="-1" Lots="0.10" Symbol="EURCHF" Open="1.5110" SL="0.0000" TP="0.0000" CloseTime="2009-11-05 09:33:00" Close="1.5096" Swap="0.00" Profit="13.74" Comment=" (83)" />
        <deal Ticket="38274558" OpenTime="2009-10-29 09:24:00" DealType="-1" Lots="0.10" Symbol="EURCHF" Open="1.5107" SL="0.0000" TP="0.0000" CloseTime="2009-11-05 09:33:00" Close="1.5096" Swap="0.00" Profit="10.79" Comment=" (84)" />
        <deal Ticket="38266615" OpenTime="2009-10-29 02:07:00" DealType="-1" Lots="0.10" Symbol="EURCHF" Open="1.5108" SL="0.0000" TP="0.0000" CloseTime="2009-11-05 09:33:00" Close="1.5096" Swap="0.00" Profit="11.78" Comment=" (85)" />
        <deal Ticket="38255681" OpenTime="2009-10-28 18:49:00" DealType="-1" Lots="0.10" Symbol="EURCHF" Open="1.5113" SL="0.0000" TP="0.0000" CloseTime="2009-11-05 09:27:00" Close="1.5099" Swap="0.00" Profit="13.74" Comment=" (86)" />
        <deal Ticket="38207193" OpenTime="2009-10-27 14:40:00" DealType="1" Lots="0.10" Symbol="EURCHF" Open="1.5147" SL="0.0000" TP="0.0000" CloseTime="2009-10-30 13:30:00" Close="1.5164" Swap="0.00" Profit="16.61" Comment=" (87)" />
        <deal Ticket="38176397" OpenTime="2009-10-26 17:19:00" DealType="-1" Lots="0.10" Symbol="EURCHF" Open="1.5141" SL="0.0000" TP="0.0000" CloseTime="2009-10-28 15:58:00" Close="1.5110" Swap="0.00" Profit="30.36" Comment=" (88)" />
        <deal Ticket="38091873" OpenTime="2009-10-21 22:02:00" DealType="-1" Lots="0.10" Symbol="EURCHF" Open="1.5110" SL="0.0000" TP="0.0000" CloseTime="2009-10-28 15:57:00" Close="1.5110" Swap="0.00" Profit="0.00" Comment=" (89)" />
        <deal Ticket="38104380" OpenTime="2009-10-22 10:22:00" DealType="-1" Lots="0.10" Symbol="EURCHF" Open="1.5111" SL="0.0000" TP="0.0000" CloseTime="2009-10-28 15:56:00" Close="1.5110" Swap="0.00" Profit="0.98" Comment=" (90)" />
        <deal Ticket="38059375" OpenTime="2009-10-21 00:40:00" DealType="-1" Lots="0.10" Symbol="EURCHF" Open="1.5121" SL="0.0000" TP="0.0000" CloseTime="2009-10-28 15:56:00" Close="1.5110" Swap="0.00" Profit="10.77" Comment=" (91)" />
        <deal Ticket="38233748" OpenTime="2009-10-28 09:55:00" DealType="-1" Lots="0.10" Symbol="EURCHF" Open="1.5127" SL="0.0000" TP="0.0000" CloseTime="2009-10-28 15:54:00" Close="1.5110" Swap="0.00" Profit="16.65" Comment=" (92)" />
        <deal Ticket="38232320" OpenTime="2009-10-28 08:56:00" DealType="-1" Lots="0.10" Symbol="EURCHF" Open="1.5127" SL="0.0000" TP="0.0000" CloseTime="2009-10-28 15:53:00" Close="1.5110" Swap="0.00" Profit="16.65" Comment=" (93)" />
        <deal Ticket="38221404" OpenTime="2009-10-27 23:00:00" DealType="-1" Lots="0.10" Symbol="EURCHF" Open="1.5128" SL="0.0000" TP="0.0000" CloseTime="2009-10-28 15:53:00" Close="1.5110" Swap="0.00" Profit="17.63" Comment=" (94)" />
        <deal Ticket="38210280" OpenTime="2009-10-27 16:03:00" DealType="-1" Lots="0.10" Symbol="EURCHF" Open="1.5151" SL="0.0000" TP="0.0000" CloseTime="2009-10-28 15:53:00" Close="1.5110" Swap="0.00" Profit="40.16" Comment=" (95)" />
        <deal Ticket="38128967" OpenTime="2009-10-23 03:19:00" DealType="-1" Lots="0.10" Symbol="EURCHF" Open="1.5111" SL="0.0000" TP="0.0000" CloseTime="2009-10-28 15:52:00" Close="1.5110" Swap="0.00" Profit="0.98" Comment=" (96)" />
        <deal Ticket="38099545" OpenTime="2009-10-22 06:49:00" DealType="-1" Lots="0.10" Symbol="EURCHF" Open="1.5105" SL="0.0000" TP="0.0000" CloseTime="2009-10-28 15:52:00" Close="1.5110" Swap="0.00" Profit="-4.90" Comment=" (97)" />
        <deal Ticket="38066215" OpenTime="2009-10-21 09:21:00" DealType="-1" Lots="0.10" Symbol="EURCHF" Open="1.5119" SL="0.0000" TP="0.0000" CloseTime="2009-10-28 15:52:00" Close="1.5110" Swap="0.00" Profit="8.82" Comment=" (98)" />
        <deal Ticket="38046165" OpenTime="2009-10-20 16:34:00" DealType="-1" Lots="0.10" Symbol="EURCHF" Open="1.5126" SL="0.0000" TP="0.0000" CloseTime="2009-10-28 15:52:00" Close="1.5110" Swap="0.00" Profit="15.68" Comment=" (99)" />
        <deal Ticket="38168094" OpenTime="2009-10-26 12:27:00" DealType="1" Lots="0.10" Symbol="EURCHF" Open="1.5128" SL="0.0000" TP="0.0000" CloseTime="2009-10-27 03:34:00" Close="1.5148" Swap="0.00" Profit="19.64" Comment=" (100)" />
        <deal Ticket="38123169" OpenTime="2009-10-22 20:30:00" DealType="1" Lots="0.10" Symbol="EURCHF" Open="1.5104" SL="0.0000" TP="0.0000" CloseTime="2009-10-27 03:34:00" Close="1.5148" Swap="0.00" Profit="43.21" Comment=" (101)" />
        <deal Ticket="38034907" OpenTime="2009-10-20 07:58:00" DealType="1" Lots="0.10" Symbol="EURCHF" Open="1.5136" SL="0.0000" TP="0.0000" CloseTime="2009-10-27 03:34:00" Close="1.5148" Swap="0.00" Profit="11.78" Comment=" (102)" />
        <deal Ticket="38007944" OpenTime="2009-10-19 09:50:00" DealType="1" Lots="0.10" Symbol="EURCHF" Open="1.5168" SL="0.0000" TP="0.0000" CloseTime="2009-10-27 03:34:00" Close="1.5148" Swap="0.00" Profit="-19.64" Comment=" (103)" />
        <deal Ticket="38101798" OpenTime="2009-10-22 08:56:00" DealType="1" Lots="0.10" Symbol="EURCHF" Open="1.5105" SL="0.0000" TP="0.0000" CloseTime="2009-10-27 03:33:00" Close="1.5148" Swap="0.00" Profit="42.23" Comment=" (104)" />
        <deal Ticket="38095418" OpenTime="2009-10-22 01:10:00" DealType="1" Lots="0.10" Symbol="EURCHF" Open="1.5101" SL="0.0000" TP="0.0000" CloseTime="2009-10-27 03:33:00" Close="1.5148" Swap="0.00" Profit="46.15" Comment=" (105)" />
        <deal Ticket="38066259" OpenTime="2009-10-21 09:24:00" DealType="1" Lots="0.10" Symbol="EURCHF" Open="1.5116" SL="0.0000" TP="0.0000" CloseTime="2009-10-26 23:16:00" Close="1.5148" Swap="0.00" Profit="31.41" Comment=" (106)" />
        <deal Ticket="38060025" OpenTime="2009-10-21 02:12:00" DealType="1" Lots="0.10" Symbol="EURCHF" Open="1.5118" SL="0.0000" TP="0.0000" CloseTime="2009-10-26 23:16:00" Close="1.5148" Swap="0.00" Profit="29.45" Comment=" (107)" />
        <deal Ticket="38053309" OpenTime="2009-10-20 18:59:00" DealType="1" Lots="0.10" Symbol="EURCHF" Open="1.5122" SL="0.0000" TP="0.0000" CloseTime="2009-10-26 23:16:00" Close="1.5148" Swap="0.00" Profit="25.52" Comment=" (108)" />
        <deal Ticket="38020384" OpenTime="2009-10-19 17:35:00" DealType="1" Lots="0.10" Symbol="EURCHF" Open="1.5139" SL="0.0000" TP="0.0000" CloseTime="2009-10-26 23:02:00" Close="1.5147" Swap="0.00" Profit="7.85" Comment=" (109)" />
        <deal Ticket="37991293" OpenTime="2009-10-16 16:21:00" DealType="1" Lots="0.10" Symbol="EURCHF" Open="1.5178" SL="0.0000" TP="0.0000" CloseTime="2009-10-26 19:48:00" Close="1.5148" Swap="0.00" Profit="-29.45" Comment=" (110)" />
        <deal Ticket="37961553" OpenTime="2009-10-15 16:14:00" DealType="-1" Lots="0.10" Symbol="EURCHF" Open="1.5143" SL="0.0000" TP="0.0000" CloseTime="2009-10-20 10:21:00" Close="1.5135" Swap="0.00" Profit="7.92" Comment=" (111)" />
        <deal Ticket="38030576" OpenTime="2009-10-20 02:40:00" DealType="-1" Lots="0.10" Symbol="EURCHF" Open="1.5138" SL="0.0000" TP="0.0000" CloseTime="2009-10-20 10:18:00" Close="1.5134" Swap="0.00" Profit="3.96" Comment=" (112)" />
        <deal Ticket="38018519" OpenTime="2009-10-19 16:51:00" DealType="-1" Lots="0.10" Symbol="EURCHF" Open="1.5142" SL="0.0000" TP="0.0000" CloseTime="2009-10-20 10:18:00" Close="1.5134" Swap="0.00" Profit="7.92" Comment=" (113)" />
        <deal Ticket="37997726" OpenTime="2009-10-16 22:49:00" DealType="-1" Lots="0.10" Symbol="EURCHF" Open="1.5168" SL="0.0000" TP="0.0000" CloseTime="2009-10-20 10:18:00" Close="1.5135" Swap="0.00" Profit="32.67" Comment=" (114)" />
        <deal Ticket="37979905" OpenTime="2009-10-16 09:29:00" DealType="-1" Lots="0.10" Symbol="EURCHF" Open="1.5168" SL="0.0000" TP="0.0000" CloseTime="2009-10-20 10:18:00" Close="1.5134" Swap="0.00" Profit="33.67" Comment=" (115)" />
        <deal Ticket="37945816" OpenTime="2009-10-15 09:05:00" DealType="-1" Lots="0.10" Symbol="EURCHF" Open="1.5147" SL="0.0000" TP="0.0000" CloseTime="2009-10-20 10:18:00" Close="1.5135" Swap="0.00" Profit="11.88" Comment=" (116)" />
        <deal Ticket="37912694" OpenTime="2009-10-14 07:43:00" DealType="1" Lots="0.10" Symbol="EURCHF" Open="1.5177" SL="0.0000" TP="0.0000" CloseTime="2009-10-16 13:35:00" Close="1.5185" Swap="0.00" Profit="7.86" Comment=" (117)" />
        <deal Ticket="37939635" OpenTime="2009-10-15 02:34:00" DealType="1" Lots="0.10" Symbol="EURCHF" Open="1.5150" SL="0.0000" TP="0.0000" CloseTime="2009-10-16 13:34:00" Close="1.5185" Swap="0.00" Profit="34.38" Comment=" (118)" />
        <deal Ticket="37974321" OpenTime="2009-10-16 03:28:00" DealType="1" Lots="0.10" Symbol="EURCHF" Open="1.5165" SL="0.0000" TP="0.0000" CloseTime="2009-10-16 13:02:00" Close="1.5182" Swap="0.00" Profit="16.70" Comment=" (119)" />
        <deal Ticket="37946071" OpenTime="2009-10-15 09:14:00" DealType="1" Lots="0.10" Symbol="EURCHF" Open="1.5144" SL="0.0000" TP="0.0000" CloseTime="2009-10-16 13:02:00" Close="1.5182" Swap="0.00" Profit="37.34" Comment=" (120)" />
        <deal Ticket="37916583" OpenTime="2009-10-14 10:34:00" DealType="1" Lots="0.10" Symbol="EURCHF" Open="1.5173" SL="0.0000" TP="0.0000" CloseTime="2009-10-16 13:02:00" Close="1.5182" Swap="0.00" Profit="8.84" Comment=" (121)" />
        <deal Ticket="37904438" OpenTime="2009-10-13 23:56:00" DealType="1" Lots="0.10" Symbol="EURCHF" Open="1.5175" SL="0.0000" TP="0.0000" CloseTime="2009-10-16 13:02:00" Close="1.5183" Swap="0.00" Profit="7.87" Comment=" (122)" />
        <deal Ticket="37903277" OpenTime="2009-10-13 22:59:00" DealType="1" Lots="0.10" Symbol="EURCHF" Open="1.5175" SL="0.0000" TP="0.0000" CloseTime="2009-10-16 12:57:00" Close="1.5181" Swap="0.00" Profit="5.89" Comment=" (123)" />
        <deal Ticket="37939165" OpenTime="2009-10-15 02:00:00" DealType="-1" Lots="0.10" Symbol="EURCHF" Open="1.5150" SL="0.0000" TP="0.0000" CloseTime="2009-10-15 12:35:00" Close="1.5133" Swap="0.00" Profit="16.76" Comment=" (124)" />
        <deal Ticket="37915530" OpenTime="2009-10-14 09:48:00" DealType="-1" Lots="0.10" Symbol="EURCHF" Open="1.5180" SL="0.0000" TP="0.0000" CloseTime="2009-10-15 00:22:00" Close="1.5149" Swap="0.00" Profit="30.55" Comment=" (125)" />
        <deal Ticket="37904955" OpenTime="2009-10-14 00:07:00" DealType="-1" Lots="0.10" Symbol="EURCHF" Open="1.5176" SL="0.0000" TP="0.0000" CloseTime="2009-10-15 00:21:00" Close="1.5149" Swap="0.00" Profit="26.60" Comment=" (126)" />
        <deal Ticket="37903555" OpenTime="2009-10-13 23:17:00" DealType="-1" Lots="0.10" Symbol="EURCHF" Open="1.5176" SL="0.0000" TP="0.0000" CloseTime="2009-10-15 00:21:00" Close="1.5148" Swap="0.00" Profit="27.58" Comment=" (127)" />
        <deal Ticket="37902960" OpenTime="2009-10-13 22:29:00" DealType="-1" Lots="0.10" Symbol="EURCHF" Open="1.5176" SL="0.0000" TP="0.0000" CloseTime="2009-10-15 00:21:00" Close="1.5148" Swap="0.00" Profit="27.58" Comment=" (128)" />
    </deals>
    <balances>
        <balance Ticket="37902954" Amount="1000.00" Date="2009-10-13 22:28:00" />
    </balances>
</account>