﻿<?xml version="1.0" encoding="utf-8"?>
<account Id="538" Broker="" Account="" Trader="" Login="" InitBalance="500.00">
    <deals>
        <deal Ticket="39892649" OpenTime="2010-01-22 21:47:00" DealType="1" Lots="0.50" Symbol="EURUSD" Open="1.4140" SL="1.4126" TP="1.4180" CloseTime="2010-01-22 22:16:00" Close="1.4126" Swap="0.00" Profit="-70.00" Comment=" (1)" />
        <deal Ticket="39892237" OpenTime="2010-01-22 21:00:00" DealType="1" Lots="0.50" Symbol="EURUSD" Open="1.4151" SL="1.4137" TP="1.4191" CloseTime="2010-01-22 21:47:00" Close="1.4137" Swap="0.00" Profit="-70.00" Comment=" (2)" />
        <deal Ticket="36966567" OpenTime="2009-09-07 21:31:00" DealType="1" Lots="0.10" Symbol="EURUSD" Open="1.4332" SL="1.4309" TP="1.4354" CloseTime="2009-09-08 09:23:00" Close="1.4354" Swap="0.00" Profit="22.00" Comment=" (4)" />
        <deal Ticket="33023849" OpenTime="2009-04-24 11:55:00" DealType="1" Lots="0.10" Symbol="EURUSD" Open="1.3243" SL="0.0000" TP="1.3257" CloseTime="2009-04-24 14:09:00" Close="1.3257" Swap="0.00" Profit="14.00" Comment=" (5)" />
        <deal Ticket="33020593" OpenTime="2009-04-24 11:05:00" DealType="1" Lots="0.10" Symbol="EURUSD" Open="1.3225" SL="0.0000" TP="1.3240" CloseTime="2009-04-24 11:20:00" Close="1.3240" Swap="0.00" Profit="15.00" Comment=" (6)" />
        <deal Ticket="33017472" OpenTime="2009-04-24 10:07:00" DealType="-1" Lots="0.10" Symbol="EURUSD" Open="1.3185" SL="0.0000" TP="1.3170" CloseTime="2009-04-24 11:03:00" Close="1.3237" Swap="0.00" Profit="-52.00" Comment=" (7)" />
        <deal Ticket="33015913" OpenTime="2009-04-24 09:32:00" DealType="-1" Lots="0.10" Symbol="EURUSD" Open="1.3168" SL="0.0000" TP="1.3153" CloseTime="2009-04-24 11:03:00" Close="1.3237" Swap="0.00" Profit="-69.00" Comment=" (8)" />
        <deal Ticket="33007166" OpenTime="2009-04-24 03:40:00" DealType="-1" Lots="0.10" Symbol="EURUSD" Open="1.3125" SL="0.0000" TP="1.3111" CloseTime="2009-04-24 11:03:00" Close="1.3233" Swap="0.00" Profit="-108.00" Comment=" (9)" />
        <deal Ticket="33018557" OpenTime="2009-04-24 10:33:00" DealType="1" Lots="0.10" Symbol="EURUSD" Open="1.3205" SL="0.0000" TP="1.3234" CloseTime="2009-04-24 11:02:00" Close="1.3234" Swap="0.00" Profit="29.00" Comment=" (10)" />
        <deal Ticket="32993813" OpenTime="2009-04-23 19:33:00" DealType="-1" Lots="0.10" Symbol="EURUSD" Open="1.3058" SL="1.3098" TP="1.3050" CloseTime="2009-04-23 20:37:00" Close="1.3098" Swap="0.00" Profit="-40.00" Comment=" (11)" />
        <deal Ticket="32953679" OpenTime="2009-04-22 22:48:00" DealType="-1" Lots="0.10" Symbol="EURUSD" Open="1.2995" SL="0.0000" TP="1.2980" CloseTime="2009-04-23 04:34:00" Close="1.2980" Swap="0.00" Profit="15.00" Comment=" (12)" />
        <deal Ticket="32952290" OpenTime="2009-04-22 22:00:00" DealType="-1" Lots="0.10" Symbol="EURUSD" Open="1.3013" SL="0.0000" TP="1.2998" CloseTime="2009-04-22 22:48:00" Close="1.2998" Swap="0.00" Profit="15.00" Comment=" (13)" />
        <deal Ticket="32951685" OpenTime="2009-04-22 21:42:00" DealType="-1" Lots="0.10" Symbol="EURUSD" Open="1.3031" SL="0.0000" TP="1.3018" CloseTime="2009-04-22 22:00:00" Close="1.3018" Swap="0.00" Profit="13.00" Comment=" (14)" />
        <deal Ticket="32951093" OpenTime="2009-04-22 21:29:00" DealType="-1" Lots="0.10" Symbol="EURUSD" Open="1.3015" SL="0.0000" TP="1.3001" CloseTime="2009-04-22 22:00:00" Close="1.3018" Swap="0.00" Profit="-3.00" Comment=" (15)" />
        <deal Ticket="32950656" OpenTime="2009-04-22 21:02:00" DealType="-1" Lots="0.10" Symbol="EURUSD" Open="1.2999" SL="0.0000" TP="1.2984" CloseTime="2009-04-22 22:00:00" Close="1.3017" Swap="0.00" Profit="-18.00" Comment=" (16)" />
        <deal Ticket="32923070" OpenTime="2009-04-22 12:54:00" DealType="1" Lots="0.10" Symbol="EURUSD" Open="1.2947" SL="0.0000" TP="1.2962" CloseTime="2009-04-22 14:56:00" Close="1.2962" Swap="0.00" Profit="15.00" Comment=" (17)" />
        <deal Ticket="32898554" OpenTime="2009-04-21 21:59:00" DealType="-1" Lots="0.10" Symbol="EURUSD" Open="1.2927" SL="0.0000" TP="1.2912" CloseTime="2009-04-22 04:40:00" Close="1.2912" Swap="0.00" Profit="15.00" Comment=" (18)" />
        <deal Ticket="32884518" OpenTime="2009-04-21 16:39:00" DealType="1" Lots="0.10" Symbol="EURUSD" Open="1.2965" SL="0.0000" TP="1.2994" CloseTime="2009-04-21 21:59:00" Close="1.2928" Swap="0.00" Profit="-37.00" Comment=" (19)" />
        <deal Ticket="32883737" OpenTime="2009-04-21 16:35:00" DealType="-1" Lots="0.10" Symbol="EURUSD" Open="1.2945" SL="0.0000" TP="1.2930" CloseTime="2009-04-21 21:59:00" Close="1.2930" Swap="0.00" Profit="15.00" Comment=" (20)" />
        <deal Ticket="32882773" OpenTime="2009-04-21 16:14:00" DealType="-1" Lots="0.10" Symbol="EURUSD" Open="1.2928" SL="0.0000" TP="1.2914" CloseTime="2009-04-21 21:59:00" Close="1.2931" Swap="0.00" Profit="-3.00" Comment=" (21)" />
        <deal Ticket="32882153" OpenTime="2009-04-21 16:03:00" DealType="-1" Lots="0.10" Symbol="EURUSD" Open="1.2912" SL="0.0000" TP="1.2897" CloseTime="2009-04-21 21:59:00" Close="1.2932" Swap="0.00" Profit="-20.00" Comment=" (22)" />
        <deal Ticket="32880406" OpenTime="2009-04-21 15:23:00" DealType="-1" Lots="0.10" Symbol="EURUSD" Open="1.2930" SL="0.0000" TP="1.2915" CloseTime="2009-04-21 16:03:00" Close="1.2915" Swap="0.00" Profit="15.00" Comment=" (23)" />
        <deal Ticket="32874801" OpenTime="2009-04-21 12:36:00" DealType="1" Lots="0.10" Symbol="EURUSD" Open="1.2969" SL="0.0000" TP="1.2984" CloseTime="2009-04-21 15:23:00" Close="1.2931" Swap="0.00" Profit="-38.00" Comment=" (24)" />
        <deal Ticket="32875447" OpenTime="2009-04-21 12:58:00" DealType="1" Lots="0.10" Symbol="EURUSD" Open="1.2952" SL="0.0000" TP="1.2967" CloseTime="2009-04-21 13:06:00" Close="1.2967" Swap="0.00" Profit="15.00" Comment=" (25)" />
        <deal Ticket="32858345" OpenTime="2009-04-21 04:09:00" DealType="1" Lots="0.10" Symbol="EURUSD" Open="1.2928" SL="0.0000" TP="1.2943" CloseTime="2009-04-21 07:40:00" Close="1.2943" Swap="0.00" Profit="15.00" Comment=" (26)" />
        <deal Ticket="32855696" OpenTime="2009-04-21 02:55:00" DealType="1" Lots="0.10" Symbol="EURUSD" Open="1.2908" SL="0.0000" TP="1.2923" CloseTime="2009-04-21 04:09:00" Close="1.2923" Swap="0.00" Profit="15.00" Comment=" (27)" />
        <deal Ticket="32849597" OpenTime="2009-04-20 20:59:00" DealType="1" Lots="0.10" Symbol="EURUSD" Open="1.2925" SL="0.0000" TP="1.2940" CloseTime="2009-04-21 04:09:00" Close="1.2924" Swap="0.00" Profit="-1.00" Comment=" (28)" />
        <deal Ticket="32848432" OpenTime="2009-04-20 20:16:00" DealType="1" Lots="0.10" Symbol="EURUSD" Open="1.2907" SL="0.0000" TP="1.2922" CloseTime="2009-04-20 20:59:00" Close="1.2922" Swap="0.00" Profit="15.00" Comment=" (29)" />
        <deal Ticket="32846943" OpenTime="2009-04-20 19:33:00" DealType="-1" Lots="0.10" Symbol="EURUSD" Open="1.2921" SL="0.0000" TP="1.2906" CloseTime="2009-04-20 20:15:00" Close="1.2906" Swap="0.00" Profit="15.00" Comment=" (30)" />
        <deal Ticket="32840802" OpenTime="2009-04-20 17:13:00" DealType="-1" Lots="0.10" Symbol="EURUSD" Open="1.2904" SL="0.0000" TP="1.2889" CloseTime="2009-04-20 20:15:00" Close="1.2905" Swap="0.00" Profit="-1.00" Comment=" (31)" />
        <deal Ticket="32840570" OpenTime="2009-04-20 17:11:00" DealType="-1" Lots="0.10" Symbol="EURUSD" Open="1.2887" SL="0.0000" TP="1.2877" CloseTime="2009-04-20 20:15:00" Close="1.2905" Swap="0.00" Profit="-18.00" Comment=" (32)" />
        <deal Ticket="32840060" OpenTime="2009-04-20 17:07:00" DealType="-1" Lots="0.10" Symbol="EURUSD" Open="1.2914" SL="0.0000" TP="1.2899" CloseTime="2009-04-20 17:11:00" Close="1.2899" Swap="0.00" Profit="15.00" Comment=" (33)" />
        <deal Ticket="32813332" OpenTime="2009-04-20 06:35:00" DealType="1" Lots="0.10" Symbol="EURUSD" Open="1.3004" SL="0.0000" TP="1.3019" CloseTime="2009-04-20 17:07:00" Close="1.2914" Swap="0.00" Profit="-90.00" Comment=" (34)" />
        <deal Ticket="32825932" OpenTime="2009-04-20 12:21:00" DealType="1" Lots="0.10" Symbol="EURUSD" Open="1.2967" SL="0.0000" TP="1.2982" CloseTime="2009-04-20 15:56:00" Close="1.2982" Swap="0.00" Profit="15.00" Comment=" (35)" />
        <deal Ticket="32543564" OpenTime="2009-04-10 02:34:00" DealType="-1" Lots="0.10" Symbol="EURUSD" Open="1.3118" SL="1.3158" TP="1.3103" CloseTime="2009-04-10 04:09:00" Close="1.3103" Swap="0.00" Profit="15.00" Comment=" (36)" />
        <deal Ticket="32543094" OpenTime="2009-04-10 02:25:00" DealType="-1" Lots="0.10" Symbol="EURUSD" Open="1.3101" SL="1.3141" TP="1.3103" CloseTime="2009-04-10 04:09:00" Close="1.3103" Swap="0.00" Profit="-2.00" Comment=" (37)" />
        <deal Ticket="32512932" OpenTime="2009-04-09 12:06:00" DealType="-1" Lots="0.10" Symbol="EURUSD" Open="1.3316" SL="1.3346" TP="1.3301" CloseTime="2009-04-09 12:28:00" Close="1.3301" Swap="0.00" Profit="15.00" Comment=" (38)" />
        <deal Ticket="32512351" OpenTime="2009-04-09 11:58:00" DealType="-1" Lots="0.10" Symbol="EURUSD" Open="1.3298" SL="1.3328" TP="1.3301" CloseTime="2009-04-09 12:20:00" Close="1.3328" Swap="0.00" Profit="-30.00" Comment=" (39)" />
        <deal Ticket="32496170" OpenTime="2009-04-09 00:37:00" DealType="-1" Lots="0.10" Symbol="EURUSD" Open="1.3257" SL="1.3287" TP="1.3242" CloseTime="2009-04-09 02:54:00" Close="1.3242" Swap="0.00" Profit="15.00" Comment=" (40)" />
        <deal Ticket="32495181" OpenTime="2009-04-08 23:43:00" DealType="-1" Lots="0.10" Symbol="EURUSD" Open="1.3275" SL="1.3305" TP="1.3260" CloseTime="2009-04-09 00:37:00" Close="1.3260" Swap="0.00" Profit="15.00" Comment=" (41)" />
        <deal Ticket="32494449" OpenTime="2009-04-08 23:05:00" DealType="-1" Lots="0.10" Symbol="EURUSD" Open="1.3257" SL="1.3287" TP="1.3260" CloseTime="2009-04-09 00:37:00" Close="1.3260" Swap="0.00" Profit="-3.00" Comment=" (42)" />
        <deal Ticket="32493729" OpenTime="2009-04-08 22:35:00" DealType="-1" Lots="0.10" Symbol="EURUSD" Open="1.3240" SL="1.3260" TP="1.3225" CloseTime="2009-04-08 23:05:00" Close="1.3260" Swap="0.00" Profit="-20.00" Comment=" (43)" />
        <deal Ticket="32492288" OpenTime="2009-04-08 21:46:00" DealType="-1" Lots="0.10" Symbol="EURUSD" Open="1.3238" SL="1.3258" TP="1.3223" CloseTime="2009-04-08 21:55:00" Close="1.3223" Swap="0.00" Profit="15.00" Comment=" (44)" />
        <deal Ticket="32491970" OpenTime="2009-04-08 21:31:00" DealType="-1" Lots="0.10" Symbol="EURUSD" Open="1.3255" SL="1.3276" TP="1.3241" CloseTime="2009-04-08 21:46:00" Close="1.3241" Swap="0.00" Profit="14.00" Comment=" (45)" />
        <deal Ticket="32491723" OpenTime="2009-04-08 21:24:00" DealType="-1" Lots="0.10" Symbol="EURUSD" Open="1.3239" SL="1.3259" TP="1.3224" CloseTime="2009-04-08 21:31:00" Close="1.3259" Swap="0.00" Profit="-20.00" Comment=" (46)" />
        <deal Ticket="32406499" OpenTime="2009-04-07 05:19:00" DealType="-1" Lots="0.10" Symbol="EURUSD" Open="1.3350" SL="1.3370" TP="1.3335" CloseTime="2009-04-07 06:46:00" Close="1.3370" Swap="0.00" Profit="-20.00" Comment=" (47)" />
        <deal Ticket="32367216" OpenTime="2009-04-06 12:26:00" DealType="-1" Lots="0.10" Symbol="EURUSD" Open="1.3509" SL="0.0000" TP="1.3494" CloseTime="2009-04-06 14:55:00" Close="1.3494" Swap="0.00" Profit="15.00" Comment=" (48)" />
        <deal Ticket="32345425" OpenTime="2009-04-03 22:27:00" DealType="-1" Lots="0.10" Symbol="EURUSD" Open="1.3481" SL="0.0000" TP="1.3494" CloseTime="2009-04-06 14:55:00" Close="1.3494" Swap="0.00" Profit="-13.00" Comment=" (49)" />
        <deal Ticket="32345109" OpenTime="2009-04-03 22:07:00" DealType="-1" Lots="0.10" Symbol="EURUSD" Open="1.3464" SL="0.0000" TP="1.3494" CloseTime="2009-04-06 14:55:00" Close="1.3494" Swap="0.00" Profit="-30.00" Comment=" (50)" />
        <deal Ticket="32344939" OpenTime="2009-04-03 22:00:00" DealType="-1" Lots="0.10" Symbol="EURUSD" Open="1.3482" SL="0.0000" TP="1.3467" CloseTime="2009-04-03 22:07:00" Close="1.3467" Swap="0.00" Profit="15.00" Comment=" (51)" />
        <deal Ticket="32207617" OpenTime="2009-04-01 06:42:00" DealType="-1" Lots="0.10" Symbol="EURUSD" Open="1.3208" SL="0.0000" TP="1.3193" CloseTime="2009-04-01 08:17:00" Close="1.3193" Swap="0.00" Profit="15.00" Comment=" (52)" />
        <deal Ticket="32198571" OpenTime="2009-04-01 01:20:00" DealType="-1" Lots="0.10" Symbol="EURUSD" Open="1.3256" SL="0.0000" TP="1.3241" CloseTime="2009-04-01 02:02:00" Close="1.3241" Swap="0.00" Profit="15.00" Comment=" (53)" />
        <deal Ticket="32197992" OpenTime="2009-04-01 00:57:00" DealType="-1" Lots="0.10" Symbol="EURUSD" Open="1.3238" SL="0.0000" TP="1.3241" CloseTime="2009-04-01 02:02:00" Close="1.3241" Swap="0.00" Profit="-3.00" Comment=" (54)" />
        <deal Ticket="32194842" OpenTime="2009-03-31 23:18:00" DealType="-1" Lots="0.10" Symbol="EURUSD" Open="1.3256" SL="0.0000" TP="1.3241" CloseTime="2009-04-01 00:57:00" Close="1.3241" Swap="0.00" Profit="15.00" Comment=" (55)" />
        <deal Ticket="32190970" OpenTime="2009-03-31 21:31:00" DealType="-1" Lots="0.10" Symbol="EURUSD" Open="1.3273" SL="0.0000" TP="1.3258" CloseTime="2009-03-31 23:17:00" Close="1.3258" Swap="0.00" Profit="15.00" Comment=" (56)" />
        <deal Ticket="32189917" OpenTime="2009-03-31 20:53:00" DealType="-1" Lots="0.10" Symbol="EURUSD" Open="1.3256" SL="0.0000" TP="1.3258" CloseTime="2009-03-31 23:17:00" Close="1.3258" Swap="0.00" Profit="-2.00" Comment=" (57)" />
        <deal Ticket="32188818" OpenTime="2009-03-31 20:13:00" DealType="-1" Lots="0.10" Symbol="EURUSD" Open="1.3238" SL="0.0000" TP="1.3258" CloseTime="2009-03-31 23:17:00" Close="1.3258" Swap="0.00" Profit="-20.00" Comment=" (58)" />
        <deal Ticket="32166719" OpenTime="2009-03-31 12:39:00" DealType="-1" Lots="0.10" Symbol="EURUSD" Open="1.3297" SL="0.0000" TP="1.3282" CloseTime="2009-03-31 17:49:00" Close="1.3282" Swap="0.00" Profit="15.00" Comment=" (59)" />
        <deal Ticket="32166140" OpenTime="2009-03-31 12:28:00" DealType="-1" Lots="0.10" Symbol="EURUSD" Open="1.3280" SL="0.0000" TP="1.3282" CloseTime="2009-03-31 17:49:00" Close="1.3282" Swap="0.00" Profit="-2.00" Comment=" (60)" />
        <deal Ticket="32165419" OpenTime="2009-03-31 12:11:00" DealType="-1" Lots="0.10" Symbol="EURUSD" Open="1.3263" SL="0.0000" TP="1.3282" CloseTime="2009-03-31 17:49:00" Close="1.3282" Swap="0.00" Profit="-19.00" Comment=" (61)" />
        <deal Ticket="32050662" OpenTime="2009-03-27 12:50:00" DealType="-1" Lots="0.10" Symbol="EURUSD" Open="1.3404" SL="0.0000" TP="1.3389" CloseTime="2009-03-27 13:08:00" Close="1.3389" Swap="0.00" Profit="15.00" Comment=" (62)" />
        <deal Ticket="32049362" OpenTime="2009-03-27 12:25:00" DealType="-1" Lots="0.10" Symbol="EURUSD" Open="1.3422" SL="0.0000" TP="1.3407" CloseTime="2009-03-27 12:50:00" Close="1.3407" Swap="0.00" Profit="15.00" Comment=" (63)" />
        <deal Ticket="32049093" OpenTime="2009-03-27 12:23:00" DealType="-1" Lots="0.10" Symbol="EURUSD" Open="1.3405" SL="0.0000" TP="1.3407" CloseTime="2009-03-27 12:50:00" Close="1.3407" Swap="0.00" Profit="-2.00" Comment=" (64)" />
        <deal Ticket="32048720" OpenTime="2009-03-27 12:20:00" DealType="-1" Lots="0.10" Symbol="EURUSD" Open="1.3388" SL="0.0000" TP="1.3407" CloseTime="2009-03-27 12:50:00" Close="1.3407" Swap="0.00" Profit="-19.00" Comment=" (65)" />
        <deal Ticket="31982802" OpenTime="2009-03-26 09:06:00" DealType="-1" Lots="0.10" Symbol="EURUSD" Open="1.3570" SL="0.0000" TP="1.3555" CloseTime="2009-03-26 11:19:00" Close="1.3555" Swap="0.00" Profit="15.00" Comment=" (66)" />
        <deal Ticket="31982305" OpenTime="2009-03-26 08:56:00" DealType="-1" Lots="0.10" Symbol="EURUSD" Open="1.3553" SL="0.0000" TP="1.3555" CloseTime="2009-03-26 11:19:00" Close="1.3555" Swap="0.00" Profit="-2.00" Comment=" (67)" />
        <deal Ticket="31978240" OpenTime="2009-03-26 05:35:00" DealType="-1" Lots="0.10" Symbol="EURUSD" Open="1.3571" SL="0.0000" TP="1.3556" CloseTime="2009-03-26 08:56:00" Close="1.3556" Swap="0.00" Profit="15.00" Comment=" (68)" />
        <deal Ticket="31977892" OpenTime="2009-03-26 05:16:00" DealType="-1" Lots="0.10" Symbol="EURUSD" Open="1.3554" SL="0.0000" TP="1.3556" CloseTime="2009-03-26 08:56:00" Close="1.3556" Swap="0.00" Profit="-2.00" Comment=" (69)" />
        <deal Ticket="31977645" OpenTime="2009-03-26 05:06:00" DealType="-1" Lots="0.10" Symbol="EURUSD" Open="1.3537" SL="0.0000" TP="1.3556" CloseTime="2009-03-26 08:56:00" Close="1.3556" Swap="0.00" Profit="-19.00" Comment=" (70)" />
        <deal Ticket="31977281" OpenTime="2009-03-26 04:54:00" DealType="-1" Lots="0.10" Symbol="EURUSD" Open="1.3559" SL="0.0000" TP="1.3544" CloseTime="2009-03-26 05:06:00" Close="1.3544" Swap="0.00" Profit="15.00" Comment=" (71)" />
        <deal Ticket="31977159" OpenTime="2009-03-26 04:49:00" DealType="-1" Lots="0.10" Symbol="EURUSD" Open="1.3542" SL="0.0000" TP="1.3544" CloseTime="2009-03-26 05:06:00" Close="1.3544" Swap="0.00" Profit="-2.00" Comment=" (72)" />
        <deal Ticket="31976715" OpenTime="2009-03-26 04:40:00" DealType="-1" Lots="0.10" Symbol="EURUSD" Open="1.3563" SL="0.0000" TP="1.3548" CloseTime="2009-03-26 04:49:00" Close="1.3548" Swap="0.00" Profit="15.00" Comment=" (73)" />
        <deal Ticket="31976386" OpenTime="2009-03-26 04:26:00" DealType="-1" Lots="0.10" Symbol="EURUSD" Open="1.3582" SL="0.0000" TP="1.3567" CloseTime="2009-03-26 04:40:00" Close="1.3567" Swap="0.00" Profit="15.00" Comment=" (74)" />
        <deal Ticket="31975005" OpenTime="2009-03-26 03:10:00" DealType="-1" Lots="0.10" Symbol="EURUSD" Open="1.3600" SL="0.0000" TP="1.3585" CloseTime="2009-03-26 04:26:00" Close="1.3585" Swap="0.00" Profit="15.00" Comment=" (75)" />
        <deal Ticket="31974545" OpenTime="2009-03-26 02:43:00" DealType="-1" Lots="0.10" Symbol="EURUSD" Open="1.3583" SL="0.0000" TP="1.3585" CloseTime="2009-03-26 04:26:00" Close="1.3585" Swap="0.00" Profit="-2.00" Comment=" (76)" />
        <deal Ticket="31974235" OpenTime="2009-03-26 02:34:00" DealType="-1" Lots="0.10" Symbol="EURUSD" Open="1.3601" SL="0.0000" TP="1.3586" CloseTime="2009-03-26 02:43:00" Close="1.3586" Swap="0.00" Profit="15.00" Comment=" (77)" />
        <deal Ticket="31973766" OpenTime="2009-03-26 02:24:00" DealType="-1" Lots="0.10" Symbol="EURUSD" Open="1.3584" SL="0.0000" TP="1.3586" CloseTime="2009-03-26 02:43:00" Close="1.3586" Swap="0.00" Profit="-2.00" Comment=" (78)" />
        <deal Ticket="31973174" OpenTime="2009-03-26 02:04:00" DealType="-1" Lots="0.10" Symbol="EURUSD" Open="1.3567" SL="0.0000" TP="1.3586" CloseTime="2009-03-26 02:43:00" Close="1.3586" Swap="0.00" Profit="-19.00" Comment=" (79)" />
        <deal Ticket="31969308" OpenTime="2009-03-25 22:46:00" DealType="-1" Lots="0.10" Symbol="EURUSD" Open="1.3586" SL="0.0000" TP="1.3571" CloseTime="2009-03-26 02:04:00" Close="1.3571" Swap="0.00" Profit="15.00" Comment=" (80)" />
        <deal Ticket="31909859" OpenTime="2009-03-24 22:29:00" DealType="-1" Lots="0.10" Symbol="EURUSD" Open="1.3443" SL="0.0000" TP="1.3428" CloseTime="2009-03-25 10:33:00" Close="1.3428" Swap="0.00" Profit="15.00" Comment=" (81)" />
        <deal Ticket="31910215" OpenTime="2009-03-24 22:43:00" DealType="-1" Lots="0.10" Symbol="EURUSD" Open="1.3460" SL="0.0000" TP="1.3445" CloseTime="2009-03-25 03:01:00" Close="1.3445" Swap="0.00" Profit="15.00" Comment=" (82)" />
        <deal Ticket="31912848" OpenTime="2009-03-25 00:33:00" DealType="-1" Lots="0.10" Symbol="EURUSD" Open="1.3480" SL="0.0000" TP="1.3465" CloseTime="2009-03-25 01:45:00" Close="1.3465" Swap="0.00" Profit="15.00" Comment=" (83)" />
        <deal Ticket="31909392" OpenTime="2009-03-24 22:15:00" DealType="-1" Lots="0.10" Symbol="EURUSD" Open="1.3461" SL="0.0000" TP="1.3446" CloseTime="2009-03-24 22:29:00" Close="1.3446" Swap="0.00" Profit="15.00" Comment=" (84)" />
        <deal Ticket="31869866" OpenTime="2009-03-24 10:10:00" DealType="-1" Lots="0.10" Symbol="EURUSD" Open="1.3581" SL="0.0000" TP="1.3566" CloseTime="2009-03-24 12:05:00" Close="1.3566" Swap="0.00" Profit="15.00" Comment=" (85)" />
        <deal Ticket="31871561" OpenTime="2009-03-24 10:40:00" DealType="-1" Lots="0.10" Symbol="EURUSD" Open="1.3599" SL="0.0000" TP="1.3584" CloseTime="2009-03-24 11:57:00" Close="1.3584" Swap="0.00" Profit="15.00" Comment=" (86)" />
        <deal Ticket="31868296" OpenTime="2009-03-24 09:43:00" DealType="-1" Lots="0.10" Symbol="EURUSD" Open="1.3600" SL="0.0000" TP="1.3585" CloseTime="2009-03-24 10:10:00" Close="1.3585" Swap="0.00" Profit="15.00" Comment=" (87)" />
        <deal Ticket="31867860" OpenTime="2009-03-24 09:36:00" DealType="-1" Lots="0.10" Symbol="EURUSD" Open="1.3618" SL="0.0000" TP="1.3603" CloseTime="2009-03-24 09:43:00" Close="1.3603" Swap="0.00" Profit="15.00" Comment=" (88)" />
        <deal Ticket="31847563" OpenTime="2009-03-23 21:46:00" DealType="-1" Lots="0.10" Symbol="EURUSD" Open="1.3648" SL="0.0000" TP="1.3633" CloseTime="2009-03-23 22:53:00" Close="1.3633" Swap="0.00" Profit="15.00" Comment=" (89)" />
        <deal Ticket="31846558" OpenTime="2009-03-23 21:16:00" DealType="-1" Lots="0.10" Symbol="EURUSD" Open="1.3631" SL="0.0000" TP="1.3616" CloseTime="2009-03-23 22:53:00" Close="1.3632" Swap="0.00" Profit="-1.00" Comment=" (90)" />
        <deal Ticket="31793113" OpenTime="2009-03-20 22:36:00" DealType="-1" Lots="0.10" Symbol="EURUSD" Open="1.3575" SL="0.0000" TP="1.3560" CloseTime="2009-03-23 15:09:00" Close="1.3560" Swap="0.00" Profit="15.00" Comment=" (91)" />
        <deal Ticket="31579784" OpenTime="2009-03-17 08:35:00" DealType="-1" Lots="0.10" Symbol="EURUSD" Open="1.2988" SL="0.0000" TP="1.2973" CloseTime="2009-03-17 08:45:00" Close="1.2985" Swap="0.00" Profit="3.00" Comment=" (92)" />
        <deal Ticket="31579121" OpenTime="2009-03-17 08:21:00" DealType="-1" Lots="0.10" Symbol="EURUSD" Open="1.3005" SL="0.0000" TP="1.2990" CloseTime="2009-03-17 08:35:00" Close="1.2990" Swap="0.00" Profit="15.00" Comment=" (93)" />
        <deal Ticket="31578722" OpenTime="2009-03-17 08:16:00" DealType="-1" Lots="0.10" Symbol="EURUSD" Open="1.2988" SL="0.0000" TP="1.2973" CloseTime="2009-03-17 08:35:00" Close="1.2989" Swap="0.00" Profit="-1.00" Comment=" (94)" />
        <deal Ticket="31578277" OpenTime="2009-03-17 08:08:00" DealType="-1" Lots="0.10" Symbol="EURUSD" Open="1.2971" SL="0.0000" TP="1.2956" CloseTime="2009-03-17 08:35:00" Close="1.2991" Swap="0.00" Profit="-20.00" Comment=" (95)" />
        <deal Ticket="31571390" OpenTime="2009-03-17 03:09:00" DealType="-1" Lots="0.10" Symbol="EURUSD" Open="1.2988" SL="0.0000" TP="1.2973" CloseTime="2009-03-17 08:08:00" Close="1.2973" Swap="0.00" Profit="15.00" Comment=" (96)" />
        <deal Ticket="31570750" OpenTime="2009-03-17 02:39:00" DealType="-1" Lots="0.10" Symbol="EURUSD" Open="1.2971" SL="0.0000" TP="1.2956" CloseTime="2009-03-17 08:08:00" Close="1.2973" Swap="0.00" Profit="-2.00" Comment=" (97)" />
        <deal Ticket="31570483" OpenTime="2009-03-17 02:27:00" DealType="-1" Lots="0.10" Symbol="EURUSD" Open="1.2953" SL="0.0000" TP="1.2938" CloseTime="2009-03-17 08:08:00" Close="1.2973" Swap="0.00" Profit="-20.00" Comment=" (98)" />
        <deal Ticket="31567081" OpenTime="2009-03-16 23:30:00" DealType="-1" Lots="0.10" Symbol="EURUSD" Open="1.2974" SL="0.0000" TP="1.2959" CloseTime="2009-03-17 02:27:00" Close="1.2959" Swap="0.00" Profit="15.00" Comment=" (99)" />
        <deal Ticket="31564192" OpenTime="2009-03-16 21:42:00" DealType="-1" Lots="0.10" Symbol="EURUSD" Open="1.2956" SL="0.0000" TP="1.2941" CloseTime="2009-03-17 02:27:00" Close="1.2956" Swap="0.00" Profit="0.00" Comment=" (100)" />
        <deal Ticket="31563316" OpenTime="2009-03-16 21:17:00" DealType="-1" Lots="0.10" Symbol="EURUSD" Open="1.2974" SL="0.0000" TP="1.2959" CloseTime="2009-03-16 21:41:00" Close="1.2959" Swap="0.00" Profit="15.00" Comment=" (101)" />
        <deal Ticket="25883318" OpenTime="2008-10-28 21:15:00" DealType="-1" Lots="0.10" Symbol="EURUSD" Open="1.2504" SL="0.0000" TP="1.2492" CloseTime="2008-10-29 17:03:00" Close="1.2864" Swap="0.00" Profit="-360.00" Comment=" (103)" />
        <deal Ticket="25882916" OpenTime="2008-10-28 21:06:00" DealType="-1" Lots="0.10" Symbol="EURUSD" Open="1.2486" SL="0.0000" TP="1.2471" CloseTime="2008-10-29 17:03:00" Close="1.2864" Swap="0.00" Profit="-378.00" Comment=" (104)" />
        <deal Ticket="25881909" OpenTime="2008-10-28 20:41:00" DealType="-1" Lots="0.10" Symbol="EURUSD" Open="1.2469" SL="0.0000" TP="1.2454" CloseTime="2008-10-29 17:03:00" Close="1.2864" Swap="0.00" Profit="-395.00" Comment=" (105)" />
        <deal Ticket="25880756" OpenTime="2008-10-28 20:16:00" DealType="-1" Lots="0.10" Symbol="EURUSD" Open="1.2484" SL="0.0000" TP="1.2472" CloseTime="2008-10-28 20:41:00" Close="1.2472" Swap="0.00" Profit="12.00" Comment=" (106)" />
        <deal Ticket="25879459" OpenTime="2008-10-28 19:55:00" DealType="-1" Lots="0.10" Symbol="EURUSD" Open="1.2469" SL="0.0000" TP="1.2454" CloseTime="2008-10-28 20:41:00" Close="1.2472" Swap="0.00" Profit="-3.00" Comment=" (107)" />
        <deal Ticket="25879346" OpenTime="2008-10-28 19:53:00" DealType="-1" Lots="0.10" Symbol="EURUSD" Open="1.2487" SL="0.0000" TP="1.2472" CloseTime="2008-10-28 19:55:00" Close="1.2472" Swap="0.00" Profit="15.00" Comment=" (108)" />
        <deal Ticket="25878329" OpenTime="2008-10-28 19:27:00" DealType="-1" Lots="0.10" Symbol="EURUSD" Open="1.2484" SL="0.0000" TP="1.2469" CloseTime="2008-10-28 19:53:00" Close="1.2491" Swap="0.00" Profit="-7.00" Comment=" (109)" />
        <deal Ticket="25879188" OpenTime="2008-10-28 19:51:00" DealType="-1" Lots="0.10" Symbol="EURUSD" Open="1.2501" SL="0.0000" TP="1.2486" CloseTime="2008-10-28 19:52:00" Close="1.2486" Swap="0.00" Profit="15.00" Comment=" (110)" />
        <deal Ticket="25876638" OpenTime="2008-10-28 18:48:00" DealType="-1" Lots="0.10" Symbol="EURUSD" Open="1.2475" SL="0.0000" TP="1.2463" CloseTime="2008-10-28 19:27:00" Close="1.2489" Swap="0.00" Profit="-14.00" Comment=" (111)" />
        <deal Ticket="25877736" OpenTime="2008-10-28 19:12:00" DealType="-1" Lots="0.10" Symbol="EURUSD" Open="1.2509" SL="0.0000" TP="1.2496" CloseTime="2008-10-28 19:26:00" Close="1.2496" Swap="0.00" Profit="13.00" Comment=" (112)" />
        <deal Ticket="25877513" OpenTime="2008-10-28 19:09:00" DealType="-1" Lots="0.10" Symbol="EURUSD" Open="1.2493" SL="0.0000" TP="1.2478" CloseTime="2008-10-28 19:26:00" Close="1.2496" Swap="0.00" Profit="-3.00" Comment=" (113)" />
        <deal Ticket="25876128" OpenTime="2008-10-28 18:36:00" DealType="-1" Lots="0.10" Symbol="EURUSD" Open="1.2495" SL="0.0000" TP="1.2480" CloseTime="2008-10-28 18:48:00" Close="1.2480" Swap="0.00" Profit="15.00" Comment=" (114)" />
        <deal Ticket="25875190" OpenTime="2008-10-28 18:14:00" DealType="-1" Lots="0.10" Symbol="EURUSD" Open="1.2478" SL="0.0000" TP="1.2465" CloseTime="2008-10-28 18:48:00" Close="1.2481" Swap="0.00" Profit="-3.00" Comment=" (115)" />
        <deal Ticket="25873742" OpenTime="2008-10-28 17:52:00" DealType="-1" Lots="0.10" Symbol="EURUSD" Open="1.2460" SL="0.0000" TP="1.2445" CloseTime="2008-10-28 18:48:00" Close="1.2482" Swap="0.00" Profit="-22.00" Comment=" (116)" />
        <deal Ticket="25873375" OpenTime="2008-10-28 17:46:00" DealType="-1" Lots="0.10" Symbol="EURUSD" Open="1.2455" SL="0.0000" TP="1.2440" CloseTime="2008-10-28 17:52:00" Close="1.2459" Swap="0.00" Profit="-4.00" Comment=" (117)" />
        <deal Ticket="25873558" OpenTime="2008-10-28 17:48:00" DealType="-1" Lots="0.10" Symbol="EURUSD" Open="1.2474" SL="0.0000" TP="1.2459" CloseTime="2008-10-28 17:51:00" Close="1.2459" Swap="0.00" Profit="15.00" Comment=" (118)" />
        <deal Ticket="25873076" OpenTime="2008-10-28 17:43:00" DealType="-1" Lots="0.10" Symbol="EURUSD" Open="1.2468" SL="0.0000" TP="1.2457" CloseTime="2008-10-28 17:46:00" Close="1.2457" Swap="0.00" Profit="11.00" Comment=" (119)" />
        <deal Ticket="25872745" OpenTime="2008-10-28 17:39:00" DealType="-1" Lots="0.10" Symbol="EURUSD" Open="1.2491" SL="0.0000" TP="1.2476" CloseTime="2008-10-28 17:43:00" Close="1.2476" Swap="0.00" Profit="15.00" Comment=" (120)" />
        <deal Ticket="25872667" OpenTime="2008-10-28 17:37:00" DealType="-1" Lots="0.10" Symbol="EURUSD" Open="1.2506" SL="0.0000" TP="1.2496" CloseTime="2008-10-28 17:39:00" Close="1.2496" Swap="0.00" Profit="10.00" Comment=" (121)" />
        <deal Ticket="25871701" OpenTime="2008-10-28 17:19:00" DealType="-1" Lots="0.10" Symbol="EURUSD" Open="1.2494" SL="0.0000" TP="1.2482" CloseTime="2008-10-28 17:39:00" Close="1.2496" Swap="0.00" Profit="-2.00" Comment=" (122)" />
        <deal Ticket="25871508" OpenTime="2008-10-28 17:17:00" DealType="-1" Lots="0.10" Symbol="EURUSD" Open="1.2507" SL="0.0000" TP="1.2492" CloseTime="2008-10-28 17:18:00" Close="1.2492" Swap="0.00" Profit="15.00" Comment=" (123)" />
        <deal Ticket="25871077" OpenTime="2008-10-28 17:08:00" DealType="-1" Lots="0.10" Symbol="EURUSD" Open="1.2525" SL="0.0000" TP="1.2510" CloseTime="2008-10-28 17:17:00" Close="1.2510" Swap="0.00" Profit="15.00" Comment=" (124)" />
        <deal Ticket="25870966" OpenTime="2008-10-28 17:06:00" DealType="-1" Lots="0.10" Symbol="EURUSD" Open="1.2540" SL="0.0000" TP="1.2527" CloseTime="2008-10-28 17:08:00" Close="1.2527" Swap="0.00" Profit="13.00" Comment=" (125)" />
        <deal Ticket="25870797" OpenTime="2008-10-28 17:04:00" DealType="-1" Lots="0.10" Symbol="EURUSD" Open="1.2525" SL="0.0000" TP="1.2510" CloseTime="2008-10-28 17:08:00" Close="1.2529" Swap="0.00" Profit="-4.00" Comment=" (126)" />
        <deal Ticket="25869947" OpenTime="2008-10-28 16:46:00" DealType="-1" Lots="0.10" Symbol="EURUSD" Open="1.2549" SL="0.0000" TP="1.2534" CloseTime="2008-10-28 17:04:00" Close="1.2534" Swap="0.00" Profit="15.00" Comment=" (127)" />
        <deal Ticket="25869644" OpenTime="2008-10-28 16:39:00" DealType="-1" Lots="0.10" Symbol="EURUSD" Open="1.2531" SL="0.0000" TP="1.2516" CloseTime="2008-10-28 17:04:00" Close="1.2531" Swap="0.00" Profit="0.00" Comment=" (128)" />
        <deal Ticket="25868814" OpenTime="2008-10-28 16:24:00" DealType="-1" Lots="0.10" Symbol="EURUSD" Open="1.2534" SL="0.0000" TP="1.2519" CloseTime="2008-10-28 16:39:00" Close="1.2535" Swap="0.00" Profit="-1.00" Comment=" (129)" />
        <deal Ticket="25868029" OpenTime="2008-10-28 16:07:00" DealType="-1" Lots="0.10" Symbol="EURUSD" Open="1.2516" SL="0.0000" TP="1.2503" CloseTime="2008-10-28 16:39:00" Close="1.2533" Swap="0.00" Profit="-17.00" Comment=" (130)" />
        <deal Ticket="25869086" OpenTime="2008-10-28 16:29:00" DealType="-1" Lots="0.10" Symbol="EURUSD" Open="1.2551" SL="0.0000" TP="1.2536" CloseTime="2008-10-28 16:38:00" Close="1.2536" Swap="0.00" Profit="15.00" Comment=" (131)" />
        <deal Ticket="25867655" OpenTime="2008-10-28 15:57:00" DealType="-1" Lots="0.10" Symbol="EURUSD" Open="1.2536" SL="0.0000" TP="1.2521" CloseTime="2008-10-28 16:07:00" Close="1.2521" Swap="0.00" Profit="15.00" Comment=" (132)" />
        <deal Ticket="25194533" OpenTime="2008-10-09 21:00:00" DealType="1" Lots="0.10" Symbol="EURUSD" Open="1.3681" SL="0.0000" TP="1.3730" CloseTime="2008-10-10 21:40:00" Close="1.3278" Swap="0.00" Profit="-403.00" Comment=" (134)" />
        <deal Ticket="23791996" OpenTime="2008-08-22 00:20:00" DealType="1" Lots="0.40" Symbol="EURUSD" Open="1.4910" SL="0.0000" TP="1.4930" CloseTime="2008-10-10 21:28:00" Close="1.3281" Swap="0.00" Profit="-6516.00" Comment=" (135)" />
        <deal Ticket="25028905" OpenTime="2008-10-06 20:34:00" DealType="-1" Lots="0.10" Symbol="EURUSD" Open="1.3481" SL="0.0000" TP="1.3460" CloseTime="2008-10-10 18:52:00" Close="1.3460" Swap="0.00" Profit="21.00" Comment=" (136)" />
        <deal Ticket="25028908" OpenTime="2008-10-06 20:34:00" DealType="-1" Lots="0.30" Symbol="EURUSD" Open="1.3480" SL="0.0000" TP="1.3460" CloseTime="2008-10-10 18:52:00" Close="1.3460" Swap="0.00" Profit="60.00" Comment=" (137)" />
        <deal Ticket="25189318" OpenTime="2008-10-09 18:46:00" DealType="1" Lots="0.10" Symbol="EURUSD" Open="1.3664" SL="1.3676" TP="0.0000" CloseTime="2008-10-09 20:59:00" Close="1.3676" Swap="0.00" Profit="12.00" Comment=" (138)" />
        <deal Ticket="24519115" OpenTime="2008-09-17 19:31:00" DealType="-1" Lots="0.10" Symbol="EURUSD" Open="1.4128" SL="0.0000" TP="1.4115" CloseTime="2008-09-30 17:43:00" Close="1.4115" Swap="0.00" Profit="13.00" Comment=" (141)" />
        <deal Ticket="24519808" OpenTime="2008-09-17 19:45:00" DealType="-1" Lots="0.10" Symbol="EURUSD" Open="1.4145" SL="0.0000" TP="1.4133" CloseTime="2008-09-30 17:35:00" Close="1.4133" Swap="0.00" Profit="12.00" Comment=" (142)" />
        <deal Ticket="24519903" OpenTime="2008-09-17 19:47:00" DealType="-1" Lots="0.10" Symbol="EURUSD" Open="1.4164" SL="0.0000" TP="1.4149" CloseTime="2008-09-30 17:34:00" Close="1.4149" Swap="0.00" Profit="15.00" Comment=" (143)" />
        <deal Ticket="24527669" OpenTime="2008-09-17 21:39:00" DealType="-1" Lots="0.10" Symbol="EURUSD" Open="1.4342" SL="0.0000" TP="1.4330" CloseTime="2008-09-17 22:16:00" Close="1.4330" Swap="0.00" Profit="12.00" Comment=" (144)" />
        <deal Ticket="24517458" OpenTime="2008-09-17 19:02:00" DealType="-1" Lots="0.10" Symbol="EURUSD" Open="1.4113" SL="0.0000" TP="1.4100" CloseTime="2008-09-17 19:31:00" Close="1.4136" Swap="0.00" Profit="-23.00" Comment=" (145)" />
        <deal Ticket="24518609" OpenTime="2008-09-17 19:22:00" DealType="-1" Lots="0.10" Symbol="EURUSD" Open="1.4150" SL="0.0000" TP="1.4135" CloseTime="2008-09-17 19:30:00" Close="1.4135" Swap="0.00" Profit="15.00" Comment=" (146)" />
        <deal Ticket="24518284" OpenTime="2008-09-17 19:16:00" DealType="-1" Lots="0.10" Symbol="EURUSD" Open="1.4133" SL="0.0000" TP="1.4119" CloseTime="2008-09-17 19:30:00" Close="1.4135" Swap="0.00" Profit="-2.00" Comment=" (147)" />
        <deal Ticket="24516993" OpenTime="2008-09-17 18:52:00" DealType="-1" Lots="0.10" Symbol="EURUSD" Open="1.4132" SL="0.0000" TP="1.4117" CloseTime="2008-09-17 19:02:00" Close="1.4117" Swap="0.00" Profit="15.00" Comment=" (148)" />
        <deal Ticket="24516511" OpenTime="2008-09-17 18:43:00" DealType="-1" Lots="0.10" Symbol="EURUSD" Open="1.4134" SL="0.0000" TP="1.4119" CloseTime="2008-09-17 18:52:00" Close="1.4137" Swap="0.00" Profit="-3.00" Comment=" (149)" />
        <deal Ticket="24516648" OpenTime="2008-09-17 18:47:00" DealType="-1" Lots="0.10" Symbol="EURUSD" Open="1.4151" SL="0.0000" TP="1.4137" CloseTime="2008-09-17 18:51:00" Close="1.4137" Swap="0.00" Profit="14.00" Comment=" (150)" />
        <deal Ticket="24516163" OpenTime="2008-09-17 18:35:00" DealType="-1" Lots="0.10" Symbol="EURUSD" Open="1.4150" SL="0.0000" TP="1.4135" CloseTime="2008-09-17 18:43:00" Close="1.4135" Swap="0.00" Profit="15.00" Comment=" (151)" />
        <deal Ticket="24515332" OpenTime="2008-09-17 18:23:00" DealType="-1" Lots="0.10" Symbol="EURUSD" Open="1.4133" SL="0.0000" TP="1.4118" CloseTime="2008-09-17 18:43:00" Close="1.4138" Swap="0.00" Profit="-5.00" Comment=" (152)" />
        <deal Ticket="24515101" OpenTime="2008-09-17 18:20:00" DealType="-1" Lots="0.10" Symbol="EURUSD" Open="1.4148" SL="0.0000" TP="1.4136" CloseTime="2008-09-17 18:22:00" Close="1.4136" Swap="0.00" Profit="12.00" Comment=" (153)" />
        <deal Ticket="24514899" OpenTime="2008-09-17 18:18:00" DealType="-1" Lots="0.10" Symbol="EURUSD" Open="1.4167" SL="0.0000" TP="1.4153" CloseTime="2008-09-17 18:20:00" Close="1.4153" Swap="0.00" Profit="14.00" Comment=" (154)" />
        <deal Ticket="24514190" OpenTime="2008-09-17 18:10:00" DealType="-1" Lots="0.10" Symbol="EURUSD" Open="1.4186" SL="0.0000" TP="1.4171" CloseTime="2008-09-17 18:18:00" Close="1.4171" Swap="0.00" Profit="15.00" Comment=" (155)" />
        <deal Ticket="24513366" OpenTime="2008-09-17 17:57:00" DealType="-1" Lots="0.10" Symbol="EURUSD" Open="1.4202" SL="0.0000" TP="1.4190" CloseTime="2008-09-17 18:10:00" Close="1.4190" Swap="0.00" Profit="12.00" Comment=" (156)" />
        <deal Ticket="24511975" OpenTime="2008-09-17 17:33:00" DealType="-1" Lots="0.10" Symbol="EURUSD" Open="1.4188" SL="0.0000" TP="1.4173" CloseTime="2008-09-17 18:10:00" Close="1.4190" Swap="0.00" Profit="-2.00" Comment=" (157)" />
        <deal Ticket="24511802" OpenTime="2008-09-17 17:31:00" DealType="-1" Lots="0.10" Symbol="EURUSD" Open="1.4171" SL="0.0000" TP="1.4156" CloseTime="2008-09-17 18:10:00" Close="1.4190" Swap="0.00" Profit="-19.00" Comment=" (158)" />
        <deal Ticket="24509229" OpenTime="2008-09-17 16:44:00" DealType="-1" Lots="0.10" Symbol="EURUSD" Open="1.4190" SL="0.0000" TP="1.4175" CloseTime="2008-09-17 17:30:00" Close="1.4175" Swap="0.00" Profit="15.00" Comment=" (159)" />
        <deal Ticket="24509057" OpenTime="2008-09-17 16:42:00" DealType="-1" Lots="0.10" Symbol="EURUSD" Open="1.4173" SL="0.0000" TP="1.4158" CloseTime="2008-09-17 17:30:00" Close="1.4176" Swap="0.00" Profit="-3.00" Comment=" (160)" />
        <deal Ticket="24508403" OpenTime="2008-09-17 16:33:00" DealType="-1" Lots="0.10" Symbol="EURUSD" Open="1.4154" SL="0.0000" TP="1.4140" CloseTime="2008-09-17 17:30:00" Close="1.4176" Swap="0.00" Profit="-22.00" Comment=" (161)" />
        <deal Ticket="24508031" OpenTime="2008-09-17 16:24:00" DealType="-1" Lots="0.10" Symbol="EURUSD" Open="1.4170" SL="0.0000" TP="1.4155" CloseTime="2008-09-17 16:33:00" Close="1.4155" Swap="0.00" Profit="15.00" Comment=" (162)" />
        <deal Ticket="24507959" OpenTime="2008-09-17 16:23:00" DealType="-1" Lots="0.10" Symbol="EURUSD" Open="1.4153" SL="0.0000" TP="1.4142" CloseTime="2008-09-17 16:33:00" Close="1.4157" Swap="0.00" Profit="-4.00" Comment=" (163)" />
        <deal Ticket="24507098" OpenTime="2008-09-17 16:03:00" DealType="-1" Lots="0.10" Symbol="EURUSD" Open="1.4177" SL="0.0000" TP="1.4162" CloseTime="2008-09-17 16:23:00" Close="1.4162" Swap="0.00" Profit="15.00" Comment=" (164)" />
        <deal Ticket="24506770" OpenTime="2008-09-17 15:55:00" DealType="-1" Lots="0.10" Symbol="EURUSD" Open="1.4193" SL="0.0000" TP="1.4181" CloseTime="2008-09-17 16:02:00" Close="1.4181" Swap="0.00" Profit="12.00" Comment=" (165)" />
        <deal Ticket="24506396" OpenTime="2008-09-17 15:45:00" DealType="-1" Lots="0.10" Symbol="EURUSD" Open="1.4177" SL="0.0000" TP="1.4162" CloseTime="2008-09-17 16:02:00" Close="1.4182" Swap="0.00" Profit="-5.00" Comment=" (166)" />
        <deal Ticket="24506128" OpenTime="2008-09-17 15:41:00" DealType="-1" Lots="0.10" Symbol="EURUSD" Open="1.4160" SL="0.0000" TP="1.4148" CloseTime="2008-09-17 16:02:00" Close="1.4183" Swap="0.00" Profit="-23.00" Comment=" (167)" />
        <deal Ticket="24505859" OpenTime="2008-09-17 15:38:00" DealType="-1" Lots="0.10" Symbol="EURUSD" Open="1.4182" SL="0.0000" TP="1.4167" CloseTime="2008-09-17 15:41:00" Close="1.4167" Swap="0.00" Profit="15.00" Comment=" (168)" />
        <deal Ticket="24505726" OpenTime="2008-09-17 15:37:00" DealType="-1" Lots="0.10" Symbol="EURUSD" Open="1.4196" SL="0.0000" TP="1.4181" CloseTime="2008-09-17 15:38:00" Close="1.4181" Swap="0.00" Profit="15.00" Comment=" (169)" />
        <deal Ticket="24505393" OpenTime="2008-09-17 15:29:00" DealType="-1" Lots="0.10" Symbol="EURUSD" Open="1.4211" SL="0.0000" TP="1.4197" CloseTime="2008-09-17 15:36:00" Close="1.4197" Swap="0.00" Profit="14.00" Comment=" (170)" />
        <deal Ticket="24505238" OpenTime="2008-09-17 15:26:00" DealType="-1" Lots="0.10" Symbol="EURUSD" Open="1.4194" SL="0.0000" TP="1.4180" CloseTime="2008-09-17 15:36:00" Close="1.4197" Swap="0.00" Profit="-3.00" Comment=" (171)" />
        <deal Ticket="24504792" OpenTime="2008-09-17 15:18:00" DealType="-1" Lots="0.10" Symbol="EURUSD" Open="1.4213" SL="0.0000" TP="1.4198" CloseTime="2008-09-17 15:26:00" Close="1.4198" Swap="0.00" Profit="15.00" Comment=" (172)" />
        <deal Ticket="24504281" OpenTime="2008-09-17 15:00:00" DealType="-1" Lots="0.10" Symbol="EURUSD" Open="1.4231" SL="0.0000" TP="1.4217" CloseTime="2008-09-17 15:18:00" Close="1.4217" Swap="0.00" Profit="14.00" Comment=" (173)" />
        <deal Ticket="24502567" OpenTime="2008-09-17 14:16:00" DealType="-1" Lots="0.10" Symbol="EURUSD" Open="1.4221" SL="0.0000" TP="1.4207" CloseTime="2008-09-17 14:29:00" Close="1.4207" Swap="0.00" Profit="14.00" Comment=" (174)" />
        <deal Ticket="24502289" OpenTime="2008-09-17 14:10:00" DealType="-1" Lots="0.10" Symbol="EURUSD" Open="1.4204" SL="0.0000" TP="1.4191" CloseTime="2008-09-17 14:29:00" Close="1.4207" Swap="0.00" Profit="-3.00" Comment=" (175)" />
        <deal Ticket="24501746" OpenTime="2008-09-17 13:53:00" DealType="-1" Lots="0.10" Symbol="EURUSD" Open="1.4189" SL="0.0000" TP="1.4175" CloseTime="2008-09-17 14:29:00" Close="1.4207" Swap="0.00" Profit="-18.00" Comment=" (176)" />
        <deal Ticket="24500976" OpenTime="2008-09-17 13:30:00" DealType="-1" Lots="0.10" Symbol="EURUSD" Open="1.4202" SL="0.0000" TP="1.4189" CloseTime="2008-09-17 13:53:00" Close="1.4189" Swap="0.00" Profit="13.00" Comment=" (177)" />
        <deal Ticket="24500674" OpenTime="2008-09-17 13:20:00" DealType="-1" Lots="0.10" Symbol="EURUSD" Open="1.4187" SL="0.0000" TP="1.4176" CloseTime="2008-09-17 13:53:00" Close="1.4191" Swap="0.00" Profit="-4.00" Comment=" (178)" />
        <deal Ticket="24499806" OpenTime="2008-09-17 12:54:00" DealType="-1" Lots="0.10" Symbol="EURUSD" Open="1.4212" SL="0.0000" TP="1.4197" CloseTime="2008-09-17 13:19:00" Close="1.4197" Swap="0.00" Profit="15.00" Comment=" (179)" />
        <deal Ticket="24405565" OpenTime="2008-09-15 14:38:00" DealType="-1" Lots="0.10" Symbol="EURUSD" Open="1.4088" SL="0.0000" TP="1.4073" CloseTime="2008-09-17 12:54:00" Close="1.4216" Swap="0.00" Profit="-128.00" Comment=" (180)" />
        <deal Ticket="24405998" OpenTime="2008-09-15 14:44:00" DealType="-1" Lots="0.20" Symbol="EURUSD" Open="1.4105" SL="0.0000" TP="1.4090" CloseTime="2008-09-16 21:16:00" Close="1.4090" Swap="0.00" Profit="30.00" Comment=" (181)" />
        <deal Ticket="24406231" OpenTime="2008-09-15 14:47:00" DealType="-1" Lots="0.30" Symbol="EURUSD" Open="1.4122" SL="0.0000" TP="1.4108" CloseTime="2008-09-16 21:15:00" Close="1.4108" Swap="0.00" Profit="42.00" Comment=" (182)" />
        <deal Ticket="24405279" OpenTime="2008-09-15 14:36:00" DealType="-1" Lots="0.10" Symbol="EURUSD" Open="1.4113" SL="0.0000" TP="1.4098" CloseTime="2008-09-15 14:38:00" Close="1.4098" Swap="0.00" Profit="15.00" Comment=" (183)" />
        <deal Ticket="24404722" OpenTime="2008-09-15 14:27:00" DealType="-1" Lots="0.10" Symbol="EURUSD" Open="1.4127" SL="0.0000" TP="1.4113" CloseTime="2008-09-15 14:35:00" Close="1.4113" Swap="0.00" Profit="14.00" Comment=" (184)" />
        <deal Ticket="24404138" OpenTime="2008-09-15 14:18:00" DealType="-1" Lots="0.10" Symbol="EURUSD" Open="1.4161" SL="0.0000" TP="1.4150" CloseTime="2008-09-15 14:26:00" Close="1.4150" Swap="0.00" Profit="11.00" Comment=" (185)" />
        <deal Ticket="24403020" OpenTime="2008-09-15 13:51:00" DealType="-1" Lots="0.10" Symbol="EURUSD" Open="1.4189" SL="0.0000" TP="1.4174" CloseTime="2008-09-15 14:17:00" Close="1.4174" Swap="0.00" Profit="15.00" Comment=" (186)" />
        <deal Ticket="24402469" OpenTime="2008-09-15 13:36:00" DealType="-1" Lots="0.20" Symbol="EURUSD" Open="1.4207" SL="0.0000" TP="1.4193" CloseTime="2008-09-15 13:51:00" Close="1.4193" Swap="0.00" Profit="28.00" Comment=" (187)" />
        <deal Ticket="24402184" OpenTime="2008-09-15 13:32:00" DealType="-1" Lots="0.10" Symbol="EURUSD" Open="1.4191" SL="0.0000" TP="1.4181" CloseTime="2008-09-15 13:51:00" Close="1.4194" Swap="0.00" Profit="-3.00" Comment=" (188)" />
        <deal Ticket="24401899" OpenTime="2008-09-15 13:27:00" DealType="-1" Lots="0.10" Symbol="EURUSD" Open="1.4213" SL="0.0000" TP="1.4198" CloseTime="2008-09-15 13:32:00" Close="1.4198" Swap="0.00" Profit="15.00" Comment=" (189)" />
        <deal Ticket="24401461" OpenTime="2008-09-15 13:15:00" DealType="-1" Lots="0.10" Symbol="EURUSD" Open="1.4230" SL="0.0000" TP="1.4216" CloseTime="2008-09-15 13:27:00" Close="1.4216" Swap="0.00" Profit="14.00" Comment=" (190)" />
        <deal Ticket="24399696" OpenTime="2008-09-15 12:26:00" DealType="-1" Lots="0.20" Symbol="EURUSD" Open="1.4247" SL="0.0000" TP="1.4237" CloseTime="2008-09-15 13:15:00" Close="1.4237" Swap="0.00" Profit="20.00" Comment=" (191)" />
        <deal Ticket="24399546" OpenTime="2008-09-15 12:23:00" DealType="-1" Lots="0.10" Symbol="EURUSD" Open="1.4235" SL="0.0000" TP="1.4222" CloseTime="2008-09-15 13:15:00" Close="1.4234" Swap="0.00" Profit="1.00" Comment=" (192)" />
        <deal Ticket="24399198" OpenTime="2008-09-15 12:12:00" DealType="-1" Lots="0.10" Symbol="EURUSD" Open="1.4255" SL="0.0000" TP="1.4240" CloseTime="2008-09-15 12:23:00" Close="1.4240" Swap="0.00" Profit="15.00" Comment=" (193)" />
        <deal Ticket="24397786" OpenTime="2008-09-15 11:47:00" DealType="-1" Lots="0.10" Symbol="EURUSD" Open="1.4256" SL="0.0000" TP="1.4241" CloseTime="2008-09-15 12:12:00" Close="1.4256" Swap="0.00" Profit="0.00" Comment=" (194)" />
        <deal Ticket="24398565" OpenTime="2008-09-15 12:01:00" DealType="-1" Lots="0.20" Symbol="EURUSD" Open="1.4273" SL="0.0000" TP="1.4258" CloseTime="2008-09-15 12:11:00" Close="1.4258" Swap="0.00" Profit="30.00" Comment=" (195)" />
        <deal Ticket="24397372" OpenTime="2008-09-15 11:37:00" DealType="-1" Lots="0.20" Symbol="EURUSD" Open="1.4274" SL="0.0000" TP="1.4259" CloseTime="2008-09-15 11:46:00" Close="1.4259" Swap="0.00" Profit="30.00" Comment=" (196)" />
        <deal Ticket="24396610" OpenTime="2008-09-15 11:25:00" DealType="-1" Lots="0.10" Symbol="EURUSD" Open="1.4252" SL="0.0000" TP="1.4237" CloseTime="2008-09-15 11:46:00" Close="1.4260" Swap="0.00" Profit="-8.00" Comment=" (197)" />
        <deal Ticket="24396434" OpenTime="2008-09-15 11:23:00" DealType="-1" Lots="0.10" Symbol="EURUSD" Open="1.4267" SL="0.0000" TP="1.4257" CloseTime="2008-09-15 11:24:00" Close="1.4257" Swap="0.00" Profit="10.00" Comment=" (198)" />
        <deal Ticket="24396173" OpenTime="2008-09-15 11:18:00" DealType="-1" Lots="0.20" Symbol="EURUSD" Open="1.4291" SL="0.0000" TP="1.4276" CloseTime="2008-09-15 11:23:00" Close="1.4276" Swap="0.00" Profit="30.00" Comment=" (199)" />
        <deal Ticket="24395634" OpenTime="2008-09-15 11:10:00" DealType="-1" Lots="0.10" Symbol="EURUSD" Open="1.4274" SL="0.0000" TP="1.4259" CloseTime="2008-09-15 11:23:00" Close="1.4278" Swap="0.00" Profit="-4.00" Comment=" (200)" />
        <deal Ticket="24395428" OpenTime="2008-09-15 11:07:00" DealType="-1" Lots="0.10" Symbol="EURUSD" Open="1.4292" SL="0.0000" TP="1.4279" CloseTime="2008-09-15 11:10:00" Close="1.4279" Swap="0.00" Profit="13.00" Comment=" (201)" />
        <deal Ticket="24394543" OpenTime="2008-09-15 10:47:00" DealType="-1" Lots="0.10" Symbol="EURUSD" Open="1.4295" SL="0.0000" TP="1.4280" CloseTime="2008-09-15 11:07:00" Close="1.4297" Swap="0.00" Profit="-2.00" Comment=" (202)" />
        <deal Ticket="24395060" OpenTime="2008-09-15 10:58:00" DealType="-1" Lots="0.20" Symbol="EURUSD" Open="1.4312" SL="0.0000" TP="1.4297" CloseTime="2008-09-15 11:06:00" Close="1.4297" Swap="0.00" Profit="30.00" Comment=" (203)" />
        <deal Ticket="24394096" OpenTime="2008-09-15 10:37:00" DealType="-1" Lots="0.20" Symbol="EURUSD" Open="1.4323" SL="0.0000" TP="1.4308" CloseTime="2008-09-15 10:47:00" Close="1.4308" Swap="0.00" Profit="30.00" Comment=" (204)" />
        <deal Ticket="24393640" OpenTime="2008-09-15 10:27:00" DealType="-1" Lots="0.10" Symbol="EURUSD" Open="1.4305" SL="0.0000" TP="1.4290" CloseTime="2008-09-15 10:47:00" Close="1.4307" Swap="0.00" Profit="-2.00" Comment=" (205)" />
        <deal Ticket="24392390" OpenTime="2008-09-15 10:02:00" DealType="-1" Lots="0.10" Symbol="EURUSD" Open="1.4291" SL="0.0000" TP="1.4276" CloseTime="2008-09-15 10:27:00" Close="1.4310" Swap="0.00" Profit="-19.00" Comment=" (206)" />
        <deal Ticket="24393170" OpenTime="2008-09-15 10:15:00" DealType="-1" Lots="0.30" Symbol="EURUSD" Open="1.4325" SL="0.0000" TP="1.4310" CloseTime="2008-09-15 10:26:00" Close="1.4310" Swap="0.00" Profit="45.00" Comment=" (207)" />
        <deal Ticket="24392911" OpenTime="2008-09-15 10:10:00" DealType="-1" Lots="0.20" Symbol="EURUSD" Open="1.4308" SL="0.0000" TP="1.4293" CloseTime="2008-09-15 10:26:00" Close="1.4310" Swap="0.00" Profit="-4.00" Comment=" (208)" />
        <deal Ticket="24391902" OpenTime="2008-09-15 09:52:00" DealType="-1" Lots="0.20" Symbol="EURUSD" Open="1.4319" SL="0.0000" TP="1.4306" CloseTime="2008-09-15 10:01:00" Close="1.4306" Swap="0.00" Profit="26.00" Comment=" (209)" />
        <deal Ticket="24391588" OpenTime="2008-09-15 09:44:00" DealType="-1" Lots="0.10" Symbol="EURUSD" Open="1.4304" SL="0.0000" TP="1.4289" CloseTime="2008-09-15 10:01:00" Close="1.4304" Swap="0.00" Profit="0.00" Comment=" (210)" />
        <deal Ticket="24391270" OpenTime="2008-09-15 09:37:00" DealType="-1" Lots="0.10" Symbol="EURUSD" Open="1.4321" SL="0.0000" TP="1.4306" CloseTime="2008-09-15 09:43:00" Close="1.4306" Swap="0.00" Profit="15.00" Comment=" (211)" />
        <deal Ticket="24213794" OpenTime="2008-09-08 22:53:00" DealType="-1" Lots="0.40" Symbol="EURUSD" Open="1.4139" SL="0.0000" TP="1.4119" CloseTime="2008-09-09 22:30:00" Close="1.4119" Swap="0.00" Profit="80.00" Comment=" (212)" />
        <deal Ticket="24093738" OpenTime="2008-09-04 09:54:00" DealType="-1" Lots="0.10" Symbol="EURUSD" Open="1.4490" SL="0.0000" TP="1.4475" CloseTime="2008-09-04 13:43:00" Close="1.4475" Swap="0.00" Profit="15.00" Comment=" (213)" />
        <deal Ticket="24093869" OpenTime="2008-09-04 09:59:00" DealType="-1" Lots="0.20" Symbol="EURUSD" Open="1.4507" SL="0.0000" TP="1.4492" CloseTime="2008-09-04 13:12:00" Close="1.4492" Swap="0.00" Profit="30.00" Comment=" (214)" />
        <deal Ticket="24094388" OpenTime="2008-09-04 10:10:00" DealType="-1" Lots="0.30" Symbol="EURUSD" Open="1.4528" SL="0.0000" TP="1.4514" CloseTime="2008-09-04 11:34:00" Close="1.4514" Swap="0.00" Profit="42.00" Comment=" (215)" />
        <deal Ticket="24092566" OpenTime="2008-09-04 09:14:00" DealType="-1" Lots="0.30" Symbol="EURUSD" Open="1.4521" SL="0.0000" TP="1.4506" CloseTime="2008-09-04 09:32:00" Close="1.4506" Swap="0.00" Profit="45.00" Comment=" (216)" />
        <deal Ticket="24091922" OpenTime="2008-09-04 08:59:00" DealType="-1" Lots="0.20" Symbol="EURUSD" Open="1.4504" SL="0.0000" TP="1.4489" CloseTime="2008-09-04 09:32:00" Close="1.4506" Swap="0.00" Profit="-4.00" Comment=" (217)" />
        <deal Ticket="24090758" OpenTime="2008-09-04 07:55:00" DealType="-1" Lots="0.10" Symbol="EURUSD" Open="1.4486" SL="0.0000" TP="1.4472" CloseTime="2008-09-04 09:32:00" Close="1.4507" Swap="0.00" Profit="-21.00" Comment=" (218)" />
        <deal Ticket="24089106" OpenTime="2008-09-04 06:08:00" DealType="-1" Lots="0.30" Symbol="EURUSD" Open="1.4507" SL="0.0000" TP="1.4492" CloseTime="2008-09-04 07:55:00" Close="1.4492" Swap="0.00" Profit="45.00" Comment=" (219)" />
        <deal Ticket="24088392" OpenTime="2008-09-04 05:07:00" DealType="-1" Lots="0.20" Symbol="EURUSD" Open="1.4489" SL="0.0000" TP="1.4474" CloseTime="2008-09-04 07:55:00" Close="1.4492" Swap="0.00" Profit="-6.00" Comment=" (220)" />
        <deal Ticket="24087881" OpenTime="2008-09-04 04:44:00" DealType="-1" Lots="0.10" Symbol="EURUSD" Open="1.4472" SL="0.0000" TP="1.4457" CloseTime="2008-09-04 07:55:00" Close="1.4491" Swap="0.00" Profit="-19.00" Comment=" (221)" />
        <deal Ticket="24087233" OpenTime="2008-09-04 04:07:00" DealType="-1" Lots="0.10" Symbol="EURUSD" Open="1.4490" SL="0.0000" TP="1.4475" CloseTime="2008-09-04 04:44:00" Close="1.4475" Swap="0.00" Profit="15.00" Comment=" (222)" />
        <deal Ticket="24087057" OpenTime="2008-09-04 04:01:00" DealType="-1" Lots="0.10" Symbol="EURUSD" Open="1.4507" SL="0.0000" TP="1.4492" CloseTime="2008-09-04 04:07:00" Close="1.4492" Swap="0.00" Profit="15.00" Comment=" (223)" />
        <deal Ticket="24086474" OpenTime="2008-09-04 03:06:00" DealType="-1" Lots="0.30" Symbol="EURUSD" Open="1.4525" SL="0.0000" TP="1.4510" CloseTime="2008-09-04 03:51:00" Close="1.4510" Swap="0.00" Profit="45.00" Comment=" (224)" />
        <deal Ticket="24085806" OpenTime="2008-09-04 02:33:00" DealType="-1" Lots="0.20" Symbol="EURUSD" Open="1.4507" SL="0.0000" TP="1.4493" CloseTime="2008-09-04 03:51:00" Close="1.4510" Swap="0.00" Profit="-6.00" Comment=" (225)" />
        <deal Ticket="24084643" OpenTime="2008-09-04 00:16:00" DealType="-1" Lots="0.10" Symbol="EURUSD" Open="1.4489" SL="0.0000" TP="1.4474" CloseTime="2008-09-04 03:51:00" Close="1.4511" Swap="0.00" Profit="-22.00" Comment=" (226)" />
        <deal Ticket="23876376" OpenTime="2008-08-26 22:07:00" DealType="-1" Lots="0.20" Symbol="EURUSD" Open="1.4647" SL="0.0000" TP="1.4632" CloseTime="2008-09-01 04:00:00" Close="1.4632" Swap="0.00" Profit="30.00" Comment=" (227)" />
        <deal Ticket="23878298" OpenTime="2008-08-27 03:06:00" DealType="-1" Lots="0.30" Symbol="EURUSD" Open="1.4665" SL="0.0000" TP="1.4650" CloseTime="2008-08-29 19:51:00" Close="1.4650" Swap="0.00" Profit="45.00" Comment=" (228)" />
        <deal Ticket="23873778" OpenTime="2008-08-26 19:31:00" DealType="-1" Lots="0.20" Symbol="EURUSD" Open="1.4636" SL="0.0000" TP="1.4621" CloseTime="2008-08-26 20:13:00" Close="1.4621" Swap="0.00" Profit="30.00" Comment=" (229)" />
        <deal Ticket="23847657" OpenTime="2008-08-26 03:14:00" DealType="-1" Lots="0.20" Symbol="EURUSD" Open="1.4709" SL="0.0000" TP="1.4694" CloseTime="2008-08-26 08:24:00" Close="1.4694" Swap="0.00" Profit="30.00" Comment=" (230)" />
        <deal Ticket="23846914" OpenTime="2008-08-26 02:45:00" DealType="-1" Lots="0.20" Symbol="EURUSD" Open="1.4727" SL="0.0000" TP="1.4712" CloseTime="2008-08-26 03:14:00" Close="1.4712" Swap="0.00" Profit="30.00" Comment=" (231)" />
        <deal Ticket="23843639" OpenTime="2008-08-25 20:37:00" DealType="-1" Lots="0.20" Symbol="EURUSD" Open="1.4745" SL="0.0000" TP="1.4730" CloseTime="2008-08-26 02:45:00" Close="1.4730" Swap="0.00" Profit="30.00" Comment=" (232)" />
        <deal Ticket="23842811" OpenTime="2008-08-25 20:04:00" DealType="-1" Lots="0.20" Symbol="EURUSD" Open="1.4761" SL="0.0000" TP="1.4748" CloseTime="2008-08-25 20:37:00" Close="1.4748" Swap="0.00" Profit="26.00" Comment=" (233)" />
        <deal Ticket="23842327" OpenTime="2008-08-25 19:47:00" DealType="-1" Lots="0.20" Symbol="EURUSD" Open="1.4780" SL="0.0000" TP="1.4766" CloseTime="2008-08-25 20:04:00" Close="1.4766" Swap="0.00" Profit="28.00" Comment=" (234)" />
        <deal Ticket="23841780" OpenTime="2008-08-25 19:27:00" DealType="-1" Lots="0.20" Symbol="EURUSD" Open="1.4799" SL="0.0000" TP="1.4784" CloseTime="2008-08-25 19:47:00" Close="1.4784" Swap="0.00" Profit="30.00" Comment=" (235)" />
        <deal Ticket="23771979" OpenTime="2008-08-21 12:48:00" DealType="-1" Lots="0.20" Symbol="EURUSD" Open="1.4754" SL="0.0000" TP="1.4739" CloseTime="2008-08-25 03:18:00" Close="1.4739" Swap="0.00" Profit="30.00" Comment=" (236)" />
        <deal Ticket="23774279" OpenTime="2008-08-21 13:51:00" DealType="-1" Lots="0.30" Symbol="EURUSD" Open="1.4771" SL="0.0000" TP="1.4756" CloseTime="2008-08-25 03:09:00" Close="1.4756" Swap="0.00" Profit="45.00" Comment=" (237)" />
        <deal Ticket="23640076" OpenTime="2008-08-14 19:27:00" DealType="1" Lots="0.20" Symbol="EURUSD" Open="1.4831" SL="0.0000" TP="1.4868" CloseTime="2008-08-21 17:13:00" Close="1.4868" Swap="0.00" Profit="74.00" Comment=" (238)" />
        <deal Ticket="23771769" OpenTime="2008-08-21 12:46:00" DealType="-1" Lots="0.20" Symbol="EURUSD" Open="1.4772" SL="0.0000" TP="1.4757" CloseTime="2008-08-21 12:48:00" Close="1.4757" Swap="0.00" Profit="30.00" Comment=" (239)" />
        <deal Ticket="23770178" OpenTime="2008-08-21 11:39:00" DealType="-1" Lots="0.20" Symbol="EURUSD" Open="1.4774" SL="0.0000" TP="1.4759" CloseTime="2008-08-21 12:46:00" Close="1.4776" Swap="0.00" Profit="-4.00" Comment=" (240)" />
        <deal Ticket="23770762" OpenTime="2008-08-21 11:59:00" DealType="-1" Lots="0.30" Symbol="EURUSD" Open="1.4791" SL="0.0000" TP="1.4776" CloseTime="2008-08-21 12:45:00" Close="1.4776" Swap="0.00" Profit="45.00" Comment=" (241)" />
        <deal Ticket="23768313" OpenTime="2008-08-21 10:48:00" DealType="-1" Lots="0.20" Symbol="EURUSD" Open="1.4792" SL="0.0000" TP="1.4777" CloseTime="2008-08-21 11:39:00" Close="1.4777" Swap="0.00" Profit="30.00" Comment=" (242)" />
        <deal Ticket="23767059" OpenTime="2008-08-21 10:06:00" DealType="-1" Lots="0.20" Symbol="EURUSD" Open="1.4809" SL="0.0000" TP="1.4795" CloseTime="2008-08-21 10:48:00" Close="1.4795" Swap="0.00" Profit="28.00" Comment=" (243)" />
        <deal Ticket="23766572" OpenTime="2008-08-21 09:55:00" DealType="-1" Lots="0.30" Symbol="EURUSD" Open="1.4829" SL="0.0000" TP="1.4814" CloseTime="2008-08-21 10:06:00" Close="1.4814" Swap="0.00" Profit="45.00" Comment=" (244)" />
        <deal Ticket="23765011" OpenTime="2008-08-21 09:25:00" DealType="-1" Lots="0.20" Symbol="EURUSD" Open="1.4811" SL="0.0000" TP="1.4796" CloseTime="2008-08-21 10:06:00" Close="1.4814" Swap="0.00" Profit="-6.00" Comment=" (245)" />
        <deal Ticket="23763866" OpenTime="2008-08-21 08:58:00" DealType="1" Lots="0.20" Symbol="EURUSD" Open="1.4796" SL="0.0000" TP="1.4811" CloseTime="2008-08-21 09:25:00" Close="1.4811" Swap="0.00" Profit="30.00" Comment=" (246)" />
        <deal Ticket="23759706" OpenTime="2008-08-21 03:45:00" DealType="1" Lots="0.20" Symbol="EURUSD" Open="1.4777" SL="0.0000" TP="1.4792" CloseTime="2008-08-21 08:58:00" Close="1.4792" Swap="0.00" Profit="30.00" Comment=" (247)" />
        <deal Ticket="23759170" OpenTime="2008-08-21 03:09:00" DealType="1" Lots="0.20" Symbol="EURUSD" Open="1.4760" SL="0.0000" TP="1.4774" CloseTime="2008-08-21 03:45:00" Close="1.4774" Swap="0.00" Profit="28.00" Comment=" (248)" />
        <deal Ticket="23756207" OpenTime="2008-08-20 21:38:00" DealType="1" Lots="0.20" Symbol="EURUSD" Open="1.4740" SL="0.0000" TP="1.4755" CloseTime="2008-08-21 03:08:00" Close="1.4755" Swap="0.00" Profit="30.00" Comment=" (249)" />
        <deal Ticket="23755634" OpenTime="2008-08-20 21:12:00" DealType="1" Lots="0.20" Symbol="EURUSD" Open="1.4724" SL="0.0000" TP="1.4738" CloseTime="2008-08-20 21:38:00" Close="1.4738" Swap="0.00" Profit="28.00" Comment=" (250)" />
        <deal Ticket="23755074" OpenTime="2008-08-20 20:43:00" DealType="1" Lots="0.20" Symbol="EURUSD" Open="1.4705" SL="0.0000" TP="1.4720" CloseTime="2008-08-20 21:12:00" Close="1.4720" Swap="0.00" Profit="30.00" Comment=" (251)" />
        <deal Ticket="23754550" OpenTime="2008-08-20 20:00:00" DealType="1" Lots="0.30" Symbol="EURUSD" Open="1.4688" SL="0.0000" TP="1.4703" CloseTime="2008-08-20 20:43:00" Close="1.4703" Swap="0.00" Profit="45.00" Comment=" (252)" />
        <deal Ticket="23753630" OpenTime="2008-08-20 19:07:00" DealType="1" Lots="0.20" Symbol="EURUSD" Open="1.4706" SL="0.0000" TP="1.4721" CloseTime="2008-08-20 20:43:00" Close="1.4703" Swap="0.00" Profit="-6.00" Comment=" (253)" />
        <deal Ticket="23752141" OpenTime="2008-08-20 18:29:00" DealType="1" Lots="0.30" Symbol="EURUSD" Open="1.4687" SL="0.0000" TP="1.4702" CloseTime="2008-08-20 19:06:00" Close="1.4702" Swap="0.00" Profit="45.00" Comment=" (254)" />
        <deal Ticket="23751181" OpenTime="2008-08-20 18:13:00" DealType="1" Lots="0.20" Symbol="EURUSD" Open="1.4704" SL="0.0000" TP="1.4719" CloseTime="2008-08-20 19:06:00" Close="1.4702" Swap="0.00" Profit="-4.00" Comment=" (255)" />
        <deal Ticket="23743951" OpenTime="2008-08-20 13:44:00" DealType="-1" Lots="0.30" Symbol="EURUSD" Open="1.4721" SL="0.0000" TP="1.4706" CloseTime="2008-08-20 18:13:00" Close="1.4706" Swap="0.00" Profit="45.00" Comment=" (256)" />
        <deal Ticket="23741906" OpenTime="2008-08-20 12:48:00" DealType="-1" Lots="0.20" Symbol="EURUSD" Open="1.4704" SL="0.0000" TP="1.4689" CloseTime="2008-08-20 18:13:00" Close="1.4706" Swap="0.00" Profit="-4.00" Comment=" (257)" />
        <deal Ticket="23740940" OpenTime="2008-08-20 12:22:00" DealType="-1" Lots="0.20" Symbol="EURUSD" Open="1.4721" SL="0.0000" TP="1.4707" CloseTime="2008-08-20 12:47:00" Close="1.4707" Swap="0.00" Profit="28.00" Comment=" (258)" />
        <deal Ticket="23734100" OpenTime="2008-08-20 06:11:00" DealType="-1" Lots="0.20" Symbol="EURUSD" Open="1.4760" SL="0.0000" TP="1.4745" CloseTime="2008-08-20 09:30:00" Close="1.4745" Swap="0.00" Profit="30.00" Comment=" (259)" />
        <deal Ticket="23731769" OpenTime="2008-08-20 01:57:00" DealType="-1" Lots="0.20" Symbol="EURUSD" Open="1.4777" SL="0.0000" TP="1.4762" CloseTime="2008-08-20 04:13:00" Close="1.4762" Swap="0.00" Profit="30.00" Comment=" (260)" />
        <deal Ticket="23731228" OpenTime="2008-08-20 00:22:00" DealType="-1" Lots="0.30" Symbol="EURUSD" Open="1.4794" SL="0.0000" TP="1.4779" CloseTime="2008-08-20 01:57:00" Close="1.4779" Swap="0.00" Profit="45.00" Comment=" (261)" />
        <deal Ticket="23731047" OpenTime="2008-08-20 00:11:00" DealType="-1" Lots="0.20" Symbol="EURUSD" Open="1.4777" SL="0.0000" TP="1.4762" CloseTime="2008-08-20 01:57:00" Close="1.4779" Swap="0.00" Profit="-4.00" Comment=" (262)" />
        <deal Ticket="23730175" OpenTime="2008-08-19 22:40:00" DealType="-1" Lots="0.20" Symbol="EURUSD" Open="1.4790" SL="0.0000" TP="1.4775" CloseTime="2008-08-20 00:10:00" Close="1.4779" Swap="0.00" Profit="22.00" Comment=" (263)" />
        <deal Ticket="23651692" OpenTime="2008-08-15 08:17:00" DealType="1" Lots="0.20" Symbol="EURUSD" Open="1.4785" SL="0.0000" TP="1.4800" CloseTime="2008-08-19 22:40:00" Close="1.4789" Swap="0.00" Profit="8.00" Comment=" (264)" />
        <deal Ticket="23652174" OpenTime="2008-08-15 08:41:00" DealType="1" Lots="0.30" Symbol="EURUSD" Open="1.4768" SL="0.0000" TP="1.4783" CloseTime="2008-08-19 19:27:00" Close="1.4783" Swap="0.00" Profit="45.00" Comment=" (265)" />
        <deal Ticket="23651357" OpenTime="2008-08-15 08:05:00" DealType="1" Lots="0.30" Symbol="EURUSD" Open="1.4768" SL="0.0000" TP="1.4783" CloseTime="2008-08-15 08:16:00" Close="1.4783" Swap="0.00" Profit="45.00" Comment=" (266)" />
        <deal Ticket="23649068" OpenTime="2008-08-15 04:40:00" DealType="1" Lots="0.20" Symbol="EURUSD" Open="1.4785" SL="0.0000" TP="1.4800" CloseTime="2008-08-15 08:16:00" Close="1.4783" Swap="0.00" Profit="-4.00" Comment=" (267)" />
        <deal Ticket="23648377" OpenTime="2008-08-15 03:53:00" DealType="1" Lots="0.30" Symbol="EURUSD" Open="1.4764" SL="0.0000" TP="1.4779" CloseTime="2008-08-15 04:40:00" Close="1.4779" Swap="0.00" Profit="45.00" Comment=" (268)" />
        <deal Ticket="23646369" OpenTime="2008-08-15 01:56:00" DealType="1" Lots="0.20" Symbol="EURUSD" Open="1.4781" SL="0.0000" TP="1.4796" CloseTime="2008-08-15 04:40:00" Close="1.4780" Swap="0.00" Profit="-2.00" Comment=" (269)" />
        <deal Ticket="23641493" OpenTime="2008-08-14 19:44:00" DealType="-1" Lots="0.30" Symbol="EURUSD" Open="1.4798" SL="0.0000" TP="1.4783" CloseTime="2008-08-15 01:56:00" Close="1.4783" Swap="0.00" Profit="45.00" Comment=" (270)" />
        <deal Ticket="23640920" OpenTime="2008-08-14 19:35:00" DealType="-1" Lots="0.20" Symbol="EURUSD" Open="1.4781" SL="0.0000" TP="1.4766" CloseTime="2008-08-15 01:56:00" Close="1.4781" Swap="0.00" Profit="0.00" Comment=" (271)" />
        <deal Ticket="23640402" OpenTime="2008-08-14 19:32:00" DealType="-1" Lots="0.20" Symbol="EURUSD" Open="1.4802" SL="0.0000" TP="1.4790" CloseTime="2008-08-14 19:35:00" Close="1.4790" Swap="0.00" Profit="24.00" Comment=" (272)" />
        <deal Ticket="23640062" OpenTime="2008-08-14 19:26:00" DealType="-1" Lots="0.20" Symbol="EURUSD" Open="1.4827" SL="0.0000" TP="1.4812" CloseTime="2008-08-14 19:32:00" Close="1.4812" Swap="0.00" Profit="30.00" Comment=" (273)" />
        <deal Ticket="23612410" OpenTime="2008-08-13 21:06:00" DealType="1" Lots="0.10" Symbol="EURUSD" Open="1.4948" SL="0.0000" TP="1.4963" CloseTime="2008-08-14 19:25:00" Close="1.4826" Swap="0.00" Profit="-122.00" Comment=" (274)" />
        <deal Ticket="23613645" OpenTime="2008-08-13 22:43:00" DealType="1" Lots="0.30" Symbol="EURUSD" Open="1.4930" SL="0.0000" TP="1.4945" CloseTime="2008-08-14 15:33:00" Close="1.4945" Swap="0.00" Profit="45.00" Comment=" (275)" />
        <deal Ticket="23591466" OpenTime="2008-08-13 12:07:00" DealType="1" Lots="0.10" Symbol="EURUSD" Open="1.4930" SL="0.0000" TP="1.4945" CloseTime="2008-08-13 21:06:00" Close="1.4945" Swap="0.00" Profit="15.00" Comment=" (276)" />
        <deal Ticket="23573304" OpenTime="2008-08-12 20:55:00" DealType="1" Lots="0.10" Symbol="EURUSD" Open="1.4925" SL="0.0000" TP="1.4939" CloseTime="2008-08-13 09:14:00" Close="1.4939" Swap="0.00" Profit="14.00" Comment=" (277)" />
        <deal Ticket="23572275" OpenTime="2008-08-12 20:13:00" DealType="1" Lots="0.10" Symbol="EURUSD" Open="1.4906" SL="0.0000" TP="1.4921" CloseTime="2008-08-12 20:55:00" Close="1.4921" Swap="0.00" Profit="15.00" Comment=" (278)" />
        <deal Ticket="23542533" OpenTime="2008-08-12 03:18:00" DealType="1" Lots="0.10" Symbol="EURUSD" Open="1.4931" SL="0.0000" TP="1.4946" CloseTime="2008-08-12 15:40:00" Close="1.4946" Swap="0.00" Profit="15.00" Comment=" (279)" />
        <deal Ticket="23542163" OpenTime="2008-08-12 02:43:00" DealType="1" Lots="0.20" Symbol="EURUSD" Open="1.4913" SL="0.0000" TP="1.4928" CloseTime="2008-08-12 03:18:00" Close="1.4928" Swap="0.00" Profit="30.00" Comment=" (280)" />
        <deal Ticket="23541951" OpenTime="2008-08-12 02:19:00" DealType="1" Lots="0.20" Symbol="EURUSD" Open="1.4895" SL="0.0000" TP="1.4910" CloseTime="2008-08-12 02:43:00" Close="1.4910" Swap="0.00" Profit="30.00" Comment=" (281)" />
        <deal Ticket="19238495" OpenTime="2008-02-27 20:59:00" DealType="-1" Lots="0.10" Symbol="EURUSD" Open="1.5110" SL="1.5247" TP="1.5090" CloseTime="2008-08-08 08:18:00" Close="1.5247" Swap="0.00" Profit="-137.00" Comment=" (282)" />
        <deal Ticket="22427423" OpenTime="2008-06-25 09:10:00" DealType="-1" Lots="0.10" Symbol="EURUSD" Open="1.5545" SL="0.0000" TP="1.5530" CloseTime="2008-07-30 16:34:00" Close="1.5530" Swap="0.00" Profit="15.00" Comment=" (283)" />
        <deal Ticket="23104521" OpenTime="2008-07-23 11:00:00" DealType="-1" Lots="0.10" Symbol="GBPCHF" Open="2.0552" SL="2.0607" TP="2.0317" CloseTime="2008-07-23 11:30:00" Close="2.0607" Swap="0.00" Profit="-53.23" Comment=" (284)" />
        <deal Ticket="22903980" OpenTime="2008-07-15 11:05:00" DealType="-1" Lots="0.10" Symbol="GBPUSD" Open="2.0075" SL="0.0000" TP="2.0015" CloseTime="2008-07-15 18:27:00" Close="2.0015" Swap="0.00" Profit="60.00" Comment=" (285)" />
        <deal Ticket="22452667" OpenTime="2008-06-25 22:29:00" DealType="1" Lots="0.10" Symbol="EURUSD" Open="1.5686" SL="1.5729" TP="0.0000" CloseTime="2008-06-26 18:41:00" Close="1.5729" Swap="0.00" Profit="43.00" Comment=" (286)" />
        <deal Ticket="22412182" OpenTime="2008-06-24 16:23:00" DealType="-1" Lots="0.10" Symbol="EURUSD" Open="1.5562" SL="0.0000" TP="1.5548" CloseTime="2008-06-25 09:09:00" Close="1.5548" Swap="0.00" Profit="14.00" Comment=" (287)" />
        <deal Ticket="22411663" OpenTime="2008-06-24 16:01:00" DealType="-1" Lots="0.10" Symbol="EURUSD" Open="1.5581" SL="0.0000" TP="1.5566" CloseTime="2008-06-24 16:22:00" Close="1.5566" Swap="0.00" Profit="15.00" Comment=" (288)" />
        <deal Ticket="22401794" OpenTime="2008-06-24 10:09:00" DealType="1" Lots="0.10" Symbol="EURUSD" Open="1.5564" SL="0.0000" TP="1.5579" CloseTime="2008-06-24 16:01:00" Close="1.5579" Swap="0.00" Profit="15.00" Comment=" (289)" />
        <deal Ticket="22400334" OpenTime="2008-06-24 09:31:00" DealType="1" Lots="0.10" Symbol="EURUSD" Open="1.5546" SL="0.0000" TP="1.5561" CloseTime="2008-06-24 10:09:00" Close="1.5561" Swap="0.00" Profit="15.00" Comment=" (290)" />
        <deal Ticket="22392243" OpenTime="2008-06-23 22:06:00" DealType="1" Lots="0.10" Symbol="EURUSD" Open="1.5528" SL="0.0000" TP="1.5543" CloseTime="2008-06-24 09:31:00" Close="1.5543" Swap="0.00" Profit="15.00" Comment=" (291)" />
        <deal Ticket="22389100" OpenTime="2008-06-23 19:24:00" DealType="1" Lots="0.10" Symbol="EURUSD" Open="1.5510" SL="0.0000" TP="1.5525" CloseTime="2008-06-23 22:06:00" Close="1.5525" Swap="0.00" Profit="15.00" Comment=" (292)" />
        <deal Ticket="22386939" OpenTime="2008-06-23 17:52:00" DealType="1" Lots="0.10" Symbol="EURUSD" Open="1.5492" SL="0.0000" TP="1.5507" CloseTime="2008-06-23 19:24:00" Close="1.5507" Swap="0.00" Profit="15.00" Comment=" (293)" />
        <deal Ticket="22167365" OpenTime="2008-06-11 18:31:00" DealType="1" Lots="0.10" Symbol="EURUSD" Open="1.5577" SL="0.0000" TP="1.5592" CloseTime="2008-06-20 12:45:00" Close="1.5592" Swap="0.00" Profit="15.00" Comment=" (294)" />
        <deal Ticket="22309659" OpenTime="2008-06-19 02:51:00" DealType="1" Lots="0.10" Symbol="EURUSD" Open="1.5555" SL="1.5456" TP="1.5570" CloseTime="2008-06-20 11:12:00" Close="1.5570" Swap="0.00" Profit="15.00" Comment=" (295)" />
        <deal Ticket="22172935" OpenTime="2008-06-11 22:31:00" DealType="1" Lots="0.10" Symbol="EURUSD" Open="1.5559" SL="0.0000" TP="1.5563" CloseTime="2008-06-12 01:09:00" Close="1.5563" Swap="0.00" Profit="4.00" Comment=" (297)" />
        <deal Ticket="22165121" OpenTime="2008-06-11 17:35:00" DealType="1" Lots="0.10" Symbol="EURUSD" Open="1.5557" SL="0.0000" TP="1.5572" CloseTime="2008-06-11 18:30:00" Close="1.5572" Swap="0.00" Profit="15.00" Comment=" (299)" />
        <deal Ticket="22164039" OpenTime="2008-06-11 17:13:00" DealType="1" Lots="0.10" Symbol="EURUSD" Open="1.5539" SL="0.0000" TP="1.5554" CloseTime="2008-06-11 17:35:00" Close="1.5554" Swap="0.00" Profit="15.00" Comment=" (300)" />
        <deal Ticket="22159492" OpenTime="2008-06-11 14:58:00" DealType="1" Lots="0.10" Symbol="EURUSD" Open="1.5523" SL="0.0000" TP="1.5538" CloseTime="2008-06-11 17:13:00" Close="1.5538" Swap="0.00" Profit="15.00" Comment=" (301)" />
        <deal Ticket="22150656" OpenTime="2008-06-11 09:33:00" DealType="1" Lots="0.10" Symbol="EURUSD" Open="1.5504" SL="0.0000" TP="1.5519" CloseTime="2008-06-11 14:58:00" Close="1.5519" Swap="0.00" Profit="15.00" Comment=" (302)" />
        <deal Ticket="22137962" OpenTime="2008-06-10 17:59:00" DealType="1" Lots="0.10" Symbol="EURUSD" Open="1.5484" SL="0.0000" TP="1.5499" CloseTime="2008-06-11 09:32:00" Close="1.5499" Swap="0.00" Profit="15.00" Comment=" (303)" />
        <deal Ticket="22126671" OpenTime="2008-06-10 12:48:00" DealType="-1" Lots="0.10" Symbol="EURUSD" Open="1.5497" SL="0.0000" TP="1.5484" CloseTime="2008-06-10 17:59:00" Close="1.5484" Swap="0.00" Profit="13.00" Comment=" (304)" />
        <deal Ticket="22125894" OpenTime="2008-06-10 12:38:00" DealType="-1" Lots="0.10" Symbol="EURUSD" Open="1.5517" SL="0.0000" TP="1.5502" CloseTime="2008-06-10 12:48:00" Close="1.5502" Swap="0.00" Profit="15.00" Comment=" (305)" />
        <deal Ticket="22123793" OpenTime="2008-06-10 11:52:00" DealType="-1" Lots="0.10" Symbol="EURUSD" Open="1.5533" SL="0.0000" TP="1.5521" CloseTime="2008-06-10 12:38:00" Close="1.5521" Swap="0.00" Profit="12.00" Comment=" (306)" />
        <deal Ticket="22121962" OpenTime="2008-06-10 11:07:00" DealType="-1" Lots="0.10" Symbol="EURUSD" Open="1.5555" SL="0.0000" TP="1.5540" CloseTime="2008-06-10 11:51:00" Close="1.5540" Swap="0.00" Profit="15.00" Comment=" (307)" />
        <deal Ticket="22046573" OpenTime="2008-06-06 09:14:00" DealType="-1" Lots="0.10" Symbol="EURUSD" Open="1.5573" SL="0.0000" TP="1.5558" CloseTime="2008-06-10 11:07:00" Close="1.5558" Swap="0.00" Profit="15.00" Comment=" (308)" />
        <deal Ticket="22041475" OpenTime="2008-06-06 02:08:00" DealType="-1" Lots="0.10" Symbol="EURUSD" Open="1.5589" SL="0.0000" TP="1.5576" CloseTime="2008-06-06 09:14:00" Close="1.5576" Swap="0.00" Profit="13.00" Comment=" (309)" />
        <deal Ticket="22040806" OpenTime="2008-06-06 00:02:00" DealType="-1" Lots="0.10" Symbol="EURUSD" Open="1.5592" SL="0.0000" TP="0.0000" CloseTime="2008-06-06 01:54:00" Close="1.5591" Swap="0.00" Profit="1.00" Comment=" (310)" />
        <deal Ticket="17182143" OpenTime="2007-12-27 22:24:00" DealType="1" Lots="0.10" Symbol="GBPUSD" Open="1.9967" SL="1.9873" TP="2.0518" CloseTime="2008-02-27 20:40:00" Close="1.9873" Swap="0.00" Profit="-94.00" Comment=" (311)" />
    </deals>
    <balances>
        <balance Ticket="39833061" Amount="800.00" Date="2010-01-21 00:10:00" />
        <balance Ticket="31226433" Amount="290.00" Date="2009-03-08 11:52:00" />
        <balance Ticket="25867612" Amount="1000.00" Date="2008-10-28 15:56:00" />
        <balance Ticket="25028862" Amount="1000.00" Date="2008-10-06 20:33:00" />
        <balance Ticket="24939428" Amount="1000.00" Date="2008-10-02 17:16:00" />
        <balance Ticket="22198274" Amount="1166.00" Date="2008-06-12 19:38:00" />
        <balance Ticket="22172851" Amount="130.00" Date="2008-06-11 22:28:00" />
        <balance Ticket="16472101" Amount="-119.57" Date="2007-12-31 23:59:00" />
        <balance Ticket="16855100" Amount="1100.00" Date="2007-12-12 17:14:00" />
        <balance Ticket="16734145" Amount="-1100.00" Date="2007-12-09 00:19:00" />
        <balance Ticket="10874721" Amount="100.00" Date="2007-05-19 00:24:00" />
        <balance Ticket="10838474" Amount="100.00" Date="2007-05-17 18:47:00" />
        <balance Ticket="10682876" Amount="200.00" Date="2007-05-11 00:55:00" />
        <balance Ticket="10573134" Amount="100.00" Date="2007-05-08 03:32:00" />
        <balance Ticket="10550192" Amount="100.00" Date="2007-05-06 15:53:00" />
        <balance Ticket="10530545" Amount="100.00" Date="2007-05-04 12:04:00" />
        <balance Ticket="10492191" Amount="300.00" Date="2007-05-03 01:41:00" />
        <balance Ticket="10392274" Amount="500.00" Date="2007-04-29 19:25:00" />
    </balances>
</account>