﻿<?xml version="1.0" encoding="utf-8"?>
<account Id="13368" Broker="" Account="" Trader="" Login="" InitBalance="200.00">
    <deals>
        <deal Ticket="1129388" OpenTime="2010-02-02 14:54:00" DealType="1" Lots="1.00" Symbol="EURAUD" Open="1.5806" SL="0.0000" TP="0.0000" CloseTime="2010-02-02 15:03:00" Close="1.5813" Swap="0.00" Profit="61.67" Comment="1 (1)" />
        <deal Ticket="1129387" OpenTime="2010-02-02 14:54:00" DealType="-1" Lots="1.00" Symbol="EURUSD" Open="1.3942" SL="0.0000" TP="0.0000" CloseTime="2010-02-02 15:03:00" Close="1.3937" Swap="0.00" Profit="50.00" Comment="1 (2)" />
        <deal Ticket="1129386" OpenTime="2010-02-02 14:54:00" DealType="-1" Lots="1.56" Symbol="AUDUSD" Open="0.8823" SL="0.0000" TP="0.0000" CloseTime="2010-02-02 15:03:00" Close="0.8812" Swap="0.00" Profit="171.60" Comment="1 (3)" />
        <deal Ticket="1127764" OpenTime="2010-01-06 15:23:00" DealType="-1" Lots="1.56" Symbol="AUDUSD" Open="0.9154" SL="0.0000" TP="0.0000" CloseTime="2010-01-28 20:40:00" Close="0.8953" Swap="0.00" Profit="3135.60" Comment="1 (4)" />
        <deal Ticket="1127765" OpenTime="2010-01-06 15:23:00" DealType="-1" Lots="1.00" Symbol="EURUSD" Open="1.4359" SL="0.0000" TP="0.0000" CloseTime="2010-01-28 20:40:00" Close="1.3976" Swap="0.00" Profit="3830.00" Comment="1 (5)" />
        <deal Ticket="1127767" OpenTime="2010-01-06 15:23:00" DealType="-1" Lots="1.56" Symbol="AUDUSD" Open="0.9153" SL="0.0000" TP="0.0000" CloseTime="2010-01-28 20:40:00" Close="0.8953" Swap="0.00" Profit="3120.00" Comment="1 (6)" />
        <deal Ticket="1127768" OpenTime="2010-01-06 15:23:00" DealType="-1" Lots="1.00" Symbol="EURUSD" Open="1.4359" SL="0.0000" TP="0.0000" CloseTime="2010-01-28 20:40:00" Close="1.3979" Swap="0.00" Profit="3800.00" Comment="1 (7)" />
        <deal Ticket="1127769" OpenTime="2010-01-06 15:23:00" DealType="1" Lots="1.00" Symbol="EURAUD" Open="1.5691" SL="0.0000" TP="0.0000" CloseTime="2010-01-28 20:40:00" Close="1.5609" Swap="0.00" Profit="-733.98" Comment="1 (8)" />
        <deal Ticket="1127766" OpenTime="2010-01-06 15:23:00" DealType="1" Lots="1.00" Symbol="EURAUD" Open="1.5691" SL="0.0000" TP="0.0000" CloseTime="2010-01-28 20:40:00" Close="1.5608" Swap="0.00" Profit="-742.85" Comment="1 (9)" />
        <deal Ticket="1127763" OpenTime="2010-01-06 14:53:00" DealType="1" Lots="10.00" Symbol="EURAUD" Open="1.5691" SL="0.0000" TP="0.0000" CloseTime="2010-01-06 15:22:00" Close="1.5683" Swap="0.00" Profit="-732.32" Comment="1 (10)" />
        <deal Ticket="1127761" OpenTime="2010-01-06 14:52:00" DealType="-1" Lots="15.60" Symbol="AUDUSD" Open="0.9151" SL="0.0000" TP="0.0000" CloseTime="2010-01-06 15:22:00" Close="0.9157" Swap="0.00" Profit="-936.00" Comment="1 (11)" />
        <deal Ticket="1127762" OpenTime="2010-01-06 14:52:00" DealType="-1" Lots="10.00" Symbol="EURUSD" Open="1.4355" SL="0.0000" TP="0.0000" CloseTime="2010-01-06 15:22:00" Close="1.4362" Swap="0.00" Profit="-700.00" Comment="1 (12)" />
        <deal Ticket="1127758" OpenTime="2010-01-06 14:51:00" DealType="-1" Lots="0.16" Symbol="AUDUSD" Open="0.9151" SL="0.0000" TP="0.0000" CloseTime="2010-01-06 14:53:00" Close="0.9154" Swap="0.00" Profit="-4.80" Comment="1 (13)" />
        <deal Ticket="1127759" OpenTime="2010-01-06 14:51:00" DealType="-1" Lots="0.10" Symbol="EURUSD" Open="1.4355" SL="0.0000" TP="0.0000" CloseTime="2010-01-06 14:53:00" Close="1.4358" Swap="0.00" Profit="-3.00" Comment="1 (14)" />
        <deal Ticket="1127760" OpenTime="2010-01-06 14:51:00" DealType="1" Lots="0.10" Symbol="EURAUD" Open="1.5689" SL="0.0000" TP="0.0000" CloseTime="2010-01-06 14:53:00" Close="1.5681" Swap="0.00" Profit="-7.32" Comment="1 (15)" />
        <deal Ticket="1127188" OpenTime="2009-12-23 09:35:00" DealType="-1" Lots="0.10" Symbol="EURAUD" Open="1.6268" SL="0.0000" TP="0.0000" CloseTime="2010-01-06 14:48:00" Close="1.5694" Swap="0.00" Profit="525.32" Comment="1 (16)" />
        <deal Ticket="1127187" OpenTime="2009-12-23 09:35:00" DealType="1" Lots="0.10" Symbol="EURUSD" Open="1.4262" SL="0.0000" TP="0.0000" CloseTime="2010-01-06 14:48:00" Close="1.4355" Swap="0.00" Profit="93.00" Comment="1 (17)" />
        <deal Ticket="1127186" OpenTime="2009-12-23 09:35:00" DealType="1" Lots="0.16" Symbol="AUDUSD" Open="0.8765" SL="0.0000" TP="0.0000" CloseTime="2010-01-06 14:48:00" Close="0.9149" Swap="0.00" Profit="614.40" Comment="1 (18)" />
        <deal Ticket="1126777" OpenTime="2009-12-22 17:53:00" DealType="1" Lots="0.16" Symbol="AUDUSD" Open="0.8761" SL="0.0000" TP="0.0000" CloseTime="2010-01-06 14:48:00" Close="0.9148" Swap="0.00" Profit="619.20" Comment="1 (19)" />
        <deal Ticket="1126778" OpenTime="2009-12-22 17:53:00" DealType="1" Lots="0.10" Symbol="EURUSD" Open="1.4237" SL="0.0000" TP="0.0000" CloseTime="2010-01-06 14:48:00" Close="1.4354" Swap="0.00" Profit="117.00" Comment="1 (20)" />
        <deal Ticket="1126779" OpenTime="2009-12-22 17:53:00" DealType="-1" Lots="0.10" Symbol="EURAUD" Open="1.6247" SL="0.0000" TP="0.0000" CloseTime="2010-01-06 14:48:00" Close="1.5696" Swap="0.00" Profit="504.27" Comment="1 (21)" />
        <deal Ticket="1125022" OpenTime="2009-12-17 22:12:00" DealType="-1" Lots="0.10" Symbol="EURAUD" Open="1.6167" SL="0.0000" TP="0.0000" CloseTime="2010-01-06 14:48:00" Close="1.5696" Swap="0.00" Profit="431.01" Comment="1 (22)" />
        <deal Ticket="1125021" OpenTime="2009-12-17 22:12:00" DealType="1" Lots="0.10" Symbol="EURUSD" Open="1.4350" SL="0.0000" TP="0.0000" CloseTime="2010-01-06 14:48:00" Close="1.4355" Swap="0.00" Profit="5.00" Comment="1 (23)" />
        <deal Ticket="1125005" OpenTime="2009-12-17 20:49:00" DealType="1" Lots="0.16" Symbol="AUDUSD" Open="0.8858" SL="0.0000" TP="0.0000" CloseTime="2010-01-06 14:48:00" Close="0.9148" Swap="0.00" Profit="464.00" Comment="1 (24)" />
        <deal Ticket="1125006" OpenTime="2009-12-17 20:49:00" DealType="1" Lots="0.10" Symbol="EURUSD" Open="1.4334" SL="0.0000" TP="0.0000" CloseTime="2010-01-06 14:48:00" Close="1.4354" Swap="0.00" Profit="20.00" Comment="1 (25)" />
        <deal Ticket="1125007" OpenTime="2009-12-17 20:49:00" DealType="-1" Lots="0.10" Symbol="EURAUD" Open="1.6178" SL="0.0000" TP="0.0000" CloseTime="2010-01-06 14:48:00" Close="1.5696" Swap="0.00" Profit="441.08" Comment="1 (26)" />
        <deal Ticket="1124909" OpenTime="2009-12-17 04:15:00" DealType="1" Lots="0.16" Symbol="AUDUSD" Open="0.8983" SL="0.0000" TP="0.0000" CloseTime="2010-01-06 14:48:00" Close="0.9148" Swap="0.00" Profit="264.00" Comment="1 (27)" />
        <deal Ticket="1124881" OpenTime="2009-12-16 23:28:00" DealType="1" Lots="0.10" Symbol="EURUSD" Open="1.4535" SL="0.0000" TP="0.0000" CloseTime="2010-01-06 14:48:00" Close="1.4355" Swap="0.00" Profit="-180.00" Comment="1 (28)" />
        <deal Ticket="1124880" OpenTime="2009-12-16 23:28:00" DealType="1" Lots="0.16" Symbol="AUDUSD" Open="0.9008" SL="0.0000" TP="0.0000" CloseTime="2010-01-06 14:48:00" Close="0.9149" Swap="0.00" Profit="225.60" Comment="1 (29)" />
        <deal Ticket="1124882" OpenTime="2009-12-16 23:28:00" DealType="-1" Lots="0.10" Symbol="EURAUD" Open="1.6131" SL="0.0000" TP="0.0000" CloseTime="2010-01-06 14:48:00" Close="1.5696" Swap="0.00" Profit="398.07" Comment="1 (30)" />
        <deal Ticket="1124925" OpenTime="2009-12-17 06:00:00" DealType="1" Lots="0.16" Symbol="AUDUSD" Open="0.8937" SL="0.0000" TP="0.0000" CloseTime="2010-01-06 14:47:00" Close="0.9148" Swap="0.00" Profit="337.60" Comment="1 (31)" />
        <deal Ticket="1124926" OpenTime="2009-12-17 06:00:00" DealType="1" Lots="0.10" Symbol="EURUSD" Open="1.4422" SL="0.0000" TP="0.0000" CloseTime="2010-01-06 14:47:00" Close="1.4354" Swap="0.00" Profit="-68.00" Comment="1 (32)" />
        <deal Ticket="1124927" OpenTime="2009-12-17 06:00:00" DealType="-1" Lots="0.10" Symbol="EURAUD" Open="1.6135" SL="0.0000" TP="0.0000" CloseTime="2010-01-06 14:47:00" Close="1.5696" Swap="0.00" Profit="401.73" Comment="1 (33)" />
        <deal Ticket="1124920" OpenTime="2009-12-17 05:13:00" DealType="-1" Lots="0.10" Symbol="EURAUD" Open="1.6123" SL="0.0000" TP="0.0000" CloseTime="2010-01-06 14:47:00" Close="1.5696" Swap="0.00" Profit="390.75" Comment="1 (34)" />
        <deal Ticket="1124918" OpenTime="2009-12-17 05:13:00" DealType="1" Lots="0.16" Symbol="AUDUSD" Open="0.8935" SL="0.0000" TP="0.0000" CloseTime="2010-01-06 14:47:00" Close="0.9147" Swap="0.00" Profit="339.20" Comment="1 (35)" />
        <deal Ticket="1124919" OpenTime="2009-12-17 05:13:00" DealType="1" Lots="0.10" Symbol="EURUSD" Open="1.4408" SL="0.0000" TP="0.0000" CloseTime="2010-01-06 14:47:00" Close="1.4354" Swap="0.00" Profit="-54.00" Comment="1 (36)" />
        <deal Ticket="1124910" OpenTime="2009-12-17 04:15:00" DealType="1" Lots="0.10" Symbol="EURUSD" Open="1.4475" SL="0.0000" TP="0.0000" CloseTime="2010-01-06 14:47:00" Close="1.4354" Swap="0.00" Profit="-121.00" Comment="1 (37)" />
        <deal Ticket="1124911" OpenTime="2009-12-17 04:15:00" DealType="-1" Lots="0.10" Symbol="EURAUD" Open="1.6111" SL="0.0000" TP="0.0000" CloseTime="2010-01-06 14:47:00" Close="1.5696" Swap="0.00" Profit="379.73" Comment="1 (38)" />
        <deal Ticket="1122674" OpenTime="2009-12-11 17:28:00" DealType="1" Lots="0.10" Symbol="EURUSD" Open="1.4628" SL="0.0000" TP="0.0000" CloseTime="2010-01-06 14:47:00" Close="1.4354" Swap="0.00" Profit="-274.00" Comment="1 (39)" />
        <deal Ticket="1122675" OpenTime="2009-12-11 17:28:00" DealType="-1" Lots="0.10" Symbol="EURAUD" Open="1.6005" SL="0.0000" TP="0.0000" CloseTime="2010-01-06 14:47:00" Close="1.5697" Swap="0.00" Profit="281.82" Comment="1 (40)" />
        <deal Ticket="1122673" OpenTime="2009-12-11 17:28:00" DealType="1" Lots="0.16" Symbol="AUDUSD" Open="0.9138" SL="0.0000" TP="0.0000" CloseTime="2010-01-06 14:46:00" Close="0.9145" Swap="0.00" Profit="11.20" Comment="1 (41)" />
        <deal Ticket="1122641" OpenTime="2009-12-11 11:58:00" DealType="-1" Lots="0.10" Symbol="EURAUD" Open="1.6106" SL="0.0000" TP="0.0000" CloseTime="2010-01-06 14:46:00" Close="1.5699" Swap="0.00" Profit="372.32" Comment="1 (42)" />
        <deal Ticket="1122640" OpenTime="2009-12-11 11:58:00" DealType="1" Lots="0.10" Symbol="EURUSD" Open="1.4754" SL="0.0000" TP="0.0000" CloseTime="2010-01-06 14:46:00" Close="1.4354" Swap="0.00" Profit="-400.00" Comment="1 (43)" />
        <deal Ticket="1122639" OpenTime="2009-12-11 11:58:00" DealType="1" Lots="0.16" Symbol="AUDUSD" Open="0.9159" SL="0.0000" TP="0.0000" CloseTime="2010-01-06 14:46:00" Close="0.9145" Swap="0.00" Profit="-22.40" Comment="1 (44)" />
        <deal Ticket="1122597" OpenTime="2009-12-10 21:13:00" DealType="1" Lots="0.16" Symbol="AUDUSD" Open="0.9175" SL="0.0000" TP="0.0000" CloseTime="2010-01-06 14:46:00" Close="0.9145" Swap="0.00" Profit="-48.00" Comment="1 (45)" />
        <deal Ticket="1122598" OpenTime="2009-12-10 21:13:00" DealType="1" Lots="0.10" Symbol="EURUSD" Open="1.4720" SL="0.0000" TP="0.0000" CloseTime="2010-01-06 14:46:00" Close="1.4354" Swap="0.00" Profit="-366.00" Comment="1 (46)" />
        <deal Ticket="1122599" OpenTime="2009-12-10 21:13:00" DealType="-1" Lots="0.10" Symbol="EURAUD" Open="1.6040" SL="0.0000" TP="0.0000" CloseTime="2010-01-06 14:46:00" Close="1.5700" Swap="0.00" Profit="311.03" Comment="1 (47)" />
        <deal Ticket="1122573" OpenTime="2009-12-10 14:25:00" DealType="-1" Lots="0.10" Symbol="EURAUD" Open="1.6084" SL="0.0000" TP="0.0000" CloseTime="2009-12-10 21:12:00" Close="1.6051" Swap="0.00" Profit="30.28" Comment="1 (48)" />
        <deal Ticket="1122572" OpenTime="2009-12-10 14:25:00" DealType="1" Lots="0.10" Symbol="EURUSD" Open="1.4730" SL="0.0000" TP="0.0000" CloseTime="2009-12-10 21:12:00" Close="1.4719" Swap="0.00" Profit="-11.00" Comment="1 (49)" />
        <deal Ticket="1122571" OpenTime="2009-12-10 14:25:00" DealType="1" Lots="0.16" Symbol="AUDUSD" Open="0.9156" SL="0.0000" TP="0.0000" CloseTime="2009-12-10 21:12:00" Close="0.9173" Swap="0.00" Profit="27.20" Comment="1 (50)" />
        <deal Ticket="1122499" OpenTime="2009-12-09 21:51:00" DealType="1" Lots="0.10" Symbol="EURUSD" Open="1.4717" SL="0.0000" TP="0.0000" CloseTime="2009-12-10 21:12:00" Close="1.4720" Swap="0.00" Profit="3.00" Comment="1 (51)" />
        <deal Ticket="1122500" OpenTime="2009-12-09 21:51:00" DealType="-1" Lots="0.10" Symbol="EURAUD" Open="1.6226" SL="0.0000" TP="0.0000" CloseTime="2009-12-10 21:12:00" Close="1.6050" Swap="0.00" Profit="161.50" Comment="1 (52)" />
        <deal Ticket="1122498" OpenTime="2009-12-09 21:51:00" DealType="1" Lots="0.16" Symbol="AUDUSD" Open="0.9068" SL="0.0000" TP="0.0000" CloseTime="2009-12-10 21:12:00" Close="0.9173" Swap="0.00" Profit="168.00" Comment="1 (53)" />
        <deal Ticket="1122115" OpenTime="2009-12-08 20:33:00" DealType="-1" Lots="0.10" Symbol="EURAUD" Open="1.6224" SL="0.0000" TP="0.0000" CloseTime="2009-12-10 21:12:00" Close="1.6051" Swap="0.00" Profit="158.74" Comment="1 (54)" />
        <deal Ticket="1122114" OpenTime="2009-12-08 20:33:00" DealType="1" Lots="0.10" Symbol="EURUSD" Open="1.4706" SL="0.0000" TP="0.0000" CloseTime="2009-12-10 21:12:00" Close="1.4720" Swap="0.00" Profit="14.00" Comment="1 (55)" />
        <deal Ticket="1122113" OpenTime="2009-12-08 20:33:00" DealType="1" Lots="0.16" Symbol="AUDUSD" Open="0.9062" SL="0.0000" TP="0.0000" CloseTime="2009-12-10 21:12:00" Close="0.9174" Swap="0.00" Profit="179.20" Comment="1 (56)" />
        <deal Ticket="1120395" OpenTime="2009-12-07 02:35:00" DealType="-1" Lots="0.10" Symbol="EURAUD" Open="1.6263" SL="0.0000" TP="0.0000" CloseTime="2009-12-10 21:12:00" Close="1.6053" Swap="0.00" Profit="192.72" Comment="1 (57)" />
        <deal Ticket="1120394" OpenTime="2009-12-07 02:35:00" DealType="1" Lots="0.10" Symbol="EURUSD" Open="1.4879" SL="0.0000" TP="0.0000" CloseTime="2009-12-10 21:12:00" Close="1.4722" Swap="0.00" Profit="-157.00" Comment="1 (58)" />
        <deal Ticket="1120393" OpenTime="2009-12-07 02:35:00" DealType="1" Lots="0.16" Symbol="AUDUSD" Open="0.9148" SL="0.0000" TP="0.0000" CloseTime="2009-12-10 21:09:00" Close="0.9176" Swap="0.00" Profit="44.80" Comment="1 (59)" />
        <deal Ticket="1120280" OpenTime="2009-12-04 18:41:00" DealType="1" Lots="0.16" Symbol="AUDUSD" Open="0.9139" SL="0.0000" TP="0.0000" CloseTime="2009-12-10 21:09:00" Close="0.9176" Swap="0.00" Profit="59.20" Comment="1 (60)" />
        <deal Ticket="1120281" OpenTime="2009-12-04 18:41:00" DealType="1" Lots="0.10" Symbol="EURUSD" Open="1.4874" SL="0.0000" TP="0.0000" CloseTime="2009-12-10 21:09:00" Close="1.4724" Swap="0.00" Profit="-150.00" Comment="1 (61)" />
        <deal Ticket="1120282" OpenTime="2009-12-04 18:41:00" DealType="-1" Lots="0.10" Symbol="EURAUD" Open="1.6275" SL="0.0000" TP="0.0000" CloseTime="2009-12-10 21:09:00" Close="1.6049" Swap="0.00" Profit="207.44" Comment="1 (62)" />
        <deal Ticket="1120275" OpenTime="2009-12-04 18:02:00" DealType="-1" Lots="0.10" Symbol="EURAUD" Open="1.6251" SL="0.0000" TP="0.0000" CloseTime="2009-12-10 21:09:00" Close="1.6050" Swap="0.00" Profit="184.49" Comment="1 (63)" />
        <deal Ticket="1120274" OpenTime="2009-12-04 18:02:00" DealType="1" Lots="0.10" Symbol="EURUSD" Open="1.4887" SL="0.0000" TP="0.0000" CloseTime="2009-12-10 21:09:00" Close="1.4725" Swap="0.00" Profit="-162.00" Comment="1 (64)" />
        <deal Ticket="1120273" OpenTime="2009-12-04 18:02:00" DealType="1" Lots="0.16" Symbol="AUDUSD" Open="0.9159" SL="0.0000" TP="0.0000" CloseTime="2009-12-10 21:09:00" Close="0.9177" Swap="0.00" Profit="28.80" Comment="1 (65)" />
        <deal Ticket="1120171" OpenTime="2009-12-04 06:53:00" DealType="-1" Lots="0.10" Symbol="EURAUD" Open="1.6300" SL="0.0000" TP="0.0000" CloseTime="2009-12-10 21:09:00" Close="1.6049" Swap="0.00" Profit="230.44" Comment="1 (66)" />
        <deal Ticket="1120170" OpenTime="2009-12-04 06:53:00" DealType="1" Lots="0.10" Symbol="EURUSD" Open="1.5059" SL="0.0000" TP="0.0000" CloseTime="2009-12-10 21:09:00" Close="1.4726" Swap="0.00" Profit="-333.00" Comment="1 (67)" />
        <deal Ticket="1120169" OpenTime="2009-12-04 06:53:00" DealType="1" Lots="0.16" Symbol="AUDUSD" Open="0.9237" SL="0.0000" TP="0.0000" CloseTime="2009-12-10 21:08:00" Close="0.9178" Swap="0.00" Profit="-94.40" Comment="1 (68)" />
        <deal Ticket="1120166" OpenTime="2009-12-04 04:52:00" DealType="1" Lots="0.10" Symbol="EURUSD" Open="1.5064" SL="0.0000" TP="0.0000" CloseTime="2009-12-10 21:08:00" Close="1.4725" Swap="0.00" Profit="-339.00" Comment="1 (69)" />
        <deal Ticket="1120167" OpenTime="2009-12-04 04:52:00" DealType="-1" Lots="0.10" Symbol="EURAUD" Open="1.6301" SL="0.0000" TP="0.0000" CloseTime="2009-12-10 21:08:00" Close="1.6047" Swap="0.00" Profit="233.22" Comment="1 (70)" />
        <deal Ticket="1120165" OpenTime="2009-12-04 04:52:00" DealType="1" Lots="0.16" Symbol="AUDUSD" Open="0.9239" SL="0.0000" TP="0.0000" CloseTime="2009-12-10 21:08:00" Close="0.9178" Swap="0.00" Profit="-97.60" Comment="1 (71)" />
        <deal Ticket="1120252" OpenTime="2009-12-04 16:45:00" DealType="-1" Lots="0.16" Symbol="AUDUSD" Open="0.9236" SL="0.0000" TP="0.0000" CloseTime="2009-12-04 17:52:00" Close="0.9158" Swap="0.00" Profit="124.80" Comment="1 (72)" />
        <deal Ticket="1120254" OpenTime="2009-12-04 16:45:00" DealType="1" Lots="0.10" Symbol="EURAUD" Open="1.6195" SL="0.0000" TP="0.0000" CloseTime="2009-12-04 17:52:00" Close="1.6272" Swap="0.00" Profit="70.50" Comment="1 (73)" />
        <deal Ticket="1120253" OpenTime="2009-12-04 16:45:00" DealType="-1" Lots="0.10" Symbol="EURUSD" Open="1.4952" SL="0.0000" TP="0.0000" CloseTime="2009-12-04 17:52:00" Close="1.4906" Swap="0.00" Profit="46.00" Comment="1 (74)" />
        <deal Ticket="1120088" OpenTime="2009-12-03 15:20:00" DealType="1" Lots="0.10" Symbol="EURAUD" Open="1.6284" SL="0.0000" TP="0.0000" CloseTime="2009-12-04 04:51:00" Close="1.6302" Swap="0.00" Profit="16.63" Comment="1 (75)" />
        <deal Ticket="1120087" OpenTime="2009-12-03 15:20:00" DealType="-1" Lots="0.10" Symbol="EURUSD" Open="1.5124" SL="0.0000" TP="0.0000" CloseTime="2009-12-04 04:51:00" Close="1.5064" Swap="0.00" Profit="60.00" Comment="1 (76)" />
        <deal Ticket="1120086" OpenTime="2009-12-03 15:20:00" DealType="-1" Lots="0.16" Symbol="AUDUSD" Open="0.9290" SL="0.0000" TP="0.0000" CloseTime="2009-12-04 04:51:00" Close="0.9239" Swap="0.00" Profit="81.60" Comment="1 (77)" />
        <deal Ticket="1119837" OpenTime="2009-12-02 08:23:00" DealType="1" Lots="0.10" Symbol="EURAUD" Open="1.6265" SL="0.0000" TP="0.0000" CloseTime="2009-12-04 04:51:00" Close="1.6302" Swap="0.00" Profit="34.18" Comment="1 (78)" />
        <deal Ticket="1119835" OpenTime="2009-12-02 08:23:00" DealType="-1" Lots="0.16" Symbol="AUDUSD" Open="0.9280" SL="0.0000" TP="0.0000" CloseTime="2009-12-04 04:51:00" Close="0.9239" Swap="0.00" Profit="65.60" Comment="1 (79)" />
        <deal Ticket="1119836" OpenTime="2009-12-02 08:23:00" DealType="-1" Lots="0.10" Symbol="EURUSD" Open="1.5090" SL="0.0000" TP="0.0000" CloseTime="2009-12-04 04:51:00" Close="1.5064" Swap="0.00" Profit="26.00" Comment="1 (80)" />
        <deal Ticket="1119821" OpenTime="2009-12-02 08:11:00" DealType="1" Lots="0.10" Symbol="EURAUD" Open="1.6266" SL="0.0000" TP="0.0000" CloseTime="2009-12-04 04:51:00" Close="1.6302" Swap="0.00" Profit="33.25" Comment="1 (81)" />
        <deal Ticket="1119820" OpenTime="2009-12-02 08:11:00" DealType="-1" Lots="0.10" Symbol="EURUSD" Open="1.5095" SL="0.0000" TP="0.0000" CloseTime="2009-12-04 04:51:00" Close="1.5063" Swap="0.00" Profit="32.00" Comment="1 (82)" />
        <deal Ticket="1119819" OpenTime="2009-12-02 08:11:00" DealType="-1" Lots="0.16" Symbol="AUDUSD" Open="0.9283" SL="0.0000" TP="0.0000" CloseTime="2009-12-04 04:51:00" Close="0.9239" Swap="0.00" Profit="70.40" Comment="1 (83)" />
        <deal Ticket="1119762" OpenTime="2009-12-02 05:29:00" DealType="-1" Lots="0.16" Symbol="AUDUSD" Open="0.9276" SL="0.0000" TP="0.0000" CloseTime="2009-12-04 04:51:00" Close="0.9239" Swap="0.00" Profit="59.20" Comment="1 (84)" />
        <deal Ticket="1119764" OpenTime="2009-12-02 05:29:00" DealType="1" Lots="0.10" Symbol="EURAUD" Open="1.6281" SL="0.0000" TP="0.0000" CloseTime="2009-12-04 04:51:00" Close="1.6302" Swap="0.00" Profit="19.40" Comment="1 (85)" />
        <deal Ticket="1119763" OpenTime="2009-12-02 05:29:00" DealType="-1" Lots="0.10" Symbol="EURUSD" Open="1.5099" SL="0.0000" TP="0.0000" CloseTime="2009-12-04 04:51:00" Close="1.5063" Swap="0.00" Profit="36.00" Comment="1 (86)" />
        <deal Ticket="1119752" OpenTime="2009-12-02 04:52:00" DealType="1" Lots="0.10" Symbol="EURAUD" Open="1.6286" SL="0.0000" TP="0.0000" CloseTime="2009-12-04 04:51:00" Close="1.6303" Swap="0.00" Profit="15.70" Comment="1 (87)" />
        <deal Ticket="1119751" OpenTime="2009-12-02 04:52:00" DealType="-1" Lots="0.10" Symbol="EURUSD" Open="1.5091" SL="0.0000" TP="0.0000" CloseTime="2009-12-04 04:51:00" Close="1.5062" Swap="0.00" Profit="29.00" Comment="1 (88)" />
        <deal Ticket="1119750" OpenTime="2009-12-02 04:52:00" DealType="-1" Lots="0.16" Symbol="AUDUSD" Open="0.9269" SL="0.0000" TP="0.0000" CloseTime="2009-12-04 04:51:00" Close="0.9237" Swap="0.00" Profit="51.20" Comment="1 (89)" />
        <deal Ticket="1119496" OpenTime="2009-12-01 19:11:00" DealType="1" Lots="0.10" Symbol="EURAUD" Open="1.6338" SL="0.0000" TP="0.0000" CloseTime="2009-12-04 04:50:00" Close="1.6304" Swap="0.00" Profit="-31.40" Comment="1 (90)" />
        <deal Ticket="1119495" OpenTime="2009-12-01 19:11:00" DealType="-1" Lots="0.10" Symbol="EURUSD" Open="1.5107" SL="0.0000" TP="0.0000" CloseTime="2009-12-04 04:50:00" Close="1.5062" Swap="0.00" Profit="45.00" Comment="1 (91)" />
        <deal Ticket="1119494" OpenTime="2009-12-01 19:11:00" DealType="-1" Lots="0.16" Symbol="AUDUSD" Open="0.9249" SL="0.0000" TP="0.0000" CloseTime="2009-12-04 04:50:00" Close="0.9237" Swap="0.00" Profit="19.20" Comment="1 (92)" />
        <deal Ticket="1119431" OpenTime="2009-12-01 18:07:00" DealType="-1" Lots="0.16" Symbol="AUDUSD" Open="0.9235" SL="0.0000" TP="0.0000" CloseTime="2009-12-04 04:50:00" Close="0.9236" Swap="0.00" Profit="-1.60" Comment="1 (93)" />
        <deal Ticket="1119432" OpenTime="2009-12-01 18:07:00" DealType="-1" Lots="0.10" Symbol="EURUSD" Open="1.5105" SL="0.0000" TP="0.0000" CloseTime="2009-12-04 04:50:00" Close="1.5062" Swap="0.00" Profit="43.00" Comment="1 (94)" />
        <deal Ticket="1119433" OpenTime="2009-12-01 18:07:00" DealType="1" Lots="0.10" Symbol="EURAUD" Open="1.6358" SL="0.0000" TP="0.0000" CloseTime="2009-12-04 04:50:00" Close="1.6305" Swap="0.00" Profit="-48.93" Comment="1 (95)" />
        <deal Ticket="1119355" OpenTime="2009-12-01 16:16:00" DealType="1" Lots="0.10" Symbol="EURAUD" Open="1.6373" SL="0.0000" TP="0.0000" CloseTime="2009-12-04 04:50:00" Close="1.6305" Swap="0.00" Profit="-62.78" Comment="1 (96)" />
        <deal Ticket="1119354" OpenTime="2009-12-01 16:16:00" DealType="-1" Lots="0.10" Symbol="EURUSD" Open="1.5090" SL="0.0000" TP="0.0000" CloseTime="2009-12-04 04:50:00" Close="1.5062" Swap="0.00" Profit="28.00" Comment="1 (97)" />
        <deal Ticket="1119353" OpenTime="2009-12-01 16:16:00" DealType="-1" Lots="0.16" Symbol="AUDUSD" Open="0.9219" SL="0.0000" TP="0.0000" CloseTime="2009-12-04 04:50:00" Close="0.9236" Swap="0.00" Profit="-27.20" Comment="1 (98)" />
        <deal Ticket="1118467" OpenTime="2009-11-30 19:56:00" DealType="-1" Lots="0.16" Symbol="AUDUSD" Open="0.9128" SL="0.0000" TP="0.0000" CloseTime="2009-12-04 04:50:00" Close="0.9235" Swap="0.00" Profit="-171.20" Comment="1 (99)" />
        <deal Ticket="1118468" OpenTime="2009-11-30 19:56:00" DealType="-1" Lots="0.10" Symbol="EURUSD" Open="1.4978" SL="0.0000" TP="0.0000" CloseTime="2009-12-04 04:50:00" Close="1.5062" Swap="0.00" Profit="-84.00" Comment="1 (100)" />
        <deal Ticket="1118469" OpenTime="2009-11-30 19:56:00" DealType="1" Lots="0.10" Symbol="EURAUD" Open="1.6413" SL="0.0000" TP="0.0000" CloseTime="2009-12-04 04:50:00" Close="1.6304" Swap="0.00" Profit="-100.65" Comment="1 (101)" />
        <deal Ticket="1118442" OpenTime="2009-11-30 17:44:00" DealType="1" Lots="0.10" Symbol="EURAUD" Open="1.6428" SL="0.0000" TP="0.0000" CloseTime="2009-12-04 04:50:00" Close="1.6307" Swap="0.00" Profit="-111.72" Comment="1 (102)" />
        <deal Ticket="1118441" OpenTime="2009-11-30 17:44:00" DealType="-1" Lots="0.10" Symbol="EURUSD" Open="1.5025" SL="0.0000" TP="0.0000" CloseTime="2009-12-04 04:50:00" Close="1.5062" Swap="0.00" Profit="-37.00" Comment="1 (103)" />
        <deal Ticket="1118440" OpenTime="2009-11-30 17:44:00" DealType="-1" Lots="0.16" Symbol="AUDUSD" Open="0.9148" SL="0.0000" TP="0.0000" CloseTime="2009-12-04 04:50:00" Close="0.9235" Swap="0.00" Profit="-139.20" Comment="1 (104)" />
        <deal Ticket="1118375" OpenTime="2009-11-30 11:14:00" DealType="-1" Lots="0.16" Symbol="AUDUSD" Open="0.9149" SL="0.0000" TP="0.0000" CloseTime="2009-11-30 17:36:00" Close="0.9160" Swap="0.00" Profit="-17.60" Comment="1 (105)" />
        <deal Ticket="1118376" OpenTime="2009-11-30 11:14:00" DealType="-1" Lots="0.10" Symbol="EURUSD" Open="1.5038" SL="0.0000" TP="0.0000" CloseTime="2009-11-30 17:36:00" Close="1.5042" Swap="0.00" Profit="-4.00" Comment="1 (106)" />
        <deal Ticket="1118377" OpenTime="2009-11-30 11:14:00" DealType="1" Lots="0.10" Symbol="EURAUD" Open="1.6441" SL="0.0000" TP="0.0000" CloseTime="2009-11-30 17:36:00" Close="1.6419" Swap="0.00" Profit="-20.14" Comment="1 (107)" />
        <deal Ticket="1118352" OpenTime="2009-11-30 06:03:00" DealType="1" Lots="0.10" Symbol="EURAUD" Open="1.6398" SL="0.0000" TP="0.0000" CloseTime="2009-11-30 17:36:00" Close="1.6419" Swap="0.00" Profit="19.23" Comment="1 (108)" />
        <deal Ticket="1118351" OpenTime="2009-11-30 06:03:00" DealType="-1" Lots="0.10" Symbol="EURUSD" Open="1.5064" SL="0.0000" TP="0.0000" CloseTime="2009-11-30 17:36:00" Close="1.5042" Swap="0.00" Profit="22.00" Comment="1 (109)" />
        <deal Ticket="1118350" OpenTime="2009-11-30 06:03:00" DealType="-1" Lots="0.16" Symbol="AUDUSD" Open="0.9188" SL="0.0000" TP="0.0000" CloseTime="2009-11-30 17:35:00" Close="0.9160" Swap="0.00" Profit="44.80" Comment="1 (110)" />
        <deal Ticket="1118312" OpenTime="2009-11-27 21:05:00" DealType="1" Lots="0.16" Symbol="AUDUSD" Open="0.9065" SL="0.0000" TP="0.0000" CloseTime="2009-11-30 06:03:00" Close="0.9188" Swap="0.00" Profit="196.80" Comment="1 (111)" />
        <deal Ticket="1118313" OpenTime="2009-11-27 21:05:00" DealType="1" Lots="0.10" Symbol="EURUSD" Open="1.4964" SL="0.0000" TP="0.0000" CloseTime="2009-11-30 06:03:00" Close="1.5064" Swap="0.00" Profit="100.00" Comment="1 (112)" />
        <deal Ticket="1118314" OpenTime="2009-11-27 21:05:00" DealType="-1" Lots="0.10" Symbol="EURAUD" Open="1.6504" SL="0.0000" TP="0.0000" CloseTime="2009-11-30 06:03:00" Close="1.6400" Swap="0.00" Profit="95.59" Comment="1 (113)" />
        <deal Ticket="1118280" OpenTime="2009-11-27 16:50:00" DealType="-1" Lots="0.10" Symbol="EURAUD" Open="1.6470" SL="0.0000" TP="0.0000" CloseTime="2009-11-30 06:03:00" Close="1.6404" Swap="0.00" Profit="60.66" Comment="1 (114)" />
        <deal Ticket="1118279" OpenTime="2009-11-27 16:50:00" DealType="1" Lots="0.10" Symbol="EURUSD" Open="1.4908" SL="0.0000" TP="0.0000" CloseTime="2009-11-30 06:03:00" Close="1.5067" Swap="0.00" Profit="159.00" Comment="1 (115)" />
        <deal Ticket="1118278" OpenTime="2009-11-27 16:50:00" DealType="1" Lots="0.16" Symbol="AUDUSD" Open="0.9051" SL="0.0000" TP="0.0000" CloseTime="2009-11-30 06:02:00" Close="0.9188" Swap="0.00" Profit="219.20" Comment="1 (116)" />
        <deal Ticket="1118247" OpenTime="2009-11-27 12:06:00" DealType="1" Lots="0.16" Symbol="AUDUSD" Open="0.9003" SL="0.0000" TP="0.0000" CloseTime="2009-11-30 06:02:00" Close="0.9188" Swap="0.00" Profit="296.00" Comment="1 (117)" />
        <deal Ticket="1118248" OpenTime="2009-11-27 12:06:00" DealType="1" Lots="0.10" Symbol="EURUSD" Open="1.4894" SL="0.0000" TP="0.0000" CloseTime="2009-11-30 06:02:00" Close="1.5067" Swap="0.00" Profit="173.00" Comment="1 (118)" />
        <deal Ticket="1118249" OpenTime="2009-11-27 12:06:00" DealType="-1" Lots="0.10" Symbol="EURAUD" Open="1.6540" SL="0.0000" TP="0.0000" CloseTime="2009-11-30 06:02:00" Close="1.6404" Swap="0.00" Profit="124.99" Comment="1 (119)" />
        <deal Ticket="1118204" OpenTime="2009-11-27 02:43:00" DealType="-1" Lots="0.10" Symbol="EURAUD" Open="1.6498" SL="0.0000" TP="0.0000" CloseTime="2009-11-30 06:02:00" Close="1.6407" Swap="0.00" Profit="83.63" Comment="1 (120)" />
        <deal Ticket="1118203" OpenTime="2009-11-27 02:43:00" DealType="1" Lots="0.10" Symbol="EURUSD" Open="1.4972" SL="0.0000" TP="0.0000" CloseTime="2009-11-30 06:01:00" Close="1.5067" Swap="0.00" Profit="95.00" Comment="1 (121)" />
        <deal Ticket="1118202" OpenTime="2009-11-27 02:43:00" DealType="1" Lots="0.16" Symbol="AUDUSD" Open="0.9073" SL="0.0000" TP="0.0000" CloseTime="2009-11-30 06:01:00" Close="0.9183" Swap="0.00" Profit="176.00" Comment="1 (122)" />
        <deal Ticket="1118169" OpenTime="2009-11-26 23:04:00" DealType="-1" Lots="0.10" Symbol="EURAUD" Open="1.6433" SL="0.0000" TP="0.0000" CloseTime="2009-11-30 06:01:00" Close="1.6409" Swap="0.00" Profit="22.04" Comment="1 (123)" />
        <deal Ticket="1118168" OpenTime="2009-11-26 23:04:00" DealType="1" Lots="0.10" Symbol="EURUSD" Open="1.5017" SL="0.0000" TP="0.0000" CloseTime="2009-11-30 06:01:00" Close="1.5065" Swap="0.00" Profit="48.00" Comment="1 (124)" />
        <deal Ticket="1118167" OpenTime="2009-11-26 23:04:00" DealType="1" Lots="0.16" Symbol="AUDUSD" Open="0.9136" SL="0.0000" TP="0.0000" CloseTime="2009-11-30 06:01:00" Close="0.9183" Swap="0.00" Profit="75.20" Comment="1 (125)" />
        <deal Ticket="1118142" OpenTime="2009-11-26 18:51:00" DealType="1" Lots="0.16" Symbol="AUDUSD" Open="0.9116" SL="0.0000" TP="0.0000" CloseTime="2009-11-26 23:03:00" Close="0.9133" Swap="0.00" Profit="27.20" Comment="1 (126)" />
        <deal Ticket="1118143" OpenTime="2009-11-26 18:51:00" DealType="1" Lots="0.10" Symbol="EURUSD" Open="1.4989" SL="0.0000" TP="0.0000" CloseTime="2009-11-26 23:03:00" Close="1.5015" Swap="0.00" Profit="26.00" Comment="1 (127)" />
        <deal Ticket="1118144" OpenTime="2009-11-26 18:51:00" DealType="-1" Lots="0.10" Symbol="EURAUD" Open="1.6440" SL="0.0000" TP="0.0000" CloseTime="2009-11-26 23:03:00" Close="1.6443" Swap="0.00" Profit="-2.74" Comment="1 (128)" />
        <deal Ticket="1118140" OpenTime="2009-11-26 18:38:00" DealType="1" Lots="0.10" Symbol="EURUSD" Open="1.4985" SL="0.0000" TP="0.0000" CloseTime="2009-11-26 23:03:00" Close="1.5010" Swap="0.00" Profit="25.00" Comment="1 (129)" />
        <deal Ticket="1118141" OpenTime="2009-11-26 18:38:00" DealType="-1" Lots="0.10" Symbol="EURAUD" Open="1.6441" SL="0.0000" TP="0.0000" CloseTime="2009-11-26 23:03:00" Close="1.6441" Swap="0.00" Profit="0.00" Comment="1 (130)" />
        <deal Ticket="1118139" OpenTime="2009-11-26 18:38:00" DealType="1" Lots="0.16" Symbol="AUDUSD" Open="0.9113" SL="0.0000" TP="0.0000" CloseTime="2009-11-26 23:03:00" Close="0.9133" Swap="0.00" Profit="32.00" Comment="1 (131)" />
        <deal Ticket="1118122" OpenTime="2009-11-26 17:06:00" DealType="1" Lots="0.16" Symbol="AUDUSD" Open="0.9143" SL="0.0000" TP="0.0000" CloseTime="2009-11-26 23:03:00" Close="0.9133" Swap="0.00" Profit="-16.00" Comment="1 (132)" />
        <deal Ticket="1118123" OpenTime="2009-11-26 17:06:00" DealType="1" Lots="0.10" Symbol="EURUSD" Open="1.5034" SL="0.0000" TP="0.0000" CloseTime="2009-11-26 23:03:00" Close="1.5015" Swap="0.00" Profit="-19.00" Comment="1 (133)" />
        <deal Ticket="1118124" OpenTime="2009-11-26 17:06:00" DealType="-1" Lots="0.10" Symbol="EURAUD" Open="1.6440" SL="0.0000" TP="0.0000" CloseTime="2009-11-26 23:03:00" Close="1.6443" Swap="0.00" Profit="-2.74" Comment="1 (134)" />
        <deal Ticket="1118116" OpenTime="2009-11-26 16:37:00" DealType="1" Lots="0.10" Symbol="EURAUD" Open="1.6436" SL="0.0000" TP="0.0000" CloseTime="2009-11-26 17:06:00" Close="1.6440" Swap="0.00" Profit="3.66" Comment="1 (135)" />
        <deal Ticket="1118115" OpenTime="2009-11-26 16:37:00" DealType="-1" Lots="0.10" Symbol="EURUSD" Open="1.5050" SL="0.0000" TP="0.0000" CloseTime="2009-11-26 17:06:00" Close="1.5034" Swap="0.00" Profit="16.00" Comment="1 (136)" />
        <deal Ticket="1118114" OpenTime="2009-11-26 16:37:00" DealType="-1" Lots="0.16" Symbol="AUDUSD" Open="0.9159" SL="0.0000" TP="0.0000" CloseTime="2009-11-26 17:06:00" Close="0.9141" Swap="0.00" Profit="28.80" Comment="1 (137)" />
        <deal Ticket="1118091" OpenTime="2009-11-26 12:35:00" DealType="-1" Lots="0.16" Symbol="AUDUSD" Open="0.9177" SL="0.0000" TP="0.0000" CloseTime="2009-11-26 16:37:00" Close="0.9162" Swap="0.00" Profit="24.00" Comment="1 (138)" />
        <deal Ticket="1118092" OpenTime="2009-11-26 12:35:00" DealType="-1" Lots="0.10" Symbol="EURUSD" Open="1.5085" SL="0.0000" TP="0.0000" CloseTime="2009-11-26 16:37:00" Close="1.5055" Swap="0.00" Profit="30.00" Comment="1 (139)" />
        <deal Ticket="1118093" OpenTime="2009-11-26 12:35:00" DealType="1" Lots="0.10" Symbol="EURAUD" Open="1.6442" SL="0.0000" TP="0.0000" CloseTime="2009-11-26 16:37:00" Close="1.6427" Swap="0.00" Profit="-13.74" Comment="1 (140)" />
        <deal Ticket="1118081" OpenTime="2009-11-26 10:40:00" DealType="1" Lots="0.10" Symbol="EURAUD" Open="1.6410" SL="0.0000" TP="0.0000" CloseTime="2009-11-26 16:37:00" Close="1.6432" Swap="0.00" Profit="20.15" Comment="1 (141)" />
        <deal Ticket="1118080" OpenTime="2009-11-26 10:40:00" DealType="-1" Lots="0.10" Symbol="EURUSD" Open="1.5067" SL="0.0000" TP="0.0000" CloseTime="2009-11-26 16:37:00" Close="1.5059" Swap="0.00" Profit="8.00" Comment="1 (142)" />
        <deal Ticket="1118079" OpenTime="2009-11-26 10:40:00" DealType="-1" Lots="0.16" Symbol="AUDUSD" Open="0.9183" SL="0.0000" TP="0.0000" CloseTime="2009-11-26 16:37:00" Close="0.9162" Swap="0.00" Profit="33.60" Comment="1 (143)" />
        <deal Ticket="1118077" OpenTime="2009-11-26 10:31:00" DealType="-1" Lots="0.10" Symbol="EURUSD" Open="1.5086" SL="0.0000" TP="0.0000" CloseTime="2009-11-26 16:37:00" Close="1.5059" Swap="0.00" Profit="27.00" Comment="1 (144)" />
        <deal Ticket="1118078" OpenTime="2009-11-26 10:31:00" DealType="1" Lots="0.10" Symbol="EURAUD" Open="1.6387" SL="0.0000" TP="0.0000" CloseTime="2009-11-26 16:37:00" Close="1.6431" Swap="0.00" Profit="40.31" Comment="1 (145)" />
        <deal Ticket="1118076" OpenTime="2009-11-26 10:31:00" DealType="-1" Lots="0.16" Symbol="AUDUSD" Open="0.9208" SL="0.0000" TP="0.0000" CloseTime="2009-11-26 16:36:00" Close="0.9163" Swap="0.00" Profit="72.00" Comment="1 (146)" />
        <deal Ticket="1118071" OpenTime="2009-11-26 09:45:00" DealType="-1" Lots="0.10" Symbol="EURAUD" Open="1.6351" SL="0.0000" TP="0.0000" CloseTime="2009-11-26 10:31:00" Close="1.6388" Swap="0.00" Profit="-34.08" Comment=" (147)" />
        <deal Ticket="1118070" OpenTime="2009-11-26 09:45:00" DealType="1" Lots="0.10" Symbol="AUDUSD" Open="0.9226" SL="0.0000" TP="0.0000" CloseTime="2009-11-26 10:31:00" Close="0.9208" Swap="0.00" Profit="-18.00" Comment=" (148)" />
        <deal Ticket="1118069" OpenTime="2009-11-26 09:45:00" DealType="-1" Lots="0.10" Symbol="EURUSD" Open="1.5085" SL="0.0000" TP="0.0000" CloseTime="2009-11-26 10:31:00" Close="1.5089" Swap="0.00" Profit="-4.00" Comment=" (149)" />
        <deal Ticket="1118065" OpenTime="2009-11-26 09:14:00" DealType="-1" Lots="0.16" Symbol="AUDUSD" Open="0.9214" SL="0.0000" TP="0.0000" CloseTime="2009-11-26 09:45:00" Close="0.9226" Swap="0.00" Profit="-19.20" Comment="1 (150)" />
        <deal Ticket="1118066" OpenTime="2009-11-26 09:14:00" DealType="-1" Lots="0.10" Symbol="EURUSD" Open="1.5077" SL="0.0000" TP="0.0000" CloseTime="2009-11-26 09:45:00" Close="1.5087" Swap="0.00" Profit="-10.00" Comment="1 (151)" />
        <deal Ticket="1118067" OpenTime="2009-11-26 09:14:00" DealType="1" Lots="0.10" Symbol="EURAUD" Open="1.6367" SL="0.0000" TP="0.0000" CloseTime="2009-11-26 09:45:00" Close="1.6350" Swap="0.00" Profit="-15.67" Comment="1 (152)" />
        <deal Ticket="1118060" OpenTime="2009-11-26 08:45:00" DealType="1" Lots="0.10" Symbol="EURAUD" Open="1.6344" SL="0.0000" TP="0.0000" CloseTime="2009-11-26 09:14:00" Close="1.6356" Swap="0.00" Profit="11.06" Comment=" (153)" />
        <deal Ticket="1118058" OpenTime="2009-11-26 08:38:00" DealType="-1" Lots="0.10" Symbol="EURUSD" Open="1.5113" SL="0.0000" TP="0.0000" CloseTime="2009-11-26 09:14:00" Close="1.5078" Swap="0.00" Profit="35.00" Comment="1 (154)" />
        <deal Ticket="1118057" OpenTime="2009-11-26 08:38:00" DealType="-1" Lots="0.16" Symbol="AUDUSD" Open="0.9249" SL="0.0000" TP="0.0000" CloseTime="2009-11-26 09:14:00" Close="0.9217" Swap="0.00" Profit="51.20" Comment="1 (155)" />
        <deal Ticket="1118053" OpenTime="2009-11-26 07:58:00" DealType="1" Lots="0.10" Symbol="EURAUD" Open="1.6386" SL="0.0000" TP="0.0000" CloseTime="2009-11-26 09:14:00" Close="1.6357" Swap="0.00" Profit="-26.72" Comment="1 (156)" />
        <deal Ticket="1118051" OpenTime="2009-11-26 07:58:00" DealType="-1" Lots="0.16" Symbol="AUDUSD" Open="0.9218" SL="0.0000" TP="0.0000" CloseTime="2009-11-26 09:14:00" Close="0.9216" Swap="0.00" Profit="3.20" Comment="1 (157)" />
        <deal Ticket="1118052" OpenTime="2009-11-26 07:58:00" DealType="-1" Lots="0.10" Symbol="EURUSD" Open="1.5102" SL="0.0000" TP="0.0000" CloseTime="2009-11-26 09:13:00" Close="1.5077" Swap="0.00" Profit="25.00" Comment="1 (158)" />
        <deal Ticket="1115992" OpenTime="2009-11-24 19:59:00" DealType="-1" Lots="0.10" Symbol="EURUSD" Open="1.4950" SL="0.0000" TP="0.0000" CloseTime="2009-11-26 07:58:00" Close="1.5103" Swap="0.00" Profit="-153.00" Comment="1 (159)" />
        <deal Ticket="1115991" OpenTime="2009-11-24 19:59:00" DealType="-1" Lots="0.16" Symbol="AUDUSD" Open="0.9160" SL="0.0000" TP="0.0000" CloseTime="2009-11-26 07:58:00" Close="0.9221" Swap="0.00" Profit="-97.60" Comment="1 (160)" />
        <deal Ticket="1117898" OpenTime="2009-11-25 23:02:00" DealType="-1" Lots="0.10" Symbol="EURUSD" Open="1.5142" SL="0.0000" TP="0.0000" CloseTime="2009-11-26 07:57:00" Close="1.5107" Swap="0.00" Profit="35.00" Comment="1 (161)" />
        <deal Ticket="1117897" OpenTime="2009-11-25 23:02:00" DealType="-1" Lots="0.16" Symbol="AUDUSD" Open="0.9319" SL="0.0000" TP="0.0000" CloseTime="2009-11-26 07:57:00" Close="0.9223" Swap="0.00" Profit="153.60" Comment="1 (162)" />
        <deal Ticket="1117871" OpenTime="2009-11-25 22:40:00" DealType="-1" Lots="0.16" Symbol="AUDUSD" Open="0.9316" SL="0.0000" TP="0.0000" CloseTime="2009-11-26 07:57:00" Close="0.9221" Swap="0.00" Profit="152.00" Comment="1 (163)" />
        <deal Ticket="1117872" OpenTime="2009-11-25 22:40:00" DealType="-1" Lots="0.10" Symbol="EURUSD" Open="1.5143" SL="0.0000" TP="0.0000" CloseTime="2009-11-26 07:57:00" Close="1.5104" Swap="0.00" Profit="39.00" Comment="1 (164)" />
        <deal Ticket="1117873" OpenTime="2009-11-25 22:40:00" DealType="1" Lots="0.10" Symbol="EURAUD" Open="1.6257" SL="0.0000" TP="0.0000" CloseTime="2009-11-26 07:57:00" Close="1.6373" Swap="0.00" Profit="106.96" Comment="1 (165)" />
        <deal Ticket="1117744" OpenTime="2009-11-25 19:11:00" DealType="1" Lots="0.10" Symbol="EURAUD" Open="1.6259" SL="0.0000" TP="0.0000" CloseTime="2009-11-26 07:57:00" Close="1.6373" Swap="0.00" Profit="105.11" Comment="1 (166)" />
        <deal Ticket="1117743" OpenTime="2009-11-25 19:11:00" DealType="-1" Lots="0.10" Symbol="EURUSD" Open="1.5080" SL="0.0000" TP="0.0000" CloseTime="2009-11-26 07:57:00" Close="1.5104" Swap="0.00" Profit="-24.00" Comment="1 (167)" />
        <deal Ticket="1117742" OpenTime="2009-11-25 19:11:00" DealType="-1" Lots="0.16" Symbol="AUDUSD" Open="0.9278" SL="0.0000" TP="0.0000" CloseTime="2009-11-26 07:57:00" Close="0.9223" Swap="0.00" Profit="88.00" Comment="1 (168)" />
        <deal Ticket="1116159" OpenTime="2009-11-25 07:27:00" DealType="1" Lots="0.10" Symbol="EURAUD" Open="1.6200" SL="0.0000" TP="0.0000" CloseTime="2009-11-26 07:57:00" Close="1.6374" Swap="0.00" Profit="160.43" Comment="1 (169)" />
        <deal Ticket="1116158" OpenTime="2009-11-25 07:27:00" DealType="-1" Lots="0.10" Symbol="EURUSD" Open="1.4988" SL="0.0000" TP="0.0000" CloseTime="2009-11-26 07:57:00" Close="1.5104" Swap="0.00" Profit="-116.00" Comment="1 (170)" />
        <deal Ticket="1116157" OpenTime="2009-11-25 07:27:00" DealType="-1" Lots="0.16" Symbol="AUDUSD" Open="0.9255" SL="0.0000" TP="0.0000" CloseTime="2009-11-26 07:57:00" Close="0.9223" Swap="0.00" Profit="51.20" Comment="1 (171)" />
        <deal Ticket="1116000" OpenTime="2009-11-24 20:29:00" DealType="1" Lots="0.10" Symbol="EURAUD" Open="1.6310" SL="0.0000" TP="0.0000" CloseTime="2009-11-26 07:57:00" Close="1.6376" Swap="0.00" Profit="60.84" Comment="1 (172)" />
        <deal Ticket="1115999" OpenTime="2009-11-24 20:29:00" DealType="-1" Lots="0.10" Symbol="EURUSD" Open="1.4966" SL="0.0000" TP="0.0000" CloseTime="2009-11-26 07:57:00" Close="1.5103" Swap="0.00" Profit="-137.00" Comment="1 (173)" />
        <deal Ticket="1115998" OpenTime="2009-11-24 20:29:00" DealType="-1" Lots="0.16" Symbol="AUDUSD" Open="0.9178" SL="0.0000" TP="0.0000" CloseTime="2009-11-26 07:57:00" Close="0.9221" Swap="0.00" Profit="-68.80" Comment="1 (174)" />
        <deal Ticket="1115993" OpenTime="2009-11-24 19:59:00" DealType="1" Lots="0.10" Symbol="EURAUD" Open="1.6325" SL="0.0000" TP="0.0000" CloseTime="2009-11-26 07:57:00" Close="1.6374" Swap="0.00" Profit="45.17" Comment="1 (175)" />
        <deal Ticket="1117899" OpenTime="2009-11-25 23:02:00" DealType="1" Lots="0.10" Symbol="EURAUD" Open="1.6252" SL="0.0000" TP="0.0000" CloseTime="2009-11-26 07:56:00" Close="1.6376" Swap="0.00" Profit="114.33" Comment="1 (176)" />
        <deal Ticket="1115950" OpenTime="2009-11-24 15:24:00" DealType="-1" Lots="0.10" Symbol="EURUSD" Open="1.4975" SL="0.0000" TP="0.0000" CloseTime="2009-11-24 18:44:00" Close="1.4931" Swap="0.00" Profit="44.00" Comment="1 (177)" />
        <deal Ticket="1115940" OpenTime="2009-11-24 14:14:00" DealType="-1" Lots="0.16" Symbol="AUDUSD" Open="0.9191" SL="0.0000" TP="0.0000" CloseTime="2009-11-24 18:44:00" Close="0.9160" Swap="0.00" Profit="49.60" Comment="1 (178)" />
        <deal Ticket="1115941" OpenTime="2009-11-24 14:14:00" DealType="-1" Lots="0.10" Symbol="EURUSD" Open="1.4964" SL="0.0000" TP="0.0000" CloseTime="2009-11-24 18:44:00" Close="1.4931" Swap="0.00" Profit="33.00" Comment="1 (179)" />
        <deal Ticket="1115916" OpenTime="2009-11-24 12:16:00" DealType="-1" Lots="0.10" Symbol="EURUSD" Open="1.4934" SL="0.0000" TP="0.0000" CloseTime="2009-11-24 18:44:00" Close="1.4931" Swap="0.00" Profit="3.00" Comment="1 (180)" />
        <deal Ticket="1115910" OpenTime="2009-11-24 10:05:00" DealType="-1" Lots="0.10" Symbol="EURUSD" Open="1.4903" SL="0.0000" TP="0.0000" CloseTime="2009-11-24 18:44:00" Close="1.4931" Swap="0.00" Profit="-28.00" Comment="1 (181)" />
        <deal Ticket="1115904" OpenTime="2009-11-24 09:20:00" DealType="-1" Lots="0.16" Symbol="AUDUSD" Open="0.9141" SL="0.0000" TP="0.0000" CloseTime="2009-11-24 18:44:00" Close="0.9161" Swap="0.00" Profit="-32.00" Comment="1 (182)" />
        <deal Ticket="1115949" OpenTime="2009-11-24 15:24:00" DealType="-1" Lots="0.16" Symbol="AUDUSD" Open="0.9213" SL="0.0000" TP="0.0000" CloseTime="2009-11-24 18:43:00" Close="0.9161" Swap="0.00" Profit="83.20" Comment="1 (183)" />
        <deal Ticket="1115923" OpenTime="2009-11-24 12:50:00" DealType="-1" Lots="0.16" Symbol="AUDUSD" Open="0.9188" SL="0.0000" TP="0.0000" CloseTime="2009-11-24 18:43:00" Close="0.9161" Swap="0.00" Profit="43.20" Comment="1 (184)" />
        <deal Ticket="1115915" OpenTime="2009-11-24 12:16:00" DealType="-1" Lots="0.16" Symbol="AUDUSD" Open="0.9182" SL="0.0000" TP="0.0000" CloseTime="2009-11-24 18:43:00" Close="0.9161" Swap="0.00" Profit="33.60" Comment="1 (185)" />
        <deal Ticket="1115917" OpenTime="2009-11-24 12:16:00" DealType="1" Lots="0.10" Symbol="EURAUD" Open="1.6267" SL="0.0000" TP="0.0000" CloseTime="2009-11-24 18:43:00" Close="1.6300" Swap="0.00" Profit="30.22" Comment="1 (186)" />
        <deal Ticket="1115911" OpenTime="2009-11-24 10:05:00" DealType="1" Lots="0.10" Symbol="EURAUD" Open="1.6279" SL="0.0000" TP="0.0000" CloseTime="2009-11-24 18:43:00" Close="1.6297" Swap="0.00" Profit="16.48" Comment="1 (187)" />
        <deal Ticket="1115909" OpenTime="2009-11-24 10:05:00" DealType="-1" Lots="0.16" Symbol="AUDUSD" Open="0.9157" SL="0.0000" TP="0.0000" CloseTime="2009-11-24 18:43:00" Close="0.9161" Swap="0.00" Profit="-6.40" Comment="1 (188)" />
        <deal Ticket="1115905" OpenTime="2009-11-24 09:20:00" DealType="-1" Lots="0.10" Symbol="EURUSD" Open="1.4897" SL="0.0000" TP="0.0000" CloseTime="2009-11-24 18:43:00" Close="1.4933" Swap="0.00" Profit="-36.00" Comment="1 (189)" />
        <deal Ticket="1115951" OpenTime="2009-11-24 15:24:00" DealType="1" Lots="0.10" Symbol="EURAUD" Open="1.6259" SL="0.0000" TP="0.0000" CloseTime="2009-11-24 18:42:00" Close="1.6301" Swap="0.00" Profit="38.46" Comment="1 (190)" />
        <deal Ticket="1115942" OpenTime="2009-11-24 14:14:00" DealType="1" Lots="0.10" Symbol="EURAUD" Open="1.6284" SL="0.0000" TP="0.0000" CloseTime="2009-11-24 18:42:00" Close="1.6300" Swap="0.00" Profit="14.65" Comment="1 (191)" />
        <deal Ticket="1115924" OpenTime="2009-11-24 12:50:00" DealType="-1" Lots="0.10" Symbol="EURUSD" Open="1.4948" SL="0.0000" TP="0.0000" CloseTime="2009-11-24 18:42:00" Close="1.4935" Swap="0.00" Profit="13.00" Comment="1 (192)" />
        <deal Ticket="1115925" OpenTime="2009-11-24 12:50:00" DealType="1" Lots="0.10" Symbol="EURAUD" Open="1.6274" SL="0.0000" TP="0.0000" CloseTime="2009-11-24 18:42:00" Close="1.6301" Swap="0.00" Profit="24.73" Comment="1 (193)" />
        <deal Ticket="1115906" OpenTime="2009-11-24 09:20:00" DealType="1" Lots="0.10" Symbol="EURAUD" Open="1.6301" SL="0.0000" TP="0.0000" CloseTime="2009-11-24 18:42:00" Close="1.6299" Swap="0.00" Profit="-1.84" Comment="1 (194)" />
        <deal Ticket="1115903" OpenTime="2009-11-24 09:20:00" DealType="1" Lots="0.10" Symbol="EURAUD" Open="1.6302" SL="0.0000" TP="0.0000" CloseTime="2009-11-24 09:20:00" Close="1.6288" Swap="0.00" Profit="-12.80" Comment="1 (195)" />
        <deal Ticket="1115901" OpenTime="2009-11-24 09:19:00" DealType="-1" Lots="0.16" Symbol="AUDUSD" Open="0.9145" SL="0.0000" TP="0.0000" CloseTime="2009-11-24 09:20:00" Close="0.9149" Swap="0.00" Profit="-6.40" Comment="1 (196)" />
        <deal Ticket="1115902" OpenTime="2009-11-24 09:19:00" DealType="-1" Lots="0.10" Symbol="EURUSD" Open="1.4904" SL="0.0000" TP="0.0000" CloseTime="2009-11-24 09:20:00" Close="1.4901" Swap="0.00" Profit="3.00" Comment="1 (197)" />
        <deal Ticket="1115799" OpenTime="2009-11-23 16:24:00" DealType="1" Lots="0.10" Symbol="EURAUD" Open="1.6181" SL="0.0000" TP="0.0000" CloseTime="2009-11-24 09:19:00" Close="1.6290" Swap="0.00" Profit="99.69" Comment="1 (198)" />
        <deal Ticket="1115798" OpenTime="2009-11-23 16:24:00" DealType="-1" Lots="0.10" Symbol="EURUSD" Open="1.4986" SL="0.0000" TP="0.0000" CloseTime="2009-11-24 09:19:00" Close="1.4906" Swap="0.00" Profit="80.00" Comment="1 (199)" />
        <deal Ticket="1115797" OpenTime="2009-11-23 16:24:00" DealType="-1" Lots="0.16" Symbol="AUDUSD" Open="0.9264" SL="0.0000" TP="0.0000" CloseTime="2009-11-24 09:19:00" Close="0.9149" Swap="0.00" Profit="184.00" Comment="1 (200)" />
        <deal Ticket="1115788" OpenTime="2009-11-23 15:55:00" DealType="-1" Lots="0.16" Symbol="AUDUSD" Open="0.9244" SL="0.0000" TP="0.0000" CloseTime="2009-11-24 09:19:00" Close="0.9148" Swap="0.00" Profit="153.60" Comment="1 (201)" />
        <deal Ticket="1115789" OpenTime="2009-11-23 15:55:00" DealType="-1" Lots="0.10" Symbol="EURUSD" Open="1.4974" SL="0.0000" TP="0.0000" CloseTime="2009-11-24 09:19:00" Close="1.4905" Swap="0.00" Profit="69.00" Comment="1 (202)" />
        <deal Ticket="1115790" OpenTime="2009-11-23 15:55:00" DealType="1" Lots="0.10" Symbol="EURAUD" Open="1.6202" SL="0.0000" TP="0.0000" CloseTime="2009-11-24 09:19:00" Close="1.6289" Swap="0.00" Profit="79.57" Comment="1 (203)" />
        <deal Ticket="1115723" OpenTime="2009-11-23 06:32:00" DealType="1" Lots="0.10" Symbol="EURAUD" Open="1.6250" SL="0.0000" TP="0.0000" CloseTime="2009-11-24 09:19:00" Close="1.6291" Swap="0.00" Profit="37.49" Comment="1 (204)" />
        <deal Ticket="1115722" OpenTime="2009-11-23 06:32:00" DealType="-1" Lots="0.10" Symbol="EURUSD" Open="1.4938" SL="0.0000" TP="0.0000" CloseTime="2009-11-24 09:19:00" Close="1.4905" Swap="0.00" Profit="33.00" Comment="1 (205)" />
        <deal Ticket="1115721" OpenTime="2009-11-23 06:32:00" DealType="-1" Lots="0.16" Symbol="AUDUSD" Open="0.9196" SL="0.0000" TP="0.0000" CloseTime="2009-11-24 09:19:00" Close="0.9148" Swap="0.00" Profit="76.80" Comment="1 (206)" />
        <deal Ticket="1115628" OpenTime="2009-11-20 14:51:00" DealType="-1" Lots="0.10" Symbol="EURAUD" Open="1.6302" SL="0.0000" TP="0.0000" CloseTime="2009-11-23 06:31:00" Close="1.6251" Swap="0.00" Profit="46.92" Comment="1 (207)" />
        <deal Ticket="1115627" OpenTime="2009-11-20 14:51:00" DealType="1" Lots="0.10" Symbol="EURUSD" Open="1.4815" SL="0.0000" TP="0.0000" CloseTime="2009-11-23 06:31:00" Close="1.4939" Swap="0.00" Profit="124.00" Comment="1 (208)" />
        <deal Ticket="1115626" OpenTime="2009-11-20 14:51:00" DealType="1" Lots="0.16" Symbol="AUDUSD" Open="0.9086" SL="0.0000" TP="0.0000" CloseTime="2009-11-23 06:31:00" Close="0.9196" Swap="0.00" Profit="176.00" Comment="1 (209)" />
        <deal Ticket="1115621" OpenTime="2009-11-20 14:33:00" DealType="1" Lots="0.10" Symbol="EURUSD" Open="1.4823" SL="0.0000" TP="0.0000" CloseTime="2009-11-23 06:31:00" Close="1.4939" Swap="0.00" Profit="116.00" Comment="1 (210)" />
        <deal Ticket="1115622" OpenTime="2009-11-20 14:33:00" DealType="-1" Lots="0.10" Symbol="EURAUD" Open="1.6310" SL="0.0000" TP="0.0000" CloseTime="2009-11-23 06:31:00" Close="1.6251" Swap="0.00" Profit="54.28" Comment="1 (211)" />
        <deal Ticket="1115620" OpenTime="2009-11-20 14:33:00" DealType="1" Lots="0.16" Symbol="AUDUSD" Open="0.9086" SL="0.0000" TP="0.0000" CloseTime="2009-11-23 06:30:00" Close="0.9197" Swap="0.00" Profit="177.60" Comment="1 (212)" />
        <deal Ticket="1115601" OpenTime="2009-11-20 11:53:00" DealType="1" Lots="0.10" Symbol="EURUSD" Open="1.4881" SL="0.0000" TP="0.0000" CloseTime="2009-11-23 06:30:00" Close="1.4939" Swap="0.00" Profit="58.00" Comment="1 (213)" />
        <deal Ticket="1115602" OpenTime="2009-11-20 11:53:00" DealType="-1" Lots="0.10" Symbol="EURAUD" Open="1.6271" SL="0.0000" TP="0.0000" CloseTime="2009-11-23 06:30:00" Close="1.6250" Swap="0.00" Profit="19.31" Comment="1 (214)" />
        <deal Ticket="1115600" OpenTime="2009-11-20 11:53:00" DealType="1" Lots="0.16" Symbol="AUDUSD" Open="0.9144" SL="0.0000" TP="0.0000" CloseTime="2009-11-23 06:30:00" Close="0.9197" Swap="0.00" Profit="84.80" Comment="1 (215)" />
        <deal Ticket="1115495" OpenTime="2009-11-19 13:33:00" DealType="1" Lots="0.16" Symbol="AUDUSD" Open="0.9163" SL="0.0000" TP="0.0000" CloseTime="2009-11-23 06:30:00" Close="0.9197" Swap="0.00" Profit="54.40" Comment="1 (216)" />
        <deal Ticket="1115496" OpenTime="2009-11-19 13:33:00" DealType="1" Lots="0.10" Symbol="EURUSD" Open="1.4860" SL="0.0000" TP="0.0000" CloseTime="2009-11-23 06:30:00" Close="1.4939" Swap="0.00" Profit="79.00" Comment="1 (217)" />
        <deal Ticket="1115497" OpenTime="2009-11-19 13:33:00" DealType="-1" Lots="0.10" Symbol="EURAUD" Open="1.6214" SL="0.0000" TP="0.0000" CloseTime="2009-11-23 06:30:00" Close="1.6249" Swap="0.00" Profit="-32.20" Comment="1 (218)" />
        <deal Ticket="1115494" OpenTime="2009-11-19 13:25:00" DealType="-1" Lots="0.10" Symbol="EURAUD" Open="1.6186" SL="0.0000" TP="0.0000" CloseTime="2009-11-23 06:30:00" Close="1.6250" Swap="0.00" Profit="-58.88" Comment="1 (219)" />
        <deal Ticket="1115493" OpenTime="2009-11-19 13:25:00" DealType="1" Lots="0.10" Symbol="EURUSD" Open="1.4863" SL="0.0000" TP="0.0000" CloseTime="2009-11-23 06:30:00" Close="1.4939" Swap="0.00" Profit="76.00" Comment="1 (220)" />
        <deal Ticket="1115492" OpenTime="2009-11-19 13:25:00" DealType="1" Lots="0.16" Symbol="AUDUSD" Open="0.9179" SL="0.0000" TP="0.0000" CloseTime="2009-11-23 06:30:00" Close="0.9196" Swap="0.00" Profit="27.20" Comment="1 (221)" />
        <deal Ticket="1115472" OpenTime="2009-11-19 10:00:00" DealType="1" Lots="0.16" Symbol="AUDUSD" Open="0.9211" SL="0.0000" TP="0.0000" CloseTime="2009-11-23 06:29:00" Close="0.9196" Swap="0.00" Profit="-24.00" Comment="1 (222)" />
        <deal Ticket="1115473" OpenTime="2009-11-19 10:00:00" DealType="1" Lots="0.10" Symbol="EURUSD" Open="1.4872" SL="0.0000" TP="0.0000" CloseTime="2009-11-23 06:29:00" Close="1.4939" Swap="0.00" Profit="67.00" Comment="1 (223)" />
        <deal Ticket="1115474" OpenTime="2009-11-19 10:00:00" DealType="-1" Lots="0.10" Symbol="EURAUD" Open="1.6146" SL="0.0000" TP="0.0000" CloseTime="2009-11-23 06:29:00" Close="1.6250" Swap="0.00" Profit="-95.67" Comment="1 (224)" />
        <deal Ticket="1115460" OpenTime="2009-11-19 08:10:00" DealType="-1" Lots="0.10" Symbol="EURAUD" Open="1.6132" SL="0.0000" TP="0.0000" CloseTime="2009-11-23 06:29:00" Close="1.6251" Swap="0.00" Profit="-109.46" Comment="1 (225)" />
        <deal Ticket="1115459" OpenTime="2009-11-19 08:10:00" DealType="1" Lots="0.10" Symbol="EURUSD" Open="1.4920" SL="0.0000" TP="0.0000" CloseTime="2009-11-23 06:29:00" Close="1.4940" Swap="0.00" Profit="20.00" Comment="1 (226)" />
        <deal Ticket="1115458" OpenTime="2009-11-19 08:10:00" DealType="1" Lots="0.16" Symbol="AUDUSD" Open="0.9247" SL="0.0000" TP="0.0000" CloseTime="2009-11-23 06:29:00" Close="0.9196" Swap="0.00" Profit="-81.60" Comment="1 (227)" />
        <deal Ticket="1114483" OpenTime="2009-11-18 13:46:00" DealType="-1" Lots="0.16" Symbol="AUDUSD" Open="0.9330" SL="0.0000" TP="0.0000" CloseTime="2009-11-19 08:07:00" Close="0.9245" Swap="0.00" Profit="136.00" Comment="1 (228)" />
        <deal Ticket="1114484" OpenTime="2009-11-18 13:46:00" DealType="-1" Lots="0.10" Symbol="EURUSD" Open="1.4963" SL="0.0000" TP="0.0000" CloseTime="2009-11-19 08:07:00" Close="1.4918" Swap="0.00" Profit="45.00" Comment="1 (229)" />
        <deal Ticket="1114485" OpenTime="2009-11-18 13:46:00" DealType="1" Lots="0.10" Symbol="EURAUD" Open="1.6042" SL="0.0000" TP="0.0000" CloseTime="2009-11-19 08:07:00" Close="1.6134" Swap="0.00" Profit="85.02" Comment="1 (230)" />
        <deal Ticket="1113235" OpenTime="2009-11-18 00:55:00" DealType="-1" Lots="0.10" Symbol="EURAUD" Open="1.5983" SL="0.0000" TP="0.0000" CloseTime="2009-11-18 13:46:00" Close="1.6042" Swap="0.00" Profit="-55.07" Comment="1 (231)" />
        <deal Ticket="1113234" OpenTime="2009-11-18 00:55:00" DealType="1" Lots="0.10" Symbol="EURUSD" Open="1.4860" SL="0.0000" TP="0.0000" CloseTime="2009-11-18 13:46:00" Close="1.4964" Swap="0.00" Profit="104.00" Comment="1 (232)" />
        <deal Ticket="1113233" OpenTime="2009-11-18 00:55:00" DealType="1" Lots="0.16" Symbol="AUDUSD" Open="0.9295" SL="0.0000" TP="0.0000" CloseTime="2009-11-18 13:46:00" Close="0.9330" Swap="0.00" Profit="56.00" Comment="1 (233)" />
        <deal Ticket="1113205" OpenTime="2009-11-17 20:50:00" DealType="-1" Lots="0.10" Symbol="EURAUD" Open="1.5981" SL="0.0000" TP="0.0000" CloseTime="2009-11-18 13:46:00" Close="1.6042" Swap="0.00" Profit="-56.93" Comment="1 (234)" />
        <deal Ticket="1113204" OpenTime="2009-11-17 20:50:00" DealType="1" Lots="0.10" Symbol="EURUSD" Open="1.4865" SL="0.0000" TP="0.0000" CloseTime="2009-11-18 13:45:00" Close="1.4964" Swap="0.00" Profit="99.00" Comment="1 (235)" />
        <deal Ticket="1113203" OpenTime="2009-11-17 20:50:00" DealType="1" Lots="0.16" Symbol="AUDUSD" Open="0.9300" SL="0.0000" TP="0.0000" CloseTime="2009-11-18 13:45:00" Close="0.9332" Swap="0.00" Profit="51.20" Comment="1 (236)" />
        <deal Ticket="1113171" OpenTime="2009-11-17 17:37:00" DealType="1" Lots="0.16" Symbol="AUDUSD" Open="0.9258" SL="0.0000" TP="0.0000" CloseTime="2009-11-17 20:50:00" Close="0.9298" Swap="0.00" Profit="64.00" Comment="1 (237)" />
        <deal Ticket="1113172" OpenTime="2009-11-17 17:37:00" DealType="1" Lots="0.10" Symbol="EURUSD" Open="1.4842" SL="0.0000" TP="0.0000" CloseTime="2009-11-17 20:50:00" Close="1.4863" Swap="0.00" Profit="21.00" Comment="1 (238)" />
        <deal Ticket="1113173" OpenTime="2009-11-17 17:37:00" DealType="-1" Lots="0.10" Symbol="EURAUD" Open="1.6028" SL="0.0000" TP="0.0000" CloseTime="2009-11-17 20:50:00" Close="1.5988" Swap="0.00" Profit="37.20" Comment="1 (239)" />
        <deal Ticket="1113169" OpenTime="2009-11-17 17:06:00" DealType="-1" Lots="0.10" Symbol="EURAUD" Open="1.6007" SL="0.0000" TP="0.0000" CloseTime="2009-11-17 20:50:00" Close="1.5993" Swap="0.00" Profit="13.02" Comment="1 (240)" />
        <deal Ticket="1113168" OpenTime="2009-11-17 17:06:00" DealType="1" Lots="0.10" Symbol="EURUSD" Open="1.4859" SL="0.0000" TP="0.0000" CloseTime="2009-11-17 20:49:00" Close="1.4865" Swap="0.00" Profit="6.00" Comment="1 (241)" />
        <deal Ticket="1113167" OpenTime="2009-11-17 17:06:00" DealType="1" Lots="0.16" Symbol="AUDUSD" Open="0.9281" SL="0.0000" TP="0.0000" CloseTime="2009-11-17 20:49:00" Close="0.9297" Swap="0.00" Profit="25.60" Comment="1 (242)" />
        <deal Ticket="1113058" OpenTime="2009-11-17 04:27:00" DealType="1" Lots="0.10" Symbol="EURAUD" Open="1.6010" SL="0.0000" TP="0.0000" CloseTime="2009-11-17 17:06:00" Close="1.6006" Swap="0.00" Profit="-3.71" Comment="1 (243)" />
        <deal Ticket="1113057" OpenTime="2009-11-17 04:27:00" DealType="-1" Lots="0.10" Symbol="EURUSD" Open="1.4953" SL="0.0000" TP="0.0000" CloseTime="2009-11-17 17:06:00" Close="1.4858" Swap="0.00" Profit="95.00" Comment="1 (244)" />
        <deal Ticket="1113056" OpenTime="2009-11-17 04:27:00" DealType="-1" Lots="0.16" Symbol="AUDUSD" Open="0.9343" SL="0.0000" TP="0.0000" CloseTime="2009-11-17 17:06:00" Close="0.9281" Swap="0.00" Profit="99.20" Comment="1 (245)" />
        <deal Ticket="1113036" OpenTime="2009-11-16 23:45:00" DealType="-1" Lots="0.16" Symbol="AUDUSD" Open="0.9376" SL="0.0000" TP="0.0000" CloseTime="2009-11-17 04:26:00" Close="0.9347" Swap="0.00" Profit="46.40" Comment="1 (246)" />
        <deal Ticket="1113037" OpenTime="2009-11-16 23:45:00" DealType="-1" Lots="0.10" Symbol="EURUSD" Open="1.4972" SL="0.0000" TP="0.0000" CloseTime="2009-11-17 04:26:00" Close="1.4955" Swap="0.00" Profit="17.00" Comment="1 (247)" />
        <deal Ticket="1113038" OpenTime="2009-11-16 23:45:00" DealType="1" Lots="0.10" Symbol="EURAUD" Open="1.5975" SL="0.0000" TP="0.0000" CloseTime="2009-11-17 04:26:00" Close="1.5997" Swap="0.00" Profit="20.56" Comment="1 (248)" />
        <deal Ticket="1113011" OpenTime="2009-11-16 20:11:00" DealType="1" Lots="0.10" Symbol="EURAUD" Open="1.5963" SL="0.0000" TP="0.0000" CloseTime="2009-11-17 04:26:00" Close="1.5998" Swap="0.00" Profit="32.70" Comment="1 (249)" />
        <deal Ticket="1113010" OpenTime="2009-11-16 20:11:00" DealType="-1" Lots="0.10" Symbol="EURUSD" Open="1.4963" SL="0.0000" TP="0.0000" CloseTime="2009-11-17 04:26:00" Close="1.4955" Swap="0.00" Profit="8.00" Comment="1 (250)" />
        <deal Ticket="1113009" OpenTime="2009-11-16 20:11:00" DealType="-1" Lots="0.16" Symbol="AUDUSD" Open="0.9375" SL="0.0000" TP="0.0000" CloseTime="2009-11-17 04:26:00" Close="0.9346" Swap="0.00" Profit="46.40" Comment="1 (251)" />
        <deal Ticket="1113005" OpenTime="2009-11-16 19:59:00" DealType="-1" Lots="0.16" Symbol="AUDUSD" Open="0.9364" SL="0.0000" TP="0.0000" CloseTime="2009-11-17 04:26:00" Close="0.9346" Swap="0.00" Profit="28.80" Comment="1 (252)" />
        <deal Ticket="1113006" OpenTime="2009-11-16 19:59:00" DealType="-1" Lots="0.10" Symbol="EURUSD" Open="1.4953" SL="0.0000" TP="0.0000" CloseTime="2009-11-17 04:26:00" Close="1.4956" Swap="0.00" Profit="-3.00" Comment="1 (253)" />
        <deal Ticket="1113007" OpenTime="2009-11-16 19:59:00" DealType="1" Lots="0.10" Symbol="EURAUD" Open="1.5970" SL="0.0000" TP="0.0000" CloseTime="2009-11-17 04:26:00" Close="1.5999" Swap="0.00" Profit="27.10" Comment="1 (254)" />
        <deal Ticket="1113033" OpenTime="2009-11-16 23:42:00" DealType="1" Lots="0.16" Symbol="AUDUSD" Open="0.9378" SL="0.0000" TP="0.0000" CloseTime="2009-11-16 23:44:00" Close="0.9375" Swap="0.00" Profit="-4.80" Comment="1 (255)" />
        <deal Ticket="1113034" OpenTime="2009-11-16 23:42:00" DealType="1" Lots="0.10" Symbol="EURUSD" Open="1.4976" SL="0.0000" TP="0.0000" CloseTime="2009-11-16 23:44:00" Close="1.4971" Swap="0.00" Profit="-5.00" Comment="1 (256)" />
        <deal Ticket="1113035" OpenTime="2009-11-16 23:42:00" DealType="-1" Lots="0.10" Symbol="EURAUD" Open="1.5967" SL="0.0000" TP="0.0000" CloseTime="2009-11-16 23:44:00" Close="1.5973" Swap="0.00" Profit="-5.63" Comment="1 (257)" />
        <deal Ticket="1113004" OpenTime="2009-11-16 19:38:00" DealType="-1" Lots="0.10" Symbol="EURAUD" Open="1.5954" SL="0.0000" TP="0.0000" CloseTime="2009-11-16 19:55:00" Close="1.5973" Swap="0.00" Profit="-17.79" Comment="1 (258)" />
        <deal Ticket="1113002" OpenTime="2009-11-16 19:38:00" DealType="1" Lots="0.16" Symbol="AUDUSD" Open="0.9356" SL="0.0000" TP="0.0000" CloseTime="2009-11-16 19:55:00" Close="0.9362" Swap="0.00" Profit="9.60" Comment="1 (259)" />
        <deal Ticket="1112998" OpenTime="2009-11-16 19:26:00" DealType="1" Lots="0.16" Symbol="AUDUSD" Open="0.9336" SL="0.0000" TP="0.0000" CloseTime="2009-11-16 19:55:00" Close="0.9363" Swap="0.00" Profit="43.20" Comment="1 (260)" />
        <deal Ticket="1113000" OpenTime="2009-11-16 19:26:00" DealType="-1" Lots="0.10" Symbol="EURAUD" Open="1.5957" SL="0.0000" TP="0.0000" CloseTime="2009-11-16 19:55:00" Close="1.5977" Swap="0.00" Profit="-18.73" Comment="1 (261)" />
        <deal Ticket="1113003" OpenTime="2009-11-16 19:38:00" DealType="1" Lots="0.10" Symbol="EURUSD" Open="1.4929" SL="0.0000" TP="0.0000" CloseTime="2009-11-16 19:54:00" Close="1.4948" Swap="0.00" Profit="19.00" Comment="1 (262)" />
        <deal Ticket="1112999" OpenTime="2009-11-16 19:26:00" DealType="1" Lots="0.10" Symbol="EURUSD" Open="1.4900" SL="0.0000" TP="0.0000" CloseTime="2009-11-16 19:54:00" Close="1.4950" Swap="0.00" Profit="50.00" Comment="1 (263)" />
        <deal Ticket="1112991" OpenTime="2009-11-16 18:00:00" DealType="1" Lots="0.10" Symbol="EURAUD" Open="1.5994" SL="0.0000" TP="0.0000" CloseTime="2009-11-16 19:24:00" Close="1.5953" Swap="0.00" Profit="-38.27" Comment="1 (264)" />
        <deal Ticket="1112989" OpenTime="2009-11-16 18:00:00" DealType="-1" Lots="0.16" Symbol="AUDUSD" Open="0.9366" SL="0.0000" TP="0.0000" CloseTime="2009-11-16 19:24:00" Close="0.9335" Swap="0.00" Profit="49.60" Comment="1 (265)" />
        <deal Ticket="1112983" OpenTime="2009-11-16 17:23:00" DealType="-1" Lots="0.32" Symbol="AUDUSD" Open="0.9363" SL="0.0000" TP="0.0000" CloseTime="2009-11-16 19:24:00" Close="0.9338" Swap="0.00" Profit="80.00" Comment="1 (266)" />
        <deal Ticket="1112985" OpenTime="2009-11-16 17:23:00" DealType="1" Lots="0.20" Symbol="EURAUD" Open="1.5999" SL="0.0000" TP="0.0000" CloseTime="2009-11-16 19:24:00" Close="1.5956" Swap="0.00" Profit="-80.26" Comment="1 (267)" />
        <deal Ticket="1112913" OpenTime="2009-11-13 20:16:00" DealType="-1" Lots="0.32" Symbol="AUDUSD" Open="0.9325" SL="0.0000" TP="0.0000" CloseTime="2009-11-16 19:24:00" Close="0.9339" Swap="0.00" Profit="-44.80" Comment="1 (268)" />
        <deal Ticket="1112915" OpenTime="2009-11-13 20:16:00" DealType="1" Lots="0.20" Symbol="EURAUD" Open="1.6007" SL="0.0000" TP="0.0000" CloseTime="2009-11-16 19:24:00" Close="1.5954" Swap="0.00" Profit="-98.94" Comment="1 (269)" />
        <deal Ticket="1112914" OpenTime="2009-11-13 20:16:00" DealType="-1" Lots="0.20" Symbol="EURUSD" Open="1.4918" SL="0.0000" TP="0.0000" CloseTime="2009-11-16 19:24:00" Close="1.4895" Swap="0.00" Profit="46.00" Comment="1 (270)" />
        <deal Ticket="1112990" OpenTime="2009-11-16 18:00:00" DealType="-1" Lots="0.10" Symbol="EURUSD" Open="1.4977" SL="0.0000" TP="0.0000" CloseTime="2009-11-16 19:23:00" Close="1.4888" Swap="0.00" Profit="89.00" Comment="1 (271)" />
        <deal Ticket="1112984" OpenTime="2009-11-16 17:23:00" DealType="-1" Lots="0.20" Symbol="EURUSD" Open="1.4975" SL="0.0000" TP="0.0000" CloseTime="2009-11-16 19:23:00" Close="1.4891" Swap="0.00" Profit="168.00" Comment="1 (272)" />
        <deal Ticket="1112839" OpenTime="2009-11-12 18:51:00" DealType="1" Lots="0.32" Symbol="AUDUSD" Open="0.9243" SL="0.0000" TP="0.0000" CloseTime="2009-11-13 20:15:00" Close="0.9324" Swap="0.00" Profit="259.20" Comment="1 (273)" />
        <deal Ticket="1112840" OpenTime="2009-11-12 18:51:00" DealType="1" Lots="0.20" Symbol="EURUSD" Open="1.4864" SL="0.0000" TP="0.0000" CloseTime="2009-11-13 20:15:00" Close="1.4920" Swap="0.00" Profit="112.00" Comment="1 (274)" />
        <deal Ticket="1112841" OpenTime="2009-11-12 18:51:00" DealType="-1" Lots="0.20" Symbol="EURAUD" Open="1.6077" SL="0.0000" TP="0.0000" CloseTime="2009-11-13 20:15:00" Close="1.6008" Swap="0.00" Profit="128.72" Comment="1 (275)" />
        <deal Ticket="1112348" OpenTime="2009-11-06 12:14:00" DealType="-1" Lots="0.32" Symbol="AUDUSD" Open="0.9171" SL="0.0000" TP="0.0000" CloseTime="2009-11-12 18:50:00" Close="0.9243" Swap="0.00" Profit="-230.40" Comment="1 (276)" />
        <deal Ticket="1112775" OpenTime="2009-11-11 22:27:00" DealType="-1" Lots="0.32" Symbol="AUDUSD" Open="0.9287" SL="0.0000" TP="0.0000" CloseTime="2009-11-12 18:49:00" Close="0.9246" Swap="0.00" Profit="131.20" Comment="1 (277)" />
        <deal Ticket="1112709" OpenTime="2009-11-10 23:05:00" DealType="-1" Lots="0.10" Symbol="EURUSD" Open="1.4980" SL="0.0000" TP="0.0000" CloseTime="2009-11-12 18:49:00" Close="1.4864" Swap="0.00" Profit="116.00" Comment="1 (278)" />
        <deal Ticket="1112708" OpenTime="2009-11-10 23:05:00" DealType="-1" Lots="0.16" Symbol="AUDUSD" Open="0.9301" SL="0.0000" TP="0.0000" CloseTime="2009-11-12 18:49:00" Close="0.9245" Swap="0.00" Profit="89.60" Comment="1 (279)" />
        <deal Ticket="1112710" OpenTime="2009-11-10 23:05:00" DealType="1" Lots="0.10" Symbol="EURAUD" Open="1.6110" SL="0.0000" TP="0.0000" CloseTime="2009-11-12 18:49:00" Close="1.6075" Swap="0.00" Profit="-32.34" Comment="1 (280)" />
        <deal Ticket="1112682" OpenTime="2009-11-10 19:50:00" DealType="1" Lots="0.10" Symbol="EURAUD" Open="1.6139" SL="0.0000" TP="0.0000" CloseTime="2009-11-12 18:49:00" Close="1.6077" Swap="0.00" Profit="-57.29" Comment="1 (281)" />
        <deal Ticket="1112681" OpenTime="2009-11-10 19:50:00" DealType="-1" Lots="0.10" Symbol="EURUSD" Open="1.4955" SL="0.0000" TP="0.0000" CloseTime="2009-11-12 18:49:00" Close="1.4866" Swap="0.00" Profit="89.00" Comment="1 (282)" />
        <deal Ticket="1112680" OpenTime="2009-11-10 19:50:00" DealType="-1" Lots="0.16" Symbol="AUDUSD" Open="0.9267" SL="0.0000" TP="0.0000" CloseTime="2009-11-12 18:49:00" Close="0.9245" Swap="0.00" Profit="35.20" Comment="1 (283)" />
        <deal Ticket="1112475" OpenTime="2009-11-09 11:08:00" DealType="-1" Lots="0.10" Symbol="EURUSD" Open="1.4961" SL="0.0000" TP="0.0000" CloseTime="2009-11-12 18:49:00" Close="1.4866" Swap="0.00" Profit="95.00" Comment="1 (284)" />
        <deal Ticket="1112474" OpenTime="2009-11-09 11:08:00" DealType="-1" Lots="0.16" Symbol="AUDUSD" Open="0.9259" SL="0.0000" TP="0.0000" CloseTime="2009-11-12 18:49:00" Close="0.9244" Swap="0.00" Profit="24.00" Comment="1 (285)" />
        <deal Ticket="1112476" OpenTime="2009-11-09 11:08:00" DealType="1" Lots="0.10" Symbol="EURAUD" Open="1.6161" SL="0.0000" TP="0.0000" CloseTime="2009-11-12 18:49:00" Close="1.6078" Swap="0.00" Profit="-76.71" Comment="1 (286)" />
        <deal Ticket="1112350" OpenTime="2009-11-06 12:14:00" DealType="1" Lots="0.20" Symbol="EURAUD" Open="1.6248" SL="0.0000" TP="0.0000" CloseTime="2009-11-12 18:49:00" Close="1.6076" Swap="0.00" Profit="-317.85" Comment="1 (287)" />
        <deal Ticket="1112349" OpenTime="2009-11-06 12:14:00" DealType="-1" Lots="0.20" Symbol="EURUSD" Open="1.4897" SL="0.0000" TP="0.0000" CloseTime="2009-11-12 18:49:00" Close="1.4865" Swap="0.00" Profit="64.00" Comment="1 (288)" />
        <deal Ticket="1112782" OpenTime="2009-11-12 03:14:00" DealType="-1" Lots="0.32" Symbol="AUDUSD" Open="0.9360" SL="0.0000" TP="0.0000" CloseTime="2009-11-12 18:48:00" Close="0.9252" Swap="0.00" Profit="345.60" Comment="1 (289)" />
        <deal Ticket="1112779" OpenTime="2009-11-12 03:13:00" DealType="1" Lots="0.10" Symbol="EURAUD" Open="1.6041" SL="0.0000" TP="0.0000" CloseTime="2009-11-12 18:48:00" Close="1.6070" Swap="0.00" Profit="26.82" Comment="1 (290)" />
        <deal Ticket="1112781" OpenTime="2009-11-12 03:13:00" DealType="1" Lots="0.20" Symbol="EURAUD" Open="1.6042" SL="0.0000" TP="0.0000" CloseTime="2009-11-12 18:48:00" Close="1.6067" Swap="0.00" Profit="46.24" Comment="1 (291)" />
        <deal Ticket="1112780" OpenTime="2009-11-12 03:13:00" DealType="-1" Lots="0.20" Symbol="EURUSD" Open="1.5007" SL="0.0000" TP="0.0000" CloseTime="2009-11-12 18:48:00" Close="1.4864" Swap="0.00" Profit="286.00" Comment="1 (292)" />
        <deal Ticket="1112777" OpenTime="2009-11-11 22:30:00" DealType="1" Lots="0.20" Symbol="EURAUD" Open="1.6124" SL="0.0000" TP="0.0000" CloseTime="2009-11-12 18:48:00" Close="1.6070" Swap="0.00" Profit="-99.85" Comment=" (293)" />
        <deal Ticket="1112776" OpenTime="2009-11-11 22:27:00" DealType="-1" Lots="0.20" Symbol="EURUSD" Open="1.4973" SL="0.0000" TP="0.0000" CloseTime="2009-11-12 18:48:00" Close="1.4862" Swap="0.00" Profit="222.00" Comment="1 (294)" />
        <deal Ticket="1112784" OpenTime="2009-11-12 03:15:00" DealType="-1" Lots="0.32" Symbol="AUDUSD" Open="0.9360" SL="0.0000" TP="0.0000" CloseTime="2009-11-12 11:47:00" Close="0.9316" Swap="0.00" Profit="140.80" Comment="1 (295)" />
        <deal Ticket="1112783" OpenTime="2009-11-12 03:14:00" DealType="-1" Lots="0.32" Symbol="AUDUSD" Open="0.9360" SL="0.0000" TP="0.0000" CloseTime="2009-11-12 11:47:00" Close="0.9317" Swap="0.00" Profit="137.60" Comment="1 (296)" />
        <deal Ticket="1112758" OpenTime="2009-11-11 14:55:00" DealType="-1" Lots="0.10" Symbol="EURUSD" Open="1.5034" SL="0.0000" TP="0.0000" CloseTime="2009-11-11 21:32:00" Close="1.4971" Swap="0.00" Profit="63.00" Comment="1 (298)" />
        <deal Ticket="1112759" OpenTime="2009-11-11 14:55:00" DealType="1" Lots="0.10" Symbol="EURAUD" Open="1.6152" SL="0.0000" TP="0.0000" CloseTime="2009-11-11 21:32:00" Close="1.6110" Swap="0.00" Profit="-39.01" Comment="1 (299)" />
        <deal Ticket="1112757" OpenTime="2009-11-11 14:55:00" DealType="-1" Lots="0.16" Symbol="AUDUSD" Open="0.9310" SL="0.0000" TP="0.0000" CloseTime="2009-11-11 21:32:00" Close="0.9292" Swap="0.00" Profit="28.80" Comment="1 (300)" />
        <deal Ticket="1112344" OpenTime="2009-11-06 11:58:00" DealType="1" Lots="0.32" Symbol="AUDUSD" Open="0.9178" SL="0.0000" TP="0.0000" CloseTime="2009-11-06 12:14:00" Close="0.9171" Swap="0.00" Profit="-22.40" Comment="1 (302)" />
        <deal Ticket="1112345" OpenTime="2009-11-06 11:58:00" DealType="1" Lots="0.20" Symbol="EURUSD" Open="1.4900" SL="0.0000" TP="0.0000" CloseTime="2009-11-06 12:14:00" Close="1.4898" Swap="0.00" Profit="-4.00" Comment="1 (303)" />
        <deal Ticket="1112346" OpenTime="2009-11-06 11:58:00" DealType="-1" Lots="0.20" Symbol="EURAUD" Open="1.6233" SL="0.0000" TP="0.0000" CloseTime="2009-11-06 12:14:00" Close="1.6249" Swap="0.00" Profit="-29.36" Comment="1 (304)" />
        <deal Ticket="1112278" OpenTime="2009-11-05 11:44:00" DealType="-1" Lots="0.20" Symbol="EURAUD" Open="1.6338" SL="0.0000" TP="0.0000" CloseTime="2009-11-06 08:15:00" Close="1.6294" Swap="0.00" Profit="80.39" Comment="1 (305)" />
        <deal Ticket="1112277" OpenTime="2009-11-05 11:44:00" DealType="1" Lots="0.20" Symbol="EURUSD" Open="1.4854" SL="0.0000" TP="0.0000" CloseTime="2009-11-06 08:15:00" Close="1.4876" Swap="0.00" Profit="44.00" Comment="1 (306)" />
        <deal Ticket="1112276" OpenTime="2009-11-05 11:44:00" DealType="1" Lots="0.32" Symbol="AUDUSD" Open="0.9091" SL="0.0000" TP="0.0000" CloseTime="2009-11-06 08:15:00" Close="0.9132" Swap="0.00" Profit="131.20" Comment="1 (307)" />
        <deal Ticket="1112233" OpenTime="2009-11-05 02:51:00" DealType="-1" Lots="0.32" Symbol="AUDUSD" Open="0.9102" SL="0.0000" TP="0.0000" CloseTime="2009-11-05 11:31:00" Close="0.9072" Swap="0.00" Profit="96.00" Comment="1 (308)" />
        <deal Ticket="1112234" OpenTime="2009-11-05 02:51:00" DealType="-1" Lots="0.20" Symbol="EURUSD" Open="1.4855" SL="0.0000" TP="0.0000" CloseTime="2009-11-05 11:31:00" Close="1.4842" Swap="0.00" Profit="26.00" Comment="1 (309)" />
        <deal Ticket="1112235" OpenTime="2009-11-05 02:51:00" DealType="1" Lots="0.20" Symbol="EURAUD" Open="1.6324" SL="0.0000" TP="0.0000" CloseTime="2009-11-05 11:31:00" Close="1.6359" Swap="0.00" Profit="63.48" Comment="1 (310)" />
        <deal Ticket="1111866" OpenTime="2009-11-04 15:49:00" DealType="-1" Lots="0.20" Symbol="EURAUD" Open="1.6252" SL="0.0000" TP="0.0000" CloseTime="2009-11-05 02:49:00" Close="1.6320" Swap="0.00" Profit="-123.90" Comment="1 (311)" />
        <deal Ticket="1111865" OpenTime="2009-11-04 15:49:00" DealType="1" Lots="0.20" Symbol="EURUSD" Open="1.4783" SL="0.0000" TP="0.0000" CloseTime="2009-11-05 02:49:00" Close="1.4859" Swap="0.00" Profit="152.00" Comment="1 (312)" />
        <deal Ticket="1111864" OpenTime="2009-11-04 15:49:00" DealType="1" Lots="0.32" Symbol="AUDUSD" Open="0.9095" SL="0.0000" TP="0.0000" CloseTime="2009-11-05 02:49:00" Close="0.9109" Swap="0.00" Profit="44.80" Comment="1 (313)" />
        <deal Ticket="1111453" OpenTime="2009-11-04 12:02:00" DealType="1" Lots="0.20" Symbol="EURAUD" Open="1.6261" SL="0.0000" TP="0.0000" CloseTime="2009-11-04 15:48:00" Close="1.6251" Swap="0.00" Profit="-18.18" Comment="1 (314)" />
        <deal Ticket="1111452" OpenTime="2009-11-04 12:02:00" DealType="-1" Lots="0.20" Symbol="EURUSD" Open="1.4752" SL="0.0000" TP="0.0000" CloseTime="2009-11-04 15:48:00" Close="1.4781" Swap="0.00" Profit="-58.00" Comment="1 (315)" />
        <deal Ticket="1111451" OpenTime="2009-11-04 12:02:00" DealType="-1" Lots="0.32" Symbol="AUDUSD" Open="0.9075" SL="0.0000" TP="0.0000" CloseTime="2009-11-04 15:48:00" Close="0.9095" Swap="0.00" Profit="-64.00" Comment="1 (316)" />
        <deal Ticket="1110972" OpenTime="2009-11-04 09:32:00" DealType="-1" Lots="0.20" Symbol="EURUSD" Open="1.4746" SL="0.0000" TP="0.0000" CloseTime="2009-11-04 11:44:00" Close="1.4761" Swap="0.00" Profit="-30.00" Comment="1 (317)" />
        <deal Ticket="1110974" OpenTime="2009-11-04 09:32:00" DealType="1" Lots="0.20" Symbol="EURAUD" Open="1.6311" SL="0.0000" TP="0.0000" CloseTime="2009-11-04 11:44:00" Close="1.6252" Swap="0.00" Profit="-107.12" Comment="1 (318)" />
        <deal Ticket="1110971" OpenTime="2009-11-04 09:32:00" DealType="-1" Lots="0.32" Symbol="AUDUSD" Open="0.9044" SL="0.0000" TP="0.0000" CloseTime="2009-11-04 11:43:00" Close="0.9081" Swap="0.00" Profit="-118.40" Comment="1 (319)" />
        <deal Ticket="1110318" OpenTime="2009-11-04 03:00:00" DealType="-1" Lots="0.20" Symbol="EURAUD" Open="1.6349" SL="0.0000" TP="0.0000" CloseTime="2009-11-04 09:32:00" Close="1.6312" Swap="0.00" Profit="66.94" Comment="1 (320)" />
        <deal Ticket="1110317" OpenTime="2009-11-04 03:00:00" DealType="1" Lots="0.20" Symbol="EURUSD" Open="1.4719" SL="0.0000" TP="0.0000" CloseTime="2009-11-04 09:32:00" Close="1.4746" Swap="0.00" Profit="54.00" Comment="1 (321)" />
        <deal Ticket="1110316" OpenTime="2009-11-04 03:00:00" DealType="1" Lots="0.32" Symbol="AUDUSD" Open="0.9002" SL="0.0000" TP="0.0000" CloseTime="2009-11-04 09:32:00" Close="0.9043" Swap="0.00" Profit="131.20" Comment="1 (322)" />
        <deal Ticket="1110271" OpenTime="2009-11-03 21:46:00" DealType="1" Lots="0.20" Symbol="EURAUD" Open="1.6325" SL="0.0000" TP="0.0000" CloseTime="2009-11-04 03:00:00" Close="1.6352" Swap="0.00" Profit="48.58" Comment="1 (323)" />
        <deal Ticket="1110270" OpenTime="2009-11-03 21:46:00" DealType="-1" Lots="0.20" Symbol="EURUSD" Open="1.4716" SL="0.0000" TP="0.0000" CloseTime="2009-11-04 02:59:00" Close="1.4718" Swap="0.00" Profit="-4.00" Comment="1 (324)" />
        <deal Ticket="1110269" OpenTime="2009-11-03 21:46:00" DealType="-1" Lots="0.32" Symbol="AUDUSD" Open="0.9016" SL="0.0000" TP="0.0000" CloseTime="2009-11-04 02:59:00" Close="0.8999" Swap="0.00" Profit="54.40" Comment="1 (325)" />
        <deal Ticket="1110175" OpenTime="2009-11-03 18:50:00" DealType="1" Lots="0.32" Symbol="AUDUSD" Open="0.8981" SL="0.0000" TP="0.0000" CloseTime="2009-11-03 21:45:00" Close="0.9014" Swap="0.00" Profit="105.60" Comment="1 (326)" />
        <deal Ticket="1110176" OpenTime="2009-11-03 18:50:00" DealType="1" Lots="0.20" Symbol="EURUSD" Open="1.4644" SL="0.0000" TP="0.0000" CloseTime="2009-11-03 21:45:00" Close="1.4715" Swap="0.00" Profit="142.00" Comment="1 (327)" />
        <deal Ticket="1110177" OpenTime="2009-11-03 18:50:00" DealType="-1" Lots="0.20" Symbol="EURAUD" Open="1.6303" SL="0.0000" TP="0.0000" CloseTime="2009-11-03 21:45:00" Close="1.6328" Swap="0.00" Profit="-45.09" Comment="1 (328)" />
        <deal Ticket="1110174" OpenTime="2009-11-03 18:49:00" DealType="1" Lots="0.20" Symbol="EURAUD" Open="1.6314" SL="0.0000" TP="0.0000" CloseTime="2009-11-03 18:50:00" Close="1.6303" Swap="0.00" Profit="-19.75" Comment="1 (329)" />
        <deal Ticket="1110172" OpenTime="2009-11-03 18:49:00" DealType="-1" Lots="0.32" Symbol="AUDUSD" Open="0.8976" SL="0.0000" TP="0.0000" CloseTime="2009-11-03 18:50:00" Close="0.8981" Swap="0.00" Profit="-16.00" Comment="1 (330)" />
        <deal Ticket="1110173" OpenTime="2009-11-03 18:49:00" DealType="-1" Lots="0.20" Symbol="EURUSD" Open="1.4640" SL="0.0000" TP="0.0000" CloseTime="2009-11-03 18:50:00" Close="1.4644" Swap="0.00" Profit="-8.00" Comment="1 (331)" />
        <deal Ticket="1110144" OpenTime="2009-11-03 17:52:00" DealType="1" Lots="0.20" Symbol="EURAUD" Open="1.6287" SL="0.0000" TP="0.0000" CloseTime="2009-11-03 18:48:00" Close="1.6305" Swap="0.00" Profit="32.30" Comment="1 (332)" />
        <deal Ticket="1110143" OpenTime="2009-11-03 17:52:00" DealType="-1" Lots="0.20" Symbol="EURUSD" Open="1.4688" SL="0.0000" TP="0.0000" CloseTime="2009-11-03 18:48:00" Close="1.4639" Swap="0.00" Profit="98.00" Comment="1 (333)" />
        <deal Ticket="1110142" OpenTime="2009-11-03 17:52:00" DealType="-1" Lots="0.32" Symbol="AUDUSD" Open="0.9021" SL="0.0000" TP="0.0000" CloseTime="2009-11-03 18:48:00" Close="0.8977" Swap="0.00" Profit="140.80" Comment="1 (334)" />
        <deal Ticket="1110109" OpenTime="2009-11-03 15:43:00" DealType="1" Lots="0.32" Symbol="AUDUSD" Open="0.8964" SL="0.0000" TP="0.0000" CloseTime="2009-11-03 17:49:00" Close="0.9022" Swap="0.00" Profit="185.60" Comment="1 (335)" />
        <deal Ticket="1110111" OpenTime="2009-11-03 15:43:00" DealType="-1" Lots="0.20" Symbol="EURAUD" Open="1.6352" SL="0.0000" TP="0.0000" CloseTime="2009-11-03 17:49:00" Close="1.6283" Swap="0.00" Profit="124.57" Comment="1 (336)" />
        <deal Ticket="1110110" OpenTime="2009-11-03 15:43:00" DealType="1" Lots="0.20" Symbol="EURUSD" Open="1.4660" SL="0.0000" TP="0.0000" CloseTime="2009-11-03 17:49:00" Close="1.4688" Swap="0.00" Profit="56.00" Comment="1 (337)" />
        <deal Ticket="1110095" OpenTime="2009-11-03 14:26:00" DealType="-1" Lots="0.01" Symbol="EURAUD" Open="1.6373" SL="0.0000" TP="0.0000" CloseTime="2009-11-03 17:48:00" Close="1.6286" Swap="0.00" Profit="7.85" Comment="1 (338)" />
        <deal Ticket="1110094" OpenTime="2009-11-03 14:26:00" DealType="1" Lots="0.01" Symbol="EURUSD" Open="1.4653" SL="0.0000" TP="0.0000" CloseTime="2009-11-03 17:48:00" Close="1.4687" Swap="0.00" Profit="3.40" Comment="1 (339)" />
        <deal Ticket="1110093" OpenTime="2009-11-03 14:26:00" DealType="1" Lots="0.01" Symbol="AUDUSD" Open="0.8949" SL="0.0000" TP="0.0000" CloseTime="2009-11-03 17:48:00" Close="0.9015" Swap="0.00" Profit="6.60" Comment="1 (340)" />
    </deals>
    <balances>
        <balance Ticket="1112778" Amount="5000.00" Date="2009-11-11 23:19:00" />
        <balance Ticket="1112679" Amount="2800.00" Date="2009-11-10 19:49:00" />
        <balance Ticket="1110108" Amount="2000.00" Date="2009-11-03 15:42:00" />
        <balance Ticket="1110078" Amount="200.00" Date="2009-11-03 13:34:00" />
    </balances>
</account>