﻿<?xml version="1.0" encoding="utf-8"?>
<account Id="16176" Broker="" Account="" Trader="" Login="" InitBalance="100.00">
    <deals>
        <deal Ticket="8724282" OpenTime="2010-02-16 23:26:00" DealType="-1" Lots="0.07" Symbol="GBPUSD" Open="1.5791" SL="1.5830" TP="1.5778" CloseTime="2010-02-17 00:03:00" Close="1.5780" Swap="0.00" Profit="7.70" Comment=" (1)" />
        <deal Ticket="8708735" OpenTime="2010-02-15 23:09:00" DealType="-1" Lots="0.09" Symbol="USDCHF" Open="1.0776" SL="1.0811" TP="1.0760" CloseTime="2010-02-16 02:19:00" Close="1.0769" Swap="0.00" Profit="5.85" Comment=" (2)" />
        <deal Ticket="8708840" OpenTime="2010-02-15 23:47:00" DealType="-1" Lots="0.07" Symbol="GBPUSD" Open="1.5665" SL="1.5721" TP="1.5657" CloseTime="2010-02-16 01:13:00" Close="1.5657" Swap="0.00" Profit="5.60" Comment=" (3)" />
        <deal Ticket="8708808" OpenTime="2010-02-15 23:46:00" DealType="1" Lots="0.09" Symbol="USDCAD" Open="1.0495" SL="1.0424" TP="1.0513" CloseTime="2010-02-16 01:08:00" Close="1.0495" Swap="0.00" Profit="0.00" Comment=" (4)" />
        <deal Ticket="8682273" OpenTime="2010-02-11 22:32:00" DealType="-1" Lots="0.07" Symbol="GBPUSD" Open="1.5705" SL="1.5739" TP="1.5694" CloseTime="2010-02-11 23:18:00" Close="1.5694" Swap="0.00" Profit="7.70" Comment=" (5)" />
        <deal Ticket="8664549" OpenTime="2010-02-10 23:02:00" DealType="-1" Lots="0.07" Symbol="GBPUSD" Open="1.5597" SL="1.5751" TP="1.5586" CloseTime="2010-02-11 00:03:00" Close="1.5588" Swap="0.00" Profit="6.30" Comment=" (6)" />
        <deal Ticket="8664664" OpenTime="2010-02-10 23:16:00" DealType="1" Lots="0.09" Symbol="USDCAD" Open="1.0614" SL="1.0580" TP="1.0625" CloseTime="2010-02-10 23:26:00" Close="1.0622" Swap="0.00" Profit="6.78" Comment=" (7)" />
        <deal Ticket="8647510" OpenTime="2010-02-09 23:00:00" DealType="-1" Lots="0.08" Symbol="EURUSD" Open="1.3790" SL="1.3853" TP="1.3735" CloseTime="2010-02-10 00:33:00" Close="1.3786" Swap="0.00" Profit="3.20" Comment=" (8)" />
        <deal Ticket="8647150" OpenTime="2010-02-09 22:00:00" DealType="-1" Lots="0.07" Symbol="GBPUSD" Open="1.5706" SL="1.5748" TP="1.5694" CloseTime="2010-02-10 00:03:00" Close="1.5705" Swap="0.00" Profit="0.70" Comment=" (9)" />
        <deal Ticket="8647831" OpenTime="2010-02-09 23:04:00" DealType="-1" Lots="0.07" Symbol="GBPUSD" Open="1.5719" SL="1.5798" TP="1.5704" CloseTime="2010-02-09 23:47:00" Close="1.5708" Swap="0.00" Profit="7.70" Comment=" (10)" />
        <deal Ticket="8647810" OpenTime="2010-02-09 23:04:00" DealType="-1" Lots="0.08" Symbol="EURUSD" Open="1.3796" SL="1.3838" TP="1.3746" CloseTime="2010-02-09 23:44:00" Close="1.3786" Swap="0.00" Profit="8.00" Comment=" (11)" />
        <deal Ticket="8647642" OpenTime="2010-02-09 23:00:00" DealType="1" Lots="0.09" Symbol="USDCAD" Open="1.0653" SL="1.0559" TP="1.0670" CloseTime="2010-02-09 23:43:00" Close="1.0668" Swap="0.00" Profit="12.65" Comment=" (12)" />
        <deal Ticket="8647448" OpenTime="2010-02-09 22:54:00" DealType="1" Lots="0.09" Symbol="USDCAD" Open="1.0662" SL="1.0625" TP="1.0670" CloseTime="2010-02-09 23:43:00" Close="1.0670" Swap="0.00" Profit="6.75" Comment=" (13)" />
        <deal Ticket="8628608" OpenTime="2010-02-08 23:06:00" DealType="-1" Lots="0.08" Symbol="USDCHF" Open="1.0735" SL="1.0791" TP="1.0718" CloseTime="2010-02-09 01:21:00" Close="1.0730" Swap="0.00" Profit="3.73" Comment=" (14)" />
        <deal Ticket="8627719" OpenTime="2010-02-08 22:04:00" DealType="-1" Lots="0.08" Symbol="USDCHF" Open="1.0728" SL="1.0773" TP="1.0715" CloseTime="2010-02-09 01:18:00" Close="1.0727" Swap="0.00" Profit="0.75" Comment=" (15)" />
        <deal Ticket="8627619" OpenTime="2010-02-08 22:00:00" DealType="1" Lots="0.06" Symbol="GBPUSD" Open="1.5601" SL="1.5532" TP="1.5613" CloseTime="2010-02-09 01:18:00" Close="1.5602" Swap="0.00" Profit="0.60" Comment=" (16)" />
        <deal Ticket="8628482" OpenTime="2010-02-08 23:04:00" DealType="-1" Lots="0.08" Symbol="USDCAD" Open="1.0758" SL="1.0857" TP="1.0740" CloseTime="2010-02-09 00:47:00" Close="1.0743" Swap="0.00" Profit="11.17" Comment=" (17)" />
        <deal Ticket="8627614" OpenTime="2010-02-08 22:00:00" DealType="-1" Lots="0.08" Symbol="USDCAD" Open="1.0745" SL="1.0777" TP="1.0732" CloseTime="2010-02-09 00:47:00" Close="1.0744" Swap="0.00" Profit="0.74" Comment=" (18)" />
        <deal Ticket="8628443" OpenTime="2010-02-08 23:02:00" DealType="1" Lots="0.06" Symbol="GBPUSD" Open="1.5578" SL="1.5466" TP="1.5590" CloseTime="2010-02-08 23:55:00" Close="1.5590" Swap="0.00" Profit="7.20" Comment=" (19)" />
        <deal Ticket="8586182" OpenTime="2010-02-04 23:12:00" DealType="-1" Lots="0.08" Symbol="USDCHF" Open="1.0670" SL="1.0713" TP="1.0652" CloseTime="2010-02-05 00:54:00" Close="1.0662" Swap="0.00" Profit="6.00" Comment=" (20)" />
        <deal Ticket="8584853" OpenTime="2010-02-04 22:14:00" DealType="-1" Lots="0.08" Symbol="USDCHF" Open="1.0664" SL="1.0697" TP="1.0651" CloseTime="2010-02-05 00:54:00" Close="1.0662" Swap="0.00" Profit="1.50" Comment=" (21)" />
        <deal Ticket="8585892" OpenTime="2010-02-04 23:00:00" DealType="1" Lots="0.06" Symbol="EURUSD" Open="1.3723" SL="1.3629" TP="1.3779" CloseTime="2010-02-05 00:52:00" Close="1.3736" Swap="0.00" Profit="7.80" Comment=" (22)" />
        <deal Ticket="8586463" OpenTime="2010-02-04 23:56:00" DealType="-1" Lots="0.06" Symbol="GBPUSD" Open="1.5767" SL="1.5918" TP="1.5756" CloseTime="2010-02-05 00:34:00" Close="1.5758" Swap="0.00" Profit="5.40" Comment=" (23)" />
        <deal Ticket="8585924" OpenTime="2010-02-04 23:00:00" DealType="-1" Lots="0.08" Symbol="USDCAD" Open="1.0741" SL="1.0814" TP="1.0725" CloseTime="2010-02-04 23:55:00" Close="1.0725" Swap="0.00" Profit="11.93" Comment=" (24)" />
        <deal Ticket="8585762" OpenTime="2010-02-04 22:58:00" DealType="-1" Lots="0.08" Symbol="USDCAD" Open="1.0737" SL="1.0770" TP="1.0725" CloseTime="2010-02-04 23:50:00" Close="1.0731" Swap="0.00" Profit="4.47" Comment=" (25)" />
        <deal Ticket="8584965" OpenTime="2010-02-04 22:16:00" DealType="1" Lots="0.06" Symbol="GBPUSD" Open="1.5749" SL="1.5715" TP="1.5760" CloseTime="2010-02-04 22:48:00" Close="1.5756" Swap="0.00" Profit="4.20" Comment=" (26)" />
        <deal Ticket="8584716" OpenTime="2010-02-04 22:01:00" DealType="1" Lots="0.06" Symbol="GBPUSD" Open="1.5750" SL="1.5718" TP="1.5763" CloseTime="2010-02-04 22:06:00" Close="1.5758" Swap="0.00" Profit="4.80" Comment=" (27)" />
        <deal Ticket="8563368" OpenTime="2010-02-03 23:01:00" DealType="-1" Lots="0.08" Symbol="USDCHF" Open="1.0595" SL="1.0630" TP="1.0577" CloseTime="2010-02-04 00:30:00" Close="1.0587" Swap="0.00" Profit="6.05" Comment=" (28)" />
        <deal Ticket="8563557" OpenTime="2010-02-03 23:24:00" DealType="1" Lots="0.06" Symbol="GBPUSD" Open="1.5884" SL="1.5852" TP="1.5897" CloseTime="2010-02-03 23:29:00" Close="1.5889" Swap="0.00" Profit="3.00" Comment=" (29)" />
        <deal Ticket="8562599" OpenTime="2010-02-03 22:02:00" DealType="-1" Lots="0.08" Symbol="USDCAD" Open="1.0623" SL="1.0657" TP="1.0612" CloseTime="2010-02-03 23:20:00" Close="1.0620" Swap="0.00" Profit="2.26" Comment=" (30)" />
        <deal Ticket="8563303" OpenTime="2010-02-03 22:59:00" DealType="1" Lots="0.06" Symbol="GBPUSD" Open="1.5888" SL="1.5854" TP="1.5899" CloseTime="2010-02-03 23:15:00" Close="1.5896" Swap="0.00" Profit="4.80" Comment=" (31)" />
        <deal Ticket="8545537" OpenTime="2010-02-02 23:31:00" DealType="-1" Lots="0.06" Symbol="EURUSD" Open="1.3969" SL="1.4001" TP="1.3909" CloseTime="2010-02-03 02:07:00" Close="1.3965" Swap="0.00" Profit="2.40" Comment=" (32)" />
        <deal Ticket="8545630" OpenTime="2010-02-02 23:43:00" DealType="-1" Lots="0.06" Symbol="EURUSD" Open="1.3970" SL="1.4004" TP="1.3922" CloseTime="2010-02-03 01:06:00" Close="1.3966" Swap="0.00" Profit="2.40" Comment=" (33)" />
        <deal Ticket="8545259" OpenTime="2010-02-02 23:00:00" DealType="1" Lots="0.08" Symbol="USDCAD" Open="1.0572" SL="1.0535" TP="1.0580" CloseTime="2010-02-03 00:06:00" Close="1.0576" Swap="0.00" Profit="3.03" Comment=" (34)" />
        <deal Ticket="8528889" OpenTime="2010-02-02 00:41:00" DealType="-1" Lots="0.08" Symbol="USDCHF" Open="1.0571" SL="1.0624" TP="1.0559" CloseTime="2010-02-02 01:32:00" Close="1.0567" Swap="0.00" Profit="3.03" Comment=" (35)" />
        <deal Ticket="8527423" OpenTime="2010-02-01 22:00:00" DealType="1" Lots="0.08" Symbol="USDCHF" Open="1.0564" SL="1.0527" TP="1.0573" CloseTime="2010-02-02 01:01:00" Close="1.0568" Swap="0.00" Profit="3.03" Comment=" (36)" />
        <deal Ticket="8527524" OpenTime="2010-02-01 22:04:00" DealType="1" Lots="0.08" Symbol="USDCAD" Open="1.0617" SL="1.0581" TP="1.0626" CloseTime="2010-02-02 00:55:00" Close="1.0617" Swap="0.00" Profit="0.00" Comment=" (37)" />
        <deal Ticket="8528438" OpenTime="2010-02-01 23:39:00" DealType="1" Lots="0.06" Symbol="EURUSD" Open="1.3918" SL="1.3848" TP="1.3961" CloseTime="2010-02-01 23:42:00" Close="1.3928" Swap="0.00" Profit="6.00" Comment=" (38)" />
        <deal Ticket="8491088" OpenTime="2010-01-28 22:14:00" DealType="-1" Lots="0.08" Symbol="USDCAD" Open="1.0663" SL="1.0697" TP="1.0652" CloseTime="2010-01-28 23:42:00" Close="1.0661" Swap="0.00" Profit="1.50" Comment=" (39)" />
        <deal Ticket="8491664" OpenTime="2010-01-28 23:01:00" DealType="-1" Lots="0.06" Symbol="GBPUSD" Open="1.6140" SL="1.6276" TP="1.6128" CloseTime="2010-01-28 23:03:00" Close="1.6131" Swap="0.00" Profit="5.40" Comment=" (40)" />
        <deal Ticket="8491122" OpenTime="2010-01-28 22:19:00" DealType="-1" Lots="0.08" Symbol="USDCHF" Open="1.0526" SL="1.0559" TP="1.0513" CloseTime="2010-01-28 22:48:00" Close="1.0516" Swap="0.00" Profit="7.61" Comment=" (41)" />
        <deal Ticket="8469925" OpenTime="2010-01-27 23:49:00" DealType="1" Lots="0.08" Symbol="USDCAD" Open="1.0635" SL="1.0525" TP="1.0648" CloseTime="2010-01-28 00:28:00" Close="1.0642" Swap="0.00" Profit="5.26" Comment=" (42)" />
        <deal Ticket="8469875" OpenTime="2010-01-27 23:36:00" DealType="-1" Lots="0.06" Symbol="GBPUSD" Open="1.6175" SL="1.6245" TP="1.6164" CloseTime="2010-01-28 00:20:00" Close="1.6164" Swap="0.00" Profit="6.60" Comment=" (43)" />
        <deal Ticket="8469423" OpenTime="2010-01-27 22:16:00" DealType="1" Lots="0.08" Symbol="USDCAD" Open="1.0642" SL="1.0605" TP="1.0652" CloseTime="2010-01-27 22:39:00" Close="1.0652" Swap="0.00" Profit="7.51" Comment=" (44)" />
        <deal Ticket="8389660" OpenTime="2010-01-21 23:01:00" DealType="-1" Lots="0.08" Symbol="USDCAD" Open="1.0524" SL="1.0592" TP="1.0507" CloseTime="2010-01-22 00:57:00" Close="1.0509" Swap="0.00" Profit="11.42" Comment=" (45)" />
        <deal Ticket="8389383" OpenTime="2010-01-21 22:30:00" DealType="-1" Lots="0.08" Symbol="USDCHF" Open="1.0431" SL="1.0497" TP="1.0418" CloseTime="2010-01-22 00:50:00" Close="1.0421" Swap="0.00" Profit="7.68" Comment=" (46)" />
        <deal Ticket="8366584" OpenTime="2010-01-20 23:57:00" DealType="-1" Lots="0.06" Symbol="EURUSD" Open="1.4109" SL="1.4263" TP="1.4061" CloseTime="2010-01-21 02:43:00" Close="1.4109" Swap="0.00" Profit="0.00" Comment=" (47)" />
        <deal Ticket="8366218" OpenTime="2010-01-20 23:05:00" DealType="-1" Lots="0.08" Symbol="USDCHF" Open="1.0445" SL="1.0478" TP="1.0427" CloseTime="2010-01-21 01:20:00" Close="1.0434" Swap="0.00" Profit="8.43" Comment=" (48)" />
        <deal Ticket="8346676" OpenTime="2010-01-20 00:39:00" DealType="-1" Lots="0.08" Symbol="USDCHF" Open="1.0336" SL="1.0369" TP="1.0323" CloseTime="2010-01-20 01:01:00" Close="1.0333" Swap="0.00" Profit="2.32" Comment=" (49)" />
        <deal Ticket="8345562" OpenTime="2010-01-19 22:00:00" DealType="-1" Lots="0.06" Symbol="GBPUSD" Open="1.6381" SL="1.6459" TP="1.6369" CloseTime="2010-01-19 22:16:00" Close="1.6375" Swap="0.00" Profit="3.60" Comment=" (50)" />
        <deal Ticket="8327442" OpenTime="2010-01-18 23:38:00" DealType="-1" Lots="0.06" Symbol="EURUSD" Open="1.4392" SL="1.4423" TP="1.4331" CloseTime="2010-01-19 04:00:00" Close="1.4389" Swap="0.00" Profit="1.80" Comment=" (51)" />
        <deal Ticket="8327419" OpenTime="2010-01-18 23:32:00" DealType="-1" Lots="0.06" Symbol="GBPUSD" Open="1.6346" SL="1.6422" TP="1.6334" CloseTime="2010-01-19 02:14:00" Close="1.6422" Swap="0.00" Profit="-45.60" Comment=" (52)" />
        <deal Ticket="8327037" OpenTime="2010-01-18 22:54:00" DealType="-1" Lots="0.06" Symbol="GBPUSD" Open="1.6340" SL="1.6380" TP="1.6328" CloseTime="2010-01-19 01:31:00" Close="1.6380" Swap="0.00" Profit="-24.00" Comment=" (53)" />
        <deal Ticket="8327673" OpenTime="2010-01-18 23:57:00" DealType="-1" Lots="0.08" Symbol="USDCHF" Open="1.0252" SL="1.0285" TP="1.0234" CloseTime="2010-01-19 00:08:00" Close="1.0242" Swap="0.00" Profit="7.81" Comment=" (54)" />
        <deal Ticket="8327464" OpenTime="2010-01-18 23:39:00" DealType="1" Lots="0.08" Symbol="USDCHF" Open="1.0245" SL="1.0212" TP="1.0263" CloseTime="2010-01-18 23:57:00" Close="1.0252" Swap="0.00" Profit="5.46" Comment=" (55)" />
        <deal Ticket="8327166" OpenTime="2010-01-18 23:00:00" DealType="-1" Lots="0.06" Symbol="GBPUSD" Open="1.6349" SL="1.6414" TP="1.6334" CloseTime="2010-01-18 23:04:00" Close="1.6338" Swap="0.00" Profit="6.60" Comment=" (56)" />
        <deal Ticket="8326795" OpenTime="2010-01-18 22:02:00" DealType="-1" Lots="0.08" Symbol="USDCAD" Open="1.0268" SL="1.0317" TP="1.0258" CloseTime="2010-01-18 23:04:00" Close="1.0264" Swap="0.00" Profit="3.12" Comment=" (57)" />
        <deal Ticket="8297205" OpenTime="2010-01-14 22:33:00" DealType="-1" Lots="0.06" Symbol="GBPUSD" Open="1.6339" SL="1.6373" TP="1.6328" CloseTime="2010-01-14 22:40:00" Close="1.6332" Swap="0.00" Profit="4.20" Comment=" (58)" />
        <deal Ticket="8260658" OpenTime="2010-01-12 23:00:00" DealType="1" Lots="0.06" Symbol="GBPUSD" Open="1.6159" SL="1.6061" TP="1.6167" CloseTime="2010-01-12 23:01:00" Close="1.6167" Swap="0.00" Profit="4.80" Comment=" (59)" />
        <deal Ticket="8260329" OpenTime="2010-01-12 22:27:00" DealType="-1" Lots="0.06" Symbol="GBPUSD" Open="1.6176" SL="1.6213" TP="1.6168" CloseTime="2010-01-12 22:39:00" Close="1.6168" Swap="0.00" Profit="4.80" Comment=" (60)" />
        <deal Ticket="8242244" OpenTime="2010-01-11 23:12:00" DealType="-1" Lots="0.08" Symbol="USDCAD" Open="1.0342" SL="1.0401" TP="1.0326" CloseTime="2010-01-12 07:25:00" Close="1.0341" Swap="0.00" Profit="0.77" Comment=" (61)" />
        <deal Ticket="8242350" OpenTime="2010-01-11 23:25:00" DealType="1" Lots="0.06" Symbol="EURUSD" Open="1.4507" SL="1.4453" TP="1.4565" CloseTime="2010-01-12 03:17:00" Close="1.4453" Swap="0.00" Profit="-32.40" Comment=" (62)" />
        <deal Ticket="8242366" OpenTime="2010-01-11 23:25:00" DealType="-1" Lots="0.08" Symbol="USDCHF" Open="1.0167" SL="1.0200" TP="1.0149" CloseTime="2010-01-12 03:09:00" Close="1.0200" Swap="0.00" Profit="-25.88" Comment=" (63)" />
        <deal Ticket="8242445" OpenTime="2010-01-11 23:32:00" DealType="1" Lots="0.06" Symbol="GBPUSD" Open="1.6099" SL="1.6062" TP="1.6111" CloseTime="2010-01-11 23:46:00" Close="1.6110" Swap="0.00" Profit="6.60" Comment=" (64)" />
        <deal Ticket="8241849" OpenTime="2010-01-11 22:32:00" DealType="1" Lots="0.06" Symbol="EURUSD" Open="1.4509" SL="1.4463" TP="1.4558" CloseTime="2010-01-11 23:08:00" Close="1.4519" Swap="0.00" Profit="6.00" Comment=" (65)" />
        <deal Ticket="8207950" OpenTime="2010-01-07 23:13:00" DealType="-1" Lots="0.08" Symbol="USDCHF" Open="1.0347" SL="1.0380" TP="1.0334" CloseTime="2010-01-08 01:02:00" Close="1.0337" Swap="0.00" Profit="7.74" Comment=" (66)" />
        <deal Ticket="8208057" OpenTime="2010-01-07 23:26:00" DealType="1" Lots="0.06" Symbol="GBPUSD" Open="1.5928" SL="1.5876" TP="1.5942" CloseTime="2010-01-08 00:41:00" Close="1.5938" Swap="0.00" Profit="6.00" Comment=" (67)" />
        <deal Ticket="8207922" OpenTime="2010-01-07 23:11:00" DealType="-1" Lots="0.08" Symbol="USDCHF" Open="1.0345" SL="1.0384" TP="1.0327" CloseTime="2010-01-08 00:38:00" Close="1.0342" Swap="0.00" Profit="2.32" Comment=" (68)" />
        <deal Ticket="8193408" OpenTime="2010-01-06 23:27:00" DealType="1" Lots="0.06" Symbol="EURUSD" Open="1.4402" SL="1.4280" TP="1.4448" CloseTime="2010-01-07 00:41:00" Close="1.4406" Swap="0.00" Profit="2.40" Comment=" (69)" />
        <deal Ticket="8193006" OpenTime="2010-01-06 22:00:00" DealType="-1" Lots="0.06" Symbol="GBPUSD" Open="1.6021" SL="1.6065" TP="1.6009" CloseTime="2010-01-06 22:47:00" Close="1.6012" Swap="0.00" Profit="5.40" Comment=" (70)" />
        <deal Ticket="8177405" OpenTime="2010-01-05 23:17:00" DealType="-1" Lots="0.08" Symbol="USDCHF" Open="1.0341" SL="1.0374" TP="1.0323" CloseTime="2010-01-06 02:59:00" Close="1.0332" Swap="0.00" Profit="6.97" Comment=" (71)" />
        <deal Ticket="8177479" OpenTime="2010-01-05 23:43:00" DealType="1" Lots="0.06" Symbol="GBPUSD" Open="1.5988" SL="1.5947" TP="1.6003" CloseTime="2010-01-06 01:47:00" Close="1.5947" Swap="0.00" Profit="-24.60" Comment=" (72)" />
        <deal Ticket="8160796" OpenTime="2010-01-04 22:05:00" DealType="1" Lots="0.06" Symbol="GBPUSD" Open="1.6094" SL="1.6057" TP="1.6104" CloseTime="2010-01-05 00:22:00" Close="1.6095" Swap="0.00" Profit="0.60" Comment=" (73)" />
        <deal Ticket="8161357" OpenTime="2010-01-04 23:43:00" DealType="-1" Lots="0.06" Symbol="EURUSD" Open="1.4420" SL="1.4455" TP="1.4372" CloseTime="2010-01-05 00:02:00" Close="1.4410" Swap="0.00" Profit="6.00" Comment=" (74)" />
        <deal Ticket="8114222" OpenTime="2009-12-29 22:30:00" DealType="1" Lots="0.06" Symbol="GBPUSD" Open="1.5892" SL="1.5859" TP="1.5904" CloseTime="2009-12-29 22:58:00" Close="1.5902" Swap="0.00" Profit="6.00" Comment=" (75)" />
        <deal Ticket="8103191" OpenTime="2009-12-28 23:15:00" DealType="-1" Lots="0.07" Symbol="USDCHF" Open="1.0353" SL="1.0385" TP="1.0334" CloseTime="2009-12-29 06:35:00" Close="1.0351" Swap="0.00" Profit="1.35" Comment=" (76)" />
        <deal Ticket="8071946" OpenTime="2009-12-22 23:13:00" DealType="-1" Lots="0.06" Symbol="USDCHF" Open="1.0492" SL="1.0525" TP="1.0432" CloseTime="2009-12-23 09:13:00" Close="1.0489" Swap="0.00" Profit="1.72" Comment=" (77)" />
        <deal Ticket="8071867" OpenTime="2009-12-22 23:03:00" DealType="1" Lots="0.06" Symbol="EURUSD" Open="1.4248" SL="1.4192" TP="1.4306" CloseTime="2009-12-23 02:18:00" Close="1.4263" Swap="0.00" Profit="9.00" Comment=" (78)" />
        <deal Ticket="8071916" OpenTime="2009-12-22 23:08:00" DealType="1" Lots="0.06" Symbol="GBPUSD" Open="1.5959" SL="1.5914" TP="1.6019" CloseTime="2009-12-23 01:07:00" Close="1.5975" Swap="0.00" Profit="9.60" Comment=" (79)" />
        <deal Ticket="8071913" OpenTime="2009-12-22 23:08:00" DealType="1" Lots="0.06" Symbol="GBPUSD" Open="1.5963" SL="1.5920" TP="1.6010" CloseTime="2009-12-23 00:08:00" Close="1.5967" Swap="0.00" Profit="2.40" Comment=" (80)" />
        <deal Ticket="8071950" OpenTime="2009-12-22 23:13:00" DealType="-1" Lots="0.06" Symbol="USDCHF" Open="1.0497" SL="1.0530" TP="1.0447" CloseTime="2009-12-22 23:52:00" Close="1.0487" Swap="0.00" Profit="5.72" Comment=" (81)" />
        <deal Ticket="8072155" OpenTime="2009-12-22 23:41:00" DealType="1" Lots="0.06" Symbol="EURUSD" Open="1.4237" SL="1.4205" TP="1.4287" CloseTime="2009-12-22 23:44:00" Close="1.4248" Swap="0.00" Profit="6.60" Comment=" (82)" />
        <deal Ticket="8071326" OpenTime="2009-12-22 22:00:00" DealType="-1" Lots="0.06" Symbol="USDCAD" Open="1.0581" SL="1.0637" TP="1.0531" CloseTime="2009-12-22 23:02:00" Close="1.0577" Swap="0.00" Profit="2.27" Comment=" (83)" />
        <deal Ticket="8055219" OpenTime="2009-12-21 23:35:00" DealType="-1" Lots="0.06" Symbol="USDCAD" Open="1.0633" SL="1.0685" TP="1.0574" CloseTime="2009-12-22 01:01:00" Close="1.0618" Swap="0.00" Profit="8.48" Comment=" (84)" />
        <deal Ticket="8055117" OpenTime="2009-12-21 23:05:00" DealType="-1" Lots="0.06" Symbol="USDCHF" Open="1.0470" SL="1.0517" TP="1.0412" CloseTime="2009-12-22 00:49:00" Close="1.0455" Swap="0.00" Profit="8.61" Comment=" (85)" />
        <deal Ticket="8055111" OpenTime="2009-12-21 23:04:00" DealType="1" Lots="0.06" Symbol="EURUSD" Open="1.4268" SL="1.4234" TP="1.4316" CloseTime="2009-12-22 00:07:00" Close="1.4275" Swap="0.00" Profit="4.20" Comment=" (86)" />
        <deal Ticket="8055103" OpenTime="2009-12-21 23:04:00" DealType="1" Lots="0.06" Symbol="GBPUSD" Open="1.6034" SL="1.6001" TP="1.6084" CloseTime="2009-12-21 23:57:00" Close="1.6052" Swap="0.00" Profit="10.80" Comment=" (87)" />
        <deal Ticket="7977877" OpenTime="2009-12-15 22:00:00" DealType="-1" Lots="0.06" Symbol="GBPUSD" Open="1.6273" SL="1.6321" TP="1.6224" CloseTime="2009-12-15 23:01:00" Close="1.6268" Swap="0.00" Profit="3.00" Comment=" (88)" />
        <deal Ticket="7959402" OpenTime="2009-12-14 23:44:00" DealType="-1" Lots="0.06" Symbol="USDCHF" Open="1.0323" SL="1.0357" TP="1.0264" CloseTime="2009-12-15 08:54:00" Close="1.0357" Swap="0.00" Profit="-19.70" Comment=" (89)" />
        <deal Ticket="7959181" OpenTime="2009-12-14 23:00:00" DealType="-1" Lots="0.06" Symbol="EURUSD" Open="1.4657" SL="1.4689" TP="1.4597" CloseTime="2009-12-15 03:20:00" Close="1.4640" Swap="0.00" Profit="10.20" Comment=" (90)" />
        <deal Ticket="7959210" OpenTime="2009-12-14 23:00:00" DealType="-1" Lots="0.06" Symbol="GBPUSD" Open="1.6312" SL="1.6367" TP="1.6254" CloseTime="2009-12-15 01:50:00" Close="1.6298" Swap="0.00" Profit="8.40" Comment=" (91)" />
        <deal Ticket="7959209" OpenTime="2009-12-14 23:00:00" DealType="1" Lots="0.06" Symbol="USDCHF" Open="1.0315" SL="1.0282" TP="1.0375" CloseTime="2009-12-14 23:44:00" Close="1.0323" Swap="0.00" Profit="4.65" Comment=" (92)" />
        <deal Ticket="7923602" OpenTime="2009-12-10 23:43:00" DealType="-1" Lots="0.06" Symbol="EURUSD" Open="1.4733" SL="1.4772" TP="1.4674" CloseTime="2009-12-11 03:02:00" Close="1.4719" Swap="0.00" Profit="8.40" Comment=" (93)" />
        <deal Ticket="7923064" OpenTime="2009-12-10 22:07:00" DealType="-1" Lots="0.06" Symbol="GBPUSD" Open="1.6279" SL="1.6348" TP="1.6229" CloseTime="2009-12-11 00:11:00" Close="1.6279" Swap="0.00" Profit="0.00" Comment=" (94)" />
        <deal Ticket="7923266" OpenTime="2009-12-10 22:54:00" DealType="-1" Lots="0.06" Symbol="USDCAD" Open="1.0521" SL="1.0585" TP="1.0470" CloseTime="2009-12-10 23:32:00" Close="1.0511" Swap="0.00" Profit="5.71" Comment=" (95)" />
        <deal Ticket="7881290" OpenTime="2009-12-08 22:28:00" DealType="-1" Lots="0.06" Symbol="EURUSD" Open="1.4707" SL="1.4860" TP="1.4658" CloseTime="2009-12-08 23:54:00" Close="1.4703" Swap="0.00" Profit="2.40" Comment=" (96)" />
        <deal Ticket="7881258" OpenTime="2009-12-08 22:23:00" DealType="1" Lots="0.06" Symbol="USDCAD" Open="1.0633" SL="1.0486" TP="1.0683" CloseTime="2009-12-08 23:24:00" Close="1.0637" Swap="0.00" Profit="2.26" Comment=" (97)" />
        <deal Ticket="7860666" OpenTime="2009-12-07 23:57:00" DealType="-1" Lots="0.06" Symbol="EURUSD" Open="1.4828" SL="1.4879" TP="1.4769" CloseTime="2009-12-08 07:29:00" Close="1.4826" Swap="0.00" Profit="1.20" Comment=" (98)" />
        <deal Ticket="7860358" OpenTime="2009-12-07 23:03:00" DealType="-1" Lots="0.06" Symbol="EURUSD" Open="1.4828" SL="1.4905" TP="1.4779" CloseTime="2009-12-08 01:03:00" Close="1.4827" Swap="0.00" Profit="0.60" Comment=" (99)" />
        <deal Ticket="7815155" OpenTime="2009-12-03 22:01:00" DealType="-1" Lots="0.06" Symbol="USDCHF" Open="0.9999" SL="1.0032" TP="0.9949" CloseTime="2009-12-04 08:25:00" Close="0.9998" Swap="0.00" Profit="0.60" Comment=" (100)" />
        <deal Ticket="7815083" OpenTime="2009-12-03 22:00:00" DealType="-1" Lots="0.06" Symbol="USDCAD" Open="1.0548" SL="1.0586" TP="1.0498" CloseTime="2009-12-04 08:09:00" Close="1.0547" Swap="0.00" Profit="0.57" Comment=" (101)" />
        <deal Ticket="7816046" OpenTime="2009-12-03 23:09:00" DealType="-1" Lots="0.06" Symbol="USDCAD" Open="1.0577" SL="1.0610" TP="1.0558" CloseTime="2009-12-04 04:35:00" Close="1.0564" Swap="0.00" Profit="7.38" Comment=" (102)" />
        <deal Ticket="7815898" OpenTime="2009-12-03 23:00:00" DealType="-1" Lots="0.06" Symbol="USDCHF" Open="1.0016" SL="1.0087" TP="0.9956" CloseTime="2009-12-04 00:43:00" Close="1.0001" Swap="0.00" Profit="9.00" Comment=" (103)" />
        <deal Ticket="7815913" OpenTime="2009-12-03 23:00:00" DealType="1" Lots="0.06" Symbol="EURUSD" Open="1.5047" SL="1.4937" TP="1.5103" CloseTime="2009-12-04 00:27:00" Close="1.5062" Swap="0.00" Profit="9.00" Comment=" (104)" />
        <deal Ticket="7815519" OpenTime="2009-12-03 22:41:00" DealType="1" Lots="0.06" Symbol="GBPUSD" Open="1.6551" SL="1.6519" TP="1.6602" CloseTime="2009-12-04 00:26:00" Close="1.6551" Swap="0.00" Profit="0.00" Comment=" (105)" />
        <deal Ticket="7815733" OpenTime="2009-12-03 22:48:00" DealType="1" Lots="0.06" Symbol="EURUSD" Open="1.5050" SL="1.5018" TP="1.5100" CloseTime="2009-12-03 23:32:00" Close="1.5058" Swap="0.00" Profit="4.80" Comment=" (106)" />
        <deal Ticket="7781395" OpenTime="2009-12-01 23:53:00" DealType="-1" Lots="0.06" Symbol="USDCHF" Open="0.9998" SL="1.0031" TP="0.9938" CloseTime="2009-12-02 04:30:00" Close="0.9984" Swap="0.00" Profit="8.41" Comment=" (107)" />
        <deal Ticket="7781427" OpenTime="2009-12-01 23:58:00" DealType="1" Lots="0.06" Symbol="EURUSD" Open="1.5075" SL="1.5030" TP="1.5134" CloseTime="2009-12-02 00:29:00" Close="1.5088" Swap="0.00" Profit="7.80" Comment=" (108)" />
        <deal Ticket="7780840" OpenTime="2009-12-01 22:00:00" DealType="1" Lots="0.06" Symbol="GBPUSD" Open="1.6620" SL="1.6468" TP="1.6671" CloseTime="2009-12-02 00:28:00" Close="1.6620" Swap="0.00" Profit="0.00" Comment=" (109)" />
        <deal Ticket="7780823" OpenTime="2009-12-01 22:00:00" DealType="-1" Lots="0.06" Symbol="USDCAD" Open="1.0469" SL="1.0580" TP="1.0418" CloseTime="2009-12-01 22:54:00" Close="1.0459" Swap="0.00" Profit="5.74" Comment=" (110)" />
        <deal Ticket="7713189" OpenTime="2009-11-26 23:03:00" DealType="-1" Lots="0.06" Symbol="USDCHF" Open="1.0041" SL="1.0074" TP="0.9981" CloseTime="2009-11-27 00:31:00" Close="1.0032" Swap="0.00" Profit="5.38" Comment=" (111)" />
        <deal Ticket="7713529" OpenTime="2009-11-26 23:51:00" DealType="1" Lots="0.06" Symbol="GBPUSD" Open="1.6498" SL="1.6432" TP="1.6557" CloseTime="2009-11-27 00:16:00" Close="1.6460" Swap="0.00" Profit="-22.80" Comment=" (112)" />
        <deal Ticket="7713210" OpenTime="2009-11-26 23:04:00" DealType="-1" Lots="0.06" Symbol="USDCHF" Open="1.0043" SL="1.0076" TP="0.9993" CloseTime="2009-11-26 23:20:00" Close="1.0033" Swap="0.00" Profit="5.98" Comment=" (113)" />
        <deal Ticket="7713295" OpenTime="2009-11-26 23:10:00" DealType="1" Lots="0.06" Symbol="USDCAD" Open="1.0590" SL="1.0456" TP="1.0635" CloseTime="2009-11-26 23:13:00" Close="1.0604" Swap="0.00" Profit="7.92" Comment=" (114)" />
        <deal Ticket="7712859" OpenTime="2009-11-26 22:35:00" DealType="-1" Lots="0.06" Symbol="GBPUSD" Open="1.6518" SL="1.6671" TP="1.6468" CloseTime="2009-11-26 23:04:00" Close="1.6507" Swap="0.00" Profit="6.60" Comment=" (115)" />
        <deal Ticket="7694016" OpenTime="2009-11-25 22:42:00" DealType="1" Lots="0.06" Symbol="GBPUSD" Open="1.6709" SL="1.6587" TP="1.6757" CloseTime="2009-11-26 01:41:00" Close="1.6710" Swap="0.00" Profit="0.60" Comment=" (116)" />
        <deal Ticket="7693632" OpenTime="2009-11-25 22:00:00" DealType="-1" Lots="0.06" Symbol="GBPUSD" Open="1.6722" SL="1.6757" TP="1.6674" CloseTime="2009-11-25 22:30:00" Close="1.6712" Swap="0.00" Profit="6.00" Comment=" (117)" />
        <deal Ticket="7673120" OpenTime="2009-11-24 23:08:00" DealType="-1" Lots="0.06" Symbol="GBPUSD" Open="1.6587" SL="1.6625" TP="1.6542" CloseTime="2009-11-25 00:08:00" Close="1.6584" Swap="0.00" Profit="1.80" Comment=" (118)" />
        <deal Ticket="7654289" OpenTime="2009-11-23 23:46:00" DealType="-1" Lots="0.06" Symbol="USDCAD" Open="1.0569" SL="1.0612" TP="1.0509" CloseTime="2009-11-24 02:53:00" Close="1.0612" Swap="0.00" Profit="-24.31" Comment=" (119)" />
        <deal Ticket="7654013" OpenTime="2009-11-23 22:29:00" DealType="1" Lots="0.06" Symbol="EURUSD" Open="1.4957" SL="1.4884" TP="1.5007" CloseTime="2009-11-23 23:06:00" Close="1.4965" Swap="0.00" Profit="4.80" Comment=" (120)" />
        <deal Ticket="7599777" OpenTime="2009-11-18 23:00:00" DealType="-1" Lots="0.06" Symbol="GBPUSD" Open="1.6744" SL="1.6847" TP="1.6704" CloseTime="2009-11-19 00:31:00" Close="1.6743" Swap="0.00" Profit="0.60" Comment=" (121)" />
        <deal Ticket="7580447" OpenTime="2009-11-17 23:41:00" DealType="1" Lots="0.06" Symbol="GBPUSD" Open="1.6799" SL="1.6754" TP="1.6849" CloseTime="2009-11-18 00:04:00" Close="1.6814" Swap="0.00" Profit="9.00" Comment=" (122)" />
        <deal Ticket="7579945" OpenTime="2009-11-17 22:00:00" DealType="-1" Lots="0.06" Symbol="EURUSD" Open="1.4869" SL="1.4992" TP="1.4822" CloseTime="2009-11-17 23:27:00" Close="1.4868" Swap="0.00" Profit="0.60" Comment=" (123)" />
        <deal Ticket="7579918" OpenTime="2009-11-17 22:00:00" DealType="-1" Lots="0.06" Symbol="GBPUSD" Open="1.6813" SL="1.6874" TP="1.6764" CloseTime="2009-11-17 23:11:00" Close="1.6814" Swap="0.00" Profit="-0.60" Comment=" (124)" />
        <deal Ticket="7558480" OpenTime="2009-11-16 22:59:00" DealType="1" Lots="0.06" Symbol="GBPUSD" Open="1.6818" SL="1.6668" TP="1.6868" CloseTime="2009-11-16 23:05:00" Close="1.6828" Swap="0.00" Profit="6.00" Comment=" (125)" />
        <deal Ticket="7521594" OpenTime="2009-11-12 22:07:00" DealType="1" Lots="0.06" Symbol="EURUSD" Open="1.4837" SL="1.4805" TP="1.4887" CloseTime="2009-11-12 23:00:00" Close="1.4850" Swap="0.00" Profit="7.80" Comment=" (126)" />
        <deal Ticket="7521640" OpenTime="2009-11-12 22:16:00" DealType="-1" Lots="0.06" Symbol="GBPUSD" Open="1.6588" SL="1.6628" TP="1.6539" CloseTime="2009-11-12 22:58:00" Close="1.6579" Swap="0.00" Profit="5.40" Comment=" (127)" />
        <deal Ticket="7501563" OpenTime="2009-11-11 22:03:00" DealType="-1" Lots="0.06" Symbol="GBPUSD" Open="1.6568" SL="1.6721" TP="1.6518" CloseTime="2009-11-12 06:10:00" Close="1.6569" Swap="0.00" Profit="-0.60" Comment=" (128)" />
        <deal Ticket="7482539" OpenTime="2009-11-10 23:25:00" DealType="-1" Lots="0.06" Symbol="EURUSD" Open="1.4992" SL="1.5044" TP="1.4932" CloseTime="2009-11-11 03:25:00" Close="1.4979" Swap="0.00" Profit="7.80" Comment=" (129)" />
        <deal Ticket="7482398" OpenTime="2009-11-10 23:00:00" DealType="-1" Lots="0.06" Symbol="GBPUSD" Open="1.6746" SL="1.6790" TP="1.6685" CloseTime="2009-11-11 00:38:00" Close="1.6732" Swap="0.00" Profit="8.40" Comment=" (130)" />
        <deal Ticket="7482363" OpenTime="2009-11-10 22:58:00" DealType="-1" Lots="0.06" Symbol="EURUSD" Open="1.4989" SL="1.5022" TP="1.4940" CloseTime="2009-11-11 00:23:00" Close="1.4984" Swap="0.00" Profit="3.00" Comment=" (131)" />
        <deal Ticket="7482345" OpenTime="2009-11-10 22:53:00" DealType="-1" Lots="0.06" Symbol="GBPUSD" Open="1.6741" SL="1.6791" TP="1.6694" CloseTime="2009-11-11 00:03:00" Close="1.6733" Swap="0.00" Profit="4.80" Comment=" (132)" />
        <deal Ticket="7482157" OpenTime="2009-11-10 22:05:00" DealType="1" Lots="0.06" Symbol="USDCAD" Open="1.0488" SL="1.0455" TP="1.0538" CloseTime="2009-11-10 22:46:00" Close="1.0499" Swap="0.00" Profit="6.29" Comment=" (133)" />
        <deal Ticket="7462118" OpenTime="2009-11-09 23:17:00" DealType="-1" Lots="0.06" Symbol="EURUSD" Open="1.4997" SL="1.5032" TP="1.4940" CloseTime="2009-11-10 01:38:00" Close="1.4995" Swap="0.00" Profit="1.20" Comment=" (134)" />
        <deal Ticket="7426985" OpenTime="2009-11-05 23:22:00" DealType="-1" Lots="0.06" Symbol="USDCAD" Open="1.0668" SL="1.0725" TP="1.0608" CloseTime="2009-11-06 00:56:00" Close="1.0654" Swap="0.00" Profit="7.88" Comment=" (135)" />
        <deal Ticket="7426712" OpenTime="2009-11-05 22:15:00" DealType="-1" Lots="0.06" Symbol="USDCAD" Open="1.0661" SL="1.0696" TP="1.0613" CloseTime="2009-11-06 00:23:00" Close="1.0663" Swap="0.00" Profit="-1.13" Comment=" (136)" />
        <deal Ticket="7426732" OpenTime="2009-11-05 22:18:00" DealType="-1" Lots="0.06" Symbol="GBPUSD" Open="1.6591" SL="1.6638" TP="1.6544" CloseTime="2009-11-05 22:44:00" Close="1.6581" Swap="0.00" Profit="6.00" Comment=" (137)" />
        <deal Ticket="7370620" OpenTime="2009-11-02 23:00:00" DealType="-1" Lots="0.06" Symbol="GBPUSD" Open="1.6409" SL="1.6536" TP="1.6349" CloseTime="2009-11-03 00:25:00" Close="1.6394" Swap="0.00" Profit="9.00" Comment=" (138)" />
        <deal Ticket="7370558" OpenTime="2009-11-02 22:53:00" DealType="-1" Lots="0.06" Symbol="GBPUSD" Open="1.6405" SL="1.6480" TP="1.6357" CloseTime="2009-11-03 00:01:00" Close="1.6399" Swap="0.00" Profit="3.60" Comment=" (139)" />
        <deal Ticket="7314830" OpenTime="2009-10-28 23:24:00" DealType="-1" Lots="0.06" Symbol="GBPUSD" Open="1.6404" SL="1.6468" TP="1.6353" CloseTime="2009-10-28 23:28:00" Close="1.6394" Swap="0.00" Profit="6.00" Comment=" (140)" />
        <deal Ticket="7314278" OpenTime="2009-10-28 22:00:00" DealType="-1" Lots="0.06" Symbol="USDCAD" Open="1.0811" SL="1.0845" TP="1.0762" CloseTime="2009-10-28 22:59:00" Close="1.0801" Swap="0.00" Profit="5.56" Comment=" (141)" />
        <deal Ticket="7293336" OpenTime="2009-10-27 22:39:00" DealType="-1" Lots="0.06" Symbol="EURUSD" Open="1.4812" SL="1.4926" TP="1.4761" CloseTime="2009-10-27 23:50:00" Close="1.4807" Swap="0.00" Profit="3.00" Comment=" (142)" />
        <deal Ticket="7274190" OpenTime="2009-10-26 22:00:00" DealType="-1" Lots="0.05" Symbol="USDCAD" Open="1.0690" SL="1.0724" TP="1.0641" CloseTime="2009-10-26 23:22:00" Close="1.0680" Swap="0.00" Profit="4.68" Comment=" (143)" />
        <deal Ticket="7238875" OpenTime="2009-10-22 22:13:00" DealType="-1" Lots="0.08" Symbol="EURUSD" Open="1.5034" SL="1.5067" TP="1.4985" CloseTime="2009-10-22 22:56:00" Close="1.5025" Swap="0.00" Profit="7.20" Comment=" (144)" />
        <deal Ticket="7220713" OpenTime="2009-10-21 23:48:00" DealType="1" Lots="0.08" Symbol="GBPUSD" Open="1.6587" SL="1.6434" TP="1.6637" CloseTime="2009-10-22 00:00:00" Close="1.6596" Swap="0.00" Profit="7.20" Comment=" (145)" />
        <deal Ticket="7220005" OpenTime="2009-10-21 22:00:00" DealType="-1" Lots="0.08" Symbol="USDCHF" Open="1.0072" SL="1.0155" TP="1.0022" CloseTime="2009-10-21 22:45:00" Close="1.0062" Swap="0.00" Profit="7.95" Comment=" (146)" />
        <deal Ticket="7219967" OpenTime="2009-10-21 22:00:00" DealType="-1" Lots="0.08" Symbol="USDCAD" Open="1.0457" SL="1.0585" TP="1.0406" CloseTime="2009-10-21 22:19:00" Close="1.0446" Swap="0.00" Profit="8.42" Comment=" (147)" />
        <deal Ticket="7219956" OpenTime="2009-10-21 22:00:00" DealType="1" Lots="0.08" Symbol="GBPUSD" Open="1.6585" SL="1.6434" TP="1.6637" CloseTime="2009-10-21 22:18:00" Close="1.6597" Swap="0.00" Profit="9.60" Comment=" (148)" />
        <deal Ticket="7198612" OpenTime="2009-10-20 22:30:00" DealType="-1" Lots="0.08" Symbol="EURUSD" Open="1.4936" SL="1.4993" TP="1.4887" CloseTime="2009-10-20 23:39:00" Close="1.4934" Swap="0.00" Profit="1.60" Comment=" (149)" />
        <deal Ticket="7179638" OpenTime="2009-10-19 22:42:00" DealType="-1" Lots="0.08" Symbol="EURUSD" Open="1.4953" SL="1.4985" TP="1.4903" CloseTime="2009-10-20 03:32:00" Close="1.4985" Swap="0.00" Profit="-25.60" Comment=" (150)" />
        <deal Ticket="7179707" OpenTime="2009-10-19 22:43:00" DealType="1" Lots="0.08" Symbol="USDCHF" Open="1.0118" SL="1.0085" TP="1.0168" CloseTime="2009-10-20 02:05:00" Close="1.0119" Swap="0.00" Profit="0.79" Comment=" (151)" />
        <deal Ticket="7179579" OpenTime="2009-10-19 22:33:00" DealType="-1" Lots="0.08" Symbol="GBPUSD" Open="1.6384" SL="1.6425" TP="1.6334" CloseTime="2009-10-19 23:00:00" Close="1.6425" Swap="0.00" Profit="-32.80" Comment=" (152)" />
        <deal Ticket="7127192" OpenTime="2009-10-14 23:30:00" DealType="-1" Lots="0.08" Symbol="EURUSD" Open="1.4927" SL="1.4991" TP="1.4869" CloseTime="2009-10-15 10:11:00" Close="1.4926" Swap="0.00" Profit="0.80" Comment=" (153)" />
        <deal Ticket="7127230" OpenTime="2009-10-14 23:37:00" DealType="-1" Lots="0.08" Symbol="GBPUSD" Open="1.5994" SL="1.6069" TP="1.5936" CloseTime="2009-10-15 06:54:00" Close="1.6069" Swap="0.00" Profit="-60.00" Comment=" (154)" />
        <deal Ticket="7126951" OpenTime="2009-10-14 22:26:00" DealType="-1" Lots="0.08" Symbol="EURUSD" Open="1.4923" SL="1.4956" TP="1.4874" CloseTime="2009-10-15 03:18:00" Close="1.4956" Swap="0.00" Profit="-26.40" Comment=" (155)" />
        <deal Ticket="7127208" OpenTime="2009-10-14 23:35:00" DealType="-1" Lots="0.08" Symbol="GBPUSD" Open="1.5993" SL="1.6026" TP="1.5943" CloseTime="2009-10-15 02:35:00" Close="1.6026" Swap="0.00" Profit="-26.40" Comment=" (156)" />
        <deal Ticket="7127060" OpenTime="2009-10-14 22:58:00" DealType="1" Lots="0.08" Symbol="USDCAD" Open="1.0249" SL="1.0216" TP="1.0299" CloseTime="2009-10-15 00:31:00" Close="1.0251" Swap="0.00" Profit="1.56" Comment=" (157)" />
        <deal Ticket="7058351" OpenTime="2009-10-08 23:10:00" DealType="-1" Lots="0.06" Symbol="EURUSD" Open="1.4795" SL="1.4839" TP="1.4735" CloseTime="2009-10-09 01:00:00" Close="1.4780" Swap="0.00" Profit="9.00" Comment=" (158)" />
        <deal Ticket="7058251" OpenTime="2009-10-08 22:47:00" DealType="-1" Lots="0.06" Symbol="EURUSD" Open="1.4793" SL="1.4825" TP="1.4743" CloseTime="2009-10-09 00:24:00" Close="1.4789" Swap="0.00" Profit="2.40" Comment=" (159)" />
        <deal Ticket="6931917" OpenTime="2009-10-01 22:00:00" DealType="-1" Lots="0.08" Symbol="USDCAD" Open="1.0846" SL="1.0879" TP="1.0796" CloseTime="2009-10-01 22:11:00" Close="1.0836" Swap="0.00" Profit="7.38" Comment=" (160)" />
        <deal Ticket="6875986" OpenTime="2009-09-28 23:00:00" DealType="1" Lots="0.08" Symbol="USDCAD" Open="1.0849" SL="1.0763" TP="1.0910" CloseTime="2009-09-28 23:38:00" Close="1.0863" Swap="0.00" Profit="10.31" Comment=" (161)" />
        <deal Ticket="6875975" OpenTime="2009-09-28 22:59:00" DealType="1" Lots="0.08" Symbol="USDCAD" Open="1.0856" SL="1.0823" TP="1.0906" CloseTime="2009-09-28 23:38:00" Close="1.0867" Swap="0.00" Profit="8.10" Comment=" (162)" />
        <deal Ticket="6875773" OpenTime="2009-09-28 22:29:00" DealType="-1" Lots="0.06" Symbol="GBPUSD" Open="1.5892" SL="1.5926" TP="1.5841" CloseTime="2009-09-28 22:43:00" Close="1.5883" Swap="0.00" Profit="5.40" Comment=" (163)" />
        <deal Ticket="6836524" OpenTime="2009-09-24 22:58:00" DealType="-1" Lots="0.06" Symbol="EURUSD" Open="1.4663" SL="1.4801" TP="1.4615" CloseTime="2009-09-25 00:33:00" Close="1.4661" Swap="0.00" Profit="1.20" Comment=" (164)" />
        <deal Ticket="6836430" OpenTime="2009-09-24 22:35:00" DealType="1" Lots="0.06" Symbol="GBPUSD" Open="1.6048" SL="1.6014" TP="1.6097" CloseTime="2009-09-24 22:51:00" Close="1.6058" Swap="0.00" Profit="6.00" Comment=" (165)" />
        <deal Ticket="6779207" OpenTime="2009-09-21 23:00:00" DealType="-1" Lots="0.06" Symbol="GBPUSD" Open="1.6215" SL="1.6281" TP="1.6158" CloseTime="2009-09-22 08:24:00" Close="1.6281" Swap="0.00" Profit="-39.60" Comment=" (166)" />
        <deal Ticket="6779240" OpenTime="2009-09-21 23:00:00" DealType="-1" Lots="0.06" Symbol="GBPUSD" Open="1.6218" SL="1.6267" TP="1.6169" CloseTime="2009-09-21 23:45:00" Close="1.6208" Swap="0.00" Profit="6.00" Comment=" (167)" />
        <deal Ticket="6744697" OpenTime="2009-09-17 22:57:00" DealType="-1" Lots="0.06" Symbol="GBPUSD" Open="1.6452" SL="1.6569" TP="1.6402" CloseTime="2009-09-18 00:10:00" Close="1.6447" Swap="0.00" Profit="3.00" Comment=" (168)" />
        <deal Ticket="6744750" OpenTime="2009-09-17 23:03:00" DealType="-1" Lots="0.06" Symbol="EURUSD" Open="1.4745" SL="1.4778" TP="1.4696" CloseTime="2009-09-18 00:08:00" Close="1.4740" Swap="0.00" Profit="3.00" Comment=" (169)" />
        <deal Ticket="6744383" OpenTime="2009-09-17 22:00:00" DealType="-1" Lots="0.08" Symbol="USDCAD" Open="1.0668" SL="1.0699" TP="1.0616" CloseTime="2009-09-17 22:23:00" Close="1.0658" Swap="0.00" Profit="7.51" Comment=" (170)" />
        <deal Ticket="6706444" OpenTime="2009-09-15 22:01:00" DealType="1" Lots="0.08" Symbol="USDCAD" Open="1.0717" SL="1.0683" TP="1.0766" CloseTime="2009-09-15 22:37:00" Close="1.0727" Swap="0.00" Profit="7.46" Comment=" (171)" />
        <deal Ticket="6689914" OpenTime="2009-09-14 23:23:00" DealType="-1" Lots="0.05" Symbol="EURUSD" Open="1.4625" SL="1.4680" TP="1.4566" CloseTime="2009-09-15 07:12:00" Close="1.4610" Swap="0.00" Profit="7.50" Comment=" (172)" />
        <deal Ticket="6689666" OpenTime="2009-09-14 22:18:00" DealType="1" Lots="0.06" Symbol="USDCAD" Open="1.0831" SL="1.0773" TP="1.0879" CloseTime="2009-09-14 23:29:00" Close="1.0835" Swap="0.00" Profit="2.22" Comment=" (173)" />
        <deal Ticket="6689836" OpenTime="2009-09-14 22:59:00" DealType="-1" Lots="0.05" Symbol="GBPUSD" Open="1.6583" SL="1.6676" TP="1.6530" CloseTime="2009-09-14 23:06:00" Close="1.6575" Swap="0.00" Profit="4.00" Comment=" (174)" />
        <deal Ticket="6553012" OpenTime="2009-09-01 22:36:00" DealType="-1" Lots="0.05" Symbol="EURUSD" Open="1.4225" SL="1.4377" TP="1.4175" CloseTime="2009-09-01 23:09:00" Close="1.4214" Swap="0.00" Profit="5.50" Comment=" (175)" />
        <deal Ticket="6501290" OpenTime="2009-08-27 22:39:00" DealType="1" Lots="0.05" Symbol="EURUSD" Open="1.4345" SL="1.4217" TP="1.4395" CloseTime="2009-08-28 00:00:00" Close="1.4347" Swap="0.00" Profit="1.00" Comment=" (176)" />
        <deal Ticket="6501422" OpenTime="2009-08-27 22:54:00" DealType="-1" Lots="0.06" Symbol="USDCAD" Open="1.0881" SL="1.1022" TP="1.0831" CloseTime="2009-08-27 23:33:00" Close="1.0873" Swap="0.00" Profit="4.41" Comment=" (177)" />
        <deal Ticket="6482339" OpenTime="2009-08-26 23:41:00" DealType="1" Lots="0.05" Symbol="GBPUSD" Open="1.6235" SL="1.6197" TP="1.6294" CloseTime="2009-08-27 07:56:00" Close="1.6234" Swap="0.00" Profit="-0.50" Comment=" (178)" />
        <deal Ticket="6482357" OpenTime="2009-08-26 23:41:00" DealType="1" Lots="0.05" Symbol="GBPUSD" Open="1.6231" SL="1.6159" TP="1.6281" CloseTime="2009-08-27 00:07:00" Close="1.6238" Swap="0.00" Profit="3.50" Comment=" (179)" />
        <deal Ticket="6482093" OpenTime="2009-08-26 22:25:00" DealType="1" Lots="0.06" Symbol="USDCAD" Open="1.0972" SL="1.0830" TP="1.1020" CloseTime="2009-08-26 22:48:00" Close="1.0983" Swap="0.00" Profit="6.01" Comment=" (180)" />
        <deal Ticket="6466721" OpenTime="2009-08-25 23:52:00" DealType="-1" Lots="0.06" Symbol="USDCHF" Open="1.0617" SL="1.0650" TP="1.0557" CloseTime="2009-08-26 07:53:00" Close="1.0615" Swap="0.00" Profit="1.13" Comment=" (181)" />
        <deal Ticket="6466576" OpenTime="2009-08-25 23:06:00" DealType="-1" Lots="0.06" Symbol="USDCAD" Open="1.0869" SL="1.0937" TP="1.0810" CloseTime="2009-08-26 07:04:00" Close="1.0854" Swap="0.00" Profit="8.29" Comment=" (182)" />
        <deal Ticket="6466486" OpenTime="2009-08-25 22:53:00" DealType="1" Lots="0.05" Symbol="EURUSD" Open="1.4295" SL="1.4250" TP="1.4345" CloseTime="2009-08-26 00:58:00" Close="1.4300" Swap="0.00" Profit="2.50" Comment=" (183)" />
        <deal Ticket="6466410" OpenTime="2009-08-25 22:32:00" DealType="-1" Lots="0.06" Symbol="USDCAD" Open="1.0864" SL="1.0899" TP="1.0816" CloseTime="2009-08-26 00:55:00" Close="1.0863" Swap="0.00" Profit="0.55" Comment=" (184)" />
        <deal Ticket="6466558" OpenTime="2009-08-25 23:04:00" DealType="1" Lots="0.05" Symbol="GBPUSD" Open="1.6343" SL="1.6308" TP="1.6391" CloseTime="2009-08-26 00:05:00" Close="1.6347" Swap="0.00" Profit="2.00" Comment=" (185)" />
        <deal Ticket="6416994" OpenTime="2009-08-20 23:11:00" DealType="1" Lots="0.05" Symbol="GBPUSD" Open="1.6500" SL="1.6450" TP="1.6550" CloseTime="2009-08-21 00:21:00" Close="1.6506" Swap="0.00" Profit="3.00" Comment=" (186)" />
        <deal Ticket="6403228" OpenTime="2009-08-19 23:01:00" DealType="1" Lots="0.06" Symbol="USDCAD" Open="1.0944" SL="1.0909" TP="1.0992" CloseTime="2009-08-20 00:01:00" Close="1.0953" Swap="0.00" Profit="4.93" Comment=" (187)" />
        <deal Ticket="6385542" OpenTime="2009-08-18 22:00:00" DealType="1" Lots="0.05" Symbol="GBPUSD" Open="1.6556" SL="1.6404" TP="1.6607" CloseTime="2009-08-19 00:00:00" Close="1.6560" Swap="0.00" Profit="2.00" Comment=" (188)" />
        <deal Ticket="6385623" OpenTime="2009-08-18 22:02:00" DealType="1" Lots="0.05" Symbol="EURUSD" Open="1.4125" SL="1.4066" TP="1.4174" CloseTime="2009-08-18 23:00:00" Close="1.4135" Swap="0.00" Profit="5.00" Comment=" (189)" />
        <deal Ticket="6370085" OpenTime="2009-08-17 22:34:00" DealType="1" Lots="0.05" Symbol="GBPUSD" Open="1.6347" SL="1.6314" TP="1.6397" CloseTime="2009-08-18 01:10:00" Close="1.6347" Swap="0.00" Profit="0.00" Comment=" (190)" />
        <deal Ticket="6370225" OpenTime="2009-08-17 23:36:00" DealType="1" Lots="0.05" Symbol="EURUSD" Open="1.4073" SL="1.4035" TP="1.4133" CloseTime="2009-08-18 00:38:00" Close="1.4076" Swap="0.00" Profit="1.50" Comment=" (191)" />
        <deal Ticket="6370156" OpenTime="2009-08-17 23:00:00" DealType="-1" Lots="0.05" Symbol="GBPUSD" Open="1.6352" SL="1.6399" TP="1.6292" CloseTime="2009-08-17 23:44:00" Close="1.6337" Swap="0.00" Profit="7.50" Comment=" (192)" />
        <deal Ticket="6301618" OpenTime="2009-08-11 23:04:00" DealType="-1" Lots="0.06" Symbol="USDCAD" Open="1.1021" SL="1.1083" TP="1.0962" CloseTime="2009-08-12 01:32:00" Close="1.1006" Swap="0.00" Profit="8.18" Comment=" (193)" />
        <deal Ticket="6301502" OpenTime="2009-08-11 22:12:00" DealType="-1" Lots="0.06" Symbol="USDCAD" Open="1.1022" SL="1.1055" TP="1.0972" CloseTime="2009-08-11 23:29:00" Close="1.1018" Swap="0.00" Profit="2.18" Comment=" (194)" />
        <deal Ticket="6257625" OpenTime="2009-08-06 23:23:00" DealType="1" Lots="0.05" Symbol="GBPUSD" Open="1.6769" SL="1.6736" TP="1.6819" CloseTime="2009-08-06 23:45:00" Close="1.6777" Swap="0.00" Profit="4.00" Comment=" (195)" />
        <deal Ticket="6257399" OpenTime="2009-08-06 22:00:00" DealType="-1" Lots="0.05" Symbol="EURUSD" Open="1.4355" SL="1.4430" TP="1.4305" CloseTime="2009-08-06 22:58:00" Close="1.4346" Swap="0.00" Profit="4.50" Comment=" (196)" />
        <deal Ticket="6257377" OpenTime="2009-08-06 22:00:00" DealType="1" Lots="0.06" Symbol="USDCAD" Open="1.0770" SL="1.0675" TP="1.0818" CloseTime="2009-08-06 22:39:00" Close="1.0780" Swap="0.00" Profit="5.57" Comment=" (197)" />
        <deal Ticket="6230008" OpenTime="2009-08-04 22:28:00" DealType="-1" Lots="0.05" Symbol="GBPUSD" Open="1.6943" SL="1.7005" TP="1.6893" CloseTime="2009-08-04 23:15:00" Close="1.6933" Swap="0.00" Profit="5.00" Comment=" (198)" />
        <deal Ticket="6230024" OpenTime="2009-08-04 22:30:00" DealType="1" Lots="0.06" Symbol="USDCAD" Open="1.0722" SL="1.0632" TP="1.0772" CloseTime="2009-08-04 22:58:00" Close="1.0726" Swap="0.00" Profit="2.24" Comment=" (199)" />
        <deal Ticket="6214169" OpenTime="2009-08-03 23:04:00" DealType="1" Lots="0.06" Symbol="USDCAD" Open="1.0655" SL="1.0614" TP="1.0717" CloseTime="2009-08-04 00:29:00" Close="1.0664" Swap="0.00" Profit="5.06" Comment=" (200)" />
        <deal Ticket="6214179" OpenTime="2009-08-03 23:06:00" DealType="1" Lots="0.06" Symbol="USDCAD" Open="1.0655" SL="1.0622" TP="1.0705" CloseTime="2009-08-04 00:03:00" Close="1.0665" Swap="0.00" Profit="5.63" Comment=" (201)" />
        <deal Ticket="6085214" OpenTime="2009-07-23 23:57:00" DealType="-1" Lots="0.06" Symbol="USDCAD" Open="1.0904" SL="1.1013" TP="1.0854" CloseTime="2009-07-24 01:04:00" Close="1.0894" Swap="0.00" Profit="5.51" Comment=" (202)" />
        <deal Ticket="6083979" OpenTime="2009-07-23 22:06:00" DealType="1" Lots="0.05" Symbol="GBPUSD" Open="1.6512" SL="1.6432" TP="1.6559" CloseTime="2009-07-24 00:40:00" Close="1.6513" Swap="0.00" Profit="0.50" Comment=" (203)" />
        <deal Ticket="6084025" OpenTime="2009-07-23 22:11:00" DealType="-1" Lots="0.06" Symbol="USDCHF" Open="1.0731" SL="1.0764" TP="1.0681" CloseTime="2009-07-23 22:20:00" Close="1.0764" Swap="0.00" Profit="-18.39" Comment=" (204)" />
        <deal Ticket="6084116" OpenTime="2009-07-23 22:12:00" DealType="-1" Lots="0.06" Symbol="USDCAD" Open="1.0878" SL="1.1013" TP="1.0828" CloseTime="2009-07-23 22:17:00" Close="1.0868" Swap="0.00" Profit="5.52" Comment=" (205)" />
        <deal Ticket="6083981" OpenTime="2009-07-23 22:06:00" DealType="1" Lots="0.05" Symbol="EURUSD" Open="1.4192" SL="1.4159" TP="1.4241" CloseTime="2009-07-23 22:13:00" Close="1.4159" Swap="0.00" Profit="-16.50" Comment=" (206)" />
        <deal Ticket="6066596" OpenTime="2009-07-22 22:25:00" DealType="-1" Lots="0.05" Symbol="GBPUSD" Open="1.6472" SL="1.6506" TP="1.6423" CloseTime="2009-07-22 23:30:00" Close="1.6472" Swap="0.00" Profit="0.00" Comment=" (207)" />
        <deal Ticket="6066720" OpenTime="2009-07-22 23:00:00" DealType="-1" Lots="0.05" Symbol="GBPUSD" Open="1.6489" SL="1.6571" TP="1.6430" CloseTime="2009-07-22 23:29:00" Close="1.6471" Swap="0.00" Profit="9.00" Comment=" (208)" />
        <deal Ticket="6049671" OpenTime="2009-07-21 22:13:00" DealType="-1" Lots="0.05" Symbol="EURUSD" Open="1.4204" SL="1.4276" TP="1.4155" CloseTime="2009-07-22 01:48:00" Close="1.4204" Swap="0.00" Profit="0.00" Comment=" (209)" />
        <deal Ticket="6049749" OpenTime="2009-07-21 22:15:00" DealType="1" Lots="0.06" Symbol="USDCHF" Open="1.0669" SL="1.0623" TP="1.0719" CloseTime="2009-07-22 01:28:00" Close="1.0670" Swap="0.00" Profit="0.56" Comment=" (210)" />
        <deal Ticket="6049620" OpenTime="2009-07-21 22:07:00" DealType="-1" Lots="0.05" Symbol="GBPUSD" Open="1.6444" SL="1.6543" TP="1.6394" CloseTime="2009-07-22 01:22:00" Close="1.6444" Swap="0.00" Profit="0.00" Comment=" (211)" />
        <deal Ticket="6049650" OpenTime="2009-07-21 22:11:00" DealType="1" Lots="0.06" Symbol="USDCAD" Open="1.1057" SL="1.0964" TP="1.1105" CloseTime="2009-07-22 01:01:00" Close="1.1058" Swap="0.00" Profit="0.54" Comment=" (212)" />
        <deal Ticket="6009278" OpenTime="2009-07-16 22:28:00" DealType="-1" Lots="0.05" Symbol="EURUSD" Open="1.4156" SL="1.4188" TP="1.4106" CloseTime="2009-07-16 23:08:00" Close="1.4146" Swap="0.00" Profit="5.00" Comment=" (213)" />
        <deal Ticket="6009335" OpenTime="2009-07-16 22:33:00" DealType="-1" Lots="0.05" Symbol="GBPUSD" Open="1.6451" SL="1.6489" TP="1.6406" CloseTime="2009-07-16 22:53:00" Close="1.6440" Swap="0.00" Profit="5.50" Comment=" (214)" />
        <deal Ticket="6009265" OpenTime="2009-07-16 22:28:00" DealType="1" Lots="0.06" Symbol="USDCAD" Open="1.1164" SL="1.1124" TP="1.1216" CloseTime="2009-07-16 22:36:00" Close="1.1175" Swap="0.00" Profit="5.91" Comment=" (215)" />
        <deal Ticket="6009141" OpenTime="2009-07-16 22:04:00" DealType="1" Lots="0.05" Symbol="GBPUSD" Open="1.6428" SL="1.6354" TP="1.6477" CloseTime="2009-07-16 22:08:00" Close="1.6438" Swap="0.00" Profit="5.00" Comment=" (216)" />
        <deal Ticket="5993762" OpenTime="2009-07-15 23:10:00" DealType="-1" Lots="0.05" Symbol="GBPUSD" Open="1.6433" SL="1.6468" TP="1.6371" CloseTime="2009-07-16 00:20:00" Close="1.6418" Swap="0.00" Profit="7.50" Comment=" (217)" />
        <deal Ticket="5993718" OpenTime="2009-07-15 23:00:00" DealType="1" Lots="0.06" Symbol="USDCAD" Open="1.1129" SL="1.1096" TP="1.1179" CloseTime="2009-07-16 00:01:00" Close="1.1139" Swap="0.00" Profit="5.39" Comment=" (218)" />
        <deal Ticket="5993772" OpenTime="2009-07-15 23:11:00" DealType="-1" Lots="0.05" Symbol="GBPUSD" Open="1.6435" SL="1.6468" TP="1.6385" CloseTime="2009-07-15 23:34:00" Close="1.6425" Swap="0.00" Profit="5.00" Comment=" (219)" />
        <deal Ticket="5993696" OpenTime="2009-07-15 22:53:00" DealType="1" Lots="0.06" Symbol="USDCAD" Open="1.1133" SL="1.1100" TP="1.1183" CloseTime="2009-07-15 22:53:00" Close="1.1141" Swap="0.00" Profit="4.31" Comment=" (220)" />
        <deal Ticket="5977557" OpenTime="2009-07-14 23:04:00" DealType="-1" Lots="0.05" Symbol="EURUSD" Open="1.3969" SL="1.4089" TP="1.3909" CloseTime="2009-07-15 11:04:00" Close="1.4053" Swap="0.00" Profit="-42.00" Comment=" (221)" />
        <deal Ticket="5976944" OpenTime="2009-07-14 22:22:00" DealType="1" Lots="0.06" Symbol="USDCHF" Open="1.0902" SL="1.0806" TP="1.0952" CloseTime="2009-07-15 08:49:00" Close="1.0806" Swap="0.00" Profit="-53.30" Comment=" (222)" />
        <deal Ticket="5976927" OpenTime="2009-07-14 22:20:00" DealType="-1" Lots="0.05" Symbol="EURUSD" Open="1.3948" SL="1.4014" TP="1.3898" CloseTime="2009-07-15 08:10:00" Close="1.4014" Swap="0.00" Profit="-33.00" Comment=" (223)" />
        <deal Ticket="5977110" OpenTime="2009-07-14 22:34:00" DealType="-1" Lots="0.05" Symbol="GBPUSD" Open="1.6298" SL="1.6345" TP="1.6248" CloseTime="2009-07-15 07:55:00" Close="1.6345" Swap="0.00" Profit="-23.50" Comment=" (224)" />
        <deal Ticket="5977550" OpenTime="2009-07-14 23:04:00" DealType="-1" Lots="0.05" Symbol="GBPUSD" Open="1.6323" SL="1.6476" TP="1.6263" CloseTime="2009-07-15 07:28:00" Close="1.6308" Swap="0.00" Profit="7.50" Comment=" (225)" />
        <deal Ticket="5977079" OpenTime="2009-07-14 22:33:00" DealType="1" Lots="0.06" Symbol="USDCAD" Open="1.1347" SL="1.1314" TP="1.1397" CloseTime="2009-07-15 03:07:00" Close="1.1348" Swap="0.00" Profit="0.53" Comment=" (226)" />
        <deal Ticket="5959650" OpenTime="2009-07-13 22:57:00" DealType="1" Lots="0.05" Symbol="EURUSD" Open="1.3977" SL="1.3894" TP="1.4026" CloseTime="2009-07-13 23:48:00" Close="1.3985" Swap="0.00" Profit="4.00" Comment=" (227)" />
        <deal Ticket="5959660" OpenTime="2009-07-13 23:00:00" DealType="1" Lots="0.06" Symbol="USDCAD" Open="1.1508" SL="1.1475" TP="1.1558" CloseTime="2009-07-13 23:22:00" Close="1.1518" Swap="0.00" Profit="5.21" Comment=" (228)" />
        <deal Ticket="5959421" OpenTime="2009-07-13 22:00:00" DealType="-1" Lots="0.05" Symbol="EURUSD" Open="1.3994" SL="1.4026" TP="1.3944" CloseTime="2009-07-13 22:46:00" Close="1.3985" Swap="0.00" Profit="4.50" Comment=" (229)" />
        <deal Ticket="5904850" OpenTime="2009-07-08 22:32:00" DealType="1" Lots="0.06" Symbol="USDCHF" Open="1.0901" SL="1.0868" TP="1.0951" CloseTime="2009-07-08 23:43:00" Close="1.0908" Swap="0.00" Profit="3.85" Comment=" (230)" />
        <deal Ticket="5904855" OpenTime="2009-07-08 22:32:00" DealType="-1" Lots="0.05" Symbol="EURUSD" Open="1.3885" SL="1.3937" TP="1.3835" CloseTime="2009-07-08 23:06:00" Close="1.3875" Swap="0.00" Profit="5.00" Comment=" (231)" />
        <deal Ticket="5904896" OpenTime="2009-07-08 22:36:00" DealType="1" Lots="0.06" Symbol="USDCAD" Open="1.1662" SL="1.1586" TP="1.1713" CloseTime="2009-07-08 22:55:00" Close="1.1672" Swap="0.00" Profit="5.14" Comment=" (232)" />
        <deal Ticket="5885367" OpenTime="2009-07-07 22:07:00" DealType="-1" Lots="0.06" Symbol="USDCAD" Open="1.1667" SL="1.1700" TP="1.1617" CloseTime="2009-07-07 22:24:00" Close="1.1658" Swap="0.00" Profit="4.63" Comment=" (233)" />
        <deal Ticket="5885281" OpenTime="2009-07-07 22:00:00" DealType="-1" Lots="0.06" Symbol="USDCHF" Open="1.0897" SL="1.0930" TP="1.0847" CloseTime="2009-07-07 22:23:00" Close="1.0887" Swap="0.00" Profit="5.51" Comment=" (234)" />
        <deal Ticket="5867122" OpenTime="2009-07-06 22:40:00" DealType="1" Lots="0.06" Symbol="USDCAD" Open="1.1596" SL="1.1561" TP="1.1644" CloseTime="2009-07-07 00:00:00" Close="1.1598" Swap="0.00" Profit="1.03" Comment=" (235)" />
        <deal Ticket="5866708" OpenTime="2009-07-06 22:00:00" DealType="-1" Lots="0.05" Symbol="GBPUSD" Open="1.6289" SL="1.6329" TP="1.6238" CloseTime="2009-07-06 23:31:00" Close="1.6277" Swap="0.00" Profit="6.00" Comment=" (236)" />
        <deal Ticket="5866754" OpenTime="2009-07-06 22:00:00" DealType="-1" Lots="0.05" Symbol="EURUSD" Open="1.3976" SL="1.4008" TP="1.3926" CloseTime="2009-07-06 23:31:00" Close="1.3975" Swap="0.00" Profit="0.50" Comment=" (237)" />
        <deal Ticket="5867007" OpenTime="2009-07-06 22:13:00" DealType="1" Lots="0.06" Symbol="USDCHF" Open="1.0846" SL="1.0813" TP="1.0896" CloseTime="2009-07-06 23:23:00" Close="1.0852" Swap="0.00" Profit="3.32" Comment=" (238)" />
        <deal Ticket="5866747" OpenTime="2009-07-06 22:00:00" DealType="1" Lots="0.06" Symbol="USDCAD" Open="1.1593" SL="1.1560" TP="1.1643" CloseTime="2009-07-06 22:29:00" Close="1.1603" Swap="0.00" Profit="5.17" Comment=" (239)" />
        <deal Ticket="5840143" OpenTime="2009-07-02 23:21:00" DealType="-1" Lots="0.06" Symbol="USDCHF" Open="1.0850" SL="1.0909" TP="1.0790" CloseTime="2009-07-03 07:59:00" Close="1.0847" Swap="0.00" Profit="1.66" Comment=" (240)" />
        <deal Ticket="5840232" OpenTime="2009-07-02 23:24:00" DealType="1" Lots="0.05" Symbol="GBPUSD" Open="1.6381" SL="1.6306" TP="1.6441" CloseTime="2009-07-03 02:50:00" Close="1.6383" Swap="0.00" Profit="1.00" Comment=" (241)" />
        <deal Ticket="5840223" OpenTime="2009-07-02 23:24:00" DealType="1" Lots="0.05" Symbol="GBPUSD" Open="1.6381" SL="1.6321" TP="1.6435" CloseTime="2009-07-03 02:50:00" Close="1.6381" Swap="0.00" Profit="0.00" Comment=" (242)" />
        <deal Ticket="5840526" OpenTime="2009-07-02 23:31:00" DealType="-1" Lots="0.06" Symbol="USDCAD" Open="1.1639" SL="1.1708" TP="1.1579" CloseTime="2009-07-03 02:33:00" Close="1.1625" Swap="0.00" Profit="7.23" Comment=" (243)" />
        <deal Ticket="5840327" OpenTime="2009-07-02 23:25:00" DealType="-1" Lots="0.06" Symbol="USDCHF" Open="1.0875" SL="1.0908" TP="1.0825" CloseTime="2009-07-03 02:05:00" Close="1.0874" Swap="0.00" Profit="0.55" Comment=" (244)" />
        <deal Ticket="5840213" OpenTime="2009-07-02 23:24:00" DealType="1" Lots="0.05" Symbol="EURUSD" Open="1.3967" SL="1.3937" TP="1.4019" CloseTime="2009-07-02 23:26:00" Close="1.3937" Swap="0.00" Profit="-15.00" Comment=" (245)" />
        <deal Ticket="5840149" OpenTime="2009-07-02 23:22:00" DealType="1" Lots="0.05" Symbol="EURUSD" Open="1.3993" SL="1.3928" TP="1.4054" CloseTime="2009-07-02 23:26:00" Close="1.3928" Swap="0.00" Profit="-32.50" Comment=" (246)" />
        <deal Ticket="5839824" OpenTime="2009-07-02 22:27:00" DealType="-1" Lots="0.06" Symbol="USDCHF" Open="1.0845" SL="1.0878" TP="1.0795" CloseTime="2009-07-02 23:25:00" Close="1.0878" Swap="0.00" Profit="-18.20" Comment=" (247)" />
        <deal Ticket="5839688" OpenTime="2009-07-02 22:02:00" DealType="1" Lots="0.05" Symbol="EURUSD" Open="1.4001" SL="1.3968" TP="1.4050" CloseTime="2009-07-02 23:24:00" Close="1.3968" Swap="0.00" Profit="-16.50" Comment=" (248)" />
        <deal Ticket="5839981" OpenTime="2009-07-02 22:57:00" DealType="-1" Lots="0.06" Symbol="USDCAD" Open="1.1629" SL="1.1661" TP="1.1578" CloseTime="2009-07-02 23:12:00" Close="1.1619" Swap="0.00" Profit="5.16" Comment=" (249)" />
        <deal Ticket="5762135" OpenTime="2009-06-25 22:59:00" DealType="1" Lots="0.06" Symbol="USDCAD" Open="1.1548" SL="1.1515" TP="1.1598" CloseTime="2009-06-26 00:30:00" Close="1.1554" Swap="0.00" Profit="3.12" Comment=" (250)" />
        <deal Ticket="5762053" OpenTime="2009-06-25 22:37:00" DealType="1" Lots="0.06" Symbol="USDCAD" Open="1.1547" SL="1.1514" TP="1.1597" CloseTime="2009-06-25 22:51:00" Close="1.1558" Swap="0.00" Profit="5.71" Comment=" (251)" />
        <deal Ticket="5620671" OpenTime="2009-06-16 23:49:00" DealType="-1" Lots="0.06" Symbol="USDCAD" Open="1.1354" SL="1.1407" TP="1.1294" CloseTime="2009-06-17 02:16:00" Close="1.1343" Swap="0.00" Profit="5.82" Comment=" (252)" />
        <deal Ticket="5599724" OpenTime="2009-06-15 22:00:00" DealType="-1" Lots="0.04" Symbol="GBPUSD" Open="1.6313" SL="1.6443" TP="1.6266" CloseTime="2009-06-15 23:16:00" Close="1.6309" Swap="0.00" Profit="1.60" Comment=" (253)" />
        <deal Ticket="5599798" OpenTime="2009-06-15 22:05:00" DealType="1" Lots="0.06" Symbol="USDCAD" Open="1.1317" SL="1.1183" TP="1.1365" CloseTime="2009-06-15 22:27:00" Close="1.1327" Swap="0.00" Profit="5.30" Comment=" (254)" />
        <deal Ticket="5567395" OpenTime="2009-06-11 23:09:00" DealType="-1" Lots="0.06" Symbol="USDCAD" Open="1.1031" SL="1.1089" TP="1.0985" CloseTime="2009-06-12 00:19:00" Close="1.1025" Swap="0.00" Profit="3.27" Comment=" (255)" />
        <deal Ticket="5567461" OpenTime="2009-06-11 23:46:00" DealType="-1" Lots="0.06" Symbol="USDCAD" Open="1.1043" SL="1.1175" TP="1.0982" CloseTime="2009-06-12 00:15:00" Close="1.1028" Swap="0.00" Profit="8.16" Comment=" (256)" />
        <deal Ticket="5567026" OpenTime="2009-06-11 22:01:00" DealType="1" Lots="0.04" Symbol="EURUSD" Open="1.4103" SL="1.3950" TP="1.4152" CloseTime="2009-06-11 22:49:00" Close="1.4113" Swap="0.00" Profit="4.00" Comment=" (257)" />
        <deal Ticket="5566960" OpenTime="2009-06-11 22:00:00" DealType="-1" Lots="0.06" Symbol="USDCAD" Open="1.1032" SL="1.1089" TP="1.0982" CloseTime="2009-06-11 22:28:00" Close="1.1021" Swap="0.00" Profit="5.99" Comment=" (258)" />
        <deal Ticket="5567072" OpenTime="2009-06-11 22:04:00" DealType="-1" Lots="0.06" Symbol="USDCHF" Open="1.0712" SL="1.0841" TP="1.0662" CloseTime="2009-06-11 22:27:00" Close="1.0702" Swap="0.00" Profit="5.61" Comment=" (259)" />
        <deal Ticket="5547161" OpenTime="2009-06-10 22:00:00" DealType="-1" Lots="0.04" Symbol="GBPUSD" Open="1.6357" SL="1.6475" TP="1.6305" CloseTime="2009-06-11 00:00:00" Close="1.6348" Swap="0.00" Profit="3.60" Comment=" (260)" />
        <deal Ticket="5547684" OpenTime="2009-06-10 23:09:00" DealType="1" Lots="0.04" Symbol="EURUSD" Open="1.3968" SL="1.3912" TP="1.4018" CloseTime="2009-06-10 23:25:00" Close="1.3981" Swap="0.00" Profit="5.20" Comment=" (261)" />
        <deal Ticket="5547400" OpenTime="2009-06-10 22:28:00" DealType="1" Lots="0.06" Symbol="USDCHF" Open="1.0805" SL="1.0720" TP="1.0855" CloseTime="2009-06-10 23:05:00" Close="1.0815" Swap="0.00" Profit="5.55" Comment=" (262)" />
        <deal Ticket="5524731" OpenTime="2009-06-09 23:34:00" DealType="-1" Lots="0.06" Symbol="USDCAD" Open="1.1050" SL="1.1177" TP="1.0990" CloseTime="2009-06-10 03:06:00" Close="1.1034" Swap="0.00" Profit="8.70" Comment=" (263)" />
        <deal Ticket="5524278" OpenTime="2009-06-09 22:05:00" DealType="-1" Lots="0.06" Symbol="USDCAD" Open="1.1038" SL="1.1191" TP="1.0988" CloseTime="2009-06-10 02:16:00" Close="1.1037" Swap="0.00" Profit="0.54" Comment=" (264)" />
        <deal Ticket="5524618" OpenTime="2009-06-09 22:58:00" DealType="1" Lots="0.04" Symbol="GBPUSD" Open="1.6309" SL="1.6154" TP="1.6357" CloseTime="2009-06-09 23:59:00" Close="1.6316" Swap="0.00" Profit="2.80" Comment=" (265)" />
        <deal Ticket="5502193" OpenTime="2009-06-08 22:05:00" DealType="1" Lots="0.06" Symbol="USDCAD" Open="1.1164" SL="1.1132" TP="1.1215" CloseTime="2009-06-09 01:00:00" Close="1.1165" Swap="0.00" Profit="0.54" Comment=" (266)" />
        <deal Ticket="5458233" OpenTime="2009-06-04 23:52:00" DealType="1" Lots="0.04" Symbol="GBPUSD" Open="1.6155" SL="1.6071" TP="1.6216" CloseTime="2009-06-05 07:34:00" Close="1.6070" Swap="0.00" Profit="-34.00" Comment=" (267)" />
        <deal Ticket="5458230" OpenTime="2009-06-04 23:52:00" DealType="1" Lots="0.04" Symbol="GBPUSD" Open="1.6159" SL="1.6084" TP="1.6210" CloseTime="2009-06-05 07:31:00" Close="1.6084" Swap="0.00" Profit="-30.00" Comment=" (268)" />
        <deal Ticket="5458221" OpenTime="2009-06-04 23:49:00" DealType="-1" Lots="0.06" Symbol="USDCAD" Open="1.0983" SL="1.1135" TP="1.0932" CloseTime="2009-06-05 04:58:00" Close="1.0982" Swap="0.00" Profit="0.55" Comment=" (269)" />
        <deal Ticket="5458170" OpenTime="2009-06-04 23:13:00" DealType="1" Lots="0.06" Symbol="USDCHF" Open="1.0680" SL="1.0617" TP="1.0740" CloseTime="2009-06-04 23:55:00" Close="1.0695" Swap="0.00" Profit="8.42" Comment=" (270)" />
        <deal Ticket="5458137" OpenTime="2009-06-04 23:10:00" DealType="-1" Lots="0.04" Symbol="EURUSD" Open="1.4194" SL="1.4276" TP="1.4134" CloseTime="2009-06-04 23:49:00" Close="1.4179" Swap="0.00" Profit="6.00" Comment=" (271)" />
        <deal Ticket="5458169" OpenTime="2009-06-04 23:13:00" DealType="1" Lots="0.06" Symbol="USDCHF" Open="1.0681" SL="1.0640" TP="1.0731" CloseTime="2009-06-04 23:43:00" Close="1.0691" Swap="0.00" Profit="5.61" Comment=" (272)" />
        <deal Ticket="5458132" OpenTime="2009-06-04 23:10:00" DealType="-1" Lots="0.04" Symbol="EURUSD" Open="1.4194" SL="1.4240" TP="1.4144" CloseTime="2009-06-04 23:24:00" Close="1.4183" Swap="0.00" Profit="4.40" Comment=" (273)" />
        <deal Ticket="5380154" OpenTime="2009-06-01 23:18:00" DealType="1" Lots="0.06" Symbol="USDCAD" Open="1.0900" SL="1.0785" TP="1.0950" CloseTime="2009-06-01 23:22:00" Close="1.0910" Swap="0.00" Profit="5.50" Comment=" (274)" />
        <deal Ticket="5379655" OpenTime="2009-06-01 22:02:00" DealType="-1" Lots="0.06" Symbol="USDCAD" Open="1.0923" SL="1.0955" TP="1.0872" CloseTime="2009-06-01 23:08:00" Close="1.0917" Swap="0.00" Profit="3.30" Comment=" (275)" />
        <deal Ticket="5379624" OpenTime="2009-06-01 22:01:00" DealType="1" Lots="0.04" Symbol="EURUSD" Open="1.4151" SL="1.4096" TP="1.4201" CloseTime="2009-06-01 23:08:00" Close="1.4161" Swap="0.00" Profit="4.00" Comment=" (276)" />
        <deal Ticket="5379764" OpenTime="2009-06-01 22:08:00" DealType="-1" Lots="0.06" Symbol="USDCHF" Open="1.0715" SL="1.0748" TP="1.0665" CloseTime="2009-06-01 23:00:00" Close="1.0705" Swap="0.00" Profit="5.60" Comment=" (277)" />
        <deal Ticket="5380034" OpenTime="2009-06-01 22:52:00" DealType="-1" Lots="0.04" Symbol="GBPUSD" Open="1.6455" SL="1.6498" TP="1.6405" CloseTime="2009-06-01 22:59:00" Close="1.6442" Swap="0.00" Profit="5.20" Comment=" (278)" />
        <deal Ticket="5299843" OpenTime="2009-05-27 23:00:00" DealType="-1" Lots="0.06" Symbol="USDCHF" Open="1.0932" SL="1.1085" TP="1.0872" CloseTime="2009-05-28 09:09:00" Close="1.0952" Swap="0.00" Profit="-10.96" Comment=" (279)" />
        <deal Ticket="5299057" OpenTime="2009-05-27 22:00:00" DealType="1" Lots="0.04" Symbol="GBPUSD" Open="1.6008" SL="1.5924" TP="1.6058" CloseTime="2009-05-28 05:07:00" Close="1.5924" Swap="0.00" Profit="-33.60" Comment=" (280)" />
        <deal Ticket="5299801" OpenTime="2009-05-27 23:00:00" DealType="-1" Lots="0.06" Symbol="USDCAD" Open="1.1225" SL="1.1378" TP="1.1165" CloseTime="2009-05-28 00:38:00" Close="1.1210" Swap="0.00" Profit="8.03" Comment=" (281)" />
        <deal Ticket="5299336" OpenTime="2009-05-27 22:26:00" DealType="-1" Lots="0.06" Symbol="USDCHF" Open="1.0896" SL="1.0929" TP="1.0846" CloseTime="2009-05-27 22:57:00" Close="1.0929" Swap="0.00" Profit="-18.12" Comment=" (282)" />
        <deal Ticket="5299071" OpenTime="2009-05-27 22:01:00" DealType="1" Lots="0.04" Symbol="EURUSD" Open="1.3887" SL="1.3856" TP="1.3938" CloseTime="2009-05-27 22:56:00" Close="1.3856" Swap="0.00" Profit="-12.40" Comment=" (283)" />
        <deal Ticket="5298978" OpenTime="2009-05-27 22:00:00" DealType="-1" Lots="0.06" Symbol="USDCAD" Open="1.1195" SL="1.1226" TP="1.1143" CloseTime="2009-05-27 22:11:00" Close="1.1185" Swap="0.00" Profit="5.36" Comment=" (284)" />
        <deal Ticket="5271550" OpenTime="2009-05-26 22:58:00" DealType="1" Lots="0.05" Symbol="USDCAD" Open="1.1161" SL="1.1131" TP="1.1214" CloseTime="2009-05-27 03:37:00" Close="1.1162" Swap="0.00" Profit="0.45" Comment=" (285)" />
        <deal Ticket="5271873" OpenTime="2009-05-26 23:47:00" DealType="-1" Lots="0.05" Symbol="EURCHF" Open="1.5166" SL="1.5200" TP="1.5107" CloseTime="2009-05-27 02:49:00" Close="1.5156" Swap="0.00" Profit="4.61" Comment=" (286)" />
        <deal Ticket="5244758" OpenTime="2009-05-25 23:23:00" DealType="-1" Lots="0.05" Symbol="EURCHF" Open="1.5178" SL="1.5211" TP="1.5118" CloseTime="2009-05-26 01:12:00" Close="1.5173" Swap="0.00" Profit="2.31" Comment=" (287)" />
        <deal Ticket="5244668" OpenTime="2009-05-25 23:08:00" DealType="-1" Lots="0.04" Symbol="GBPUSD" Open="1.5929" SL="1.5963" TP="1.5868" CloseTime="2009-05-26 00:50:00" Close="1.5909" Swap="0.00" Profit="8.00" Comment=" (288)" />
        <deal Ticket="5244643" OpenTime="2009-05-25 23:08:00" DealType="-1" Lots="0.04" Symbol="GBPUSD" Open="1.5926" SL="1.5958" TP="1.5875" CloseTime="2009-05-26 00:16:00" Close="1.5918" Swap="0.00" Profit="3.20" Comment=" (289)" />
        <deal Ticket="5209160" OpenTime="2009-05-21 22:16:00" DealType="1" Lots="0.05" Symbol="USDCAD" Open="1.1373" SL="1.1340" TP="1.1423" CloseTime="2009-05-22 02:57:00" Close="1.1340" Swap="0.00" Profit="-14.55" Comment=" (290)" />
        <deal Ticket="5209849" OpenTime="2009-05-21 23:12:00" DealType="1" Lots="0.05" Symbol="USDCAD" Open="1.1355" SL="1.1232" TP="1.1415" CloseTime="2009-05-21 23:54:00" Close="1.1370" Swap="0.00" Profit="6.60" Comment=" (291)" />
        <deal Ticket="5209455" OpenTime="2009-05-21 22:30:00" DealType="1" Lots="0.04" Symbol="GBPUSD" Open="1.5833" SL="1.5679" TP="1.5882" CloseTime="2009-05-21 22:49:00" Close="1.5843" Swap="0.00" Profit="4.00" Comment=" (292)" />
        <deal Ticket="5181869" OpenTime="2009-05-20 23:40:00" DealType="1" Lots="0.04" Symbol="EURUSD" Open="1.3759" SL="1.3607" TP="1.3809" CloseTime="2009-05-21 00:57:00" Close="1.3769" Swap="0.00" Profit="4.00" Comment=" (293)" />
        <deal Ticket="5181863" OpenTime="2009-05-20 23:40:00" DealType="-1" Lots="0.05" Symbol="USDCAD" Open="1.1426" SL="1.1579" TP="1.1376" CloseTime="2009-05-21 00:44:00" Close="1.1420" Swap="0.00" Profit="2.63" Comment=" (294)" />
        <deal Ticket="5181842" OpenTime="2009-05-20 23:37:00" DealType="1" Lots="0.04" Symbol="GBPUSD" Open="1.5739" SL="1.5586" TP="1.5789" CloseTime="2009-05-21 00:44:00" Close="1.5747" Swap="0.00" Profit="3.20" Comment=" (295)" />
        <deal Ticket="5181203" OpenTime="2009-05-20 22:09:00" DealType="1" Lots="0.05" Symbol="EURCHF" Open="1.5155" SL="1.5099" TP="1.5205" CloseTime="2009-05-20 23:52:00" Close="1.5161" Swap="0.00" Profit="2.72" Comment=" (296)" />
        <deal Ticket="5181021" OpenTime="2009-05-20 22:00:00" DealType="1" Lots="0.04" Symbol="EURUSD" Open="1.3770" SL="1.3617" TP="1.3819" CloseTime="2009-05-20 22:58:00" Close="1.3780" Swap="0.00" Profit="4.00" Comment=" (297)" />
        <deal Ticket="5160375" OpenTime="2009-05-19 22:01:00" DealType="1" Lots="0.04" Symbol="EURUSD" Open="1.3635" SL="1.3527" TP="1.3685" CloseTime="2009-05-20 01:25:00" Close="1.3636" Swap="0.00" Profit="0.40" Comment=" (298)" />
        <deal Ticket="5160432" OpenTime="2009-05-19 22:02:00" DealType="1" Lots="0.04" Symbol="GBPUSD" Open="1.5485" SL="1.5331" TP="1.5534" CloseTime="2009-05-20 00:50:00" Close="1.5486" Swap="0.00" Profit="0.40" Comment=" (299)" />
        <deal Ticket="5160465" OpenTime="2009-05-19 22:05:00" DealType="-1" Lots="0.04" Symbol="USDCHF" Open="1.1094" SL="1.1165" TP="1.1044" CloseTime="2009-05-20 00:47:00" Close="1.1093" Swap="0.00" Profit="0.36" Comment=" (300)" />
        <deal Ticket="5160942" OpenTime="2009-05-19 23:04:00" DealType="-1" Lots="0.05" Symbol="USDCAD" Open="1.1581" SL="1.1686" TP="1.1517" CloseTime="2009-05-19 23:07:00" Close="1.1560" Swap="0.00" Profit="9.08" Comment=" (301)" />
        <deal Ticket="5160330" OpenTime="2009-05-19 22:00:00" DealType="-1" Lots="0.05" Symbol="USDCAD" Open="1.1566" SL="1.1662" TP="1.1517" CloseTime="2009-05-19 23:07:00" Close="1.1556" Swap="0.00" Profit="4.33" Comment=" (302)" />
        <deal Ticket="5141199" OpenTime="2009-05-18 22:00:00" DealType="1" Lots="0.04" Symbol="USDCHF" Open="1.1145" SL="1.1111" TP="1.1194" CloseTime="2009-05-19 01:49:00" Close="1.1146" Swap="0.00" Profit="0.36" Comment=" (303)" />
        <deal Ticket="5141654" OpenTime="2009-05-18 22:46:00" DealType="-1" Lots="0.04" Symbol="EURUSD" Open="1.3557" SL="1.3589" TP="1.3507" CloseTime="2009-05-19 01:45:00" Close="1.3556" Swap="0.00" Profit="0.40" Comment=" (304)" />
        <deal Ticket="5141212" OpenTime="2009-05-18 22:00:00" DealType="-1" Lots="0.04" Symbol="GBPUSD" Open="1.5343" SL="1.5376" TP="1.5293" CloseTime="2009-05-18 23:33:00" Close="1.5340" Swap="0.00" Profit="1.20" Comment=" (305)" />
        <deal Ticket="5141193" OpenTime="2009-05-18 22:00:00" DealType="1" Lots="0.05" Symbol="USDCAD" Open="1.1627" SL="1.1594" TP="1.1677" CloseTime="2009-05-18 23:32:00" Close="1.1635" Swap="0.00" Profit="3.44" Comment=" (306)" />
        <deal Ticket="5091783" OpenTime="2009-05-13 23:29:00" DealType="-1" Lots="0.04" Symbol="EURCHF" Open="1.5063" SL="1.5110" TP="1.5003" CloseTime="2009-05-14 00:04:00" Close="1.5048" Swap="0.00" Profit="5.42" Comment=" (307)" />
        <deal Ticket="5091580" OpenTime="2009-05-13 22:58:00" DealType="1" Lots="0.04" Symbol="USDCAD" Open="1.1742" SL="1.1589" TP="1.1792" CloseTime="2009-05-14 00:02:00" Close="1.1748" Swap="0.00" Profit="2.04" Comment=" (308)" />
        <deal Ticket="5091766" OpenTime="2009-05-13 23:29:00" DealType="-1" Lots="0.04" Symbol="EURCHF" Open="1.5060" SL="1.5094" TP="1.5011" CloseTime="2009-05-14 00:00:00" Close="1.5049" Swap="0.00" Profit="3.98" Comment=" (309)" />
        <deal Ticket="5072907" OpenTime="2009-05-12 23:00:00" DealType="-1" Lots="0.03" Symbol="EURUSD" Open="1.3650" SL="1.3724" TP="1.3590" CloseTime="2009-05-13 10:25:00" Close="1.3680" Swap="0.00" Profit="-9.00" Comment=" (310)" />
        <deal Ticket="5072806" OpenTime="2009-05-12 22:56:00" DealType="-1" Lots="0.03" Symbol="EURUSD" Open="1.3649" SL="1.3698" TP="1.3599" CloseTime="2009-05-13 00:07:00" Close="1.3641" Swap="0.00" Profit="2.40" Comment=" (311)" />
        <deal Ticket="5073079" OpenTime="2009-05-12 23:43:00" DealType="1" Lots="0.03" Symbol="GBPUSD" Open="1.5251" SL="1.5104" TP="1.5307" CloseTime="2009-05-12 23:43:00" Close="1.5261" Swap="0.00" Profit="3.00" Comment=" (312)" />
        <deal Ticket="5055506" OpenTime="2009-05-11 22:07:00" DealType="1" Lots="0.04" Symbol="EURCHF" Open="1.5072" SL="1.5034" TP="1.5120" CloseTime="2009-05-12 02:27:00" Close="1.5073" Swap="0.00" Profit="0.36" Comment=" (313)" />
        <deal Ticket="5056016" OpenTime="2009-05-11 23:52:00" DealType="-1" Lots="0.04" Symbol="USDCHF" Open="1.1105" SL="1.1139" TP="1.1044" CloseTime="2009-05-12 01:01:00" Close="1.1090" Swap="0.00" Profit="5.41" Comment=" (314)" />
        <deal Ticket="5055835" OpenTime="2009-05-11 23:16:00" DealType="1" Lots="0.03" Symbol="EURUSD" Open="1.3574" SL="1.3518" TP="1.3634" CloseTime="2009-05-12 01:01:00" Close="1.3591" Swap="0.00" Profit="5.10" Comment=" (315)" />
        <deal Ticket="5055340" OpenTime="2009-05-11 22:00:00" DealType="-1" Lots="0.04" Symbol="USDCAD" Open="1.1657" SL="1.1690" TP="1.1607" CloseTime="2009-05-12 00:51:00" Close="1.1651" Swap="0.00" Profit="2.06" Comment=" (316)" />
        <deal Ticket="5055899" OpenTime="2009-05-11 23:31:00" DealType="1" Lots="0.03" Symbol="GBPUSD" Open="1.5108" SL="1.5028" TP="1.5167" CloseTime="2009-05-12 00:36:00" Close="1.5125" Swap="0.00" Profit="5.10" Comment=" (317)" />
        <deal Ticket="5055443" OpenTime="2009-05-11 22:03:00" DealType="1" Lots="0.03" Symbol="EURUSD" Open="1.3581" SL="1.3549" TP="1.3631" CloseTime="2009-05-12 00:34:00" Close="1.3582" Swap="0.00" Profit="0.30" Comment=" (318)" />
        <deal Ticket="5055799" OpenTime="2009-05-11 23:05:00" DealType="-1" Lots="0.04" Symbol="USDCAD" Open="1.1673" SL="1.1810" TP="1.1613" CloseTime="2009-05-12 00:33:00" Close="1.1658" Swap="0.00" Profit="5.15" Comment=" (319)" />
        <deal Ticket="5055894" OpenTime="2009-05-11 23:31:00" DealType="1" Lots="0.03" Symbol="GBPUSD" Open="1.5109" SL="1.5068" TP="1.5158" CloseTime="2009-05-11 23:56:00" Close="1.5119" Swap="0.00" Profit="3.00" Comment=" (320)" />
        <deal Ticket="5055464" OpenTime="2009-05-11 22:04:00" DealType="1" Lots="0.03" Symbol="GBPUSD" Open="1.5117" SL="1.5068" TP="1.5167" CloseTime="2009-05-11 22:12:00" Close="1.5125" Swap="0.00" Profit="2.40" Comment=" (321)" />
        <deal Ticket="5023430" OpenTime="2009-05-07 22:18:00" DealType="1" Lots="0.04" Symbol="USDCAD" Open="1.1711" SL="1.1631" TP="1.1763" CloseTime="2009-05-08 02:04:00" Close="1.1712" Swap="0.00" Profit="0.34" Comment=" (322)" />
        <deal Ticket="5024177" OpenTime="2009-05-07 23:03:00" DealType="-1" Lots="0.03" Symbol="EURUSD" Open="1.3392" SL="1.3478" TP="1.3332" CloseTime="2009-05-08 01:53:00" Close="1.3383" Swap="0.00" Profit="2.70" Comment=" (323)" />
        <deal Ticket="5023933" OpenTime="2009-05-07 23:00:00" DealType="-1" Lots="0.04" Symbol="EURCHF" Open="1.5136" SL="1.5193" TP="1.5076" CloseTime="2009-05-08 01:44:00" Close="1.5129" Swap="0.00" Profit="2.48" Comment=" (324)" />
        <deal Ticket="5024562" OpenTime="2009-05-07 23:36:00" DealType="-1" Lots="0.03" Symbol="GBPUSD" Open="1.5037" SL="1.5190" TP="1.4987" CloseTime="2009-05-08 00:02:00" Close="1.5028" Swap="0.00" Profit="2.70" Comment=" (325)" />
        <deal Ticket="5023443" OpenTime="2009-05-07 22:20:00" DealType="-1" Lots="0.03" Symbol="EURUSD" Open="1.3391" SL="1.3468" TP="1.3341" CloseTime="2009-05-07 23:59:00" Close="1.3387" Swap="0.00" Profit="1.20" Comment=" (326)" />
        <deal Ticket="5024341" OpenTime="2009-05-07 23:15:00" DealType="-1" Lots="0.04" Symbol="EURCHF" Open="1.5145" SL="1.5175" TP="1.5092" CloseTime="2009-05-07 23:33:00" Close="1.5135" Swap="0.00" Profit="3.54" Comment=" (327)" />
        <deal Ticket="4999822" OpenTime="2009-05-06 23:36:00" DealType="-1" Lots="0.04" Symbol="USDCHF" Open="1.1334" SL="1.1397" TP="1.1274" CloseTime="2009-05-07 09:02:00" Close="1.1397" Swap="0.00" Profit="-22.11" Comment=" (328)" />
        <deal Ticket="4999692" OpenTime="2009-05-06 23:15:00" DealType="-1" Lots="0.04" Symbol="USDCHF" Open="1.1327" SL="1.1388" TP="1.1277" CloseTime="2009-05-07 08:25:00" Close="1.1388" Swap="0.00" Profit="-21.43" Comment=" (329)" />
        <deal Ticket="4999673" OpenTime="2009-05-06 23:15:00" DealType="1" Lots="0.03" Symbol="EURUSD" Open="1.3318" SL="1.3243" TP="1.3368" CloseTime="2009-05-07 04:02:00" Close="1.3321" Swap="0.00" Profit="0.90" Comment=" (330)" />
        <deal Ticket="4999815" OpenTime="2009-05-06 23:34:00" DealType="1" Lots="0.03" Symbol="EURUSD" Open="1.3309" SL="1.3217" TP="1.3369" CloseTime="2009-05-07 04:00:00" Close="1.3313" Swap="0.00" Profit="1.20" Comment=" (331)" />
        <deal Ticket="4999824" OpenTime="2009-05-06 23:36:00" DealType="1" Lots="0.03" Symbol="GBPUSD" Open="1.5116" SL="1.4991" TP="1.5166" CloseTime="2009-05-07 00:05:00" Close="1.5126" Swap="0.00" Profit="3.00" Comment=" (332)" />
        <deal Ticket="4998723" OpenTime="2009-05-06 22:00:00" DealType="1" Lots="0.04" Symbol="USDCAD" Open="1.1664" SL="1.1632" TP="1.1715" CloseTime="2009-05-06 23:33:00" Close="1.1674" Swap="0.00" Profit="3.43" Comment=" (333)" />
        <deal Ticket="4998714" OpenTime="2009-05-06 22:00:00" DealType="-1" Lots="0.03" Symbol="GBPUSD" Open="1.5139" SL="1.5171" TP="1.5088" CloseTime="2009-05-06 22:54:00" Close="1.5130" Swap="0.00" Profit="2.70" Comment=" (334)" />
        <deal Ticket="4977178" OpenTime="2009-05-05 23:15:00" DealType="1" Lots="0.03" Symbol="EURUSD" Open="1.3314" SL="1.3280" TP="1.3364" CloseTime="2009-05-06 00:42:00" Close="1.3316" Swap="0.00" Profit="0.60" Comment=" (335)" />
        <deal Ticket="4977331" OpenTime="2009-05-05 23:32:00" DealType="1" Lots="0.03" Symbol="GBPUSD" Open="1.5068" SL="1.4981" TP="1.5118" CloseTime="2009-05-06 00:39:00" Close="1.5073" Swap="0.00" Profit="1.50" Comment=" (336)" />
        <deal Ticket="4977492" OpenTime="2009-05-05 23:41:00" DealType="-1" Lots="0.04" Symbol="USDCHF" Open="1.1347" SL="1.1380" TP="1.1297" CloseTime="2009-05-06 00:02:00" Close="1.1337" Swap="0.00" Profit="3.53" Comment=" (337)" />
        <deal Ticket="4976669" OpenTime="2009-05-05 22:37:00" DealType="-1" Lots="0.03" Symbol="GBPUSD" Open="1.5094" SL="1.5163" TP="1.5045" CloseTime="2009-05-05 22:53:00" Close="1.5083" Swap="0.00" Profit="3.30" Comment=" (338)" />
        <deal Ticket="4958114" OpenTime="2009-05-04 23:01:00" DealType="-1" Lots="0.04" Symbol="EURCHF" Open="1.5104" SL="1.5154" TP="1.5045" CloseTime="2009-05-05 03:17:00" Close="1.5099" Swap="0.00" Profit="1.77" Comment=" (339)" />
        <deal Ticket="4958153" OpenTime="2009-05-04 23:11:00" DealType="-1" Lots="0.03" Symbol="GBPUSD" Open="1.5021" SL="1.5166" TP="1.4963" CloseTime="2009-05-05 02:46:00" Close="1.5004" Swap="0.00" Profit="5.10" Comment=" (340)" />
        <deal Ticket="4956942" OpenTime="2009-05-04 22:00:00" DealType="1" Lots="0.04" Symbol="USDCAD" Open="1.1738" SL="1.1707" TP="1.1790" CloseTime="2009-05-05 02:42:00" Close="1.1741" Swap="0.00" Profit="1.02" Comment=" (341)" />
        <deal Ticket="4958465" OpenTime="2009-05-04 23:54:00" DealType="-1" Lots="0.03" Symbol="EURUSD" Open="1.3414" SL="1.3518" TP="1.3354" CloseTime="2009-05-05 02:38:00" Close="1.3400" Swap="0.00" Profit="4.20" Comment=" (342)" />
        <deal Ticket="4957107" OpenTime="2009-05-04 22:00:00" DealType="-1" Lots="0.04" Symbol="EURCHF" Open="1.5101" SL="1.5134" TP="1.5051" CloseTime="2009-05-05 02:14:00" Close="1.5100" Swap="0.00" Profit="0.35" Comment=" (343)" />
        <deal Ticket="4956952" OpenTime="2009-05-04 22:00:00" DealType="-1" Lots="0.03" Symbol="EURUSD" Open="1.3401" SL="1.3432" TP="1.3350" CloseTime="2009-05-05 00:17:00" Close="1.3432" Swap="0.00" Profit="-9.30" Comment=" (344)" />
        <deal Ticket="4957089" OpenTime="2009-05-04 22:00:00" DealType="-1" Lots="0.03" Symbol="GBPUSD" Open="1.5005" SL="1.5039" TP="1.4956" CloseTime="2009-05-04 23:57:00" Close="1.5039" Swap="0.00" Profit="-10.20" Comment=" (345)" />
        <deal Ticket="4894014" OpenTime="2009-04-28 23:34:00" DealType="1" Lots="0.02" Symbol="GBPUSD" Open="1.4617" SL="1.4515" TP="1.4667" CloseTime="2009-04-28 23:37:00" Close="1.4627" Swap="0.00" Profit="2.00" Comment=" (346)" />
        <deal Ticket="4876478" OpenTime="2009-04-27 23:22:00" DealType="1" Lots="0.02" Symbol="EURUSD" Open="1.3016" SL="1.2984" TP="1.3066" CloseTime="2009-04-28 00:08:00" Close="1.3026" Swap="0.00" Profit="2.00" Comment=" (347)" />
        <deal Ticket="4876417" OpenTime="2009-04-27 23:05:00" DealType="-1" Lots="0.03" Symbol="USDCAD" Open="1.2216" SL="1.2301" TP="1.2156" CloseTime="2009-04-27 23:44:00" Close="1.2200" Swap="0.00" Profit="3.93" Comment=" (348)" />
        <deal Ticket="4876407" OpenTime="2009-04-27 23:04:00" DealType="-1" Lots="0.03" Symbol="USDCAD" Open="1.2213" SL="1.2246" TP="1.2163" CloseTime="2009-04-27 23:43:00" Close="1.2203" Swap="0.00" Profit="2.46" Comment=" (349)" />
        <deal Ticket="4876545" OpenTime="2009-04-27 23:27:00" DealType="1" Lots="0.02" Symbol="GBPUSD" Open="1.4617" SL="1.4514" TP="1.4669" CloseTime="2009-04-27 23:33:00" Close="1.4628" Swap="0.00" Profit="2.20" Comment=" (350)" />
        <deal Ticket="4875920" OpenTime="2009-04-27 22:21:00" DealType="-1" Lots="0.02" Symbol="GBPUSD" Open="1.4656" SL="1.4695" TP="1.4606" CloseTime="2009-04-27 22:51:00" Close="1.4645" Swap="0.00" Profit="2.20" Comment=" (351)" />
        <deal Ticket="4845677" OpenTime="2009-04-23 23:42:00" DealType="1" Lots="0.02" Symbol="GBPUSD" Open="1.4712" SL="1.4558" TP="1.4761" CloseTime="2009-04-24 00:17:00" Close="1.4722" Swap="0.00" Profit="2.00" Comment=" (352)" />
        <deal Ticket="4844484" OpenTime="2009-04-23 22:00:00" DealType="-1" Lots="0.02" Symbol="EURUSD" Open="1.3137" SL="1.3169" TP="1.3087" CloseTime="2009-04-23 23:52:00" Close="1.3134" Swap="0.00" Profit="0.60" Comment=" (353)" />
        <deal Ticket="4844471" OpenTime="2009-04-23 22:00:00" DealType="1" Lots="0.03" Symbol="USDCHF" Open="1.1512" SL="1.1479" TP="1.1562" CloseTime="2009-04-23 23:44:00" Close="1.1515" Swap="0.00" Profit="0.78" Comment=" (354)" />
        <deal Ticket="4844493" OpenTime="2009-04-23 22:00:00" DealType="-1" Lots="0.02" Symbol="GBPUSD" Open="1.4723" SL="1.4756" TP="1.4673" CloseTime="2009-04-23 23:41:00" Close="1.4712" Swap="0.00" Profit="2.20" Comment=" (355)" />
        <deal Ticket="4845406" OpenTime="2009-04-23 23:10:00" DealType="1" Lots="0.03" Symbol="USDCAD" Open="1.2227" SL="1.2134" TP="1.2287" CloseTime="2009-04-23 23:18:00" Close="1.2243" Swap="0.00" Profit="3.92" Comment=" (356)" />
        <deal Ticket="4845295" OpenTime="2009-04-23 22:59:00" DealType="1" Lots="0.03" Symbol="USDCAD" Open="1.2234" SL="1.2201" TP="1.2284" CloseTime="2009-04-23 23:18:00" Close="1.2244" Swap="0.00" Profit="2.45" Comment=" (357)" />
        <deal Ticket="4827597" OpenTime="2009-04-22 23:08:00" DealType="-1" Lots="0.03" Symbol="USDCAD" Open="1.2414" SL="1.2477" TP="1.2363" CloseTime="2009-04-22 23:52:00" Close="1.2404" Swap="0.00" Profit="2.42" Comment=" (358)" />
        <deal Ticket="4826861" OpenTime="2009-04-22 22:00:00" DealType="1" Lots="0.02" Symbol="GBPUSD" Open="1.4478" SL="1.4395" TP="1.4528" CloseTime="2009-04-22 22:50:00" Close="1.4488" Swap="0.00" Profit="2.00" Comment=" (359)" />
        <deal Ticket="4827155" OpenTime="2009-04-22 22:07:00" DealType="-1" Lots="0.03" Symbol="USDCAD" Open="1.2405" SL="1.2477" TP="1.2355" CloseTime="2009-04-22 22:31:00" Close="1.2397" Swap="0.00" Profit="1.94" Comment=" (360)" />
        <deal Ticket="4804955" OpenTime="2009-04-21 23:23:00" DealType="1" Lots="0.02" Symbol="GBPUSD" Open="1.4661" SL="1.4508" TP="1.4711" CloseTime="2009-04-21 23:33:00" Close="1.4671" Swap="0.00" Profit="2.00" Comment=" (361)" />
        <deal Ticket="4804671" OpenTime="2009-04-21 22:46:00" DealType="-1" Lots="0.02" Symbol="GBPUSD" Open="1.4687" SL="1.4720" TP="1.4637" CloseTime="2009-04-21 22:59:00" Close="1.4677" Swap="0.00" Profit="2.00" Comment=" (362)" />
        <deal Ticket="4787320" OpenTime="2009-04-20 23:12:00" DealType="1" Lots="0.02" Symbol="EURUSD" Open="1.2919" SL="1.2871" TP="1.2977" CloseTime="2009-04-21 03:11:00" Close="1.2934" Swap="0.00" Profit="3.00" Comment=" (363)" />
        <deal Ticket="4786818" OpenTime="2009-04-20 22:00:00" DealType="-1" Lots="0.02" Symbol="USDCAD" Open="1.2384" SL="1.2417" TP="1.2334" CloseTime="2009-04-21 00:48:00" Close="1.2383" Swap="0.00" Profit="0.16" Comment=" (364)" />
        <deal Ticket="4787323" OpenTime="2009-04-20 23:12:00" DealType="1" Lots="0.02" Symbol="GBPUSD" Open="1.4531" SL="1.4474" TP="1.4591" CloseTime="2009-04-21 00:23:00" Close="1.4546" Swap="0.00" Profit="3.00" Comment=" (365)" />
        <deal Ticket="4787340" OpenTime="2009-04-20 23:15:00" DealType="1" Lots="0.02" Symbol="GBPUSD" Open="1.4525" SL="1.4493" TP="1.4576" CloseTime="2009-04-20 23:48:00" Close="1.4538" Swap="0.00" Profit="2.60" Comment=" (366)" />
        <deal Ticket="4753239" OpenTime="2009-04-16 23:29:00" DealType="-1" Lots="0.02" Symbol="USDCAD" Open="1.2109" SL="1.2149" TP="1.2059" CloseTime="2009-04-17 00:56:00" Close="1.2098" Swap="0.00" Profit="1.82" Comment=" (367)" />
        <deal Ticket="4753304" OpenTime="2009-04-16 23:36:00" DealType="-1" Lots="0.02" Symbol="GBPUSD" Open="1.4940" SL="1.4996" TP="1.4879" CloseTime="2009-04-16 23:40:00" Close="1.4925" Swap="0.00" Profit="3.00" Comment=" (368)" />
        <deal Ticket="4753095" OpenTime="2009-04-16 23:03:00" DealType="-1" Lots="0.02" Symbol="EURUSD" Open="1.3188" SL="1.3276" TP="1.3130" CloseTime="2009-04-16 23:29:00" Close="1.3173" Swap="0.00" Profit="3.00" Comment=" (369)" />
        <deal Ticket="4752811" OpenTime="2009-04-16 22:21:00" DealType="1" Lots="0.02" Symbol="USDCAD" Open="1.2083" SL="1.1982" TP="1.2133" CloseTime="2009-04-16 22:44:00" Close="1.2093" Swap="0.00" Profit="1.65" Comment=" (370)" />
        <deal Ticket="4735399" OpenTime="2009-04-15 23:02:00" DealType="-1" Lots="0.01" Symbol="EURUSD" Open="1.3229" SL="1.3323" TP="1.3169" CloseTime="2009-04-15 23:41:00" Close="1.3214" Swap="0.00" Profit="1.50" Comment=" (372)" />
        <deal Ticket="4734769" OpenTime="2009-04-15 22:00:00" DealType="-1" Lots="0.01" Symbol="EURUSD" Open="1.3219" SL="1.3297" TP="1.3169" CloseTime="2009-04-15 23:41:00" Close="1.3216" Swap="0.00" Profit="0.30" Comment=" (373)" />
        <deal Ticket="4735122" OpenTime="2009-04-15 22:27:00" DealType="1" Lots="0.01" Symbol="USDCHF" Open="1.1428" SL="1.1366" TP="1.1478" CloseTime="2009-04-15 23:40:00" Close="1.1434" Swap="0.00" Profit="0.52" Comment=" (374)" />
        <deal Ticket="4735409" OpenTime="2009-04-15 23:03:00" DealType="-1" Lots="0.01" Symbol="GBPUSD" Open="1.5008" SL="1.5114" TP="1.4945" CloseTime="2009-04-15 23:31:00" Close="1.4988" Swap="0.00" Profit="2.00" Comment=" (375)" />
        <deal Ticket="4735034" OpenTime="2009-04-15 22:13:00" DealType="-1" Lots="0.01" Symbol="GBPUSD" Open="1.4995" SL="1.5038" TP="1.4945" CloseTime="2009-04-15 23:31:00" Close="1.4990" Swap="0.00" Profit="0.50" Comment=" (376)" />
        <deal Ticket="4734645" OpenTime="2009-04-15 22:00:00" DealType="1" Lots="0.01" Symbol="USDCAD" Open="1.2036" SL="1.2003" TP="1.2086" CloseTime="2009-04-15 22:52:00" Close="1.2046" Swap="0.00" Profit="0.83" Comment=" (377)" />
    </deals>
    <balances>
        <balance Ticket="4741700" Amount="100.00" Date="2009-04-16 10:48:00" />
        <balance Ticket="4725856" Amount="100.00" Date="2009-04-15 14:09:00" />
    </balances>
</account>