﻿<?xml version="1.0" encoding="utf-8"?>
<account Id="9441" Broker="" Account="" Trader="" Login="" InitBalance="500.00">
    <deals>
        <deal Ticket="27986345" OpenTime="2010-02-16 10:54:00" DealType="-1" Lots="0.13" Symbol="GBPUSD" Open="1.5706" SL="0.0000" TP="1.5660" CloseTime="2010-02-16 16:15:00" Close="1.5660" Swap="0.00" Profit="59.80" Comment="[tp] (1)" />
        <deal Ticket="27939008" OpenTime="2010-02-12 13:43:00" DealType="-1" Lots="0.05" Symbol="GBPCHF" Open="1.6880" SL="0.0000" TP="1.6830" CloseTime="2010-02-12 16:57:00" Close="1.6830" Swap="0.00" Profit="23.23" Comment="[tp] (2)" />
        <deal Ticket="27881343" OpenTime="2010-02-11 09:41:00" DealType="-1" Lots="0.05" Symbol="AUDUSD" Open="0.8878" SL="0.0000" TP="0.8822" CloseTime="2010-02-12 12:18:00" Close="0.8836" Swap="0.00" Profit="21.00" Comment=" (3)" />
        <deal Ticket="27770857" OpenTime="2010-02-08 11:02:00" DealType="-1" Lots="0.13" Symbol="GBPUSD" Open="1.5619" SL="0.0000" TP="0.0000" CloseTime="2010-02-08 21:03:00" Close="1.5627" Swap="0.00" Profit="-10.40" Comment=" (4)" />
        <deal Ticket="27734567" OpenTime="2010-02-05 08:06:00" DealType="-1" Lots="0.05" Symbol="EURCHF" Open="1.4719" SL="0.0000" TP="1.4675" CloseTime="2010-02-05 10:22:00" Close="1.4683" Swap="0.00" Profit="16.77" Comment=" (5)" />
        <deal Ticket="27530497" OpenTime="2010-01-27 13:20:00" DealType="-1" Lots="0.10" Symbol="GBPUSD" Open="1.6205" SL="0.0000" TP="1.6145" CloseTime="2010-01-27 18:20:00" Close="1.6190" Swap="0.00" Profit="15.00" Comment=" (6)" />
        <deal Ticket="27469613" OpenTime="2010-01-25 13:36:00" DealType="-1" Lots="0.05" Symbol="GBPJPY" Open="145.76" SL="0.00" TP="145.26" CloseTime="2010-01-26 07:10:00" Close="145.26" Swap="0.00" Profit="27.91" Comment="[tp] (7)" />
        <deal Ticket="27359016" OpenTime="2010-01-19 20:07:00" DealType="-1" Lots="0.02" Symbol="GOLD" Open="1138.70" SL="0.00" TP="0.00" CloseTime="2010-01-21 23:19:00" Close="1095.55" Swap="0.00" Profit="86.30" Comment=" (8)" />
        <deal Ticket="27321937" OpenTime="2010-01-18 10:34:00" DealType="-1" Lots="0.02" Symbol="GOLD" Open="1135.00" SL="0.00" TP="0.00" CloseTime="2010-01-21 23:19:00" Close="1095.50" Swap="0.00" Profit="79.00" Comment=" (9)" />
        <deal Ticket="27321924" OpenTime="2010-01-18 10:33:00" DealType="-1" Lots="0.02" Symbol="GOLD" Open="1135.15" SL="0.00" TP="0.00" CloseTime="2010-01-21 23:18:00" Close="1095.55" Swap="0.00" Profit="79.20" Comment=" (10)" />
        <deal Ticket="27399474" OpenTime="2010-01-21 10:03:00" DealType="-1" Lots="0.10" Symbol="GBPUSD" Open="1.6219" SL="0.0000" TP="0.0000" CloseTime="2010-01-21 12:56:00" Close="1.6148" Swap="0.00" Profit="71.00" Comment=" (11)" />
        <deal Ticket="27300714" OpenTime="2010-01-15 13:10:00" DealType="1" Lots="0.05" Symbol="GBPUSD" Open="1.6294" SL="0.0000" TP="1.6345" CloseTime="2010-01-15 15:46:00" Close="1.6297" Swap="0.00" Profit="1.50" Comment=" (12)" />
        <deal Ticket="27272123" OpenTime="2010-01-14 14:56:00" DealType="-1" Lots="0.05" Symbol="USDJPY" Open="91.69" SL="0.00" TP="0.00" CloseTime="2010-01-14 15:54:00" Close="91.22" Swap="0.00" Profit="25.76" Comment=" (13)" />
        <deal Ticket="27232630" OpenTime="2010-01-13 08:13:00" DealType="1" Lots="0.05" Symbol="EURUSD" Open="1.4487" SL="0.0000" TP="1.4540" CloseTime="2010-01-13 13:29:00" Close="1.4540" Swap="0.00" Profit="26.50" Comment="[tp] (14)" />
        <deal Ticket="27028043" OpenTime="2010-01-04 15:13:00" DealType="-1" Lots="0.10" Symbol="GBPUSD" Open="1.6149" SL="0.0000" TP="1.6099" CloseTime="2010-01-04 18:18:00" Close="1.6104" Swap="0.00" Profit="45.00" Comment=" (15)" />
        <deal Ticket="26841319" OpenTime="2009-12-18 13:35:00" DealType="-1" Lots="0.10" Symbol="GBPUSD" Open="1.6196" SL="0.0000" TP="1.6121" CloseTime="2009-12-18 16:06:00" Close="1.6165" Swap="0.00" Profit="31.00" Comment=" (17)" />
        <deal Ticket="26837113" OpenTime="2009-12-18 10:12:00" DealType="-1" Lots="0.10" Symbol="GBPUSD" Open="1.6235" SL="0.0000" TP="1.6121" CloseTime="2009-12-18 13:02:00" Close="1.6219" Swap="0.00" Profit="16.00" Comment=" (18)" />
        <deal Ticket="26786149" OpenTime="2009-12-16 18:09:00" DealType="-1" Lots="0.10" Symbol="GBPUSD" Open="1.6410" SL="0.0000" TP="0.0000" CloseTime="2009-12-16 23:20:00" Close="1.6336" Swap="0.00" Profit="74.00" Comment=" (19)" />
        <deal Ticket="25791765" OpenTime="2009-11-19 23:37:00" DealType="1" Lots="0.02" Symbol="GBPCHF" Open="1.6888" SL="0.0000" TP="1.6938" CloseTime="2009-12-16 09:44:00" Close="1.6938" Swap="0.00" Profit="9.61" Comment="[tp] (20)" />
        <deal Ticket="26638474" OpenTime="2009-12-10 11:01:00" DealType="1" Lots="0.02" Symbol="EURUSD" Open="1.4717" SL="0.0000" TP="1.4785" CloseTime="2009-12-10 17:16:00" Close="1.4724" Swap="0.00" Profit="1.40" Comment=" (21)" />
        <deal Ticket="26397213" OpenTime="2009-12-04 15:36:00" DealType="-1" Lots="0.02" Symbol="USDJPY" Open="89.12" SL="0.00" TP="87.35" CloseTime="2009-12-08 23:12:00" Close="88.38" Swap="0.00" Profit="16.75" Comment=" (22)" />
        <deal Ticket="25723560" OpenTime="2009-11-18 21:19:00" DealType="1" Lots="0.02" Symbol="GBPCHF" Open="1.6913" SL="0.0000" TP="1.7015" CloseTime="2009-11-19 16:03:00" Close="1.6921" Swap="0.00" Profit="1.57" Comment=" (23)" />
        <deal Ticket="25285701" OpenTime="2009-11-09 18:07:00" DealType="1" Lots="0.04" Symbol="GBPUSD" Open="1.6755" SL="0.0000" TP="1.6805" CloseTime="2009-11-16 19:55:00" Close="1.6805" Swap="0.00" Profit="20.00" Comment="[tp] (24)" />
        <deal Ticket="25398286" OpenTime="2009-11-11 19:34:00" DealType="1" Lots="0.02" Symbol="GBPUSD" Open="1.6569" SL="0.0000" TP="1.6775" CloseTime="2009-11-16 18:01:00" Close="1.6775" Swap="0.00" Profit="41.20" Comment="[tp] (25)" />
        <deal Ticket="25377600" OpenTime="2009-11-11 13:04:00" DealType="1" Lots="0.02" Symbol="GBPUSD" Open="1.6647" SL="0.0000" TP="1.6755" CloseTime="2009-11-16 17:12:00" Close="1.6755" Swap="0.00" Profit="21.60" Comment="[tp] (26)" />
        <deal Ticket="25305321" OpenTime="2009-11-10 08:00:00" DealType="1" Lots="0.02" Symbol="GBPUSD" Open="1.6621" SL="0.0000" TP="1.6755" CloseTime="2009-11-11 08:15:00" Close="1.6717" Swap="0.00" Profit="19.20" Comment=" (27)" />
        <deal Ticket="25303470" OpenTime="2009-11-10 07:25:00" DealType="1" Lots="0.02" Symbol="GBPUSD" Open="1.6637" SL="0.0000" TP="1.6755" CloseTime="2009-11-11 08:15:00" Close="1.6717" Swap="0.00" Profit="16.00" Comment=" (28)" />
        <deal Ticket="21418301" OpenTime="2009-08-07 07:29:00" DealType="1" Lots="0.02" Symbol="GBPUSD" Open="1.6789" SL="0.0000" TP="1.6900" CloseTime="2009-11-09 12:07:00" Close="1.6842" Swap="0.00" Profit="10.60" Comment=" (29)" />
        <deal Ticket="24952759" OpenTime="2009-11-02 13:01:00" DealType="-1" Lots="0.02" Symbol="USDJPY" Open="90.14" SL="91.43" TP="89.30" CloseTime="2009-11-06 16:52:00" Close="90.06" Swap="0.00" Profit="1.78" Comment=" (30)" />
        <deal Ticket="25143938" OpenTime="2009-11-05 10:02:00" DealType="1" Lots="0.02" Symbol="GBPUSD" Open="1.6505" SL="0.0000" TP="1.6565" CloseTime="2009-11-05 11:46:00" Close="1.6565" Swap="0.00" Profit="12.00" Comment="[tp] (31)" />
        <deal Ticket="24802258" OpenTime="2009-10-29 07:24:00" DealType="1" Lots="0.02" Symbol="EURUSD" Open="1.4731" SL="0.0000" TP="1.4781" CloseTime="2009-10-29 14:48:00" Close="1.4781" Swap="0.00" Profit="10.00" Comment="[tp] (32)" />
        <deal Ticket="24618269" OpenTime="2009-10-26 11:24:00" DealType="1" Lots="0.02" Symbol="GBPUSD" Open="1.6292" SL="0.0000" TP="0.0000" CloseTime="2009-10-26 16:15:00" Close="1.6368" Swap="0.00" Profit="15.20" Comment=" (33)" />
        <deal Ticket="24498236" OpenTime="2009-10-22 10:26:00" DealType="1" Lots="0.02" Symbol="EURUSD" Open="1.4986" SL="0.0000" TP="0.0000" CloseTime="2009-10-23 08:12:00" Close="1.5026" Swap="0.00" Profit="8.00" Comment=" (34)" />
        <deal Ticket="23300773" OpenTime="2009-09-24 09:46:00" DealType="1" Lots="0.02" Symbol="GBPUSD" Open="1.6367" SL="0.0000" TP="0.0000" CloseTime="2009-10-16 07:12:00" Close="1.6371" Swap="0.00" Profit="0.80" Comment=" (35)" />
        <deal Ticket="24162298" OpenTime="2009-10-14 16:35:00" DealType="-1" Lots="0.04" Symbol="GBPUSD" Open="1.5976" SL="0.0000" TP="1.5946" CloseTime="2009-10-14 16:51:00" Close="1.5946" Swap="0.00" Profit="12.00" Comment="[tp] (36)" />
        <deal Ticket="23909506" OpenTime="2009-10-08 14:08:00" DealType="-1" Lots="0.08" Symbol="GBPUSD" Open="1.6057" SL="0.0000" TP="1.6000" CloseTime="2009-10-09 07:18:00" Close="1.6029" Swap="0.00" Profit="22.40" Comment=" (37)" />
        <deal Ticket="23575072" OpenTime="2009-09-30 20:15:00" DealType="-1" Lots="0.05" Symbol="GBPUSD" Open="1.6004" SL="0.0000" TP="1.5775" CloseTime="2009-10-02 10:49:00" Close="1.5880" Swap="0.00" Profit="62.00" Comment=" (38)" />
        <deal Ticket="23540032" OpenTime="2009-09-30 12:08:00" DealType="-1" Lots="0.02" Symbol="USDJPY" Open="89.48" SL="0.00" TP="88.81" CloseTime="2009-09-30 18:44:00" Close="89.49" Swap="0.00" Profit="-0.22" Comment=" (39)" />
        <deal Ticket="23536634" OpenTime="2009-09-30 11:06:00" DealType="-1" Lots="0.02" Symbol="USDJPY" Open="89.81" SL="0.00" TP="88.81" CloseTime="2009-09-30 17:44:00" Close="89.59" Swap="0.00" Profit="4.91" Comment=" (40)" />
        <deal Ticket="23536252" OpenTime="2009-09-30 10:55:00" DealType="-1" Lots="0.04" Symbol="GBPUSD" Open="1.6061" SL="0.0000" TP="1.5775" CloseTime="2009-09-30 17:44:00" Close="1.5981" Swap="0.00" Profit="32.00" Comment=" (41)" />
        <deal Ticket="22936730" OpenTime="2009-09-15 13:44:00" DealType="1" Lots="0.02" Symbol="GBPUSD" Open="1.6489" SL="0.0000" TP="1.6600" CloseTime="2009-09-17 13:50:00" Close="1.6540" Swap="0.00" Profit="10.20" Comment=" (42)" />
        <deal Ticket="22765659" OpenTime="2009-09-10 11:14:00" DealType="1" Lots="0.02" Symbol="GBPUSD" Open="1.6519" SL="0.0000" TP="1.6569" CloseTime="2009-09-10 14:00:00" Close="1.6569" Swap="0.00" Profit="10.00" Comment="[tp] (43)" />
        <deal Ticket="22726266" OpenTime="2009-09-09 13:56:00" DealType="-1" Lots="0.02" Symbol="USDJPY" Open="92.50" SL="93.50" TP="92.00" CloseTime="2009-09-09 16:58:00" Close="92.00" Swap="0.00" Profit="10.87" Comment="[tp] (44)" />
        <deal Ticket="22148176" OpenTime="2009-08-26 11:14:00" DealType="1" Lots="0.02" Symbol="GBPUSD" Open="1.6311" SL="0.0000" TP="1.6400" CloseTime="2009-08-28 14:39:00" Close="1.6358" Swap="0.00" Profit="9.40" Comment=" (45)" />
        <deal Ticket="21791300" OpenTime="2009-08-17 16:37:00" DealType="1" Lots="0.02" Symbol="GBPUSD" Open="1.6225" SL="0.0000" TP="0.0000" CloseTime="2009-08-18 16:57:00" Close="1.6457" Swap="0.00" Profit="0.00" Comment="cancelled (46)" />
        <deal Ticket="21593138" OpenTime="2009-08-12 13:11:00" DealType="1" Lots="0.02" Symbol="EURUSD" Open="1.4160" SL="0.0000" TP="1.4260" CloseTime="2009-08-12 17:28:00" Close="1.4206" Swap="0.00" Profit="9.20" Comment=" (47)" />
        <deal Ticket="21377694" OpenTime="2009-08-06 12:44:00" DealType="-1" Lots="0.02" Symbol="GBPCHF" Open="1.8029" SL="0.0000" TP="1.7965" CloseTime="2009-08-06 14:00:00" Close="1.7965" Swap="0.00" Profit="12.03" Comment="[tp] (48)" />
        <deal Ticket="21326838" OpenTime="2009-08-05 11:32:00" DealType="1" Lots="0.02" Symbol="EURUSD" Open="1.4400" SL="0.0000" TP="1.4510" CloseTime="2009-08-06 09:27:00" Close="1.4421" Swap="0.00" Profit="4.20" Comment=" (49)" />
        <deal Ticket="21270997" OpenTime="2009-08-04 07:44:00" DealType="-1" Lots="0.02" Symbol="GBPUSD" Open="1.6944" SL="0.0000" TP="1.6880" CloseTime="2009-08-05 09:43:00" Close="1.6906" Swap="0.00" Profit="7.60" Comment=" (50)" />
        <deal Ticket="21213483" OpenTime="2009-08-03 07:58:00" DealType="1" Lots="0.02" Symbol="EURUSD" Open="1.4248" SL="0.0000" TP="1.4300" CloseTime="2009-08-03 12:21:00" Close="1.4300" Swap="0.00" Profit="10.40" Comment="[tp] (51)" />
        <deal Ticket="19855543" OpenTime="2009-06-30 13:42:00" DealType="1" Lots="0.02" Symbol="GBPUSD" Open="1.6607" SL="0.0000" TP="1.6657" CloseTime="2009-07-31 18:26:00" Close="1.6657" Swap="0.00" Profit="10.00" Comment="[tp] (52)" />
        <deal Ticket="21144246" OpenTime="2009-07-31 07:37:00" DealType="1" Lots="0.01" Symbol="GBPUSD" Open="1.6545" SL="0.0000" TP="0.0000" CloseTime="2009-07-31 07:39:00" Close="1.6542" Swap="0.00" Profit="-0.30" Comment=" (53)" />
        <deal Ticket="21144109" OpenTime="2009-07-31 07:28:00" DealType="1" Lots="0.02" Symbol="GBPUSD" Open="1.6546" SL="0.0000" TP="0.0000" CloseTime="2009-07-31 07:36:00" Close="1.6544" Swap="0.00" Profit="-0.40" Comment=" (54)" />
        <deal Ticket="21124499" OpenTime="2009-07-30 17:08:00" DealType="1" Lots="0.02" Symbol="EURUSD" Open="1.4043" SL="0.0000" TP="1.4095" CloseTime="2009-07-31 00:08:00" Close="1.4070" Swap="0.00" Profit="5.40" Comment=" (55)" />
        <deal Ticket="21026442" OpenTime="2009-07-29 07:26:00" DealType="1" Lots="0.02" Symbol="GBPUSD" Open="1.6450" SL="0.0000" TP="1.6550" CloseTime="2009-07-30 11:04:00" Close="1.6497" Swap="0.00" Profit="9.40" Comment=" (56)" />
        <deal Ticket="20534023" OpenTime="2009-07-16 09:24:00" DealType="1" Lots="0.01" Symbol="GBPUSD" Open="1.6393" SL="0.0000" TP="0.0000" CloseTime="2009-07-16 15:13:00" Close="1.6440" Swap="0.00" Profit="4.70" Comment=" (57)" />
        <deal Ticket="20513253" OpenTime="2009-07-15 20:01:00" DealType="1" Lots="0.01" Symbol="GBPUSD" Open="1.6418" SL="0.0000" TP="1.6458" CloseTime="2009-07-15 20:54:00" Close="1.6418" Swap="0.00" Profit="0.00" Comment=" (58)" />
        <deal Ticket="20293114" OpenTime="2009-07-10 09:23:00" DealType="1" Lots="0.01" Symbol="GBPUSD" Open="1.6297" SL="0.0000" TP="1.6340" CloseTime="2009-07-14 13:21:00" Close="1.6340" Swap="0.00" Profit="4.30" Comment="[tp] (59)" />
        <deal Ticket="19955942" OpenTime="2009-07-02 11:12:00" DealType="1" Lots="0.02" Symbol="GBPUSD" Open="1.6358" SL="0.0000" TP="0.0000" CloseTime="2009-07-09 22:09:00" Close="1.6354" Swap="0.00" Profit="-0.80" Comment=" (60)" />
        <deal Ticket="19898719" OpenTime="2009-07-01 09:56:00" DealType="1" Lots="0.02" Symbol="GBPUSD" Open="1.6330" SL="0.0000" TP="0.0000" CloseTime="2009-07-02 11:11:00" Close="1.6360" Swap="0.00" Profit="0.00" Comment="cancelled (61)" />
        <deal Ticket="19789578" OpenTime="2009-06-29 10:13:00" DealType="1" Lots="0.02" Symbol="EURUSD" Open="1.4016" SL="0.0000" TP="1.4066" CloseTime="2009-06-29 14:18:00" Close="1.4047" Swap="0.00" Profit="6.20" Comment=" (62)" />
        <deal Ticket="19626447" OpenTime="2009-06-24 14:31:00" DealType="1" Lots="0.02" Symbol="EURUSD" Open="1.4020" SL="0.0000" TP="1.4070" CloseTime="2009-06-26 07:17:00" Close="1.4043" Swap="0.00" Profit="4.60" Comment=" (63)" />
        <deal Ticket="19533986" OpenTime="2009-06-23 07:17:00" DealType="-1" Lots="0.02" Symbol="GBPUSD" Open="1.6313" SL="0.0000" TP="1.6263" CloseTime="2009-06-23 09:00:00" Close="1.6263" Swap="0.00" Profit="10.00" Comment="[tp] (64)" />
        <deal Ticket="19480225" OpenTime="2009-06-22 09:46:00" DealType="1" Lots="0.02" Symbol="GBPUSD" Open="1.6421" SL="1.6290" TP="1.6471" CloseTime="2009-06-22 12:11:00" Close="1.6471" Swap="0.00" Profit="10.00" Comment="[tp] (65)" />
        <deal Ticket="19317312" OpenTime="2009-06-17 12:58:00" DealType="1" Lots="0.02" Symbol="EURUSD" Open="1.3883" SL="0.0000" TP="0.0000" CloseTime="2009-06-17 22:35:00" Close="1.3950" Swap="0.00" Profit="13.40" Comment=" (66)" />
        <deal Ticket="19313762" OpenTime="2009-06-17 11:59:00" DealType="1" Lots="0.02" Symbol="EURUSD" Open="1.3868" SL="1.3738" TP="1.3968" CloseTime="2009-06-17 12:07:00" Close="1.3868" Swap="0.00" Profit="0.00" Comment=" (67)" />
        <deal Ticket="19310632" OpenTime="2009-06-17 11:15:00" DealType="1" Lots="0.02" Symbol="EURUSD" Open="1.3868" SL="0.0000" TP="0.0000" CloseTime="2009-06-17 11:47:00" Close="1.3873" Swap="0.00" Profit="0.00" Comment="cancelled (68)" />
        <deal Ticket="19244992" OpenTime="2009-06-16 11:57:00" DealType="-1" Lots="0.02" Symbol="EURUSD" Open="1.3883" SL="0.0000" TP="0.0000" CloseTime="2009-06-16 16:41:00" Close="1.3873" Swap="0.00" Profit="2.00" Comment=" (69)" />
        <deal Ticket="19140325" OpenTime="2009-06-12 14:09:00" DealType="1" Lots="0.02" Symbol="EURUSD" Open="1.4035" SL="1.3785" TP="0.0000" CloseTime="2009-06-15 18:07:00" Close="1.3785" Swap="0.00" Profit="-50.00" Comment="[sl] (70)" />
        <deal Ticket="19125019" OpenTime="2009-06-12 09:14:00" DealType="1" Lots="0.02" Symbol="EURUSD" Open="1.4095" SL="1.3785" TP="1.4135" CloseTime="2009-06-15 18:07:00" Close="1.3785" Swap="0.00" Profit="-62.00" Comment="[sl] (71)" />
        <deal Ticket="19039314" OpenTime="2009-06-10 17:15:00" DealType="1" Lots="0.02" Symbol="EURUSD" Open="1.4000" SL="0.0000" TP="1.4085" CloseTime="2009-06-11 17:07:00" Close="1.4040" Swap="0.00" Profit="8.00" Comment=" (72)" />
        <deal Ticket="19007667" OpenTime="2009-06-10 10:01:00" DealType="1" Lots="0.02" Symbol="EURUSD" Open="1.4070" SL="0.0000" TP="1.4085" CloseTime="2009-06-11 17:07:00" Close="1.4036" Swap="0.00" Profit="-6.80" Comment=" (73)" />
        <deal Ticket="18717485" OpenTime="2009-06-03 20:54:00" DealType="1" Lots="0.02" Symbol="GBPUSD" Open="1.62640000" SL="0.00000000" TP="1.65850000" CloseTime="2009-06-04 10:34:00" Close="1.63640000" Swap="0.00" Profit="20.00" Comment=" (74)" />
        <deal Ticket="18665490" OpenTime="2009-06-03 09:52:00" DealType="-1" Lots="0.01" Symbol="USDJPY" Open="96.18" SL="0.00" TP="0.00" CloseTime="2009-06-03 14:34:00" Close="95.98" Swap="0.00" Profit="2.08" Comment=" (75)" />
        <deal Ticket="18603307" OpenTime="2009-06-02 12:24:00" DealType="-1" Lots="0.02" Symbol="USDJPY" Open="96.33" SL="0.00" TP="94.75" CloseTime="2009-06-03 14:34:00" Close="95.96" Swap="0.00" Profit="7.71" Comment=" (76)" />
        <deal Ticket="18523683" OpenTime="2009-06-01 07:41:00" DealType="1" Lots="0.02" Symbol="GBPJPY" Open="154.38000000" SL="0.00000000" TP="0.00000000" CloseTime="2009-06-01 11:27:00" Close="155.18000000" Swap="0.00" Profit="16.90" Comment=" (77)" />
        <deal Ticket="18262603" OpenTime="2009-05-26 09:58:00" DealType="1" Lots="0.02" Symbol="EURUSD" Open="1.3944" SL="0.0000" TP="0.0000" CloseTime="2009-05-27 16:39:00" Close="1.3964" Swap="0.00" Profit="4.00" Comment=" (78)" />
        <deal Ticket="18112984" OpenTime="2009-05-21 12:10:00" DealType="1" Lots="0.02" Symbol="GBPUSD" Open="1.55800000" SL="1.55810000" TP="0.00000000" CloseTime="2009-05-21 13:27:00" Close="1.56430000" Swap="0.00" Profit="12.60" Comment=" (79)" />
        <deal Ticket="17996142" OpenTime="2009-05-19 15:51:00" DealType="1" Lots="0.02" Symbol="EURUSD" Open="1.3590" SL="0.0000" TP="0.0000" CloseTime="2009-05-19 21:56:00" Close="1.3641" Swap="0.00" Profit="10.20" Comment=" (80)" />
        <deal Ticket="17725609" OpenTime="2009-05-13 14:09:00" DealType="1" Lots="0.02" Symbol="GBPUSD" Open="1.51930000" SL="0.00000000" TP="0.00000000" CloseTime="2009-05-15 07:23:00" Close="1.52160000" Swap="0.00" Profit="4.60" Comment=" (81)" />
        <deal Ticket="17684273" OpenTime="2009-05-12 20:54:00" DealType="1" Lots="0.01" Symbol="GBPUSD" Open="1.52660000" SL="0.00000000" TP="0.00000000" CloseTime="2009-05-13 07:19:00" Close="1.52920000" Swap="0.00" Profit="2.60" Comment=" (82)" />
        <deal Ticket="17673519" OpenTime="2009-05-12 18:04:00" DealType="1" Lots="0.01" Symbol="GBPUSD" Open="1.52810000" SL="0.00000000" TP="0.00000000" CloseTime="2009-05-13 07:19:00" Close="1.52920000" Swap="0.00" Profit="1.10" Comment=" (83)" />
        <deal Ticket="17594543" OpenTime="2009-05-11 13:17:00" DealType="1" Lots="0.02" Symbol="GBPUSD" Open="1.51160000" SL="1.51660000" TP="1.53050000" CloseTime="2009-05-12 11:55:00" Close="1.52450000" Swap="0.00" Profit="25.80" Comment=" (84)" />
        <deal Ticket="17494322" OpenTime="2009-05-07 20:08:00" DealType="1" Lots="0.01" Symbol="GBPUSD" Open="1.50130000" SL="0.00000000" TP="1.51800000" CloseTime="2009-05-08 19:27:00" Close="1.51010000" Swap="0.00" Profit="8.80" Comment=" (85)" />
        <deal Ticket="17463801" OpenTime="2009-05-07 14:51:00" DealType="1" Lots="0.01" Symbol="GBPUSD" Open="1.50950000" SL="0.00000000" TP="1.51800000" CloseTime="2009-05-08 19:27:00" Close="1.51010000" Swap="0.00" Profit="0.60" Comment=" (86)" />
        <deal Ticket="17437293" OpenTime="2009-05-07 07:41:00" DealType="1" Lots="0.02" Symbol="GBPUSD" Open="1.51370000" SL="0.00000000" TP="1.51800000" CloseTime="2009-05-08 19:27:00" Close="1.51010000" Swap="0.00" Profit="-7.20" Comment=" (87)" />
        <deal Ticket="17380453" OpenTime="2009-05-06 10:22:00" DealType="1" Lots="0.01" Symbol="EURJPY" Open="130.83000000" SL="0.00000000" TP="0.00000000" CloseTime="2009-05-06 15:36:00" Close="132.23000000" Swap="0.00" Profit="14.14" Comment=" (88)" />
        <deal Ticket="17333374" OpenTime="2009-05-05 15:11:00" DealType="1" Lots="0.02" Symbol="EURJPY" Open="132.54000000" SL="0.00000000" TP="133.10000000" CloseTime="2009-05-06 15:36:00" Close="132.25000000" Swap="0.00" Profit="-5.86" Comment=" (89)" />
        <deal Ticket="17348823" OpenTime="2009-05-05 18:33:00" DealType="1" Lots="0.02" Symbol="EURJPY" Open="132.11000000" SL="0.00000000" TP="133.10000000" CloseTime="2009-05-06 15:34:00" Close="132.23000000" Swap="0.00" Profit="2.42" Comment=" (90)" />
        <deal Ticket="17274822" OpenTime="2009-05-04 16:14:00" DealType="1" Lots="0.02" Symbol="GBPUSD" Open="1.49040000" SL="1.49060000" TP="1.50050000" CloseTime="2009-05-04 17:17:00" Close="1.49610000" Swap="0.00" Profit="11.40" Comment=" (91)" />
        <deal Ticket="17262395" OpenTime="2009-05-04 11:53:00" DealType="-1" Lots="0.02" Symbol="GBPJPY" Open="147.99000000" SL="0.00000000" TP="147.25000000" CloseTime="2009-05-04 15:28:00" Close="147.70000000" Swap="0.00" Profit="5.84" Comment=" (92)" />
        <deal Ticket="17208128" OpenTime="2009-05-01 09:11:00" DealType="1" Lots="0.02" Symbol="GBPUSD" Open="1.47990000" SL="0.00000000" TP="1.48500000" CloseTime="2009-05-01 11:49:00" Close="1.48500000" Swap="0.00" Profit="10.20" Comment="[tp] (93)" />
        <deal Ticket="17141958" OpenTime="2009-04-30 07:33:00" DealType="1" Lots="0.02" Symbol="SILVER" Open="12.73060000" SL="0.00000000" TP="0.00000000" CloseTime="2009-04-30 11:06:00" Close="12.74750000" Swap="0.00" Profit="1.69" Comment=" (94)" />
        <deal Ticket="17004580" OpenTime="2009-04-27 21:06:00" DealType="1" Lots="0.02" Symbol="EURUSD" Open="1.3014" SL="0.0000" TP="1.3156" CloseTime="2009-04-28 17:45:00" Close="1.3075" Swap="0.00" Profit="12.20" Comment=" (95)" />
        <deal Ticket="16989307" OpenTime="2009-04-27 18:02:00" DealType="1" Lots="0.02" Symbol="EURUSD" Open="1.3135" SL="0.0000" TP="1.3156" CloseTime="2009-04-28 17:45:00" Close="1.3076" Swap="0.00" Profit="-11.80" Comment=" (96)" />
        <deal Ticket="16913041" OpenTime="2009-04-24 12:42:00" DealType="-1" Lots="0.02" Symbol="EURUSD" Open="1.3221" SL="0.0000" TP="1.3171" CloseTime="2009-04-27 05:16:00" Close="1.3171" Swap="0.00" Profit="10.00" Comment="[tp] (97)" />
        <deal Ticket="16898242" OpenTime="2009-04-24 09:34:00" DealType="-1" Lots="0.02" Symbol="EURUSD" Open="1.3173" SL="1.3213" TP="1.3123" CloseTime="2009-04-24 11:00:00" Close="1.3213" Swap="0.00" Profit="-8.00" Comment="[sl] (98)" />
        <deal Ticket="16829285" OpenTime="2009-04-23 09:03:00" DealType="-1" Lots="0.02" Symbol="USDJPY" Open="98.01" SL="0.00" TP="97.60" CloseTime="2009-04-23 20:28:00" Close="98.01" Swap="0.00" Profit="0.00" Comment=" (99)" />
        <deal Ticket="16589282" OpenTime="2009-04-17 07:34:00" DealType="1" Lots="0.02" Symbol="EURUSD" Open="1.3083" SL="0.0000" TP="1.3149" CloseTime="2009-04-23 20:26:00" Close="1.3086" Swap="0.00" Profit="0.60" Comment=" (100)" />
        <deal Ticket="16768147" OpenTime="2009-04-22 10:57:00" DealType="1" Lots="0.02" Symbol="EURUSD" Open="1.2928" SL="0.0000" TP="1.3030" CloseTime="2009-04-22 17:15:00" Close="1.3030" Swap="0.00" Profit="20.40" Comment="[tp] (101)" />
        <deal Ticket="16524349" OpenTime="2009-04-16 10:25:00" DealType="1" Lots="0.01" Symbol="EURUSD" Open="1.3185" SL="0.0000" TP="1.3290" CloseTime="2009-04-17 07:12:00" Close="1.3116" Swap="0.00" Profit="-6.90" Comment=" (102)" />
        <deal Ticket="16366099" OpenTime="2009-04-14 07:13:00" DealType="1" Lots="0.02" Symbol="EURUSD" Open="1.3343" SL="0.0000" TP="1.3402" CloseTime="2009-04-17 07:12:00" Close="1.3116" Swap="0.00" Profit="-45.40" Comment=" (103)" />
        <deal Ticket="16320647" OpenTime="2009-04-13 13:11:00" DealType="1" Lots="0.02" Symbol="GBPUSD" Open="1.47040000" SL="0.00000000" TP="1.47540000" CloseTime="2009-04-13 15:06:00" Close="1.47540000" Swap="0.00" Profit="10.00" Comment="[tp] (104)" />
        <deal Ticket="16318206" OpenTime="2009-04-13 12:15:00" DealType="-1" Lots="0.01" Symbol="GBPUSD" Open="1.47090000" SL="0.00000000" TP="1.46890000" CloseTime="2009-04-13 12:48:00" Close="1.46890000" Swap="0.00" Profit="2.00" Comment="[tp] (105)" />
    </deals>
    <balances>
        <balance Ticket="26860912" Amount="25.58" Date="2009-12-20 22:21:00" />
        <balance Ticket="16300010" Amount="500.00" Date="2009-04-12 20:58:00" />
    </balances>
</account>