﻿<?xml version="1.0" encoding="utf-8"?>
<account Id="10109" Broker="" Account="" Trader="" Login="" InitBalance="20.25">
    <deals>
        <deal Ticket="305147034" OpenTime="2010-02-17 05:48:00" DealType="1" Lots="0.01" Symbol="EURCHF" Open="1.46763" SL="1.46508" TP="1.47163" CloseTime="2010-02-17 06:48:00" Close="1.46798" Swap="0.00" Profit="0.33" Comment=" (1)" />
        <deal Ticket="305145860" OpenTime="2010-02-17 03:17:00" DealType="-1" Lots="0.01" Symbol="EURCHF" Open="1.46779" SL="1.47034" TP="1.46379" CloseTime="2010-02-17 05:49:00" Close="1.46757" Swap="0.00" Profit="0.21" Comment=" (2)" />
        <deal Ticket="305145337" OpenTime="2010-02-17 02:04:00" DealType="1" Lots="0.01" Symbol="EURCHF" Open="1.46763" SL="1.46508" TP="1.47163" CloseTime="2010-02-17 03:21:00" Close="1.46795" Swap="0.00" Profit="0.30" Comment=" (3)" />
        <deal Ticket="305145416" OpenTime="2010-02-17 02:16:00" DealType="1" Lots="0.01" Symbol="EURCHF" Open="1.46734" SL="1.46479" TP="1.47134" CloseTime="2010-02-17 03:17:00" Close="1.46767" Swap="0.00" Profit="0.31" Comment=" (4)" />
        <deal Ticket="305141740" OpenTime="2010-02-16 22:00:00" DealType="1" Lots="0.01" Symbol="EURCHF" Open="1.46795" SL="1.46540" TP="1.47195" CloseTime="2010-02-17 01:10:00" Close="1.46797" Swap="0.00" Profit="0.02" Comment=" (5)" />
        <deal Ticket="305139750" OpenTime="2010-02-16 20:54:00" DealType="-1" Lots="0.01" Symbol="EURCHF" Open="1.46779" SL="1.47034" TP="1.46379" CloseTime="2010-02-16 23:49:00" Close="1.46778" Swap="0.00" Profit="0.01" Comment=" (6)" />
        <deal Ticket="305139870" OpenTime="2010-02-16 20:58:00" DealType="-1" Lots="0.01" Symbol="EURCHF" Open="1.46824" SL="1.47079" TP="1.46424" CloseTime="2010-02-16 22:00:00" Close="1.46792" Swap="0.00" Profit="0.30" Comment=" (7)" />
        <deal Ticket="305138716" OpenTime="2010-02-16 20:18:00" DealType="1" Lots="0.01" Symbol="EURCHF" Open="1.46772" SL="1.46517" TP="1.47172" CloseTime="2010-02-16 21:18:00" Close="1.46807" Swap="0.00" Profit="0.33" Comment=" (8)" />
        <deal Ticket="305138803" OpenTime="2010-02-16 20:20:00" DealType="1" Lots="0.01" Symbol="EURCHF" Open="1.46731" SL="1.46476" TP="1.47131" CloseTime="2010-02-16 20:54:00" Close="1.46802" Swap="0.00" Profit="0.67" Comment=" (9)" />
        <deal Ticket="305091607" OpenTime="2010-02-16 05:38:00" DealType="-1" Lots="0.01" Symbol="EURCHF" Open="1.46599" SL="1.46854" TP="1.46199" CloseTime="2010-02-16 10:29:00" Close="1.46628" Swap="0.00" Profit="-0.27" Comment=" (10)" />
        <deal Ticket="305090760" OpenTime="2010-02-16 04:09:00" DealType="1" Lots="0.01" Symbol="EURCHF" Open="1.46575" SL="1.46320" TP="1.46975" CloseTime="2010-02-16 05:38:00" Close="1.46605" Swap="0.00" Profit="0.28" Comment=" (11)" />
        <deal Ticket="305087286" OpenTime="2010-02-15 23:11:00" DealType="-1" Lots="0.01" Symbol="EURCHF" Open="1.46550" SL="1.46805" TP="1.46150" CloseTime="2010-02-16 04:09:00" Close="1.46578" Swap="0.00" Profit="-0.26" Comment=" (12)" />
        <deal Ticket="305089266" OpenTime="2010-02-16 01:17:00" DealType="-1" Lots="0.01" Symbol="EURCHF" Open="1.46599" SL="1.46854" TP="1.46199" CloseTime="2010-02-16 04:08:00" Close="1.46587" Swap="0.00" Profit="0.11" Comment=" (13)" />
        <deal Ticket="305089333" OpenTime="2010-02-16 01:22:00" DealType="-1" Lots="0.01" Symbol="EURCHF" Open="1.46617" SL="1.46872" TP="1.46217" CloseTime="2010-02-16 03:15:00" Close="1.46587" Swap="0.00" Profit="0.28" Comment=" (14)" />
        <deal Ticket="305053220" OpenTime="2010-02-15 05:51:00" DealType="-1" Lots="0.01" Symbol="EURCHF" Open="1.46701" SL="1.46956" TP="1.46301" CloseTime="2010-02-15 08:02:00" Close="1.46671" Swap="0.00" Profit="0.28" Comment=" (15)" />
        <deal Ticket="305052003" OpenTime="2010-02-15 03:37:00" DealType="-1" Lots="0.01" Symbol="EURCHF" Open="1.46665" SL="1.46920" TP="1.46265" CloseTime="2010-02-15 08:02:00" Close="1.46693" Swap="0.00" Profit="-0.26" Comment=" (16)" />
        <deal Ticket="305052551" OpenTime="2010-02-15 04:57:00" DealType="1" Lots="0.01" Symbol="EURCHF" Open="1.46681" SL="1.46426" TP="1.47081" CloseTime="2010-02-15 05:57:00" Close="1.46718" Swap="0.00" Profit="0.34" Comment=" (17)" />
        <deal Ticket="305052063" OpenTime="2010-02-15 03:49:00" DealType="-1" Lots="0.01" Symbol="EURCHF" Open="1.46684" SL="1.46939" TP="1.46284" CloseTime="2010-02-15 05:31:00" Close="1.46654" Swap="0.00" Profit="0.28" Comment=" (18)" />
        <deal Ticket="305052200" OpenTime="2010-02-15 04:10:00" DealType="-1" Lots="0.01" Symbol="EURCHF" Open="1.46703" SL="1.46958" TP="1.46303" CloseTime="2010-02-15 05:10:00" Close="1.46669" Swap="0.00" Profit="0.32" Comment=" (19)" />
        <deal Ticket="305051929" OpenTime="2010-02-15 03:25:00" DealType="-1" Lots="0.01" Symbol="EURCHF" Open="1.46623" SL="1.46878" TP="1.46223" CloseTime="2010-02-15 04:57:00" Close="1.46683" Swap="0.00" Profit="-0.56" Comment=" (20)" />
        <deal Ticket="305051840" OpenTime="2010-02-15 03:06:00" DealType="1" Lots="0.01" Symbol="EURCHF" Open="1.46604" SL="1.46349" TP="1.47004" CloseTime="2010-02-15 03:37:00" Close="1.46664" Swap="0.00" Profit="0.56" Comment=" (21)" />
        <deal Ticket="305046568" OpenTime="2010-02-12 20:34:00" DealType="1" Lots="0.01" Symbol="EURCHF" Open="1.46661" SL="1.46406" TP="1.47061" CloseTime="2010-02-15 03:29:00" Close="1.46633" Swap="0.00" Profit="-0.26" Comment=" (22)" />
        <deal Ticket="305046202" OpenTime="2010-02-12 20:18:00" DealType="1" Lots="0.01" Symbol="EURCHF" Open="1.46693" SL="1.46438" TP="1.47093" CloseTime="2010-02-15 03:00:00" Close="1.46614" Swap="0.00" Profit="-0.73" Comment=" (23)" />
        <deal Ticket="305046613" OpenTime="2010-02-12 20:37:00" DealType="1" Lots="0.01" Symbol="EURCHF" Open="1.46630" SL="1.46375" TP="1.47030" CloseTime="2010-02-12 22:54:00" Close="1.46667" Swap="0.00" Profit="0.35" Comment=" (24)" />
        <deal Ticket="305046010" OpenTime="2010-02-12 20:09:00" DealType="1" Lots="0.01" Symbol="EURCHF" Open="1.46736" SL="1.46481" TP="1.47136" CloseTime="2010-02-12 20:51:00" Close="1.46584" Swap="0.00" Profit="-1.41" Comment=" (25)" />
        <deal Ticket="304999933" OpenTime="2010-02-11 23:11:00" DealType="1" Lots="0.01" Symbol="EURCHF" Open="1.46559" SL="1.46304" TP="1.46959" CloseTime="2010-02-12 07:13:00" Close="1.46530" Swap="0.00" Profit="-0.27" Comment=" (26)" />
        <deal Ticket="304953417" OpenTime="2010-02-11 05:04:00" DealType="-1" Lots="0.01" Symbol="EURCHF" Open="1.46672" SL="1.46927" TP="1.46272" CloseTime="2010-02-11 08:01:00" Close="1.46671" Swap="0.00" Profit="0.01" Comment=" (27)" />
        <deal Ticket="304952853" OpenTime="2010-02-11 04:11:00" DealType="1" Lots="0.01" Symbol="EURCHF" Open="1.46625" SL="1.46370" TP="1.47025" CloseTime="2010-02-11 05:36:00" Close="1.46656" Swap="0.00" Profit="0.29" Comment=" (28)" />
        <deal Ticket="304949400" OpenTime="2010-02-11 00:28:00" DealType="-1" Lots="0.01" Symbol="EURCHF" Open="1.46652" SL="1.46907" TP="1.46252" CloseTime="2010-02-11 03:48:00" Close="1.46662" Swap="0.00" Profit="-0.10" Comment=" (29)" />
        <deal Ticket="304949220" OpenTime="2010-02-11 00:12:00" DealType="1" Lots="0.01" Symbol="EURCHF" Open="1.46621" SL="1.46366" TP="1.47021" CloseTime="2010-02-11 01:12:00" Close="1.46653" Swap="0.00" Profit="0.30" Comment=" (30)" />
        <deal Ticket="304948590" OpenTime="2010-02-10 23:47:00" DealType="-1" Lots="0.01" Symbol="EURCHF" Open="1.46653" SL="1.46908" TP="1.46253" CloseTime="2010-02-11 00:18:00" Close="1.46592" Swap="0.00" Profit="0.57" Comment=" (31)" />
        <deal Ticket="304943436" OpenTime="2010-02-10 20:24:00" DealType="1" Lots="0.01" Symbol="EURCHF" Open="1.46711" SL="1.46456" TP="1.47111" CloseTime="2010-02-10 23:47:00" Close="1.46649" Swap="0.00" Profit="-0.58" Comment=" (32)" />
        <deal Ticket="304899095" OpenTime="2010-02-10 04:09:00" DealType="1" Lots="0.01" Symbol="EURCHF" Open="1.46784" SL="1.46529" TP="1.47184" CloseTime="2010-02-10 08:08:00" Close="1.46777" Swap="0.00" Profit="-0.06" Comment=" (33)" />
        <deal Ticket="304890602" OpenTime="2010-02-09 21:00:00" DealType="-1" Lots="0.01" Symbol="EURCHF" Open="1.46754" SL="1.47009" TP="1.46354" CloseTime="2010-02-10 04:09:00" Close="1.46783" Swap="0.00" Profit="-0.27" Comment=" (34)" />
        <deal Ticket="304897466" OpenTime="2010-02-10 01:20:00" DealType="-1" Lots="0.01" Symbol="EURCHF" Open="1.46852" SL="1.47107" TP="1.46452" CloseTime="2010-02-10 03:33:00" Close="1.46821" Swap="0.00" Profit="0.29" Comment=" (35)" />
        <deal Ticket="304894938" OpenTime="2010-02-09 23:23:00" DealType="-1" Lots="0.01" Symbol="EURCHF" Open="1.46820" SL="1.47075" TP="1.46420" CloseTime="2010-02-10 03:25:00" Close="1.46828" Swap="0.00" Profit="-0.07" Comment=" (36)" />
        <deal Ticket="304889445" OpenTime="2010-02-09 20:01:00" DealType="-1" Lots="0.01" Symbol="EURCHF" Open="1.46696" SL="1.46951" TP="1.46296" CloseTime="2010-02-10 00:48:00" Close="1.46823" Swap="0.00" Profit="-1.19" Comment=" (37)" />
        <deal Ticket="304892263" OpenTime="2010-02-09 21:42:00" DealType="-1" Lots="0.01" Symbol="EURCHF" Open="1.46786" SL="1.47041" TP="1.46386" CloseTime="2010-02-09 23:12:00" Close="1.46754" Swap="0.00" Profit="0.30" Comment=" (38)" />
        <deal Ticket="304844323" OpenTime="2010-02-09 03:44:00" DealType="-1" Lots="0.01" Symbol="EURCHF" Open="1.46698" SL="1.46953" TP="1.46298" CloseTime="2010-02-09 08:05:00" Close="1.46727" Swap="0.00" Profit="-0.28" Comment=" (39)" />
        <deal Ticket="304845446" OpenTime="2010-02-09 05:29:00" DealType="-1" Lots="0.01" Symbol="EURCHF" Open="1.46761" SL="1.47016" TP="1.46361" CloseTime="2010-02-09 07:30:00" Close="1.46727" Swap="0.00" Profit="0.32" Comment=" (40)" />
        <deal Ticket="304845648" OpenTime="2010-02-09 05:40:00" DealType="-1" Lots="0.01" Symbol="EURCHF" Open="1.46793" SL="1.47048" TP="1.46393" CloseTime="2010-02-09 07:23:00" Close="1.46761" Swap="0.00" Profit="0.30" Comment=" (41)" />
        <deal Ticket="304842923" OpenTime="2010-02-09 01:05:00" DealType="-1" Lots="0.01" Symbol="EURCHF" Open="1.46585" SL="1.46840" TP="1.46185" CloseTime="2010-02-09 01:39:00" Close="1.46755" Swap="0.00" Profit="-1.58" Comment=" (42)" />
        <deal Ticket="304841533" OpenTime="2010-02-08 23:52:00" DealType="1" Lots="0.01" Symbol="EURCHF" Open="1.46499" SL="1.46244" TP="1.46899" CloseTime="2010-02-09 00:53:00" Close="1.46529" Swap="0.00" Profit="0.27" Comment=" (43)" />
        <deal Ticket="304841046" OpenTime="2010-02-08 23:14:00" DealType="-1" Lots="0.01" Symbol="EURCHF" Open="1.46543" SL="1.46798" TP="1.46143" CloseTime="2010-02-09 00:37:00" Close="1.46513" Swap="0.00" Profit="0.28" Comment=" (44)" />
        <deal Ticket="304838498" OpenTime="2010-02-08 22:00:00" DealType="1" Lots="0.01" Symbol="EURCHF" Open="1.46501" SL="1.46246" TP="1.46901" CloseTime="2010-02-08 23:14:00" Close="1.46537" Swap="0.00" Profit="0.33" Comment=" (45)" />
        <deal Ticket="304838337" OpenTime="2010-02-08 21:57:00" DealType="1" Lots="0.01" Symbol="EURCHF" Open="1.46534" SL="1.46279" TP="1.46934" CloseTime="2010-02-08 23:14:00" Close="1.46543" Swap="0.00" Profit="0.09" Comment=" (46)" />
        <deal Ticket="304835313" OpenTime="2010-02-08 20:18:00" DealType="-1" Lots="0.01" Symbol="EURCHF" Open="1.46568" SL="1.46823" TP="1.46168" CloseTime="2010-02-08 21:57:00" Close="1.46537" Swap="0.00" Profit="0.29" Comment=" (47)" />
        <deal Ticket="304836745" OpenTime="2010-02-08 21:05:00" DealType="1" Lots="0.01" Symbol="EURCHF" Open="1.46520" SL="1.46265" TP="1.46920" CloseTime="2010-02-08 21:22:00" Close="1.46580" Swap="0.00" Profit="0.56" Comment=" (48)" />
        <deal Ticket="304797015" OpenTime="2010-02-08 04:47:00" DealType="-1" Lots="0.01" Symbol="EURCHF" Open="1.46831" SL="1.47086" TP="1.46431" CloseTime="2010-02-08 06:01:00" Close="1.46799" Swap="0.00" Profit="0.29" Comment=" (49)" />
        <deal Ticket="304797033" OpenTime="2010-02-08 04:49:00" DealType="-1" Lots="0.01" Symbol="EURCHF" Open="1.46862" SL="1.47117" TP="1.46462" CloseTime="2010-02-08 05:54:00" Close="1.46832" Swap="0.00" Profit="0.28" Comment=" (50)" />
        <deal Ticket="304796567" OpenTime="2010-02-08 04:00:00" DealType="1" Lots="0.01" Symbol="EURCHF" Open="1.46727" SL="1.46472" TP="1.47127" CloseTime="2010-02-08 04:27:00" Close="1.46790" Swap="0.00" Profit="0.59" Comment=" (51)" />
        <deal Ticket="304796126" OpenTime="2010-02-08 03:15:00" DealType="1" Lots="0.01" Symbol="EURCHF" Open="1.46726" SL="1.46471" TP="1.47126" CloseTime="2010-02-08 03:36:00" Close="1.46795" Swap="0.00" Profit="0.64" Comment=" (52)" />
        <deal Ticket="304791615" OpenTime="2010-02-05 22:25:00" DealType="-1" Lots="0.01" Symbol="EURCHF" Open="1.46675" SL="1.46930" TP="1.46275" CloseTime="2010-02-08 00:00:00" Close="1.46930" Swap="0.00" Profit="-2.37" Comment=" (53)" />
        <deal Ticket="304791234" OpenTime="2010-02-05 22:04:00" DealType="-1" Lots="0.01" Symbol="EURCHF" Open="1.46629" SL="1.46884" TP="1.46229" CloseTime="2010-02-08 00:00:00" Close="1.46884" Swap="0.00" Profit="-2.37" Comment=" (54)" />
        <deal Ticket="304742332" OpenTime="2010-02-05 01:57:00" DealType="1" Lots="0.01" Symbol="EURCHF" Open="1.46439" SL="1.46184" TP="1.46839" CloseTime="2010-02-05 02:01:00" Close="1.46184" Swap="0.00" Profit="-2.39" Comment=" (55)" />
        <deal Ticket="304736037" OpenTime="2010-02-04 22:00:00" DealType="1" Lots="0.01" Symbol="EURCHF" Open="1.46458" SL="1.46203" TP="1.46858" CloseTime="2010-02-05 00:51:00" Close="1.46459" Swap="0.00" Profit="0.01" Comment=" (56)" />
        <deal Ticket="304688755" OpenTime="2010-02-04 04:00:00" DealType="-1" Lots="0.01" Symbol="EURCHF" Open="1.47091" SL="1.47346" TP="1.46691" CloseTime="2010-02-04 06:32:00" Close="1.47071" Swap="0.00" Profit="0.19" Comment=" (57)" />
        <deal Ticket="304679270" OpenTime="2010-02-03 20:24:00" DealType="-1" Lots="0.01" Symbol="EURCHF" Open="1.47246" SL="1.47501" TP="1.46846" CloseTime="2010-02-03 20:44:00" Close="1.47186" Swap="0.00" Profit="0.57" Comment=" (58)" />
        <deal Ticket="304640846" OpenTime="2010-02-03 03:21:00" DealType="1" Lots="0.01" Symbol="EURCHF" Open="1.47393" SL="1.47138" TP="1.47793" CloseTime="2010-02-03 05:04:00" Close="1.47424" Swap="0.00" Profit="0.30" Comment=" (59)" />
        <deal Ticket="304635264" OpenTime="2010-02-02 20:59:00" DealType="-1" Lots="0.01" Symbol="EURCHF" Open="1.47312" SL="1.47567" TP="1.46912" CloseTime="2010-02-03 03:21:00" Close="1.47394" Swap="0.00" Profit="-0.78" Comment=" (60)" />
        <deal Ticket="304638096" OpenTime="2010-02-02 23:14:00" DealType="-1" Lots="0.01" Symbol="EURCHF" Open="1.47382" SL="1.47637" TP="1.46982" CloseTime="2010-02-03 02:04:00" Close="1.47378" Swap="0.00" Profit="0.04" Comment=" (61)" />
        <deal Ticket="304592147" OpenTime="2010-02-01 21:48:00" DealType="1" Lots="0.01" Symbol="EURCHF" Open="1.47218" SL="1.46963" TP="1.47618" CloseTime="2010-02-01 21:58:00" Close="1.47066" Swap="0.00" Profit="-1.44" Comment=" (62)" />
        <deal Ticket="304590931" OpenTime="2010-02-01 20:59:00" DealType="-1" Lots="0.01" Symbol="EURCHF" Open="1.47241" SL="1.47496" TP="1.46841" CloseTime="2010-02-01 21:51:00" Close="1.47180" Swap="0.00" Profit="0.58" Comment=" (63)" />
        <deal Ticket="304590337" OpenTime="2010-02-01 20:35:00" DealType="1" Lots="0.01" Symbol="EURCHF" Open="1.47208" SL="1.46953" TP="1.47608" CloseTime="2010-02-01 21:35:00" Close="1.47238" Swap="0.00" Profit="0.29" Comment=" (64)" />
        <deal Ticket="304553452" OpenTime="2010-02-01 05:52:00" DealType="-1" Lots="0.01" Symbol="EURCHF" Open="1.47155" SL="1.47410" TP="1.46755" CloseTime="2010-02-01 09:42:00" Close="1.47164" Swap="0.00" Profit="-0.09" Comment=" (65)" />
        <deal Ticket="304552316" OpenTime="2010-02-01 04:07:00" DealType="1" Lots="0.01" Symbol="EURCHF" Open="1.47132" SL="1.46877" TP="1.47532" CloseTime="2010-02-01 05:52:00" Close="1.47163" Swap="0.00" Profit="0.29" Comment=" (66)" />
        <deal Ticket="304552355" OpenTime="2010-02-01 04:10:00" DealType="1" Lots="0.01" Symbol="EURCHF" Open="1.47094" SL="1.46839" TP="1.47494" CloseTime="2010-02-01 05:37:00" Close="1.47125" Swap="0.00" Profit="0.30" Comment=" (67)" />
        <deal Ticket="304551785" OpenTime="2010-02-01 03:23:00" DealType="-1" Lots="0.01" Symbol="EURCHF" Open="1.47174" SL="1.47429" TP="1.46774" CloseTime="2010-02-01 04:10:00" Close="1.47114" Swap="0.00" Profit="0.57" Comment=" (68)" />
        <deal Ticket="304544803" OpenTime="2010-01-29 20:22:00" DealType="1" Lots="0.01" Symbol="EURCHF" Open="1.47112" SL="1.46857" TP="1.47512" CloseTime="2010-02-01 00:02:00" Close="1.47175" Swap="0.00" Profit="0.59" Comment=" (69)" />
        <deal Ticket="304506288" OpenTime="2010-01-29 04:22:00" DealType="-1" Lots="0.01" Symbol="EURCHF" Open="1.46701" SL="1.46956" TP="1.46301" CloseTime="2010-01-29 06:57:00" Close="1.46677" Swap="0.00" Profit="0.23" Comment=" (70)" />
        <deal Ticket="304507254" OpenTime="2010-01-29 05:31:00" DealType="1" Lots="0.01" Symbol="EURCHF" Open="1.46682" SL="1.46427" TP="1.47082" CloseTime="2010-01-29 05:58:00" Close="1.46743" Swap="0.00" Profit="0.58" Comment=" (71)" />
        <deal Ticket="304501876" OpenTime="2010-01-29 00:02:00" DealType="1" Lots="0.01" Symbol="EURCHF" Open="1.46953" SL="1.46698" TP="1.47353" CloseTime="2010-01-29 01:41:00" Close="1.46745" Swap="0.00" Profit="-1.98" Comment=" (72)" />
        <deal Ticket="304454135" OpenTime="2010-01-28 01:46:00" DealType="-1" Lots="0.01" Symbol="EURCHF" Open="1.47344" SL="1.47599" TP="1.46944" CloseTime="2010-01-28 02:46:00" Close="1.47167" Swap="0.00" Profit="1.68" Comment=" (73)" />
        <deal Ticket="304453348" OpenTime="2010-01-28 00:34:00" DealType="-1" Lots="0.01" Symbol="EURCHF" Open="1.47280" SL="1.47535" TP="1.46880" CloseTime="2010-01-28 02:46:00" Close="1.47249" Swap="0.00" Profit="0.30" Comment=" (74)" />
        <deal Ticket="304454621" OpenTime="2010-01-28 02:10:00" DealType="-1" Lots="0.01" Symbol="EURCHF" Open="1.47364" SL="1.47619" TP="1.46964" CloseTime="2010-01-28 02:45:00" Close="1.47308" Swap="0.00" Profit="0.53" Comment=" (75)" />
        <deal Ticket="304452978" OpenTime="2010-01-28 00:11:00" DealType="1" Lots="0.01" Symbol="EURCHF" Open="1.47238" SL="1.46983" TP="1.47638" CloseTime="2010-01-28 01:11:00" Close="1.47282" Swap="0.00" Profit="0.42" Comment=" (76)" />
        <deal Ticket="304405831" OpenTime="2010-01-27 03:27:00" DealType="1" Lots="0.01" Symbol="EURCHF" Open="1.47268" SL="1.47013" TP="1.47668" CloseTime="2010-01-27 08:45:00" Close="1.47239" Swap="0.00" Profit="-0.28" Comment=" (77)" />
        <deal Ticket="304405189" OpenTime="2010-01-27 02:32:00" DealType="-1" Lots="0.01" Symbol="EURCHF" Open="1.47306" SL="1.47561" TP="1.46906" CloseTime="2010-01-27 03:32:00" Close="1.47275" Swap="0.00" Profit="0.30" Comment=" (78)" />
        <deal Ticket="304404761" OpenTime="2010-01-27 02:05:00" DealType="1" Lots="0.01" Symbol="EURCHF" Open="1.47274" SL="1.47019" TP="1.47674" CloseTime="2010-01-27 03:05:00" Close="1.47315" Swap="0.00" Profit="0.39" Comment=" (79)" />
        <deal Ticket="304403924" OpenTime="2010-01-27 01:10:00" DealType="-1" Lots="0.01" Symbol="EURCHF" Open="1.47296" SL="1.47551" TP="1.46896" CloseTime="2010-01-27 02:11:00" Close="1.47266" Swap="0.00" Profit="0.29" Comment=" (80)" />
        <deal Ticket="304399522" OpenTime="2010-01-26 21:15:00" DealType="1" Lots="0.01" Symbol="EURCHF" Open="1.47303" SL="1.47048" TP="1.47703" CloseTime="2010-01-27 01:10:00" Close="1.47296" Swap="0.00" Profit="-0.06" Comment=" (81)" />
        <deal Ticket="304357636" OpenTime="2010-01-26 04:02:00" DealType="1" Lots="0.01" Symbol="EURCHF" Open="1.47143" SL="1.46888" TP="1.47543" CloseTime="2010-01-26 05:07:00" Close="1.47174" Swap="0.00" Profit="0.30" Comment=" (82)" />
        <deal Ticket="304358201" OpenTime="2010-01-26 04:25:00" DealType="1" Lots="0.01" Symbol="EURCHF" Open="1.47100" SL="1.46845" TP="1.47500" CloseTime="2010-01-26 05:02:00" Close="1.47152" Swap="0.00" Profit="0.50" Comment=" (83)" />
        <deal Ticket="304356890" OpenTime="2010-01-26 03:07:00" DealType="-1" Lots="0.01" Symbol="EURCHF" Open="1.47170" SL="1.47425" TP="1.46770" CloseTime="2010-01-26 04:08:00" Close="1.47135" Swap="0.00" Profit="0.34" Comment=" (84)" />
        <deal Ticket="304355912" OpenTime="2010-01-26 01:22:00" DealType="1" Lots="0.01" Symbol="EURCHF" Open="1.47143" SL="1.46888" TP="1.47543" CloseTime="2010-01-26 03:15:00" Close="1.47173" Swap="0.00" Profit="0.28" Comment=" (85)" />
        <deal Ticket="304353480" OpenTime="2010-01-25 22:42:00" DealType="1" Lots="0.01" Symbol="EURCHF" Open="1.47106" SL="1.46851" TP="1.47506" CloseTime="2010-01-26 00:11:00" Close="1.47136" Swap="0.00" Profit="0.29" Comment=" (86)" />
        <deal Ticket="304350969" OpenTime="2010-01-25 20:56:00" DealType="-1" Lots="0.01" Symbol="EURCHF" Open="1.47134" SL="1.47389" TP="1.46734" CloseTime="2010-01-25 23:56:00" Close="1.47131" Swap="0.00" Profit="0.03" Comment=" (87)" />
        <deal Ticket="304349936" OpenTime="2010-01-25 20:00:00" DealType="1" Lots="0.01" Symbol="EURCHF" Open="1.47110" SL="1.46855" TP="1.47510" CloseTime="2010-01-25 21:01:00" Close="1.47140" Swap="0.00" Profit="0.29" Comment=" (88)" />
        <deal Ticket="304316939" OpenTime="2010-01-25 03:00:00" DealType="1" Lots="0.01" Symbol="EURCHF" Open="1.47296" SL="1.47041" TP="1.47696" CloseTime="2010-01-25 08:03:00" Close="1.47266" Swap="0.00" Profit="-0.29" Comment=" (89)" />
        <deal Ticket="304317584" OpenTime="2010-01-25 04:01:00" DealType="1" Lots="0.01" Symbol="EURCHF" Open="1.47260" SL="1.47005" TP="1.47660" CloseTime="2010-01-25 07:21:00" Close="1.47264" Swap="0.00" Profit="0.04" Comment=" (90)" />
        <deal Ticket="304317697" OpenTime="2010-01-25 04:14:00" DealType="1" Lots="0.01" Symbol="EURCHF" Open="1.47237" SL="1.46982" TP="1.47637" CloseTime="2010-01-25 07:12:00" Close="1.47238" Swap="0.00" Profit="0.01" Comment=" (91)" />
        <deal Ticket="304318397" OpenTime="2010-01-25 05:35:00" DealType="1" Lots="0.01" Symbol="EURCHF" Open="1.47190" SL="1.46935" TP="1.47590" CloseTime="2010-01-25 07:11:00" Close="1.47223" Swap="0.00" Profit="0.32" Comment=" (92)" />
        <deal Ticket="304313405" OpenTime="2010-01-22 22:38:00" DealType="1" Lots="0.01" Symbol="EURCHF" Open="1.47209" SL="1.46954" TP="1.47609" CloseTime="2010-01-22 22:51:00" Close="1.47271" Swap="0.00" Profit="0.59" Comment=" (93)" />
        <deal Ticket="304276650" OpenTime="2010-01-22 02:53:00" DealType="-1" Lots="0.01" Symbol="EURCHF" Open="1.46983" SL="1.47238" TP="1.46583" CloseTime="2010-01-22 08:42:00" Close="1.47011" Swap="0.00" Profit="-0.26" Comment=" (94)" />
        <deal Ticket="304276702" OpenTime="2010-01-22 02:59:00" DealType="-1" Lots="0.01" Symbol="EURCHF" Open="1.47007" SL="1.47262" TP="1.46607" CloseTime="2010-01-22 06:32:00" Close="1.47014" Swap="0.00" Profit="-0.07" Comment=" (95)" />
        <deal Ticket="304276808" OpenTime="2010-01-22 03:10:00" DealType="-1" Lots="0.01" Symbol="EURCHF" Open="1.47029" SL="1.47284" TP="1.46629" CloseTime="2010-01-22 06:02:00" Close="1.47026" Swap="0.00" Profit="0.03" Comment=" (96)" />
        <deal Ticket="304276583" OpenTime="2010-01-22 02:50:00" DealType="-1" Lots="0.01" Symbol="EURCHF" Open="1.46962" SL="1.47217" TP="1.46562" CloseTime="2010-01-22 04:23:00" Close="1.47058" Swap="0.00" Profit="-0.92" Comment=" (97)" />
        <deal Ticket="304276171" OpenTime="2010-01-22 02:22:00" DealType="1" Lots="0.01" Symbol="EURCHF" Open="1.46853" SL="1.46598" TP="1.47253" CloseTime="2010-01-22 02:27:00" Close="1.46913" Swap="0.00" Profit="0.58" Comment=" (98)" />
        <deal Ticket="304275487" OpenTime="2010-01-22 01:24:00" DealType="-1" Lots="0.01" Symbol="EURCHF" Open="1.46909" SL="1.47164" TP="1.46509" CloseTime="2010-01-22 02:23:00" Close="1.46848" Swap="0.00" Profit="0.58" Comment=" (99)" />
        <deal Ticket="304275915" OpenTime="2010-01-22 02:08:00" DealType="-1" Lots="0.01" Symbol="EURCHF" Open="1.46935" SL="1.47190" TP="1.46535" CloseTime="2010-01-22 02:18:00" Close="1.46889" Swap="0.00" Profit="0.44" Comment=" (100)" />
        <deal Ticket="304273741" OpenTime="2010-01-21 23:54:00" DealType="1" Lots="0.01" Symbol="EURCHF" Open="1.46867" SL="1.46612" TP="1.47267" CloseTime="2010-01-22 00:56:00" Close="1.46898" Swap="0.00" Profit="0.30" Comment=" (101)" />
        <deal Ticket="304274487" OpenTime="2010-01-22 00:12:00" DealType="1" Lots="0.01" Symbol="EURCHF" Open="1.46828" SL="1.46573" TP="1.47228" CloseTime="2010-01-22 00:55:00" Close="1.46881" Swap="0.00" Profit="0.51" Comment=" (102)" />
        <deal Ticket="304274527" OpenTime="2010-01-22 00:14:00" DealType="1" Lots="0.01" Symbol="EURCHF" Open="1.46807" SL="1.46552" TP="1.47207" CloseTime="2010-01-22 00:54:00" Close="1.46857" Swap="0.00" Profit="0.48" Comment=" (103)" />
        <deal Ticket="304274866" OpenTime="2010-01-22 00:29:00" DealType="1" Lots="0.01" Symbol="EURCHF" Open="1.46787" SL="1.46532" TP="1.47187" CloseTime="2010-01-22 00:52:00" Close="1.46838" Swap="0.00" Profit="0.49" Comment=" (104)" />
        <deal Ticket="304272116" OpenTime="2010-01-21 22:48:00" DealType="1" Lots="0.01" Symbol="EURCHF" Open="1.46854" SL="1.46599" TP="1.47254" CloseTime="2010-01-21 23:12:00" Close="1.46921" Swap="0.00" Profit="0.64" Comment=" (105)" />
        <deal Ticket="304224829" OpenTime="2010-01-21 00:46:00" DealType="-1" Lots="0.01" Symbol="EURCHF" Open="1.47271" SL="1.47526" TP="1.46871" CloseTime="2010-01-21 03:41:00" Close="1.47269" Swap="0.00" Profit="0.02" Comment=" (106)" />
        <deal Ticket="304184038" OpenTime="2010-01-20 04:55:00" DealType="-1" Lots="0.01" Symbol="EURCHF" Open="1.47483" SL="1.47738" TP="1.47083" CloseTime="2010-01-20 06:43:00" Close="1.47453" Swap="0.00" Profit="0.29" Comment=" (107)" />
        <deal Ticket="304180555" OpenTime="2010-01-20 01:44:00" DealType="-1" Lots="0.01" Symbol="EURCHF" Open="1.47556" SL="1.47811" TP="1.47156" CloseTime="2010-01-20 02:19:00" Close="1.47496" Swap="0.00" Profit="0.58" Comment=" (108)" />
        <deal Ticket="304178116" OpenTime="2010-01-19 22:56:00" DealType="1" Lots="0.01" Symbol="EURCHF" Open="1.47528" SL="1.47273" TP="1.47928" CloseTime="2010-01-20 01:42:00" Close="1.47548" Swap="0.00" Profit="0.19" Comment=" (109)" />
        <deal Ticket="304178439" OpenTime="2010-01-19 23:05:00" DealType="1" Lots="0.01" Symbol="EURCHF" Open="1.47508" SL="1.47253" TP="1.47908" CloseTime="2010-01-19 23:47:00" Close="1.47548" Swap="0.00" Profit="0.38" Comment=" (110)" />
        <deal Ticket="304175812" OpenTime="2010-01-19 21:05:00" DealType="-1" Lots="0.01" Symbol="EURCHF" Open="1.47568" SL="1.47823" TP="1.47168" CloseTime="2010-01-19 21:44:00" Close="1.47506" Swap="0.00" Profit="0.60" Comment=" (111)" />
        <deal Ticket="304137732" OpenTime="2010-01-19 04:48:00" DealType="-1" Lots="0.01" Symbol="EURCHF" Open="1.47497" SL="1.47752" TP="1.47097" CloseTime="2010-01-19 06:15:00" Close="1.47466" Swap="0.00" Profit="0.31" Comment=" (112)" />
        <deal Ticket="304133192" OpenTime="2010-01-18 23:37:00" DealType="-1" Lots="0.01" Symbol="EURCHF" Open="1.47436" SL="1.47691" TP="1.47036" CloseTime="2010-01-19 04:08:00" Close="1.47466" Swap="0.00" Profit="-0.29" Comment=" (113)" />
        <deal Ticket="304132278" OpenTime="2010-01-18 22:43:00" DealType="1" Lots="0.01" Symbol="EURCHF" Open="1.47411" SL="1.47156" TP="1.47811" CloseTime="2010-01-19 00:00:00" Close="1.47441" Swap="0.00" Profit="0.29" Comment=" (114)" />
        <deal Ticket="304130139" OpenTime="2010-01-18 20:15:00" DealType="-1" Lots="0.01" Symbol="EURCHF" Open="1.47434" SL="1.47689" TP="1.47034" CloseTime="2010-01-18 22:43:00" Close="1.47404" Swap="0.00" Profit="0.29" Comment=" (115)" />
        <deal Ticket="304130607" OpenTime="2010-01-18 21:00:00" DealType="-1" Lots="0.01" Symbol="EURCHF" Open="1.47470" SL="1.47725" TP="1.47070" CloseTime="2010-01-18 21:46:00" Close="1.47422" Swap="0.00" Profit="0.47" Comment=" (116)" />
        <deal Ticket="304103420" OpenTime="2010-01-18 03:58:00" DealType="-1" Lots="0.01" Symbol="EURCHF" Open="1.47632" SL="1.47887" TP="1.47232" CloseTime="2010-01-18 08:49:00" Close="1.47662" Swap="0.00" Profit="-0.29" Comment=" (117)" />
        <deal Ticket="304103560" OpenTime="2010-01-18 04:06:00" DealType="-1" Lots="0.01" Symbol="EURCHF" Open="1.47654" SL="1.47909" TP="1.47254" CloseTime="2010-01-18 07:52:00" Close="1.47662" Swap="0.00" Profit="-0.08" Comment=" (118)" />
        <deal Ticket="304102968" OpenTime="2010-01-18 03:07:00" DealType="-1" Lots="0.01" Symbol="EURCHF" Open="1.47563" SL="1.47818" TP="1.47163" CloseTime="2010-01-18 05:02:00" Close="1.47773" Swap="0.00" Profit="-2.04" Comment=" (119)" />
        <deal Ticket="304098872" OpenTime="2010-01-15 22:15:00" DealType="-1" Lots="0.01" Symbol="EURCHF" Open="1.47665" SL="1.47920" TP="1.47265" CloseTime="2010-01-15 22:58:00" Close="1.47602" Swap="0.00" Profit="0.61" Comment=" (120)" />
        <deal Ticket="304096950" OpenTime="2010-01-15 20:23:00" DealType="1" Lots="0.01" Symbol="EURCHF" Open="1.47533" SL="1.47278" TP="1.47933" CloseTime="2010-01-15 20:51:00" Close="1.47594" Swap="0.00" Profit="0.59" Comment=" (121)" />
        <deal Ticket="304096418" OpenTime="2010-01-15 20:00:00" DealType="-1" Lots="0.01" Symbol="EURCHF" Open="1.47592" SL="1.47847" TP="1.47192" CloseTime="2010-01-15 20:23:00" Close="1.47528" Swap="0.00" Profit="0.62" Comment=" (122)" />
        <deal Ticket="304067435" OpenTime="2010-01-15 05:23:00" DealType="-1" Lots="0.01" Symbol="EURCHF" Open="1.47634" SL="1.47889" TP="1.47234" CloseTime="2010-01-15 06:53:00" Close="1.47601" Swap="0.00" Profit="0.32" Comment=" (123)" />
        <deal Ticket="304064132" OpenTime="2010-01-15 01:30:00" DealType="1" Lots="0.01" Symbol="EURCHF" Open="1.47710" SL="1.47455" TP="1.48110" CloseTime="2010-01-15 05:23:00" Close="1.47635" Swap="0.00" Profit="-0.74" Comment=" (124)" />
        <deal Ticket="304065877" OpenTime="2010-01-15 03:19:00" DealType="-1" Lots="0.01" Symbol="EURCHF" Open="1.47686" SL="1.47941" TP="1.47286" CloseTime="2010-01-15 03:29:00" Close="1.47626" Swap="0.00" Profit="0.59" Comment=" (125)" />
        <deal Ticket="304065311" OpenTime="2010-01-15 02:54:00" DealType="1" Lots="0.01" Symbol="EURCHF" Open="1.47642" SL="1.47387" TP="1.48042" CloseTime="2010-01-15 03:20:00" Close="1.47705" Swap="0.00" Profit="0.61" Comment=" (126)" />
        <deal Ticket="304064450" OpenTime="2010-01-15 01:49:00" DealType="-1" Lots="0.01" Symbol="EURCHF" Open="1.47742" SL="1.47997" TP="1.47342" CloseTime="2010-01-15 02:12:00" Close="1.47677" Swap="0.00" Profit="0.64" Comment=" (127)" />
        <deal Ticket="304059250" OpenTime="2010-01-14 20:13:00" DealType="-1" Lots="0.01" Symbol="EURCHF" Open="1.47687" SL="1.47942" TP="1.47287" CloseTime="2010-01-15 01:30:00" Close="1.47713" Swap="0.00" Profit="-0.25" Comment=" (128)" />
        <deal Ticket="304027407" OpenTime="2010-01-14 05:42:00" DealType="1" Lots="0.01" Symbol="EURCHF" Open="1.47842" SL="1.47587" TP="1.48242" CloseTime="2010-01-14 06:42:00" Close="1.47873" Swap="0.00" Profit="0.30" Comment=" (129)" />
        <deal Ticket="304022658" OpenTime="2010-01-13 23:07:00" DealType="-1" Lots="0.01" Symbol="EURCHF" Open="1.47770" SL="1.48044" TP="1.47389" CloseTime="2010-01-14 05:42:00" Close="1.47841" Swap="0.00" Profit="-0.69" Comment=" (130)" />
        <deal Ticket="304025004" OpenTime="2010-01-14 01:28:00" DealType="1" Lots="0.01" Symbol="EURCHF" Open="1.47779" SL="1.47524" TP="1.48179" CloseTime="2010-01-14 03:22:00" Close="1.47809" Swap="0.00" Profit="0.30" Comment=" (131)" />
        <deal Ticket="304024868" OpenTime="2010-01-14 01:05:00" DealType="-1" Lots="0.01" Symbol="EURCHF" Open="1.47824" SL="1.48079" TP="1.47424" CloseTime="2010-01-14 02:19:00" Close="1.47793" Swap="0.00" Profit="0.30" Comment=" (132)" />
        <deal Ticket="304020213" OpenTime="2010-01-13 20:35:00" DealType="-1" Lots="0.01" Symbol="EURCHF" Open="1.47776" SL="1.48031" TP="1.47376" CloseTime="2010-01-13 22:27:00" Close="1.47744" Swap="0.00" Profit="0.32" Comment=" (133)" />
        <deal Ticket="303982205" OpenTime="2010-01-13 04:31:00" DealType="-1" Lots="0.01" Symbol="EURCHF" Open="1.47552" SL="1.47807" TP="1.47152" CloseTime="2010-01-13 07:21:00" Close="1.47551" Swap="0.00" Profit="0.01" Comment=" (134)" />
        <deal Ticket="303980683" OpenTime="2010-01-13 01:58:00" DealType="1" Lots="0.01" Symbol="EURCHF" Open="1.47527" SL="1.47272" TP="1.47927" CloseTime="2010-01-13 04:31:00" Close="1.47552" Swap="0.00" Profit="0.25" Comment=" (135)" />
        <deal Ticket="303980220" OpenTime="2010-01-13 01:14:00" DealType="-1" Lots="0.01" Symbol="EURCHF" Open="1.47558" SL="1.47813" TP="1.47158" CloseTime="2010-01-13 02:16:00" Close="1.47528" Swap="0.00" Profit="0.29" Comment=" (136)" />
        <deal Ticket="303980555" OpenTime="2010-01-13 01:40:00" DealType="-1" Lots="0.01" Symbol="EURCHF" Open="1.47599" SL="1.47854" TP="1.47199" CloseTime="2010-01-13 01:50:00" Close="1.47548" Swap="0.00" Profit="0.50" Comment=" (137)" />
        <deal Ticket="303975139" OpenTime="2010-01-12 20:41:00" DealType="1" Lots="0.01" Symbol="EURCHF" Open="1.47554" SL="1.47299" TP="1.47954" CloseTime="2010-01-12 23:53:00" Close="1.47555" Swap="0.00" Profit="0.01" Comment=" (138)" />
        <deal Ticket="303974625" OpenTime="2010-01-12 20:14:00" DealType="-1" Lots="0.01" Symbol="EURCHF" Open="1.47587" SL="1.47842" TP="1.47187" CloseTime="2010-01-12 20:45:00" Close="1.47527" Swap="0.00" Profit="0.59" Comment=" (139)" />
        <deal Ticket="303937197" OpenTime="2010-01-12 04:37:00" DealType="-1" Lots="0.01" Symbol="EURCHF" Open="1.47488" SL="1.47743" TP="1.47088" CloseTime="2010-01-12 08:05:00" Close="1.47497" Swap="0.00" Profit="-0.09" Comment=" (140)" />
        <deal Ticket="303934660" OpenTime="2010-01-12 01:17:00" DealType="1" Lots="0.01" Symbol="EURCHF" Open="1.47459" SL="1.47204" TP="1.47859" CloseTime="2010-01-12 03:09:00" Close="1.47493" Swap="0.00" Profit="0.33" Comment=" (141)" />
        <deal Ticket="303935078" OpenTime="2010-01-12 01:51:00" DealType="-1" Lots="0.01" Symbol="EURCHF" Open="1.47496" SL="1.47751" TP="1.47096" CloseTime="2010-01-12 02:19:00" Close="1.47436" Swap="0.00" Profit="0.59" Comment=" (142)" />
        <deal Ticket="303923429" OpenTime="2010-01-11 21:59:00" DealType="1" Lots="0.01" Symbol="EURCHF" Open="1.47507" SL="1.47252" TP="1.47907" CloseTime="2010-01-12 00:50:00" Close="1.47509" Swap="0.00" Profit="0.02" Comment=" (143)" />
        <deal Ticket="303918711" OpenTime="2010-01-11 20:53:00" DealType="-1" Lots="0.01" Symbol="EURCHF" Open="1.47539" SL="1.47794" TP="1.47139" CloseTime="2010-01-11 21:59:00" Close="1.47508" Swap="0.00" Profit="0.31" Comment=" (144)" />
        <deal Ticket="303917459" OpenTime="2010-01-11 20:16:00" DealType="1" Lots="0.01" Symbol="EURCHF" Open="1.47507" SL="1.47252" TP="1.47907" CloseTime="2010-01-11 21:39:00" Close="1.47537" Swap="0.00" Profit="0.30" Comment=" (145)" />
        <deal Ticket="303881611" OpenTime="2010-01-11 03:08:00" DealType="1" Lots="0.01" Symbol="EURCHF" Open="1.47463" SL="1.47208" TP="1.47863" CloseTime="2010-01-11 06:06:00" Close="1.47467" Swap="0.00" Profit="0.04" Comment=" (146)" />
        <deal Ticket="303875322" OpenTime="2010-01-08 21:51:00" DealType="1" Lots="0.01" Symbol="EURCHF" Open="1.47558" SL="1.47303" TP="1.47958" CloseTime="2010-01-11 00:00:00" Close="1.47565" Swap="0.00" Profit="0.07" Comment=" (147)" />
        <deal Ticket="303874810" OpenTime="2010-01-08 21:04:00" DealType="-1" Lots="0.01" Symbol="EURCHF" Open="1.47590" SL="1.47845" TP="1.47190" CloseTime="2010-01-08 22:04:00" Close="1.47554" Swap="0.00" Profit="0.35" Comment=" (148)" />
        <deal Ticket="303841398" OpenTime="2010-01-08 01:35:00" DealType="-1" Lots="0.01" Symbol="EURCHF" Open="1.48065" SL="1.48320" TP="1.47665" CloseTime="2010-01-08 04:25:00" Close="1.48061" Swap="0.00" Profit="0.03" Comment=" (149)" />
        <deal Ticket="303840111" OpenTime="2010-01-08 00:09:00" DealType="1" Lots="0.01" Symbol="EURCHF" Open="1.48033" SL="1.47778" TP="1.48433" CloseTime="2010-01-08 01:35:00" Close="1.48065" Swap="0.00" Profit="0.31" Comment=" (150)" />
        <deal Ticket="303840272" OpenTime="2010-01-08 00:19:00" DealType="1" Lots="0.01" Symbol="EURCHF" Open="1.47961" SL="1.47706" TP="1.48361" CloseTime="2010-01-08 01:05:00" Close="1.48022" Swap="0.00" Profit="0.59" Comment=" (151)" />
        <deal Ticket="303839473" OpenTime="2010-01-07 23:37:00" DealType="-1" Lots="0.01" Symbol="EURCHF" Open="1.48064" SL="1.48319" TP="1.47664" CloseTime="2010-01-08 00:19:00" Close="1.48003" Swap="0.00" Profit="0.59" Comment=" (152)" />
        <deal Ticket="303839079" OpenTime="2010-01-07 23:14:00" DealType="-1" Lots="0.01" Symbol="EURCHF" Open="1.48026" SL="1.48281" TP="1.47626" CloseTime="2010-01-08 00:19:00" Close="1.47990" Swap="0.00" Profit="0.34" Comment=" (153)" />
        <deal Ticket="303836986" OpenTime="2010-01-07 21:59:00" DealType="1" Lots="0.01" Symbol="EURCHF" Open="1.48002" SL="1.47747" TP="1.48402" CloseTime="2010-01-07 23:14:00" Close="1.48032" Swap="0.00" Profit="0.29" Comment=" (154)" />
        <deal Ticket="303836742" OpenTime="2010-01-07 21:43:00" DealType="-1" Lots="0.01" Symbol="EURCHF" Open="1.48037" SL="1.48292" TP="1.47637" CloseTime="2010-01-07 22:40:00" Close="1.47973" Swap="0.00" Profit="0.62" Comment=" (155)" />
        <deal Ticket="303834719" OpenTime="2010-01-07 20:00:00" DealType="1" Lots="0.01" Symbol="EURCHF" Open="1.48005" SL="1.47750" TP="1.48405" CloseTime="2010-01-07 21:43:00" Close="1.48037" Swap="0.00" Profit="0.31" Comment=" (156)" />
        <deal Ticket="303807302" OpenTime="2010-01-07 02:51:00" DealType="-1" Lots="0.01" Symbol="EURCHF" Open="1.48000" SL="1.48255" TP="1.47600" CloseTime="2010-01-07 09:06:00" Close="1.48029" Swap="0.00" Profit="-0.28" Comment=" (157)" />
        <deal Ticket="303807360" OpenTime="2010-01-07 03:01:00" DealType="-1" Lots="0.01" Symbol="EURCHF" Open="1.48037" SL="1.48292" TP="1.47637" CloseTime="2010-01-07 09:04:00" Close="1.48066" Swap="0.00" Profit="-0.28" Comment=" (158)" />
        <deal Ticket="303808385" OpenTime="2010-01-07 05:32:00" DealType="-1" Lots="0.01" Symbol="EURCHF" Open="1.48116" SL="1.48371" TP="1.47716" CloseTime="2010-01-07 08:17:00" Close="1.48095" Swap="0.00" Profit="0.21" Comment=" (159)" />
        <deal Ticket="303808413" OpenTime="2010-01-07 05:35:00" DealType="-1" Lots="0.01" Symbol="EURCHF" Open="1.48148" SL="1.48403" TP="1.47748" CloseTime="2010-01-07 08:15:00" Close="1.48110" Swap="0.00" Profit="0.37" Comment=" (160)" />
        <deal Ticket="303807493" OpenTime="2010-01-07 03:17:00" DealType="-1" Lots="0.01" Symbol="EURCHF" Open="1.48068" SL="1.48323" TP="1.47668" CloseTime="2010-01-07 04:59:00" Close="1.48035" Swap="0.00" Profit="0.32" Comment=" (161)" />
        <deal Ticket="303807835" OpenTime="2010-01-07 03:57:00" DealType="-1" Lots="0.01" Symbol="EURCHF" Open="1.48100" SL="1.48355" TP="1.47700" CloseTime="2010-01-07 04:57:00" Close="1.48052" Swap="0.00" Profit="0.47" Comment=" (162)" />
        <deal Ticket="303805834" OpenTime="2010-01-07 01:01:00" DealType="1" Lots="0.01" Symbol="EURCHF" Open="1.47993" SL="1.47738" TP="1.48393" CloseTime="2010-01-07 01:02:00" Close="1.47841" Swap="0.00" Profit="-1.48" Comment=" (163)" />
        <deal Ticket="303802222" OpenTime="2010-01-06 22:00:00" DealType="1" Lots="0.01" Symbol="EURCHF" Open="1.48099" SL="1.47844" TP="1.48499" CloseTime="2010-01-07 01:01:00" Close="1.47844" Swap="0.00" Profit="-2.49" Comment=" (164)" />
        <deal Ticket="303804616" OpenTime="2010-01-06 23:41:00" DealType="1" Lots="0.01" Symbol="EURCHF" Open="1.48031" SL="1.47776" TP="1.48431" CloseTime="2010-01-07 00:41:00" Close="1.48069" Swap="0.00" Profit="0.37" Comment=" (165)" />
        <deal Ticket="303803017" OpenTime="2010-01-06 22:34:00" DealType="-1" Lots="0.01" Symbol="EURCHF" Open="1.48126" SL="1.48381" TP="1.47726" CloseTime="2010-01-06 23:33:00" Close="1.48065" Swap="0.00" Profit="0.59" Comment=" (166)" />
        <deal Ticket="303801435" OpenTime="2010-01-06 21:15:00" DealType="-1" Lots="0.01" Symbol="EURCHF" Open="1.48128" SL="1.48383" TP="1.47728" CloseTime="2010-01-06 22:30:00" Close="1.48097" Swap="0.00" Profit="0.30" Comment=" (167)" />
        <deal Ticket="303798421" OpenTime="2010-01-06 20:00:00" DealType="1" Lots="0.01" Symbol="EURCHF" Open="1.48103" SL="1.47848" TP="1.48503" CloseTime="2010-01-06 21:01:00" Close="1.48134" Swap="0.00" Profit="0.30" Comment=" (168)" />
        <deal Ticket="301591356" OpenTime="2009-09-25 22:17:00" DealType="1" Lots="0.01" Symbol="EURCHF" Open="1.50920" SL="1.50580" TP="1.51270" CloseTime="2009-09-29 14:40:00" Close="1.51270" Swap="0.00" Profit="3.37" Comment=" (169)" />
        <deal Ticket="301590662" OpenTime="2009-09-25 21:11:00" DealType="-1" Lots="0.01" Symbol="EURCHF" Open="1.50993" SL="1.51333" TP="1.50643" CloseTime="2009-09-25 22:16:00" Close="1.50946" Swap="0.00" Profit="0.45" Comment=" (170)" />
        <deal Ticket="301567107" OpenTime="2009-09-24 23:09:00" DealType="1" Lots="0.01" Symbol="EURCHF" Open="1.50952" SL="1.50612" TP="1.51302" CloseTime="2009-09-25 06:20:00" Close="1.50943" Swap="0.00" Profit="-0.09" Comment=" (171)" />
        <deal Ticket="301568892" OpenTime="2009-09-25 01:52:00" DealType="1" Lots="0.01" Symbol="EURCHF" Open="1.50860" SL="1.50520" TP="1.51210" CloseTime="2009-09-25 01:54:00" Close="1.50900" Swap="0.00" Profit="0.39" Comment=" (172)" />
        <deal Ticket="301567282" OpenTime="2009-09-24 23:10:00" DealType="1" Lots="0.01" Symbol="EURCHF" Open="1.50890" SL="1.50550" TP="1.51240" CloseTime="2009-09-24 23:37:00" Close="1.50931" Swap="0.00" Profit="0.40" Comment=" (173)" />
        <deal Ticket="301566751" OpenTime="2009-09-24 22:51:00" DealType="-1" Lots="0.01" Symbol="EURCHF" Open="1.50991" SL="1.51331" TP="1.50641" CloseTime="2009-09-24 23:09:00" Close="1.50857" Swap="0.00" Profit="1.30" Comment=" (174)" />
        <deal Ticket="301566442" OpenTime="2009-09-24 22:17:00" DealType="1" Lots="0.01" Symbol="EURCHF" Open="1.50954" SL="1.50614" TP="1.51304" CloseTime="2009-09-24 22:51:00" Close="1.50995" Swap="0.00" Profit="0.40" Comment=" (175)" />
        <deal Ticket="301565203" OpenTime="2009-09-24 20:45:00" DealType="1" Lots="0.01" Symbol="EURCHF" Open="1.50955" SL="1.50615" TP="1.51305" CloseTime="2009-09-24 22:05:00" Close="1.50968" Swap="0.00" Profit="0.13" Comment=" (176)" />
        <deal Ticket="301517009" OpenTime="2009-09-23 04:11:00" DealType="1" Lots="0.01" Symbol="EURCHF" Open="1.51421" SL="1.51081" TP="1.51771" CloseTime="2009-09-23 07:42:00" Close="1.51445" Swap="0.00" Profit="0.24" Comment=" (177)" />
        <deal Ticket="301513783" OpenTime="2009-09-22 22:26:00" DealType="1" Lots="0.01" Symbol="EURCHF" Open="1.51474" SL="1.51117" TP="1.51807" CloseTime="2009-09-23 01:25:00" Close="1.51223" Swap="0.00" Profit="-2.46" Comment=" (178)" />
        <deal Ticket="301512459" OpenTime="2009-09-22 20:04:00" DealType="1" Lots="0.01" Symbol="EURCHF" Open="1.51450" SL="1.51110" TP="1.51800" CloseTime="2009-09-22 21:57:00" Close="1.51467" Swap="0.00" Profit="0.16" Comment=" (179)" />
        <deal Ticket="301493067" OpenTime="2009-09-22 02:38:00" DealType="1" Lots="0.01" Symbol="EURCHF" Open="1.51532" SL="1.51192" TP="1.51882" CloseTime="2009-09-22 04:07:00" Close="1.51544" Swap="0.00" Profit="0.11" Comment=" (180)" />
        <deal Ticket="301490227" OpenTime="2009-09-21 20:46:00" DealType="1" Lots="0.01" Symbol="EURCHF" Open="1.51540" SL="1.51200" TP="1.51890" CloseTime="2009-09-22 00:32:00" Close="1.51539" Swap="0.00" Profit="-0.01" Comment=" (181)" />
        <deal Ticket="301490489" OpenTime="2009-09-21 21:01:00" DealType="-1" Lots="0.01" Symbol="EURCHF" Open="1.51554" SL="1.51911" TP="1.51221" CloseTime="2009-09-21 22:21:00" Close="1.51540" Swap="0.00" Profit="0.13" Comment=" (182)" />
        <deal Ticket="301467255" OpenTime="2009-09-18 22:33:00" DealType="-1" Lots="0.01" Symbol="EURCHF" Open="1.51499" SL="1.51839" TP="1.51149" CloseTime="2009-09-18 22:59:00" Close="1.51458" Swap="0.00" Profit="0.39" Comment=" (183)" />
        <deal Ticket="301448730" OpenTime="2009-09-18 03:05:00" DealType="-1" Lots="0.01" Symbol="EURCHF" Open="1.51619" SL="1.51959" TP="1.51269" CloseTime="2009-09-18 07:01:00" Close="1.51598" Swap="0.00" Profit="0.20" Comment=" (184)" />
        <deal Ticket="301446589" OpenTime="2009-09-17 21:39:00" DealType="-1" Lots="0.01" Symbol="EURCHF" Open="1.51624" SL="1.51964" TP="1.51274" CloseTime="2009-09-17 22:59:00" Close="1.51610" Swap="0.00" Profit="0.13" Comment=" (185)" />
        <deal Ticket="301426562" OpenTime="2009-09-17 04:52:00" DealType="1" Lots="0.01" Symbol="EURCHF" Open="1.51824" SL="1.51484" TP="1.52174" CloseTime="2009-09-17 04:57:00" Close="1.51864" Swap="0.00" Profit="0.38" Comment=" (186)" />
        <deal Ticket="301426062" OpenTime="2009-09-17 02:38:00" DealType="-1" Lots="0.01" Symbol="EURCHF" Open="1.51837" SL="1.52177" TP="1.51487" CloseTime="2009-09-17 04:52:00" Close="1.51814" Swap="0.00" Profit="0.22" Comment=" (187)" />
        <deal Ticket="301425434" OpenTime="2009-09-17 00:24:00" DealType="1" Lots="0.01" Symbol="EURCHF" Open="1.51798" SL="1.51458" TP="1.52148" CloseTime="2009-09-17 01:44:00" Close="1.51808" Swap="0.00" Profit="0.10" Comment=" (188)" />
        <deal Ticket="301423600" OpenTime="2009-09-16 21:15:00" DealType="-1" Lots="0.01" Symbol="EURCHF" Open="1.51841" SL="1.52207" TP="1.51517" CloseTime="2009-09-16 22:06:00" Close="1.51797" Swap="0.00" Profit="0.43" Comment=" (189)" />
        <deal Ticket="301422697" OpenTime="2009-09-16 20:30:00" DealType="-1" Lots="0.01" Symbol="EURCHF" Open="1.51849" SL="1.52189" TP="1.51499" CloseTime="2009-09-16 20:39:00" Close="1.51804" Swap="0.00" Profit="0.43" Comment=" (190)" />
        <deal Ticket="301422309" OpenTime="2009-09-16 20:04:00" DealType="-1" Lots="0.01" Symbol="EURCHF" Open="1.51838" SL="1.52178" TP="1.51488" CloseTime="2009-09-16 20:13:00" Close="1.51798" Swap="0.00" Profit="0.39" Comment=" (191)" />
        <deal Ticket="301402085" OpenTime="2009-09-15 21:55:00" DealType="1" Lots="0.01" Symbol="EURCHF" Open="1.51710" SL="1.51370" TP="1.52060" CloseTime="2009-09-16 06:04:00" Close="1.51701" Swap="0.00" Profit="-0.09" Comment=" (192)" />
        <deal Ticket="301400409" OpenTime="2009-09-15 20:01:00" DealType="-1" Lots="0.01" Symbol="EURCHF" Open="1.51720" SL="1.52060" TP="1.51370" CloseTime="2009-09-15 21:54:00" Close="1.51710" Swap="0.00" Profit="0.10" Comment=" (193)" />
        <deal Ticket="301381206" OpenTime="2009-09-15 03:41:00" DealType="1" Lots="0.01" Symbol="EURCHF" Open="1.51250" SL="1.50910" TP="1.51600" CloseTime="2009-09-15 05:01:00" Close="1.51267" Swap="0.00" Profit="0.17" Comment=" (194)" />
        <deal Ticket="301379157" OpenTime="2009-09-14 22:01:00" DealType="1" Lots="0.01" Symbol="EURCHF" Open="1.51282" SL="1.50942" TP="1.51632" CloseTime="2009-09-15 03:31:00" Close="1.51278" Swap="0.00" Profit="-0.04" Comment=" (195)" />
        <deal Ticket="301378368" OpenTime="2009-09-14 21:03:00" DealType="-1" Lots="0.01" Symbol="EURCHF" Open="1.51304" SL="1.51644" TP="1.50954" CloseTime="2009-09-14 22:11:00" Close="1.51262" Swap="0.00" Profit="0.41" Comment=" (196)" />
        <deal Ticket="301326057" OpenTime="2009-09-11 04:13:00" DealType="-1" Lots="0.01" Symbol="EURCHF" Open="1.51444" SL="1.51784" TP="1.51094" CloseTime="2009-09-11 06:53:00" Close="1.51434" Swap="0.00" Profit="0.09" Comment=" (197)" />
        <deal Ticket="301325552" OpenTime="2009-09-11 03:19:00" DealType="1" Lots="0.01" Symbol="EURCHF" Open="1.51425" SL="1.51085" TP="1.51775" CloseTime="2009-09-11 05:20:00" Close="1.51435" Swap="0.00" Profit="0.09" Comment=" (198)" />
        <deal Ticket="301321969" OpenTime="2009-09-10 20:41:00" DealType="-1" Lots="0.01" Symbol="EURCHF" Open="1.51418" SL="1.51758" TP="1.51068" CloseTime="2009-09-11 03:19:00" Close="1.51427" Swap="0.00" Profit="-0.09" Comment=" (199)" />
        <deal Ticket="301301966" OpenTime="2009-09-10 01:35:00" DealType="-1" Lots="0.01" Symbol="EURCHF" Open="1.51565" SL="1.51905" TP="1.51215" CloseTime="2009-09-10 03:30:00" Close="1.51555" Swap="0.00" Profit="0.10" Comment=" (200)" />
        <deal Ticket="301299978" OpenTime="2009-09-09 21:08:00" DealType="-1" Lots="0.01" Symbol="EURCHF" Open="1.51591" SL="1.51931" TP="1.51241" CloseTime="2009-09-09 22:55:00" Close="1.51581" Swap="0.00" Profit="0.10" Comment=" (201)" />
        <deal Ticket="301283529" OpenTime="2009-09-09 04:18:00" DealType="1" Lots="0.01" Symbol="EURCHF" Open="1.51664" SL="1.51324" TP="1.52014" CloseTime="2009-09-09 08:29:00" Close="1.51684" Swap="0.00" Profit="0.20" Comment=" (202)" />
        <deal Ticket="301282199" OpenTime="2009-09-09 02:05:00" DealType="-1" Lots="0.01" Symbol="EURCHF" Open="1.51672" SL="1.52012" TP="1.51322" CloseTime="2009-09-09 04:08:00" Close="1.51661" Swap="0.00" Profit="0.10" Comment=" (203)" />
        <deal Ticket="301281433" OpenTime="2009-09-09 00:24:00" DealType="1" Lots="0.01" Symbol="EURCHF" Open="1.51650" SL="1.51310" TP="1.52000" CloseTime="2009-09-09 01:47:00" Close="1.51664" Swap="0.00" Profit="0.14" Comment=" (204)" />
        <deal Ticket="301278828" OpenTime="2009-09-08 20:57:00" DealType="-1" Lots="0.01" Symbol="EURCHF" Open="1.51696" SL="1.52036" TP="1.51346" CloseTime="2009-09-08 22:18:00" Close="1.51686" Swap="0.00" Profit="0.10" Comment=" (205)" />
        <deal Ticket="301278047" OpenTime="2009-09-08 20:23:00" DealType="1" Lots="0.01" Symbol="EURCHF" Open="1.51661" SL="1.51321" TP="1.52011" CloseTime="2009-09-08 21:47:00" Close="1.51674" Swap="0.00" Profit="0.13" Comment=" (206)" />
        <deal Ticket="301253290" OpenTime="2009-09-08 03:26:00" DealType="1" Lots="0.01" Symbol="EURCHF" Open="1.51929" SL="1.51232" TP="1.52179" CloseTime="2009-09-08 08:11:00" Close="1.51900" Swap="0.00" Profit="-0.28" Comment=" (207)" />
        <deal Ticket="301254505" OpenTime="2009-09-08 05:31:00" DealType="-1" Lots="0.01" Symbol="EURCHF" Open="1.51947" SL="1.52644" TP="1.51697" CloseTime="2009-09-08 06:35:00" Close="1.51916" Swap="0.00" Profit="0.30" Comment=" (208)" />
        <deal Ticket="301252737" OpenTime="2009-09-08 02:17:00" DealType="-1" Lots="0.01" Symbol="EURCHF" Open="1.51950" SL="1.52647" TP="1.51700" CloseTime="2009-09-08 03:51:00" Close="1.51916" Swap="0.00" Profit="0.32" Comment=" (209)" />
        <deal Ticket="301250935" OpenTime="2009-09-07 22:32:00" DealType="1" Lots="0.01" Symbol="EURCHF" Open="1.51948" SL="1.51251" TP="1.52198" CloseTime="2009-09-08 02:00:00" Close="1.51938" Swap="0.00" Profit="-0.10" Comment=" (210)" />
        <deal Ticket="301250255" OpenTime="2009-09-07 21:30:00" DealType="-1" Lots="0.01" Symbol="EURCHF" Open="1.51962" SL="1.52659" TP="1.51712" CloseTime="2009-09-07 21:44:00" Close="1.51953" Swap="0.00" Profit="0.09" Comment=" (211)" />
        <deal Ticket="301217470" OpenTime="2009-09-03 21:11:00" DealType="-1" Lots="0.01" Symbol="EURCHF" Open="1.51400" SL="1.52097" TP="1.51150" CloseTime="2009-09-04 07:56:00" Close="1.51430" Swap="0.00" Profit="-0.28" Comment=" (212)" />
        <deal Ticket="301218094" OpenTime="2009-09-03 21:53:00" DealType="-1" Lots="0.01" Symbol="EURCHF" Open="1.51454" SL="1.52151" TP="1.51204" CloseTime="2009-09-04 00:13:00" Close="1.51432" Swap="0.00" Profit="0.21" Comment=" (213)" />
        <deal Ticket="301201850" OpenTime="2009-09-03 03:18:00" DealType="-1" Lots="0.01" Symbol="EURCHF" Open="1.51352" SL="1.52049" TP="1.51102" CloseTime="2009-09-03 08:08:00" Close="1.51378" Swap="0.00" Profit="-0.24" Comment=" (214)" />
        <deal Ticket="301201455" OpenTime="2009-09-03 01:19:00" DealType="1" Lots="0.01" Symbol="EURCHF" Open="1.51346" SL="1.50649" TP="1.51596" CloseTime="2009-09-03 04:10:00" Close="1.51349" Swap="0.00" Profit="0.03" Comment=" (215)" />
        <deal Ticket="301201745" OpenTime="2009-09-03 02:41:00" DealType="1" Lots="0.01" Symbol="EURCHF" Open="1.51306" SL="1.50609" TP="1.51556" CloseTime="2009-09-03 03:36:00" Close="1.51367" Swap="0.00" Profit="0.58" Comment=" (216)" />
        <deal Ticket="301200778" OpenTime="2009-09-02 22:56:00" DealType="1" Lots="0.01" Symbol="EURCHF" Open="1.51316" SL="1.50598" TP="1.51545" CloseTime="2009-09-03 01:02:00" Close="1.51341" Swap="0.00" Profit="0.24" Comment=" (217)" />
        <deal Ticket="301174484" OpenTime="2009-09-02 05:46:00" DealType="1" Lots="0.01" Symbol="EURCHF" Open="1.51559" SL="1.50862" TP="1.51809" CloseTime="2009-09-02 06:39:00" Close="1.51630" Swap="0.00" Profit="0.67" Comment=" (218)" />
        <deal Ticket="301172556" OpenTime="2009-09-02 02:48:00" DealType="-1" Lots="0.01" Symbol="EURCHF" Open="1.51560" SL="1.52257" TP="1.51310" CloseTime="2009-09-02 05:46:00" Close="1.51559" Swap="0.00" Profit="0.01" Comment=" (219)" />
        <deal Ticket="301171396" OpenTime="2009-09-02 01:00:00" DealType="1" Lots="0.01" Symbol="EURCHF" Open="1.51527" SL="1.50830" TP="1.51777" CloseTime="2009-09-02 02:45:00" Close="1.51558" Swap="0.00" Profit="0.29" Comment=" (220)" />
        <deal Ticket="301168712" OpenTime="2009-09-01 21:06:00" DealType="1" Lots="0.01" Symbol="EURCHF" Open="1.51545" SL="1.50848" TP="1.51795" CloseTime="2009-09-01 23:37:00" Close="1.51567" Swap="0.00" Profit="0.21" Comment=" (221)" />
        <deal Ticket="301148268" OpenTime="2009-09-01 01:21:00" DealType="1" Lots="0.01" Symbol="EURCHF" Open="1.51782" SL="1.51085" TP="1.52032" CloseTime="2009-09-01 04:11:00" Close="1.51786" Swap="0.00" Profit="0.04" Comment=" (222)" />
        <deal Ticket="301147718" OpenTime="2009-08-31 23:04:00" DealType="1" Lots="0.01" Symbol="EURCHF" Open="1.51773" SL="1.51076" TP="1.52023" CloseTime="2009-09-01 00:09:00" Close="1.51804" Swap="0.00" Profit="0.30" Comment=" (223)" />
        <deal Ticket="301147217" OpenTime="2009-08-31 22:07:00" DealType="-1" Lots="0.01" Symbol="EURCHF" Open="1.51813" SL="1.52510" TP="1.51563" CloseTime="2009-08-31 23:32:00" Close="1.51782" Swap="0.00" Profit="0.29" Comment=" (224)" />
        <deal Ticket="301130844" OpenTime="2009-08-31 00:49:00" DealType="1" Lots="0.01" Symbol="EURCHF" Open="1.51575" SL="1.50878" TP="1.51825" CloseTime="2009-08-31 07:37:00" Close="1.51547" Swap="0.00" Profit="-0.27" Comment=" (225)" />
        <deal Ticket="301130273" OpenTime="2009-08-31 00:02:00" DealType="-1" Lots="0.01" Symbol="EURCHF" Open="1.51645" SL="1.52342" TP="1.51395" CloseTime="2009-08-31 00:17:00" Close="1.51583" Swap="0.00" Profit="0.59" Comment=" (226)" />
        <deal Ticket="301110420" OpenTime="2009-08-28 02:21:00" DealType="-1" Lots="0.01" Symbol="EURCHF" Open="1.51952" SL="1.52649" TP="1.51702" CloseTime="2009-08-28 08:13:00" Close="1.51982" Swap="0.00" Profit="-0.28" Comment=" (227)" />
        <deal Ticket="301109829" OpenTime="2009-08-28 01:25:00" DealType="1" Lots="0.01" Symbol="EURCHF" Open="1.51921" SL="1.51224" TP="1.52171" CloseTime="2009-08-28 02:25:00" Close="1.51973" Swap="0.00" Profit="0.49" Comment=" (228)" />
        <deal Ticket="301107680" OpenTime="2009-08-27 22:04:00" DealType="1" Lots="0.01" Symbol="EURCHF" Open="1.51919" SL="1.51222" TP="1.52169" CloseTime="2009-08-28 01:10:00" Close="1.51920" Swap="0.00" Profit="0.01" Comment=" (229)" />
        <deal Ticket="301089540" OpenTime="2009-08-27 03:38:00" DealType="-1" Lots="0.01" Symbol="EURCHF" Open="1.52179" SL="1.52876" TP="1.51929" CloseTime="2009-08-27 06:28:00" Close="1.52178" Swap="0.00" Profit="0.01" Comment=" (230)" />
        <deal Ticket="301088363" OpenTime="2009-08-26 23:30:00" DealType="1" Lots="0.01" Symbol="EURCHF" Open="1.52185" SL="1.51488" TP="1.52435" CloseTime="2009-08-27 03:24:00" Close="1.52175" Swap="0.00" Profit="-0.10" Comment=" (231)" />
        <deal Ticket="301087598" OpenTime="2009-08-26 21:09:00" DealType="1" Lots="0.01" Symbol="EURCHF" Open="1.52209" SL="1.51512" TP="1.52459" CloseTime="2009-08-27 00:45:00" Close="1.52205" Swap="0.00" Profit="-0.04" Comment=" (232)" />
        <deal Ticket="301071656" OpenTime="2009-08-26 01:23:00" DealType="-1" Lots="0.01" Symbol="EURCHF" Open="1.51784" SL="1.52481" TP="1.51534" CloseTime="2009-08-26 10:24:00" Close="1.51812" Swap="0.00" Profit="-0.27" Comment=" (233)" />
        <deal Ticket="301072584" OpenTime="2009-08-26 04:59:00" DealType="-1" Lots="0.01" Symbol="EURCHF" Open="1.51876" SL="1.52573" TP="1.51626" CloseTime="2009-08-26 08:51:00" Close="1.51881" Swap="0.00" Profit="-0.05" Comment=" (234)" />
        <deal Ticket="301070621" OpenTime="2009-08-25 22:15:00" DealType="1" Lots="0.01" Symbol="EURCHF" Open="1.51776" SL="1.51079" TP="1.52026" CloseTime="2009-08-26 01:23:00" Close="1.51782" Swap="0.00" Profit="0.05" Comment=" (235)" />
        <deal Ticket="301036510" OpenTime="2009-08-24 01:05:00" DealType="-1" Lots="0.01" Symbol="EURCHF" Open="1.51632" SL="1.52329" TP="1.51382" CloseTime="2009-08-25 09:06:00" Close="1.51660" Swap="0.00" Profit="-0.26" Comment=" (236)" />
        <deal Ticket="301036651" OpenTime="2009-08-24 01:33:00" DealType="-1" Lots="0.01" Symbol="EURCHF" Open="1.51662" SL="1.52359" TP="1.51412" CloseTime="2009-08-25 08:57:00" Close="1.51691" Swap="0.00" Profit="-0.28" Comment=" (237)" />
        <deal Ticket="301055617" OpenTime="2009-08-25 05:46:00" DealType="-1" Lots="0.01" Symbol="EURCHF" Open="1.51739" SL="1.52436" TP="1.51489" CloseTime="2009-08-25 08:07:00" Close="1.51718" Swap="0.00" Profit="0.20" Comment=" (238)" />
        <deal Ticket="301054065" OpenTime="2009-08-25 00:57:00" DealType="-1" Lots="0.01" Symbol="EURCHF" Open="1.51793" SL="1.52490" TP="1.51543" CloseTime="2009-08-25 03:21:00" Close="1.51772" Swap="0.00" Profit="0.20" Comment=" (239)" />
        <deal Ticket="301052646" OpenTime="2009-08-24 21:29:00" DealType="-1" Lots="0.01" Symbol="EURCHF" Open="1.51817" SL="1.52514" TP="1.51567" CloseTime="2009-08-24 22:33:00" Close="1.51786" Swap="0.00" Profit="0.29" Comment=" (240)" />
        <deal Ticket="301036448" OpenTime="2009-08-24 00:53:00" DealType="-1" Lots="0.01" Symbol="EURCHF" Open="1.51601" SL="1.52298" TP="1.51351" CloseTime="2009-08-24 17:00:00" Close="1.52083" Swap="0.00" Profit="-4.54" Comment=" (241)" />
        <deal Ticket="301021521" OpenTime="2009-08-21 04:22:00" DealType="1" Lots="0.01" Symbol="EURCHF" Open="1.51507" SL="1.50810" TP="1.51757" CloseTime="2009-08-21 07:39:00" Close="1.51508" Swap="0.00" Profit="0.01" Comment=" (242)" />
        <deal Ticket="301020216" OpenTime="2009-08-21 01:45:00" DealType="-1" Lots="0.01" Symbol="EURCHF" Open="1.51524" SL="1.52249" TP="1.51302" CloseTime="2009-08-21 04:22:00" Close="1.51503" Swap="0.00" Profit="0.19" Comment=" (243)" />
        <deal Ticket="301019166" OpenTime="2009-08-20 23:12:00" DealType="-1" Lots="0.01" Symbol="EURCHF" Open="1.51560" SL="1.52257" TP="1.51310" CloseTime="2009-08-21 00:17:00" Close="1.51528" Swap="0.00" Profit="0.30" Comment=" (244)" />
        <deal Ticket="301006279" OpenTime="2009-08-20 01:55:00" DealType="-1" Lots="0.01" Symbol="EURCHF" Open="1.51657" SL="1.52354" TP="1.51407" CloseTime="2009-08-20 10:02:00" Close="1.51684" Swap="0.00" Profit="-0.25" Comment=" (245)" />
        <deal Ticket="301006919" OpenTime="2009-08-20 04:08:00" DealType="-1" Lots="0.01" Symbol="EURCHF" Open="1.51737" SL="1.52434" TP="1.51487" CloseTime="2009-08-20 07:40:00" Close="1.51744" Swap="0.00" Profit="-0.06" Comment=" (246)" />
        <deal Ticket="301007091" OpenTime="2009-08-20 04:46:00" DealType="-1" Lots="0.01" Symbol="EURCHF" Open="1.51770" SL="1.52467" TP="1.51520" CloseTime="2009-08-20 07:36:00" Close="1.51769" Swap="0.00" Profit="0.01" Comment=" (247)" />
        <deal Ticket="301006419" OpenTime="2009-08-20 02:08:00" DealType="-1" Lots="0.01" Symbol="EURCHF" Open="1.51688" SL="1.52385" TP="1.51438" CloseTime="2009-08-20 03:16:00" Close="1.51656" Swap="0.00" Profit="0.30" Comment=" (248)" />
        <deal Ticket="301006053" OpenTime="2009-08-20 00:44:00" DealType="1" Lots="0.01" Symbol="EURCHF" Open="1.51620" SL="1.50923" TP="1.51870" CloseTime="2009-08-20 01:53:00" Close="1.51651" Swap="0.00" Profit="0.29" Comment=" (249)" />
        <deal Ticket="301005431" OpenTime="2009-08-19 22:16:00" DealType="-1" Lots="0.01" Symbol="EURCHF" Open="1.51639" SL="1.52336" TP="1.51389" CloseTime="2009-08-20 00:44:00" Close="1.51618" Swap="0.00" Profit="0.19" Comment=" (250)" />
        <deal Ticket="300987966" OpenTime="2009-08-19 01:52:00" DealType="1" Lots="0.01" Symbol="EURCHF" Open="1.52060" SL="1.51363" TP="1.52310" CloseTime="2009-08-19 06:00:00" Close="1.52050" Swap="0.00" Profit="-0.10" Comment=" (251)" />
        <deal Ticket="300987295" OpenTime="2009-08-18 23:19:00" DealType="-1" Lots="0.01" Symbol="EURCHF" Open="1.52051" SL="1.52748" TP="1.51801" CloseTime="2009-08-19 01:52:00" Close="1.52066" Swap="0.00" Profit="-0.14" Comment=" (252)" />
        <deal Ticket="300973090" OpenTime="2009-08-18 05:15:00" DealType="1" Lots="0.01" Symbol="EURCHF" Open="1.51806" SL="1.51109" TP="1.52056" CloseTime="2009-08-18 07:26:00" Close="1.51837" Swap="0.00" Profit="0.29" Comment=" (253)" />
        <deal Ticket="300972168" OpenTime="2009-08-18 02:14:00" DealType="-1" Lots="0.01" Symbol="EURCHF" Open="1.51822" SL="1.52519" TP="1.51572" CloseTime="2009-08-18 05:10:00" Close="1.51818" Swap="0.00" Profit="0.03" Comment=" (254)" />
        <deal Ticket="300972600" OpenTime="2009-08-18 03:59:00" DealType="-1" Lots="0.01" Symbol="EURCHF" Open="1.51877" SL="1.52574" TP="1.51627" CloseTime="2009-08-18 04:24:00" Close="1.51819" Swap="0.00" Profit="0.54" Comment=" (255)" />
        <deal Ticket="300971193" OpenTime="2009-08-17 23:02:00" DealType="1" Lots="0.01" Symbol="EURCHF" Open="1.51795" SL="1.51098" TP="1.52045" CloseTime="2009-08-18 01:53:00" Close="1.51807" Swap="0.00" Profit="0.11" Comment=" (256)" />
        <deal Ticket="300952174" OpenTime="2009-08-17 02:12:00" DealType="1" Lots="0.01" Symbol="EURCHF" Open="1.52308" SL="1.51611" TP="1.52558" CloseTime="2009-08-17 08:39:00" Close="1.52278" Swap="0.00" Profit="-0.28" Comment=" (257)" />
        <deal Ticket="300952453" OpenTime="2009-08-17 02:46:00" DealType="1" Lots="0.01" Symbol="EURCHF" Open="1.52277" SL="1.51580" TP="1.52527" CloseTime="2009-08-17 07:15:00" Close="1.52248" Swap="0.00" Profit="-0.27" Comment=" (258)" />
        <deal Ticket="300951469" OpenTime="2009-08-17 01:00:00" DealType="-1" Lots="0.01" Symbol="EURCHF" Open="1.52339" SL="1.53036" TP="1.52089" CloseTime="2009-08-17 02:12:00" Close="1.52309" Swap="0.00" Profit="0.28" Comment=" (259)" />
        <deal Ticket="300951652" OpenTime="2009-08-17 01:19:00" DealType="-1" Lots="0.01" Symbol="EURCHF" Open="1.52387" SL="1.53084" TP="1.52137" CloseTime="2009-08-17 02:09:00" Close="1.52331" Swap="0.00" Profit="0.52" Comment=" (260)" />
        <deal Ticket="300951771" OpenTime="2009-08-17 01:33:00" DealType="-1" Lots="0.01" Symbol="EURCHF" Open="1.52418" SL="1.53115" TP="1.52168" CloseTime="2009-08-17 01:57:00" Close="1.52360" Swap="0.00" Profit="0.54" Comment=" (261)" />
        <deal Ticket="300937318" OpenTime="2009-08-14 05:19:00" DealType="1" Lots="0.01" Symbol="EURCHF" Open="1.52895" SL="1.52198" TP="1.53145" CloseTime="2009-08-14 07:40:00" Close="1.52916" Swap="0.00" Profit="0.19" Comment=" (262)" />
        <deal Ticket="300936553" OpenTime="2009-08-14 02:28:00" DealType="-1" Lots="0.01" Symbol="EURCHF" Open="1.52897" SL="1.53594" TP="1.52647" CloseTime="2009-08-14 05:19:00" Close="1.52895" Swap="0.00" Profit="0.02" Comment=" (263)" />
        <deal Ticket="300936395" OpenTime="2009-08-14 02:00:00" DealType="1" Lots="0.01" Symbol="EURCHF" Open="1.52866" SL="1.52169" TP="1.53116" CloseTime="2009-08-14 03:00:00" Close="1.52898" Swap="0.00" Profit="0.30" Comment=" (264)" />
        <deal Ticket="300935385" OpenTime="2009-08-13 22:27:00" DealType="-1" Lots="0.01" Symbol="EURCHF" Open="1.52887" SL="1.53584" TP="1.52637" CloseTime="2009-08-14 01:30:00" Close="1.52883" Swap="0.00" Profit="0.04" Comment=" (265)" />
        <deal Ticket="300918737" OpenTime="2009-08-13 03:50:00" DealType="1" Lots="0.01" Symbol="EURCHF" Open="1.52942" SL="1.52245" TP="1.53192" CloseTime="2009-08-13 06:28:00" Close="1.52965" Swap="0.00" Profit="0.22" Comment=" (266)" />
        <deal Ticket="300918470" OpenTime="2009-08-13 03:06:00" DealType="-1" Lots="0.01" Symbol="EURCHF" Open="1.52973" SL="1.53670" TP="1.52723" CloseTime="2009-08-13 06:00:00" Close="1.52971" Swap="0.00" Profit="0.02" Comment=" (267)" />
        <deal Ticket="300917662" OpenTime="2009-08-13 00:30:00" DealType="1" Lots="0.01" Symbol="EURCHF" Open="1.52948" SL="1.52251" TP="1.53198" CloseTime="2009-08-13 03:06:00" Close="1.52968" Swap="0.00" Profit="0.19" Comment=" (268)" />
        <deal Ticket="300916953" OpenTime="2009-08-12 23:02:00" DealType="-1" Lots="0.01" Symbol="EURCHF" Open="1.53079" SL="1.53776" TP="1.52829" CloseTime="2009-08-12 23:04:00" Close="1.52997" Swap="0.00" Profit="0.76" Comment=" (269)" />
        <deal Ticket="300916859" OpenTime="2009-08-12 23:01:00" DealType="-1" Lots="0.01" Symbol="EURCHF" Open="1.53030" SL="1.53727" TP="1.52780" CloseTime="2009-08-12 23:03:00" Close="1.53012" Swap="0.00" Profit="0.17" Comment=" (270)" />
        <deal Ticket="300916111" OpenTime="2009-08-12 21:45:00" DealType="1" Lots="0.01" Symbol="EURCHF" Open="1.52963" SL="1.52266" TP="1.53213" CloseTime="2009-08-12 23:00:00" Close="1.52976" Swap="0.00" Profit="0.12" Comment=" (271)" />
        <deal Ticket="300915395" OpenTime="2009-08-12 21:01:00" DealType="-1" Lots="0.01" Symbol="EURCHF" Open="1.53052" SL="1.53749" TP="1.52802" CloseTime="2009-08-12 21:45:00" Close="1.52991" Swap="0.00" Profit="0.56" Comment=" (272)" />
        <deal Ticket="300887150" OpenTime="2009-08-12 03:19:00" DealType="1" Lots="0.01" Symbol="EURCHF" Open="1.53088" SL="1.52391" TP="1.53338" CloseTime="2009-08-12 07:39:00" Close="1.53060" Swap="0.00" Profit="-0.26" Comment=" (273)" />
        <deal Ticket="300883305" OpenTime="2009-08-11 22:06:00" DealType="1" Lots="0.01" Symbol="EURCHF" Open="1.53060" SL="1.52363" TP="1.53310" CloseTime="2009-08-12 00:57:00" Close="1.53067" Swap="0.00" Profit="0.07" Comment=" (274)" />
        <deal Ticket="300863101" OpenTime="2009-08-11 03:25:00" DealType="-1" Lots="0.01" Symbol="EURCHF" Open="1.53457" SL="1.54154" TP="1.53207" CloseTime="2009-08-11 06:15:00" Close="1.53441" Swap="0.00" Profit="0.15" Comment=" (275)" />
        <deal Ticket="300861917" OpenTime="2009-08-10 23:03:00" DealType="1" Lots="0.01" Symbol="EURCHF" Open="1.53476" SL="1.52779" TP="1.53726" CloseTime="2009-08-11 03:24:00" Close="1.53446" Swap="0.00" Profit="-0.27" Comment=" (276)" />
        <deal Ticket="300839032" OpenTime="2009-08-10 00:30:00" DealType="-1" Lots="0.01" Symbol="EURCHF" Open="1.53472" SL="1.54169" TP="1.53222" CloseTime="2009-08-10 08:22:00" Close="1.53498" Swap="0.00" Profit="-0.25" Comment=" (277)" />
        <deal Ticket="300842253" OpenTime="2009-08-10 03:46:00" DealType="-1" Lots="0.01" Symbol="EURCHF" Open="1.53535" SL="1.54232" TP="1.53285" CloseTime="2009-08-10 06:36:00" Close="1.53526" Swap="0.00" Profit="0.08" Comment=" (278)" />
        <deal Ticket="300839163" OpenTime="2009-08-10 00:51:00" DealType="-1" Lots="0.01" Symbol="EURCHF" Open="1.53503" SL="1.54200" TP="1.53253" CloseTime="2009-08-10 05:12:00" Close="1.53530" Swap="0.00" Profit="-0.25" Comment=" (279)" />
        <deal Ticket="300822117" OpenTime="2009-08-07 05:45:00" DealType="-1" Lots="0.01" Symbol="EURCHF" Open="1.52879" SL="1.53576" TP="1.52629" CloseTime="2009-08-07 13:29:00" Close="1.52901" Swap="0.00" Profit="-0.20" Comment=" (280)" />
        <deal Ticket="300820752" OpenTime="2009-08-07 01:02:00" DealType="1" Lots="0.01" Symbol="EURCHF" Open="1.52879" SL="1.52156" TP="1.53103" CloseTime="2009-08-07 05:23:00" Close="1.52851" Swap="0.00" Profit="-0.27" Comment=" (281)" />
        <deal Ticket="300795886" OpenTime="2009-08-06 04:33:00" DealType="1" Lots="0.01" Symbol="EURCHF" Open="1.52971" SL="1.52274" TP="1.53221" CloseTime="2009-08-06 07:29:00" Close="1.52972" Swap="0.00" Profit="0.01" Comment=" (282)" />
        <deal Ticket="300795114" OpenTime="2009-08-06 03:31:00" DealType="-1" Lots="0.01" Symbol="EURCHF" Open="1.53013" SL="1.53710" TP="1.52763" CloseTime="2009-08-06 04:32:00" Close="1.52982" Swap="0.00" Profit="0.30" Comment=" (283)" />
        <deal Ticket="300791027" OpenTime="2009-08-05 21:00:00" DealType="-1" Lots="0.01" Symbol="EURCHF" Open="1.53021" SL="1.53718" TP="1.52771" CloseTime="2009-08-05 22:07:00" Close="1.52990" Swap="0.00" Profit="0.29" Comment=" (284)" />
        <deal Ticket="300768007" OpenTime="2009-08-05 02:59:00" DealType="1" Lots="0.01" Symbol="EURCHF" Open="1.52719" SL="1.52022" TP="1.52969" CloseTime="2009-08-05 08:41:00" Close="1.52689" Swap="0.00" Profit="-0.28" Comment=" (285)" />
        <deal Ticket="300766544" OpenTime="2009-08-04 23:49:00" DealType="1" Lots="0.01" Symbol="EURCHF" Open="1.52699" SL="1.52002" TP="1.52949" CloseTime="2009-08-05 01:31:00" Close="1.52739" Swap="0.00" Profit="0.37" Comment=" (286)" />
        <deal Ticket="300766429" OpenTime="2009-08-04 23:26:00" DealType="-1" Lots="0.01" Symbol="EURCHF" Open="1.52738" SL="1.53435" TP="1.52488" CloseTime="2009-08-05 00:32:00" Close="1.52705" Swap="0.00" Profit="0.31" Comment=" (287)" />
        <deal Ticket="300765774" OpenTime="2009-08-04 21:56:00" DealType="-1" Lots="0.01" Symbol="EURCHF" Open="1.52748" SL="1.53445" TP="1.52498" CloseTime="2009-08-04 23:02:00" Close="1.52717" Swap="0.00" Profit="0.29" Comment=" (288)" />
        <deal Ticket="300749047" OpenTime="2009-08-04 00:58:00" DealType="-1" Lots="0.01" Symbol="EURCHF" Open="1.52717" SL="1.53414" TP="1.52467" CloseTime="2009-08-04 08:08:00" Close="1.52747" Swap="0.00" Profit="-0.28" Comment=" (289)" />
        <deal Ticket="300747739" OpenTime="2009-08-03 21:01:00" DealType="1" Lots="0.01" Symbol="EURCHF" Open="1.52729" SL="1.52032" TP="1.52979" CloseTime="2009-08-04 00:58:00" Close="1.52725" Swap="0.00" Profit="-0.04" Comment=" (290)" />
        <deal Ticket="300727695" OpenTime="2009-08-03 00:02:00" DealType="-1" Lots="0.01" Symbol="EURCHF" Open="1.52327" SL="1.53024" TP="1.52077" CloseTime="2009-08-03 08:39:00" Close="1.52354" Swap="0.00" Profit="-0.25" Comment=" (291)" />
        <deal Ticket="300728006" OpenTime="2009-08-03 00:33:00" DealType="-1" Lots="0.01" Symbol="EURCHF" Open="1.52357" SL="1.53054" TP="1.52107" CloseTime="2009-08-03 08:33:00" Close="1.52382" Swap="0.00" Profit="-0.24" Comment=" (292)" />
        <deal Ticket="300728057" OpenTime="2009-08-03 00:39:00" DealType="-1" Lots="0.01" Symbol="EURCHF" Open="1.52388" SL="1.53085" TP="1.52138" CloseTime="2009-08-03 08:27:00" Close="1.52416" Swap="0.00" Profit="-0.26" Comment=" (293)" />
        <deal Ticket="300705519" OpenTime="2009-07-31 03:14:00" DealType="-1" Lots="0.01" Symbol="EURCHF" Open="1.53105" SL="1.53802" TP="1.52855" CloseTime="2009-07-31 13:10:00" Close="1.53128" Swap="0.00" Profit="-0.21" Comment=" (294)" />
        <deal Ticket="300705608" OpenTime="2009-07-31 03:18:00" DealType="-1" Lots="0.01" Symbol="EURCHF" Open="1.53140" SL="1.53837" TP="1.52890" CloseTime="2009-07-31 12:39:00" Close="1.53174" Swap="0.00" Profit="-0.31" Comment=" (295)" />
        <deal Ticket="300705926" OpenTime="2009-07-31 03:40:00" DealType="-1" Lots="0.01" Symbol="EURCHF" Open="1.53164" SL="1.53861" TP="1.52914" CloseTime="2009-07-31 12:38:00" Close="1.53193" Swap="0.00" Profit="-0.27" Comment=" (296)" />
        <deal Ticket="300705308" OpenTime="2009-07-31 02:52:00" DealType="1" Lots="0.01" Symbol="EURCHF" Open="1.53072" SL="1.52375" TP="1.53322" CloseTime="2009-07-31 03:17:00" Close="1.53137" Swap="0.00" Profit="0.60" Comment=" (297)" />
        <deal Ticket="300701896" OpenTime="2009-07-30 21:17:00" DealType="1" Lots="0.01" Symbol="EURCHF" Open="1.53091" SL="1.52394" TP="1.53341" CloseTime="2009-07-31 01:16:00" Close="1.53083" Swap="0.00" Profit="-0.08" Comment=" (298)" />
        <deal Ticket="300702317" OpenTime="2009-07-30 21:43:00" DealType="1" Lots="0.01" Symbol="EURCHF" Open="1.53058" SL="1.52361" TP="1.53308" CloseTime="2009-07-31 01:08:00" Close="1.53048" Swap="0.00" Profit="-0.09" Comment=" (299)" />
        <deal Ticket="300683845" OpenTime="2009-07-30 05:48:00" DealType="1" Lots="0.01" Symbol="EURCHF" Open="1.52651" SL="1.51954" TP="1.52901" CloseTime="2009-07-30 07:06:00" Close="1.52661" Swap="0.00" Profit="0.09" Comment=" (300)" />
        <deal Ticket="300682209" OpenTime="2009-07-30 02:56:00" DealType="-1" Lots="0.01" Symbol="EURCHF" Open="1.52697" SL="1.53394" TP="1.52447" CloseTime="2009-07-30 05:48:00" Close="1.52695" Swap="0.00" Profit="0.02" Comment=" (301)" />
        <deal Ticket="300681910" OpenTime="2009-07-30 02:24:00" DealType="1" Lots="0.01" Symbol="EURCHF" Open="1.52652" SL="1.51955" TP="1.52902" CloseTime="2009-07-30 03:30:00" Close="1.52684" Swap="0.00" Profit="0.30" Comment=" (302)" />
        <deal Ticket="300681058" OpenTime="2009-07-30 00:49:00" DealType="-1" Lots="0.01" Symbol="EURCHF" Open="1.52695" SL="1.53392" TP="1.52445" CloseTime="2009-07-30 02:24:00" Close="1.52663" Swap="0.00" Profit="0.29" Comment=" (303)" />
        <deal Ticket="300678497" OpenTime="2009-07-29 21:00:00" DealType="1" Lots="0.01" Symbol="EURCHF" Open="1.52629" SL="1.51932" TP="1.52879" CloseTime="2009-07-29 22:04:00" Close="1.52660" Swap="0.00" Profit="0.28" Comment=" (304)" />
        <deal Ticket="300678554" OpenTime="2009-07-29 21:01:00" DealType="1" Lots="0.01" Symbol="EURCHF" Open="1.52606" SL="1.51909" TP="1.52856" CloseTime="2009-07-29 21:23:00" Close="1.52648" Swap="0.00" Profit="0.38" Comment=" (305)" />
        <deal Ticket="300657900" OpenTime="2009-07-29 01:31:00" DealType="1" Lots="0.01" Symbol="EURCHF" Open="1.52363" SL="1.51666" TP="1.52613" CloseTime="2009-07-29 06:03:00" Close="1.52335" Swap="0.00" Profit="-0.26" Comment=" (306)" />
        <deal Ticket="300657144" OpenTime="2009-07-28 22:36:00" DealType="1" Lots="0.01" Symbol="EURCHF" Open="1.52381" SL="1.51684" TP="1.52631" CloseTime="2009-07-29 01:27:00" Close="1.52382" Swap="0.00" Profit="0.01" Comment=" (307)" />
        <deal Ticket="300641373" OpenTime="2009-07-28 04:35:00" DealType="1" Lots="0.01" Symbol="EURCHF" Open="1.52425" SL="1.51728" TP="1.52675" CloseTime="2009-07-28 06:52:00" Close="1.52456" Swap="0.00" Profit="0.29" Comment=" (308)" />
        <deal Ticket="300641528" OpenTime="2009-07-28 05:08:00" DealType="1" Lots="0.01" Symbol="EURCHF" Open="1.52388" SL="1.51691" TP="1.52638" CloseTime="2009-07-28 06:24:00" Close="1.52423" Swap="0.00" Profit="0.33" Comment=" (309)" />
        <deal Ticket="300641085" OpenTime="2009-07-28 03:08:00" DealType="-1" Lots="0.01" Symbol="EURCHF" Open="1.52451" SL="1.53148" TP="1.52201" CloseTime="2009-07-28 04:37:00" Close="1.52420" Swap="0.00" Profit="0.29" Comment=" (310)" />
        <deal Ticket="300626379" OpenTime="2009-07-27 03:42:00" DealType="-1" Lots="0.01" Symbol="EURCHF" Open="1.52301" SL="1.52998" TP="1.52051" CloseTime="2009-07-27 12:46:00" Close="1.52326" Swap="0.00" Profit="-0.24" Comment=" (311)" />
        <deal Ticket="300625880" OpenTime="2009-07-27 02:06:00" DealType="1" Lots="0.01" Symbol="EURCHF" Open="1.52222" SL="1.51525" TP="1.52472" CloseTime="2009-07-27 03:06:00" Close="1.52271" Swap="0.00" Profit="0.46" Comment=" (312)" />
        <deal Ticket="300625731" OpenTime="2009-07-27 01:34:00" DealType="-1" Lots="0.01" Symbol="EURCHF" Open="1.52295" SL="1.52992" TP="1.52045" CloseTime="2009-07-27 02:06:00" Close="1.52234" Swap="0.00" Profit="0.57" Comment=" (313)" />
        <deal Ticket="300613283" OpenTime="2009-07-24 04:21:00" DealType="-1" Lots="0.01" Symbol="EURCHF" Open="1.52099" SL="1.52796" TP="1.51849" CloseTime="2009-07-24 05:22:00" Close="1.52068" Swap="0.00" Profit="0.28" Comment=" (314)" />
        <deal Ticket="300610605" OpenTime="2009-07-23 21:57:00" DealType="1" Lots="0.01" Symbol="EURCHF" Open="1.52280" SL="1.51562" TP="1.52509" CloseTime="2009-07-24 04:21:00" Close="1.52087" Swap="0.00" Profit="-1.79" Comment=" (315)" />
        <deal Ticket="300611120" OpenTime="2009-07-23 22:15:00" DealType="1" Lots="0.01" Symbol="EURCHF" Open="1.52247" SL="1.51524" TP="1.52471" CloseTime="2009-07-23 23:53:00" Close="1.52103" Swap="0.00" Profit="-1.34" Comment=" (316)" />
        <deal Ticket="300610818" OpenTime="2009-07-23 22:11:00" DealType="1" Lots="0.01" Symbol="EURCHF" Open="1.52253" SL="1.51532" TP="1.52479" CloseTime="2009-07-23 23:53:00" Close="1.52103" Swap="0.00" Profit="-1.40" Comment=" (317)" />
        <deal Ticket="300594735" OpenTime="2009-07-23 02:27:00" DealType="-1" Lots="0.01" Symbol="EURCHF" Open="1.51581" SL="1.52278" TP="1.51331" CloseTime="2009-07-23 14:55:00" Close="1.52145" Swap="0.00" Profit="-5.27" Comment=" (318)" />
        <deal Ticket="300579273" OpenTime="2009-07-22 03:36:00" DealType="-1" Lots="0.01" Symbol="EURCHF" Open="1.51639" SL="1.52336" TP="1.51389" CloseTime="2009-07-22 07:43:00" Close="1.51647" Swap="0.00" Profit="-0.08" Comment=" (319)" />
        <deal Ticket="300578632" OpenTime="2009-07-22 00:18:00" DealType="-1" Lots="0.01" Symbol="EURCHF" Open="1.51639" SL="1.52336" TP="1.51389" CloseTime="2009-07-22 03:08:00" Close="1.51630" Swap="0.00" Profit="0.09" Comment=" (320)" />
        <deal Ticket="300577291" OpenTime="2009-07-21 21:00:00" DealType="-1" Lots="0.01" Symbol="EURCHF" Open="1.51638" SL="1.52335" TP="1.51388" CloseTime="2009-07-21 23:29:00" Close="1.51617" Swap="0.00" Profit="0.20" Comment=" (321)" />
        <deal Ticket="300565163" OpenTime="2009-07-21 05:35:00" DealType="-1" Lots="0.01" Symbol="EURCHF" Open="1.51955" SL="1.52652" TP="1.51705" CloseTime="2009-07-21 08:25:00" Close="1.51944" Swap="0.00" Profit="0.10" Comment=" (322)" />
        <deal Ticket="300564629" OpenTime="2009-07-21 03:02:00" DealType="1" Lots="0.01" Symbol="EURCHF" Open="1.51920" SL="0.00000" TP="0.00000" CloseTime="2009-07-21 04:23:00" Close="1.51951" Swap="0.00" Profit="0.29" Comment=" (323)" />
        <deal Ticket="300564083" OpenTime="2009-07-21 00:37:00" DealType="1" Lots="0.01" Symbol="EURCHF" Open="1.51935" SL="0.00000" TP="0.00000" CloseTime="2009-07-21 02:38:00" Close="1.51967" Swap="0.00" Profit="0.30" Comment=" (324)" />
        <deal Ticket="300564069" OpenTime="2009-07-21 00:35:00" DealType="-1" Lots="0.01" Symbol="EURCHF" Open="1.51967" SL="0.00000" TP="0.00000" CloseTime="2009-07-21 01:45:00" Close="1.51935" Swap="0.00" Profit="0.29" Comment=" (325)" />
        <deal Ticket="300563492" OpenTime="2009-07-20 22:31:00" DealType="1" Lots="0.01" Symbol="EURCHF" Open="1.51941" SL="0.00000" TP="0.00000" CloseTime="2009-07-21 00:35:00" Close="1.51976" Swap="0.00" Profit="0.33" Comment=" (326)" />
        <deal Ticket="300562785" OpenTime="2009-07-20 21:06:00" DealType="-1" Lots="0.01" Symbol="EURCHF" Open="1.52031" SL="1.52728" TP="1.51781" CloseTime="2009-07-20 22:02:00" Close="1.51960" Swap="0.00" Profit="0.66" Comment=" (327)" />
        <deal Ticket="300549586" OpenTime="2009-07-20 03:39:00" DealType="-1" Lots="0.01" Symbol="EURCHF" Open="1.52025" SL="1.52722" TP="1.51775" CloseTime="2009-07-20 10:49:00" Close="1.52053" Swap="0.00" Profit="-0.26" Comment=" (328)" />
        <deal Ticket="300549641" OpenTime="2009-07-20 03:50:00" DealType="-1" Lots="0.01" Symbol="EURCHF" Open="1.52058" SL="1.52755" TP="1.51808" CloseTime="2009-07-20 08:37:00" Close="1.52086" Swap="0.00" Profit="-0.26" Comment=" (329)" />
        <deal Ticket="300549299" OpenTime="2009-07-20 03:01:00" DealType="1" Lots="0.01" Symbol="EURCHF" Open="1.51958" SL="1.51261" TP="1.52208" CloseTime="2009-07-20 03:35:00" Close="1.52018" Swap="0.00" Profit="0.56" Comment=" (330)" />
        <deal Ticket="300549109" OpenTime="2009-07-20 02:24:00" DealType="-1" Lots="0.01" Symbol="EURCHF" Open="1.52000" SL="1.52697" TP="1.51750" CloseTime="2009-07-20 03:01:00" Close="1.51959" Swap="0.00" Profit="0.38" Comment=" (331)" />
        <deal Ticket="300548955" OpenTime="2009-07-20 01:46:00" DealType="1" Lots="0.01" Symbol="EURCHF" Open="1.51967" SL="1.51270" TP="1.52217" CloseTime="2009-07-20 02:26:00" Close="1.52029" Swap="0.00" Profit="0.57" Comment=" (332)" />
        <deal Ticket="300548858" OpenTime="2009-07-20 01:01:00" DealType="-1" Lots="0.01" Symbol="EURCHF" Open="1.52040" SL="1.52737" TP="1.51790" CloseTime="2009-07-20 01:42:00" Close="1.51975" Swap="0.00" Profit="0.60" Comment=" (333)" />
        <deal Ticket="300536248" OpenTime="2009-07-16 22:03:00" DealType="1" Lots="0.01" Symbol="EURCHF" Open="1.51854" SL="1.51497" TP="1.52024" CloseTime="2009-07-17 04:55:00" Close="1.51826" Swap="0.00" Profit="-0.26" Comment=" (334)" />
        <deal Ticket="300535070" OpenTime="2009-07-16 20:00:00" DealType="1" Lots="0.01" Symbol="EURCHF" Open="1.51790" SL="1.51433" TP="1.51960" CloseTime="2009-07-16 20:15:00" Close="1.51842" Swap="0.00" Profit="0.48" Comment=" (335)" />
        <deal Ticket="300521936" OpenTime="2009-07-16 02:34:00" DealType="1" Lots="0.01" Symbol="EURCHF" Open="1.51572" SL="1.51215" TP="1.51742" CloseTime="2009-07-16 03:58:00" Close="1.51603" Swap="0.00" Profit="0.29" Comment=" (336)" />
        <deal Ticket="300521590" OpenTime="2009-07-16 01:06:00" DealType="1" Lots="0.01" Symbol="EURCHF" Open="1.51571" SL="1.51214" TP="1.51741" CloseTime="2009-07-16 02:18:00" Close="1.51603" Swap="0.00" Profit="0.30" Comment=" (337)" />
        <deal Ticket="300520975" OpenTime="2009-07-15 23:00:00" DealType="1" Lots="0.01" Symbol="EURCHF" Open="1.51576" SL="1.51219" TP="1.51746" CloseTime="2009-07-15 23:59:00" Close="1.51633" Swap="0.00" Profit="0.53" Comment=" (338)" />
        <deal Ticket="300520564" OpenTime="2009-07-15 21:47:00" DealType="-1" Lots="0.01" Symbol="EURCHF" Open="1.51666" SL="1.52023" TP="1.51496" CloseTime="2009-07-15 21:59:00" Close="1.51608" Swap="0.00" Profit="0.54" Comment=" (339)" />
        <deal Ticket="300520275" OpenTime="2009-07-15 21:12:00" DealType="-1" Lots="0.01" Symbol="EURCHF" Open="1.51671" SL="1.52028" TP="1.51501" CloseTime="2009-07-15 21:27:00" Close="1.51620" Swap="0.00" Profit="0.48" Comment=" (340)" />
        <deal Ticket="300507753" OpenTime="2009-07-15 05:43:00" DealType="-1" Lots="0.01" Symbol="EURCHF" Open="1.52122" SL="1.52462" TP="1.51922" CloseTime="2009-07-15 08:03:00" Close="1.52054" Swap="0.00" Profit="0.63" Comment=" (341)" />
        <deal Ticket="300507850" OpenTime="2009-07-15 06:10:00" DealType="1" Lots="0.01" Symbol="EURCHF" Open="1.52086" SL="1.51746" TP="1.52286" CloseTime="2009-07-15 07:04:00" Close="1.52136" Swap="0.00" Profit="0.46" Comment=" (342)" />
        <deal Ticket="300507287" OpenTime="2009-07-15 03:13:00" DealType="1" Lots="0.01" Symbol="EURCHF" Open="1.52102" SL="1.51762" TP="1.52302" CloseTime="2009-07-15 05:43:00" Close="1.52122" Swap="0.00" Profit="0.19" Comment=" (343)" />
        <deal Ticket="300507108" OpenTime="2009-07-15 02:20:00" DealType="-1" Lots="0.01" Symbol="EURCHF" Open="1.52145" SL="1.52485" TP="1.51945" CloseTime="2009-07-15 03:18:00" Close="1.52115" Swap="0.00" Profit="0.27" Comment=" (344)" />
        <deal Ticket="300506708" OpenTime="2009-07-15 00:12:00" DealType="-1" Lots="0.01" Symbol="EURCHF" Open="1.52105" SL="1.52445" TP="1.51905" CloseTime="2009-07-15 03:13:00" Close="1.52102" Swap="0.00" Profit="0.02" Comment=" (345)" />
        <deal Ticket="300506035" OpenTime="2009-07-14 22:59:00" DealType="-1" Lots="0.01" Symbol="EURCHF" Open="1.52085" SL="1.52425" TP="1.51885" CloseTime="2009-07-14 23:02:00" Close="1.52033" Swap="0.00" Profit="0.48" Comment=" (346)" />
        <deal Ticket="300505834" OpenTime="2009-07-14 22:46:00" DealType="-1" Lots="0.01" Symbol="EURCHF" Open="1.52085" SL="1.52425" TP="1.51885" CloseTime="2009-07-14 22:56:00" Close="1.52029" Swap="0.00" Profit="0.52" Comment=" (347)" />
        <deal Ticket="300490327" OpenTime="2009-07-14 01:44:00" DealType="-1" Lots="0.01" Symbol="EURCHF" Open="1.51396" SL="1.51736" TP="1.51196" CloseTime="2009-07-14 16:49:00" Close="1.51736" Swap="0.00" Profit="-3.13" Comment=" (348)" />
        <deal Ticket="300491211" OpenTime="2009-07-14 05:18:00" DealType="-1" Lots="0.01" Symbol="EURCHF" Open="1.51467" SL="1.51807" TP="1.51267" CloseTime="2009-07-14 09:08:00" Close="1.51477" Swap="0.00" Profit="-0.10" Comment=" (349)" />
        <deal Ticket="300489819" OpenTime="2009-07-13 23:48:00" DealType="-1" Lots="0.01" Symbol="EURCHF" Open="1.51427" SL="1.51767" TP="1.51227" CloseTime="2009-07-14 00:49:00" Close="1.51395" Swap="0.00" Profit="0.30" Comment=" (350)" />
        <deal Ticket="300489560" OpenTime="2009-07-13 22:53:00" DealType="1" Lots="0.01" Symbol="EURCHF" Open="1.51388" SL="1.51048" TP="1.51588" CloseTime="2009-07-13 23:57:00" Close="1.51418" Swap="0.00" Profit="0.27" Comment=" (351)" />
        <deal Ticket="300489009" OpenTime="2009-07-13 21:42:00" DealType="-1" Lots="0.01" Symbol="EURCHF" Open="1.51462" SL="1.51802" TP="1.51262" CloseTime="2009-07-13 21:59:00" Close="1.51409" Swap="0.00" Profit="0.49" Comment=" (352)" />
        <deal Ticket="300473903" OpenTime="2009-07-13 04:04:00" DealType="1" Lots="0.01" Symbol="EURCHF" Open="1.51486" SL="1.51146" TP="1.51686" CloseTime="2009-07-13 16:39:00" Close="1.51462" Swap="0.00" Profit="-0.22" Comment=" (353)" />
        <deal Ticket="300473220" OpenTime="2009-07-13 01:00:00" DealType="-1" Lots="0.01" Symbol="EURCHF" Open="1.51416" SL="1.51756" TP="1.51216" CloseTime="2009-07-13 04:04:00" Close="1.51486" Swap="0.00" Profit="-0.65" Comment=" (354)" />
        <deal Ticket="300461577" OpenTime="2009-07-10 06:36:00" DealType="-1" Lots="0.01" Symbol="EURCHF" Open="1.51283" SL="1.51623" TP="1.51083" CloseTime="2009-07-10 11:42:00" Close="1.51623" Swap="0.00" Profit="-3.11" Comment=" (355)" />
        <deal Ticket="300461503" OpenTime="2009-07-10 06:24:00" DealType="-1" Lots="0.01" Symbol="EURCHF" Open="1.51246" SL="1.51586" TP="1.51046" CloseTime="2009-07-10 09:23:00" Close="1.51586" Swap="0.00" Profit="-3.12" Comment=" (356)" />
        <deal Ticket="300461231" OpenTime="2009-07-10 05:18:00" DealType="1" Lots="0.01" Symbol="EURCHF" Open="1.51214" SL="1.50874" TP="1.51414" CloseTime="2009-07-10 06:24:00" Close="1.51246" Swap="0.00" Profit="0.30" Comment=" (357)" />
        <deal Ticket="300460466" OpenTime="2009-07-10 01:04:00" DealType="1" Lots="0.01" Symbol="EURCHF" Open="1.51222" SL="1.50882" TP="1.51422" CloseTime="2009-07-10 04:00:00" Close="1.51223" Swap="0.00" Profit="0.01" Comment=" (358)" />
        <deal Ticket="300460350" OpenTime="2009-07-10 00:50:00" DealType="-1" Lots="0.01" Symbol="EURCHF" Open="1.51258" SL="1.51598" TP="1.51058" CloseTime="2009-07-10 01:22:00" Close="1.51208" Swap="0.00" Profit="0.47" Comment=" (359)" />
        <deal Ticket="300460013" OpenTime="2009-07-09 23:04:00" DealType="1" Lots="0.01" Symbol="EURCHF" Open="1.51185" SL="1.50845" TP="1.51385" CloseTime="2009-07-09 23:11:00" Close="1.51213" Swap="0.00" Profit="0.26" Comment=" (360)" />
        <deal Ticket="300446814" OpenTime="2009-07-09 06:38:00" DealType="-1" Lots="0.01" Symbol="EURCHF" Open="1.51392" SL="1.51732" TP="1.51192" CloseTime="2009-07-09 08:40:00" Close="1.51362" Swap="0.00" Profit="0.28" Comment=" (361)" />
        <deal Ticket="300446001" OpenTime="2009-07-09 03:11:00" DealType="-1" Lots="0.01" Symbol="EURCHF" Open="1.51351" SL="1.51691" TP="1.51151" CloseTime="2009-07-09 06:18:00" Close="1.51357" Swap="0.00" Profit="-0.06" Comment=" (362)" />
        <deal Ticket="300445504" OpenTime="2009-07-09 01:15:00" DealType="1" Lots="0.01" Symbol="EURCHF" Open="1.51325" SL="1.50985" TP="1.51525" CloseTime="2009-07-09 03:10:00" Close="1.51356" Swap="0.00" Profit="0.29" Comment=" (363)" />
    </deals>
    <balances>
        <balance Ticket="300435084" Amount="20.25" Date="2009-07-08 12:29:00" />
    </balances>
</account>