﻿<?xml version="1.0" encoding="utf-8"?>
<account Id="16827" Broker="" Account="" Trader="" Login="" InitBalance="15500.00">
    <deals>
        <deal Ticket="4221394" OpenTime="2010-02-16 12:05:00" DealType="1" Lots="0.30" Symbol="USDJPY" Open="90.00" SL="89.65" TP="0.00" CloseTime="2010-02-17 13:54:00" Close="90.82" Swap="0.00" Profit="270.87" Comment=" (1)" />
        <deal Ticket="4221392" OpenTime="2010-02-16 12:05:00" DealType="1" Lots="0.50" Symbol="USDCHF" Open="1.0748" SL="1.0690" TP="0.0000" CloseTime="2010-02-16 17:20:00" Close="1.0690" Swap="0.00" Profit="-271.28" Comment=" (2)" />
        <deal Ticket="4221391" OpenTime="2010-02-16 12:04:00" DealType="-1" Lots="0.50" Symbol="EURUSD" Open="1.3645" SL="1.3710" TP="0.0000" CloseTime="2010-02-16 16:48:00" Close="1.3710" Swap="0.00" Profit="-325.00" Comment=" (3)" />
        <deal Ticket="4221044" OpenTime="2010-02-15 17:44:00" DealType="1" Lots="0.50" Symbol="USDCHF" Open="1.0771" SL="1.0690" TP="0.0000" CloseTime="2010-02-16 12:03:00" Close="1.0745" Swap="0.00" Profit="-120.99" Comment=" (4)" />
        <deal Ticket="4220696" OpenTime="2010-02-15 07:41:00" DealType="-1" Lots="0.50" Symbol="EURUSD" Open="1.3585" SL="1.3710" TP="0.0000" CloseTime="2010-02-16 12:03:00" Close="1.3649" Swap="0.00" Profit="-320.00" Comment=" (5)" />
        <deal Ticket="4217748" OpenTime="2010-02-09 11:33:00" DealType="-1" Lots="0.50" Symbol="GBPUSD" Open="1.5573" SL="0.0000" TP="0.0000" CloseTime="2010-02-16 12:03:00" Close="1.5690" Swap="0.00" Profit="-585.00" Comment=" (6)" />
        <deal Ticket="4216202" OpenTime="2010-02-05 09:01:00" DealType="-1" Lots="0.50" Symbol="NZDJPY" Open="61.45000000" SL="0.00000000" TP="0.00000000" CloseTime="2010-02-16 12:03:00" Close="63.25000000" Swap="0.00" Profit="-999.89" Comment=" (7)" />
        <deal Ticket="4216199" OpenTime="2010-02-05 09:00:00" DealType="-1" Lots="0.40" Symbol="EURJPY" Open="122.45000000" SL="0.00000000" TP="0.00000000" CloseTime="2010-02-16 12:03:00" Close="122.87000000" Swap="0.00" Profit="-186.63" Comment=" (8)" />
        <deal Ticket="4216190" OpenTime="2010-02-05 08:55:00" DealType="-1" Lots="0.10" Symbol="GBPJPY" Open="140.56000000" SL="0.00000000" TP="0.00000000" CloseTime="2010-02-16 12:03:00" Close="141.20000000" Swap="0.00" Profit="-71.09" Comment=" (9)" />
        <deal Ticket="4215819" OpenTime="2010-02-02 05:48:00" DealType="-1" Lots="0.10" Symbol="GBPJPY" Open="144.38000000" SL="143.90000000" TP="0.00000000" CloseTime="2010-02-16 12:03:00" Close="141.20000000" Swap="0.00" Profit="353.26" Comment=" (10)" />
        <deal Ticket="4215841" OpenTime="2010-02-02 05:14:00" DealType="-1" Lots="0.10" Symbol="EURJPY" Open="126.04000000" SL="127.20000000" TP="0.00000000" CloseTime="2010-02-16 12:03:00" Close="122.87000000" Swap="0.00" Profit="352.14" Comment=" (11)" />
        <deal Ticket="4215816" OpenTime="2010-02-02 05:13:00" DealType="-1" Lots="0.20" Symbol="GBPUSD" Open="1.5928" SL="0.0000" TP="0.0000" CloseTime="2010-02-16 12:03:00" Close="1.5690" Swap="0.00" Profit="476.00" Comment=" (12)" />
        <deal Ticket="4215850" OpenTime="2010-02-01 18:05:00" DealType="1" Lots="0.20" Symbol="USDCHF" Open="1.0584" SL="1.0690" TP="0.0000" CloseTime="2010-02-16 12:03:00" Close="1.0745" Swap="0.00" Profit="299.67" Comment=" (13)" />
        <deal Ticket="4215817" OpenTime="2010-02-03 00:57:00" DealType="-1" Lots="0.10" Symbol="AUDUSD" Open="0.8845" SL="0.0000" TP="0.0000" CloseTime="2010-02-11 07:03:00" Close="0.8766" Swap="0.00" Profit="79.00" Comment=" (14)" />
        <deal Ticket="4213331" OpenTime="2010-01-27 00:57:00" DealType="-1" Lots="0.10" Symbol="AUDUSD" Open="0.9007" SL="0.8970" TP="0.0000" CloseTime="2010-02-11 07:03:00" Close="0.8767" Swap="0.00" Profit="240.00" Comment=" (15)" />
        <deal Ticket="4215842" OpenTime="2010-02-02 05:14:00" DealType="-1" Lots="0.10" Symbol="AUDJPY" Open="79.86000000" SL="81.40000000" TP="0.00000000" CloseTime="2010-02-11 04:59:00" Close="79.00000000" Swap="0.00" Profit="106.56" Comment=" (16)" />
        <deal Ticket="4216205" OpenTime="2010-02-05 09:02:00" DealType="-1" Lots="0.40" Symbol="AUDJPY" Open="77.39000000" SL="0.00000000" TP="0.00000000" CloseTime="2010-02-11 01:11:00" Close="78.90000000" Swap="0.00" Profit="-687.96" Comment=" (17)" />
        <deal Ticket="4216204" OpenTime="2010-02-05 09:01:00" DealType="1" Lots="0.30" Symbol="EURAUD" Open="1.58310000" SL="0.00000000" TP="0.00000000" CloseTime="2010-02-11 01:06:00" Close="1.56720000" Swap="0.00" Profit="-423.57" Comment=" (18)" />
        <deal Ticket="4216198" OpenTime="2010-02-05 09:00:00" DealType="-1" Lots="0.50" Symbol="NZDUSD" Open="0.6866" SL="0.0000" TP="0.0000" CloseTime="2010-02-11 00:05:00" Close="0.6942" Swap="0.00" Profit="-380.00" Comment=" (19)" />
        <deal Ticket="4217191" OpenTime="2010-02-08 13:04:00" DealType="-1" Lots="0.50" Symbol="USDJPY" Open="89.32" SL="90.00" TP="0.00" CloseTime="2010-02-10 01:29:00" Close="90.00" Swap="0.00" Profit="-377.78" Comment=" (20)" />
        <deal Ticket="4215848" OpenTime="2010-02-03 14:07:00" DealType="1" Lots="0.20" Symbol="EURAUD" Open="1.5763" SL="1.5700" TP="0.0000" CloseTime="2010-02-09 19:46:00" Close="1.5700" Swap="0.00" Profit="-110.59" Comment=" (21)" />
        <deal Ticket="4215854" OpenTime="2010-02-03 14:27:00" DealType="-1" Lots="0.10" Symbol="EURUSD" Open="1.3967" SL="1.3810" TP="0.0000" CloseTime="2010-02-09 17:55:00" Close="1.3810" Swap="0.00" Profit="157.00" Comment=" (22)" />
        <deal Ticket="4213922" OpenTime="2010-02-02 07:52:00" DealType="-1" Lots="0.30" Symbol="GBPCHF" Open="1.68710000" SL="1.69400000" TP="0.00000000" CloseTime="2010-02-05 04:00:00" Close="1.69400000" Swap="0.00" Profit="-192.29" Comment=" (23)" />
        <deal Ticket="4213867" OpenTime="2010-02-02 06:20:00" DealType="1" Lots="0.40" Symbol="EURGBP" Open="0.87320000" SL="0.87050000" TP="0.00000000" CloseTime="2010-02-04 23:11:00" Close="0.87050000" Swap="0.00" Profit="-170.26" Comment=" (24)" />
        <deal Ticket="4215814" OpenTime="2010-02-03 14:27:00" DealType="-1" Lots="0.10" Symbol="EURUSD" Open="1.3967" SL="0.0000" TP="0.0000" CloseTime="2010-02-04 17:47:00" Close="1.3744" Swap="0.00" Profit="223.00" Comment=" (25)" />
        <deal Ticket="4213752" OpenTime="2010-02-01 18:05:00" DealType="1" Lots="0.30" Symbol="USDCHF" Open="1.0584" SL="1.0475" TP="0.0000" CloseTime="2010-02-04 17:45:00" Close="1.0667" Swap="0.00" Profit="233.43" Comment=" (26)" />
        <deal Ticket="4214828" OpenTime="2010-02-03 14:07:00" DealType="1" Lots="0.30" Symbol="EURAUD" Open="1.5763" SL="1.5700" TP="0.0000" CloseTime="2010-02-04 17:44:00" Close="1.5940" Swap="0.00" Profit="457.35" Comment=" (27)" />
        <deal Ticket="4215820" OpenTime="2010-02-02 05:14:00" DealType="-1" Lots="0.10" Symbol="AUDJPY" Open="79.86" SL="81.40" TP="0.00" CloseTime="2010-02-04 17:41:00" Close="77.15" Swap="0.00" Profit="304.02" Comment=" (28)" />
        <deal Ticket="4215815" OpenTime="2010-02-02 05:14:00" DealType="-1" Lots="0.10" Symbol="EURJPY" Open="126.04" SL="127.20" TP="0.00" CloseTime="2010-02-04 17:40:00" Close="122.68" Swap="0.00" Profit="376.85" Comment=" (29)" />
        <deal Ticket="4213827" OpenTime="2010-02-02 05:14:00" DealType="-1" Lots="0.30" Symbol="AUDJPY" Open="79.86" SL="81.40" TP="0.00" CloseTime="2010-02-04 17:01:00" Close="78.74" Swap="0.00" Profit="371.89" Comment=" (30)" />
        <deal Ticket="4214450" OpenTime="2010-02-03 04:07:00" DealType="-1" Lots="0.30" Symbol="AUDUSD" Open="0.8845" SL="0.0000" TP="0.0000" CloseTime="2010-02-04 17:00:00" Close="0.8714" Swap="0.00" Profit="393.00" Comment=" (31)" />
        <deal Ticket="4213851" OpenTime="2010-02-02 05:48:00" DealType="-1" Lots="0.10" Symbol="GBPJPY" Open="144.38" SL="145.40" TP="0.00" CloseTime="2010-02-04 17:00:00" Close="142.51" Swap="0.00" Profit="207.00" Comment=" (32)" />
        <deal Ticket="4213826" OpenTime="2010-02-02 05:13:00" DealType="-1" Lots="0.30" Symbol="GBPUSD" Open="1.5928" SL="0.0000" TP="0.0000" CloseTime="2010-02-04 16:59:00" Close="1.5791" Swap="0.00" Profit="411.00" Comment=" (33)" />
        <deal Ticket="4213829" OpenTime="2010-02-02 05:14:00" DealType="-1" Lots="0.30" Symbol="EURJPY" Open="126.04" SL="127.20" TP="0.00" CloseTime="2010-02-04 16:58:00" Close="124.65" Swap="0.00" Profit="461.39" Comment=" (34)" />
        <deal Ticket="4214861" OpenTime="2010-02-03 14:27:00" DealType="-1" Lots="0.30" Symbol="EURUSD" Open="1.3967" SL="0.0000" TP="0.0000" CloseTime="2010-02-04 16:57:00" Close="1.3793" Swap="0.00" Profit="522.00" Comment=" (35)" />
        <deal Ticket="4214876" OpenTime="2010-02-01 08:16:00" DealType="1" Lots="0.20" Symbol="USDJPY" Open="90.27" SL="89.95" TP="0.00" CloseTime="2010-02-03 17:45:00" Close="91.19" Swap="0.00" Profit="201.78" Comment=" (36)" />
        <deal Ticket="4213476" OpenTime="2010-02-01 08:16:00" DealType="1" Lots="0.30" Symbol="USDJPY" Open="90.27" SL="89.95" TP="0.00" CloseTime="2010-02-03 14:40:00" Close="90.77" Swap="0.00" Profit="165.25" Comment=" (37)" />
        <deal Ticket="4213753" OpenTime="2010-02-01 18:05:00" DealType="-1" Lots="0.50" Symbol="EURUSD" Open="1.3905" SL="1.4020" TP="0.0000" CloseTime="2010-02-03 10:03:00" Close="1.4020" Swap="0.00" Profit="-575.00" Comment=" (38)" />
        <deal Ticket="4213330" OpenTime="2010-01-28 12:02:00" DealType="-1" Lots="0.10" Symbol="EURUSD" Open="1.3997" SL="1.4020" TP="0.0000" CloseTime="2010-02-03 10:03:00" Close="1.4020" Swap="0.00" Profit="-23.00" Comment=" (39)" />
        <deal Ticket="4214084" OpenTime="2010-02-02 11:09:00" DealType="1" Lots="0.30" Symbol="AUDUSD" Open="0.8775" SL="0.0000" TP="0.0000" CloseTime="2010-02-03 04:06:00" Close="0.8844" Swap="0.00" Profit="0.00" Comment=" (40)" />
        <deal Ticket="4213199" OpenTime="2010-01-29 14:33:00" DealType="1" Lots="0.50" Symbol="USDCAD" Open="1.0686" SL="1.0610" TP="0.0000" CloseTime="2010-02-01 22:05:00" Close="1.0610" Swap="0.00" Profit="-358.15" Comment=" (41)" />
        <deal Ticket="4212885" OpenTime="2010-01-28 14:02:00" DealType="-1" Lots="0.20" Symbol="NZDJPY" Open="64.19000000" SL="64.40000000" TP="0.00000000" CloseTime="2010-02-01 19:37:00" Close="64.40000000" Swap="0.00" Profit="-46.25" Comment=" (42)" />
        <deal Ticket="4213336" OpenTime="2010-01-28 13:07:00" DealType="-1" Lots="0.20" Symbol="GOLD" Open="1088.25000000" SL="1099.00000000" TP="0.00000000" CloseTime="2010-02-01 18:43:00" Close="1099.00000000" Swap="0.00" Profit="-215.00" Comment=" (43)" />
        <deal Ticket="4212781" OpenTime="2010-01-29 04:25:00" DealType="1" Lots="0.50" Symbol="GBPCHF" Open="1.69900000" SL="1.68600000" TP="0.00000000" CloseTime="2010-02-01 09:44:00" Close="1.68750000" Swap="0.00" Profit="-542.50" Comment=" (44)" />
        <deal Ticket="4212525" OpenTime="2010-01-28 13:07:00" DealType="-1" Lots="0.30" Symbol="GOLD" Open="1088.25" SL="1099.00" TP="0.00" CloseTime="2010-01-29 22:05:00" Close="1081.95" Swap="0.00" Profit="189.00" Comment=" (45)" />
        <deal Ticket="4212884" OpenTime="2010-01-28 14:02:00" DealType="-1" Lots="0.20" Symbol="AUDJPY" Open="81.39000000" SL="82.00000000" TP="0.00000000" CloseTime="2010-01-29 22:04:00" Close="79.86000000" Swap="0.00" Profit="338.87" Comment=" (46)" />
        <deal Ticket="4212467" OpenTime="2010-01-28 12:02:00" DealType="-1" Lots="0.30" Symbol="EURJPY" Open="126.33000000" SL="127.60000000" TP="0.00000000" CloseTime="2010-01-29 22:04:00" Close="125.22000000" Swap="0.00" Profit="368.77" Comment=" (47)" />
        <deal Ticket="4212782" OpenTime="2010-01-29 04:25:00" DealType="-1" Lots="0.30" Symbol="EURAUD" Open="1.56130000" SL="1.56850000" TP="0.00000000" CloseTime="2010-01-29 22:02:00" Close="1.56850000" Swap="0.00" Profit="-190.97" Comment=" (48)" />
        <deal Ticket="4212780" OpenTime="2010-01-22 14:16:00" DealType="1" Lots="0.20" Symbol="USDCHF" Open="1.0408" SL="1.0415" TP="0.0000" CloseTime="2010-01-29 20:31:00" Close="1.0596" Swap="0.00" Profit="354.85" Comment=" (49)" />
        <deal Ticket="4212660" OpenTime="2010-01-21 11:55:00" DealType="-1" Lots="0.10" Symbol="EURJPY" Open="128.73000000" SL="127.60000000" TP="0.00000000" CloseTime="2010-01-29 20:31:00" Close="125.48000000" Swap="0.00" Profit="359.60" Comment=" (50)" />
        <deal Ticket="4212466" OpenTime="2010-01-28 12:02:00" DealType="-1" Lots="0.40" Symbol="EURUSD" Open="1.3997" SL="0.0000" TP="0.0000" CloseTime="2010-01-29 20:29:00" Close="1.3881" Swap="0.00" Profit="464.00" Comment=" (51)" />
        <deal Ticket="4211324" OpenTime="2010-01-27 06:28:00" DealType="-1" Lots="0.20" Symbol="AUDUSD" Open="0.9007" SL="0.9050" TP="0.0000" CloseTime="2010-01-29 20:29:00" Close="0.8874" Swap="0.00" Profit="266.00" Comment=" (52)" />
        <deal Ticket="4210712" OpenTime="2010-01-21 10:01:00" DealType="-1" Lots="0.20" Symbol="AUDUSD" Open="0.9105" SL="0.9050" TP="0.0000" CloseTime="2010-01-29 20:29:00" Close="0.8874" Swap="0.00" Profit="462.00" Comment=" (53)" />
        <deal Ticket="4212795" OpenTime="2010-01-29 04:58:00" DealType="-1" Lots="0.50" Symbol="EURGBP" Open="0.86430000" SL="0.86900000" TP="0.00000000" CloseTime="2010-01-29 14:52:00" Close="0.86840000" Swap="0.00" Profit="-329.52" Comment=" (54)" />
        <deal Ticket="4212458" OpenTime="2010-01-28 12:00:00" DealType="-1" Lots="0.60" Symbol="USDJPY" Open="90.24" SL="90.60" TP="0.00" CloseTime="2010-01-29 14:30:00" Close="90.60" Swap="0.00" Profit="-238.41" Comment=" (55)" />
        <deal Ticket="4212565" OpenTime="2010-01-28 14:02:00" DealType="-1" Lots="0.30" Symbol="AUDJPY" Open="81.39" SL="82.40" TP="0.00" CloseTime="2010-01-29 07:55:00" Close="80.24" Swap="0.00" Profit="383.50" Comment=" (56)" />
        <deal Ticket="4212564" OpenTime="2010-01-28 14:02:00" DealType="-1" Lots="0.30" Symbol="NZDJPY" Open="64.19" SL="65.10" TP="0.00" CloseTime="2010-01-29 07:55:00" Close="63.44" Swap="0.00" Profit="250.11" Comment=" (57)" />
        <deal Ticket="4209571" OpenTime="2010-01-22 14:16:00" DealType="1" Lots="0.30" Symbol="USDCHF" Open="1.0408" SL="1.0415" TP="0.0000" CloseTime="2010-01-29 04:20:00" Close="1.0507" Swap="0.00" Profit="282.67" Comment=" (58)" />
        <deal Ticket="4212463" OpenTime="2010-01-28 12:01:00" DealType="1" Lots="0.30" Symbol="USDCHF" Open="1.0518" SL="0.0000" TP="0.0000" CloseTime="2010-01-29 04:19:00" Close="1.0509" Swap="0.00" Profit="-25.69" Comment=" (59)" />
        <deal Ticket="4210711" OpenTime="2010-01-21 11:55:00" DealType="-1" Lots="0.10" Symbol="EURJPY" Open="128.73" SL="128.60" TP="0.00" CloseTime="2010-01-28 17:40:00" Close="125.29" Swap="0.00" Profit="383.50" Comment=" (60)" />
        <deal Ticket="4210331" OpenTime="2010-01-26 05:43:00" DealType="1" Lots="0.20" Symbol="USDCAD" Open="1.0597" SL="1.0580" TP="0.0000" CloseTime="2010-01-28 09:05:00" Close="1.0580" Swap="0.00" Profit="-32.14" Comment=" (61)" />
        <deal Ticket="4210717" OpenTime="2010-01-21 08:52:00" DealType="1" Lots="0.20" Symbol="USDCAD" Open="1.0476" SL="1.0580" TP="0.0000" CloseTime="2010-01-28 09:05:00" Close="1.0580" Swap="0.00" Profit="196.60" Comment=" (62)" />
        <deal Ticket="4209979" OpenTime="2010-01-25 10:06:00" DealType="-1" Lots="0.20" Symbol="NZDUSD" Open="0.7129" SL="0.7125" TP="0.0000" CloseTime="2010-01-28 08:58:00" Close="0.7125" Swap="0.00" Profit="8.00" Comment=" (63)" />
        <deal Ticket="4210718" OpenTime="2010-01-21 08:52:00" DealType="-1" Lots="0.20" Symbol="NZDUSD" Open="0.7189" SL="0.7125" TP="0.0000" CloseTime="2010-01-28 08:58:00" Close="0.7125" Swap="0.00" Profit="128.00" Comment=" (64)" />
        <deal Ticket="4211325" OpenTime="2010-01-27 06:29:00" DealType="-1" Lots="0.30" Symbol="AUDJPY" Open="80.42000000" SL="82.40000000" TP="0.00000000" CloseTime="2010-01-28 08:39:00" Close="81.48000000" Swap="0.00" Profit="-351.92" Comment=" (65)" />
        <deal Ticket="4210722" OpenTime="2010-01-25 10:06:00" DealType="-1" Lots="0.20" Symbol="NZDJPY" Open="64.28000000" SL="63.90000000" TP="0.00000000" CloseTime="2010-01-28 03:43:00" Close="63.90000000" Swap="0.00" Profit="84.10" Comment=" (66)" />
        <deal Ticket="4211949" OpenTime="2010-01-27 19:01:00" DealType="-1" Lots="0.30" Symbol="USDJPY" Open="89.42" SL="89.85" TP="0.00" CloseTime="2010-01-27 20:19:00" Close="89.85" Swap="0.00" Profit="-143.57" Comment=" (67)" />
        <deal Ticket="4210154" OpenTime="2010-01-25 14:28:00" DealType="1" Lots="0.30" Symbol="EURAUD" Open="1.5640" SL="1.5590" TP="0.0000" CloseTime="2010-01-27 01:31:00" Close="1.5590" Swap="0.00" Profit="-135.42" Comment=" (68)" />
        <deal Ticket="4209980" OpenTime="2010-01-25 10:06:00" DealType="-1" Lots="0.30" Symbol="NZDJPY" Open="64.28" SL="65.15" TP="0.00" CloseTime="2010-01-26 11:25:00" Close="63.34" Swap="0.00" Profit="315.01" Comment=" (69)" />
        <deal Ticket="4204592" OpenTime="2010-01-13 15:00:00" DealType="-1" Lots="0.30" Symbol="USDJPY" Open="91.23" SL="90.65" TP="0.00" CloseTime="2010-01-26 11:25:00" Close="89.52" Swap="0.00" Profit="573.06" Comment=" (70)" />
        <deal Ticket="4210164" OpenTime="2010-01-25 15:00:00" DealType="-1" Lots="0.30" Symbol="GBPUSD" Open="1.6158" SL="1.6310" TP="0.0000" CloseTime="2010-01-26 11:17:00" Close="1.6135" Swap="0.00" Profit="69.00" Comment=" (71)" />
        <deal Ticket="4208573" OpenTime="2010-01-21 08:52:00" DealType="-1" Lots="0.40" Symbol="NZDUSD" Open="0.7189" SL="0.7189" TP="0.0000" CloseTime="2010-01-26 11:17:00" Close="0.7074" Swap="0.00" Profit="460.00" Comment=" (72)" />
        <deal Ticket="4208572" OpenTime="2010-01-21 08:52:00" DealType="1" Lots="0.40" Symbol="USDCAD" Open="1.0476" SL="1.0510" TP="0.0000" CloseTime="2010-01-26 11:17:00" Close="1.0622" Swap="0.00" Profit="549.80" Comment=" (73)" />
        <deal Ticket="4210176" OpenTime="2010-01-25 15:13:00" DealType="-1" Lots="0.30" Symbol="AUDJPY" Open="81.71" SL="82.65" TP="0.00" CloseTime="2010-01-26 11:12:00" Close="80.44" Swap="0.00" Profit="425.42" Comment=" (74)" />
        <deal Ticket="4208618" OpenTime="2010-01-21 10:01:00" DealType="-1" Lots="0.30" Symbol="AUDUSD" Open="0.9105" SL="0.9105" TP="0.0000" CloseTime="2010-01-26 11:08:00" Close="0.8983" Swap="0.00" Profit="366.00" Comment=" (75)" />
        <deal Ticket="4208747" OpenTime="2010-01-21 11:55:00" DealType="-1" Lots="0.30" Symbol="EURJPY" Open="128.73" SL="128.60" TP="0.00" CloseTime="2010-01-26 11:07:00" Close="126.40" Swap="0.00" Profit="779.53" Comment=" (76)" />
        <deal Ticket="4208617" OpenTime="2010-01-21 10:01:00" DealType="-1" Lots="0.50" Symbol="NZDJPY" Open="65.95" SL="65.15" TP="0.00" CloseTime="2010-01-26 11:07:00" Close="63.49" Swap="0.00" Profit="1371.85" Comment=" (77)" />
        <deal Ticket="4209569" OpenTime="2010-01-22 14:14:00" DealType="-1" Lots="0.50" Symbol="GOLD" Open="1093.85" SL="0.00" TP="0.00" CloseTime="2010-01-26 08:41:00" Close="1095.75" Swap="0.00" Profit="-95.00" Comment=" (78)" />
        <deal Ticket="4210159" OpenTime="2010-01-25 14:33:00" DealType="-1" Lots="0.30" Symbol="GBPCHF" Open="1.6807" SL="1.6955" TP="0.0000" CloseTime="2010-01-26 07:56:00" Close="1.6955" Swap="0.00" Profit="-425.12" Comment=" (79)" />
        <deal Ticket="4210153" OpenTime="2010-01-25 14:26:00" DealType="1" Lots="0.30" Symbol="EURGBP" Open="0.8768" SL="0.0000" TP="0.0000" CloseTime="2010-01-25 14:29:00" Close="0.8765" Swap="0.00" Profit="-14.53" Comment=" (80)" />
        <deal Ticket="4202141" OpenTime="2010-01-08 16:43:00" DealType="-1" Lots="0.50" Symbol="EURCHF" Open="1.4790" SL="1.4745" TP="0.0000" CloseTime="2010-01-22 19:49:00" Close="1.4745" Swap="0.00" Profit="215.95" Comment=" (81)" />
        <deal Ticket="4206361" OpenTime="2010-01-18 05:36:00" DealType="-1" Lots="1.00" Symbol="GBPUSD" Open="1.6312" SL="1.6295" TP="0.0000" CloseTime="2010-01-22 14:13:00" Close="1.6125" Swap="0.00" Profit="1870.00" Comment=" (82)" />
        <deal Ticket="4209290" OpenTime="2010-01-22 09:52:00" DealType="-1" Lots="0.40" Symbol="EURGBP" Open="0.8691" SL="0.8750" TP="0.0000" CloseTime="2010-01-22 13:10:00" Close="0.8750" Swap="0.00" Profit="-381.09" Comment=" (83)" />
        <deal Ticket="4208584" OpenTime="2010-01-21 09:01:00" DealType="1" Lots="0.50" Symbol="USDCHF" Open="1.0458" SL="1.0400" TP="0.0000" CloseTime="2010-01-22 02:38:00" Close="1.0400" Swap="0.00" Profit="-278.85" Comment=" (84)" />
        <deal Ticket="4207219" OpenTime="2010-01-19 09:57:00" DealType="-1" Lots="0.50" Symbol="EURAUD" Open="1.5545" SL="1.5550" TP="0.0000" CloseTime="2010-01-21 17:42:00" Close="1.5550" Swap="0.00" Profit="-22.61" Comment=" (85)" />
        <deal Ticket="4199221" OpenTime="2010-01-05 13:29:00" DealType="1" Lots="0.50" Symbol="NZDJPY" Open="67.82" SL="66.80" TP="0.00" CloseTime="2010-01-15 12:02:00" Close="66.80" Swap="0.00" Profit="-562.48" Comment=" (86)" />
        <deal Ticket="4204591" OpenTime="2010-01-13 15:00:00" DealType="-1" Lots="0.50" Symbol="GBPCHF" Open="1.6525" SL="1.6635" TP="0.0000" CloseTime="2010-01-14 14:55:00" Close="1.6635" Swap="0.00" Profit="-539.48" Comment=" (87)" />
        <deal Ticket="4197299" OpenTime="2009-12-30 08:01:00" DealType="1" Lots="0.50" Symbol="NZDJPY" Open="65.97" SL="66.70" TP="0.00" CloseTime="2010-01-12 12:12:00" Close="67.70" Swap="0.00" Profit="943.40" Comment=" (88)" />
        <deal Ticket="4197355" OpenTime="2009-12-30 12:34:00" DealType="-1" Lots="0.50" Symbol="EURAUD" Open="1.6046" SL="1.5690" TP="0.0000" CloseTime="2010-01-12 12:02:00" Close="1.5690" Swap="0.00" Profit="1645.08" Comment=" (89)" />
        <deal Ticket="4197311" OpenTime="2009-12-30 09:03:00" DealType="1" Lots="0.50" Symbol="AUDUSD" Open="0.8931" SL="0.9085" TP="0.0000" CloseTime="2010-01-11 05:59:00" Close="0.9306" Swap="0.00" Profit="1875.00" Comment=" (90)" />
        <deal Ticket="4197310" OpenTime="2009-12-30 09:03:00" DealType="1" Lots="0.50" Symbol="NZDUSD" Open="0.7173" SL="0.7305" TP="0.0000" CloseTime="2010-01-06 08:08:00" Close="0.7305" Swap="0.00" Profit="660.00" Comment=" (91)" />
        <deal Ticket="4196913" OpenTime="2009-12-29 07:46:00" DealType="1" Lots="0.50" Symbol="NZDUSD" Open="0.7097" SL="0.7305" TP="0.0000" CloseTime="2010-01-06 08:08:00" Close="0.7305" Swap="0.00" Profit="1040.00" Comment=" (92)" />
        <deal Ticket="4198839" OpenTime="2010-01-05 08:19:00" DealType="1" Lots="0.50" Symbol="GBPUSD" Open="1.6130" SL="1.6035" TP="0.0000" CloseTime="2010-01-05 09:31:00" Close="1.6035" Swap="0.00" Profit="-475.00" Comment=" (93)" />
        <deal Ticket="4197298" OpenTime="2009-12-30 08:01:00" DealType="1" Lots="0.50" Symbol="EURJPY" Open="132.10" SL="132.25" TP="0.00" CloseTime="2010-01-05 05:54:00" Close="132.25" Swap="0.00" Profit="81.80" Comment=" (94)" />
        <deal Ticket="4198151" OpenTime="2010-01-04 10:33:00" DealType="1" Lots="0.50" Symbol="GBPCHF" Open="1.6778" SL="1.6650" TP="0.0000" CloseTime="2010-01-04 15:04:00" Close="1.6650" Swap="0.00" Profit="-621.72" Comment=" (95)" />
        <deal Ticket="4197297" OpenTime="2009-12-30 08:00:00" DealType="1" Lots="0.50" Symbol="EURGBP" Open="0.9021" SL="0.8995" TP="0.0000" CloseTime="2009-12-30 15:26:00" Close="0.8995" Swap="0.00" Profit="-206.77" Comment=" (96)" />
        <deal Ticket="4194091" OpenTime="2009-12-22 11:01:00" DealType="1" Lots="0.50" Symbol="EURGBP" Open="0.8940" SL="0.8995" TP="0.0000" CloseTime="2009-12-30 15:26:00" Close="0.8995" Swap="0.00" Profit="437.42" Comment=" (97)" />
        <deal Ticket="4196911" OpenTime="2009-12-29 07:45:00" DealType="-1" Lots="0.50" Symbol="USDCAD" Open="1.0429" SL="1.0455" TP="0.0000" CloseTime="2009-12-30 01:37:00" Close="1.0455" Swap="0.00" Profit="-124.34" Comment=" (98)" />
        <deal Ticket="4196910" OpenTime="2009-12-29 07:43:00" DealType="1" Lots="1.00" Symbol="EURUSD" Open="1.4380" SL="1.4340" TP="0.0000" CloseTime="2009-12-29 17:30:00" Close="1.4340" Swap="0.00" Profit="-400.00" Comment=" (99)" />
        <deal Ticket="4187211" OpenTime="2009-12-10 08:55:00" DealType="-1" Lots="0.50" Symbol="EURUSD" Open="1.4706" SL="1.4400" TP="0.0000" CloseTime="2009-12-24 05:19:00" Close="1.4339" Swap="0.00" Profit="1835.00" Comment=" (100)" />
        <deal Ticket="4192426" OpenTime="2009-12-17 17:42:00" DealType="-1" Lots="0.50" Symbol="GOLD" Open="1106.00" SL="1102.00" TP="0.00" CloseTime="2009-12-22 17:17:00" Close="1079.05" Swap="0.00" Profit="1347.50" Comment=" (101)" />
        <deal Ticket="4191319" OpenTime="2009-12-17 04:09:00" DealType="1" Lots="0.50" Symbol="USDJPY" Open="90.10" SL="90.90" TP="0.00" CloseTime="2009-12-22 17:17:00" Close="91.75" Swap="0.00" Profit="899.18" Comment=" (102)" />
        <deal Ticket="4193271" OpenTime="2009-12-18 18:14:00" DealType="-1" Lots="0.50" Symbol="EURJPY" Open="129.30" SL="131.10" TP="0.00" CloseTime="2009-12-22 16:28:00" Close="131.10" Swap="0.00" Profit="-980.07" Comment=" (103)" />
        <deal Ticket="4194465" OpenTime="2009-12-22 11:36:00" DealType="-1" Lots="1.00" Symbol="GBPUSD" Open="1.5997" SL="0.0000" TP="0.0000" CloseTime="2009-12-22 11:36:00" Close="1.6002" Swap="0.00" Profit="-50.00" Comment=" (104)" />
        <deal Ticket="4193197" OpenTime="2009-12-18 14:01:00" DealType="1" Lots="0.50" Symbol="EURGBP" Open="0.8845" SL="0.0000" TP="0.0000" CloseTime="2009-12-22 06:26:00" Close="0.8899" Swap="0.00" Profit="0.00" Comment=" (105)" />
        <deal Ticket="4191960" OpenTime="2009-12-18 00:11:00" DealType="1" Lots="0.30" Symbol="EURAUD" Open="1.6235" SL="1.6085" TP="0.0000" CloseTime="2009-12-18 16:54:00" Close="1.6085" Swap="0.00" Profit="-399.29" Comment=" (106)" />
        <deal Ticket="4185008" OpenTime="2009-12-07 08:56:00" DealType="-1" Lots="0.50" Symbol="EURGBP" Open="0.9047" SL="0.8920" TP="0.0000" CloseTime="2009-12-17 11:51:00" Close="0.8920" Swap="0.00" Profit="1021.59" Comment=" (107)" />
        <deal Ticket="4189012" OpenTime="2009-12-14 04:58:00" DealType="1" Lots="0.20" Symbol="GBPJPY" Open="143.31" SL="145.00" TP="0.00" CloseTime="2009-12-17 10:31:00" Close="145.00" Swap="0.00" Profit="376.40" Comment=" (108)" />
        <deal Ticket="4187159" OpenTime="2009-12-10 08:15:00" DealType="-1" Lots="0.50" Symbol="GOLD" Open="1130.45" SL="1135.00" TP="0.00" CloseTime="2009-12-16 11:11:00" Close="1135.00" Swap="0.00" Profit="-227.50" Comment=" (109)" />
        <deal Ticket="4187783" OpenTime="2009-12-11 05:49:00" DealType="-1" Lots="0.20" Symbol="AUDUSD" Open="0.9163" SL="0.9195" TP="0.0000" CloseTime="2009-12-11 14:30:00" Close="0.9195" Swap="0.00" Profit="-64.00" Comment=" (110)" />
        <deal Ticket="4187215" OpenTime="2009-12-10 08:56:00" DealType="-1" Lots="0.20" Symbol="GBPJPY" Open="142.82" SL="144.40" TP="0.00" CloseTime="2009-12-10 12:25:00" Close="144.40" Swap="0.00" Profit="-357.58" Comment=" (111)" />
        <deal Ticket="4185009" OpenTime="2009-12-07 08:57:00" DealType="1" Lots="0.50" Symbol="GOLD" Open="1155.45" SL="1130.00" TP="0.00" CloseTime="2009-12-08 20:41:00" Close="1130.00" Swap="0.00" Profit="-1272.50" Comment=" (112)" />
        <deal Ticket="4176939" OpenTime="2009-11-23 08:44:00" DealType="-1" Lots="0.50" Symbol="NZDUSD" Open="0.7305" SL="0.7230" TP="0.0000" CloseTime="2009-12-01 09:50:00" Close="0.7230" Swap="0.00" Profit="375.00" Comment=" (113)" />
        <deal Ticket="4162876" OpenTime="2009-10-28 06:28:00" DealType="-1" Lots="0.50" Symbol="GBPJPY" Open="148.98" SL="0.00" TP="0.00" CloseTime="2009-12-01 06:49:00" Close="143.42" Swap="0.00" Profit="3182.24" Comment=" (114)" />
        <deal Ticket="4176293" OpenTime="2009-11-20 12:18:00" DealType="1" Lots="0.50" Symbol="USDCAD" Open="1.0682" SL="1.0530" TP="0.0000" CloseTime="2009-11-25 09:09:00" Close="1.0530" Swap="0.00" Profit="-721.75" Comment=" (115)" />
        <deal Ticket="4157837" OpenTime="2009-10-19 11:04:00" DealType="-1" Lots="0.40" Symbol="USDJPY" Open="90.59" SL="89.20" TP="0.00" CloseTime="2009-11-23 18:27:00" Close="89.20" Swap="0.00" Profit="623.32" Comment=" (116)" />
        <deal Ticket="4163529" OpenTime="2009-10-29 06:07:00" DealType="1" Lots="0.50" Symbol="GBPUSD" Open="1.6389" SL="1.6490" TP="0.0000" CloseTime="2009-11-20 12:54:00" Close="1.6490" Swap="0.00" Profit="505.00" Comment=" (117)" />
        <deal Ticket="4145567" OpenTime="2009-09-24 10:30:00" DealType="1" Lots="0.50" Symbol="NZDUSD" Open="0.7219" SL="0.7430" TP="0.0000" CloseTime="2009-10-27 15:02:00" Close="0.7430" Swap="0.00" Profit="1055.00" Comment=" (118)" />
        <deal Ticket="4146305" OpenTime="2009-09-25 11:51:00" DealType="1" Lots="0.50" Symbol="EURUSD" Open="1.4689" SL="1.4860" TP="0.0000" CloseTime="2009-10-26 18:18:00" Close="1.4860" Swap="0.00" Profit="855.00" Comment=" (119)" />
        <deal Ticket="4144789" OpenTime="2009-09-23 10:46:00" DealType="-1" Lots="0.50" Symbol="GBPUSD" Open="1.6417" SL="1.6060" TP="0.0000" CloseTime="2009-09-30 08:36:00" Close="1.6060" Swap="0.00" Profit="1785.00" Comment=" (120)" />
        <deal Ticket="4139303" OpenTime="2009-09-11 08:55:00" DealType="-1" Lots="0.30" Symbol="GBPJPY" Open="152.34" SL="145.80" TP="0.00" CloseTime="2009-09-28 10:56:00" Close="142.39" Swap="0.00" Profit="3335.94" Comment=" (121)" />
        <deal Ticket="4134694" OpenTime="2009-09-02 10:06:00" DealType="-1" Lots="0.30" Symbol="USDJPY" Open="92.45" SL="91.70" TP="0.00" CloseTime="2009-09-21 07:07:00" Close="91.70" Swap="0.00" Profit="245.37" Comment=" (122)" />
        <deal Ticket="4138896" OpenTime="2009-09-10 14:06:00" DealType="-1" Lots="0.20" Symbol="GOLD" Open="987.85" SL="999.00" TP="0.00" CloseTime="2009-09-11 04:17:00" Close="999.00" Swap="0.00" Profit="-223.00" Comment=" (123)" />
        <deal Ticket="4138454" OpenTime="2009-09-10 06:31:00" DealType="1" Lots="0.40" Symbol="AUDUSD" Open="0.8555" SL="0.0000" TP="0.0000" CloseTime="2009-09-10 06:31:00" Close="0.8604" Swap="0.00" Profit="0.00" Comment=" (124)" />
        <deal Ticket="4126088" OpenTime="2009-08-11 09:32:00" DealType="-1" Lots="0.30" Symbol="GBPJPY" Open="159.58" SL="153.10" TP="0.00" CloseTime="2009-09-07 09:36:00" Close="153.10" Swap="0.00" Profit="2086.73" Comment=" (125)" />
        <deal Ticket="4135442" OpenTime="2009-09-02 15:53:00" DealType="-1" Lots="0.20" Symbol="NZDUSD" Open="0.6714" SL="0.6912" TP="0.0000" CloseTime="2009-09-07 09:08:00" Close="0.6912" Swap="0.00" Profit="-396.00" Comment=" (126)" />
        <deal Ticket="4131567" OpenTime="2009-08-26 06:33:00" DealType="1" Lots="0.50" Symbol="EURUSD" Open="1.4299" SL="1.4195" TP="0.0000" CloseTime="2009-09-01 19:17:00" Close="1.4195" Swap="0.00" Profit="-520.00" Comment=" (127)" />
        <deal Ticket="4129935" OpenTime="2009-08-21 08:15:00" DealType="-1" Lots="0.50" Symbol="USDJPY" Open="93.71" SL="94.70" TP="0.00" CloseTime="2009-08-21 16:51:00" Close="94.70" Swap="0.00" Profit="-522.70" Comment=" (128)" />
        <deal Ticket="4128755" OpenTime="2009-08-18 06:18:00" DealType="1" Lots="0.50" Symbol="USDCAD" Open="1.1064" SL="1.0780" TP="0.0000" CloseTime="2009-08-21 09:36:00" Close="1.0856" Swap="0.00" Profit="-958.00" Comment=" (129)" />
        <deal Ticket="4127564" OpenTime="2009-08-13 14:38:00" DealType="-1" Lots="0.50" Symbol="EURUSD" Open="1.4286" SL="1.4200" TP="0.0000" CloseTime="2009-08-19 16:31:00" Close="1.4200" Swap="0.00" Profit="430.00" Comment=" (130)" />
        <deal Ticket="4126890" OpenTime="2009-08-12 13:52:00" DealType="-1" Lots="0.50" Symbol="USDCHF" Open="1.0785" SL="1.0775" TP="1.0711" CloseTime="2009-08-13 15:01:00" Close="1.0711" Swap="0.00" Profit="345.44" Comment=" (131)" />
        <deal Ticket="4124606" OpenTime="2009-08-06 07:59:00" DealType="1" Lots="0.50" Symbol="USDCHF" Open="1.0623" SL="1.0785" TP="0.0000" CloseTime="2009-08-12 12:49:00" Close="1.0785" Swap="0.00" Profit="751.04" Comment=" (132)" />
        <deal Ticket="4125890" OpenTime="2009-08-10 16:01:00" DealType="1" Lots="0.50" Symbol="AUDUSD" Open="0.8383" SL="0.8260" TP="0.0000" CloseTime="2009-08-12 04:08:00" Close="0.8260" Swap="0.00" Profit="-615.00" Comment=" (133)" />
        <deal Ticket="4122348" OpenTime="2009-07-31 07:59:00" DealType="1" Lots="0.30" Symbol="GBPJPY" Open="157.63" SL="159.80" TP="162.50" CloseTime="2009-08-07 03:52:00" Close="159.80" Swap="0.00" Profit="682.74" Comment=" (134)" />
        <deal Ticket="4122009" OpenTime="2009-07-30 13:56:00" DealType="1" Lots="0.50" Symbol="GBPUSD" Open="1.6484" SL="1.6944" TP="1.7060" CloseTime="2009-08-06 13:00:00" Close="1.6944" Swap="0.00" Profit="2300.00" Comment=" (135)" />
        <deal Ticket="4120431" OpenTime="2009-07-27 19:00:00" DealType="-1" Lots="1.00" Symbol="EURUSD" Open="1.4222" SL="1.4215" TP="0.0000" CloseTime="2009-07-29 19:01:00" Close="1.4020" Swap="0.00" Profit="2020.00" Comment=" (136)" />
        <deal Ticket="4121055" OpenTime="2009-07-28 19:44:00" DealType="-1" Lots="0.50" Symbol="GBPJPY" Open="154.82" SL="156.10" TP="0.00" CloseTime="2009-07-29 15:43:00" Close="156.10" Swap="0.00" Profit="-674.32" Comment=" (137)" />
        <deal Ticket="4118919" OpenTime="2009-07-22 10:14:00" DealType="1" Lots="1.00" Symbol="USDJPY" Open="93.48" SL="94.55" TP="0.00" CloseTime="2009-07-28 11:22:00" Close="94.55" Swap="0.00" Profit="1131.68" Comment=" (138)" />
        <deal Ticket="4118877" OpenTime="2009-07-22 08:45:00" DealType="-1" Lots="0.50" Symbol="EURGBP" Open="0.8680" SL="0.8610" TP="0.8580" CloseTime="2009-07-24 08:00:00" Close="0.8580" Swap="0.00" Profit="826.15" Comment=" (139)" />
        <deal Ticket="4114829" OpenTime="2009-07-10 08:54:00" DealType="1" Lots="0.50" Symbol="EURUSD" Open="1.3949" SL="1.4155" TP="0.0000" CloseTime="2009-07-23 22:20:00" Close="1.4155" Swap="0.00" Profit="1030.00" Comment=" (140)" />
        <deal Ticket="4116436" OpenTime="2009-07-15 09:31:00" DealType="1" Lots="0.50" Symbol="GBPUSD" Open="1.6369" SL="0.0000" TP="0.0000" CloseTime="2009-07-16 16:18:00" Close="1.6416" Swap="0.00" Profit="235.00" Comment=" (141)" />
        <deal Ticket="4114960" OpenTime="2009-07-10 14:17:00" DealType="1" Lots="0.50" Symbol="USDJPY" Open="92.25" SL="92.50" TP="95.50" CloseTime="2009-07-16 06:48:00" Close="93.88" Swap="0.00" Profit="868.13" Comment=" (142)" />
        <deal Ticket="4111375" OpenTime="2009-07-01 15:51:00" DealType="-1" Lots="0.50" Symbol="USDJPY" Open="96.52" SL="95.50" TP="92.00" CloseTime="2009-07-13 11:35:00" Close="92.00" Swap="0.00" Profit="2456.52" Comment=" (143)" />
        <deal Ticket="4113251" OpenTime="2009-07-07 13:50:00" DealType="-1" Lots="0.30" Symbol="EURUSD" Open="1.4042" SL="1.3950" TP="1.3850" CloseTime="2009-07-08 17:56:00" Close="1.3850" Swap="0.00" Profit="576.00" Comment=" (144)" />
        <deal Ticket="4113027" OpenTime="2009-07-07 08:20:00" DealType="-1" Lots="0.50" Symbol="EURUSD" Open="1.3936" SL="1.3950" TP="1.3850" CloseTime="2009-07-08 17:56:00" Close="1.3850" Swap="0.00" Profit="430.00" Comment=" (145)" />
        <deal Ticket="4112299" OpenTime="2009-07-03 12:26:00" DealType="-1" Lots="0.50" Symbol="EURUSD" Open="1.3989" SL="1.3980" TP="1.3840" CloseTime="2009-07-06 21:59:00" Close="1.3980" Swap="0.00" Profit="45.00" Comment=" (146)" />
        <deal Ticket="4112475" OpenTime="2009-07-06 07:47:00" DealType="1" Lots="0.50" Symbol="USDCHF" Open="1.0869" SL="1.0875" TP="1.1000" CloseTime="2009-07-06 17:47:00" Close="1.0875" Swap="0.00" Profit="27.59" Comment=" (147)" />
        <deal Ticket="4108436" OpenTime="2009-06-24 14:22:00" DealType="1" Lots="0.30" Symbol="EURUSD" Open="1.4041" SL="1.4090" TP="0.0000" CloseTime="2009-07-02 09:05:00" Close="1.4090" Swap="0.00" Profit="147.00" Comment=" (148)" />
        <deal Ticket="4105584" OpenTime="2009-06-17 13:33:00" DealType="-1" Lots="0.50" Symbol="USDJPY" Open="96.43" SL="95.85" TP="0.00" CloseTime="2009-06-24 20:18:00" Close="95.85" Swap="0.00" Profit="302.56" Comment=" (149)" />
        <deal Ticket="4105542" OpenTime="2009-06-17 12:20:00" DealType="1" Lots="0.50" Symbol="EURUSD" Open="1.3863" SL="1.4045" TP="0.0000" CloseTime="2009-06-24 13:28:00" Close="1.4045" Swap="0.00" Profit="910.00" Comment=" (150)" />
        <deal Ticket="4105543" OpenTime="2009-06-17 12:20:00" DealType="-1" Lots="0.50" Symbol="USDCHF" Open="1.0892" SL="1.0780" TP="0.0000" CloseTime="2009-06-24 12:33:00" Close="1.0665" Swap="0.00" Profit="1064.23" Comment=" (151)" />
        <deal Ticket="4099744" OpenTime="2009-06-08 10:49:00" DealType="-1" Lots="0.20" Symbol="USDCHF" Open="1.0949" SL="1.0805" TP="0.0000" CloseTime="2009-06-10 16:04:00" Close="1.0805" Swap="0.00" Profit="266.54" Comment=" (152)" />
        <deal Ticket="4099741" OpenTime="2009-06-08 10:49:00" DealType="1" Lots="0.20" Symbol="EURUSD" Open="1.3873" SL="1.4030" TP="0.0000" CloseTime="2009-06-10 15:35:00" Close="1.4030" Swap="0.00" Profit="314.00" Comment=" (153)" />
        <deal Ticket="4094290" OpenTime="2009-05-28 08:01:00" DealType="-1" Lots="0.20" Symbol="USDCHF" Open="1.0928" SL="1.0715" TP="0.0000" CloseTime="2009-06-01 16:29:00" Close="1.0715" Swap="0.00" Profit="397.57" Comment=" (154)" />
        <deal Ticket="4092764" OpenTime="2009-05-25 09:49:00" DealType="1" Lots="0.20" Symbol="GBPUSD" Open="1.5859" SL="1.6040" TP="1.6400" CloseTime="2009-06-01 10:08:00" Close="1.6400" Swap="0.00" Profit="1082.00" Comment=" (155)" />
        <deal Ticket="4094985" OpenTime="2009-05-29 08:59:00" DealType="-1" Lots="0.50" Symbol="USDJPY" Open="96.85" SL="95.70" TP="0.00" CloseTime="2009-06-01 05:53:00" Close="94.95" Swap="0.00" Profit="1000.53" Comment=" (156)" />
        <deal Ticket="4091895" OpenTime="2009-05-22 06:16:00" DealType="1" Lots="0.20" Symbol="GBPJPY" Open="149.15" SL="153.20" TP="0.00" CloseTime="2009-05-29 08:57:00" Close="155.41" Swap="0.00" Profit="1292.85" Comment=" (157)" />
        <deal Ticket="4093058" OpenTime="2009-05-26 06:52:00" DealType="-1" Lots="0.20" Symbol="EURUSD" Open="1.3979" SL="1.3960" TP="0.0000" CloseTime="2009-05-28 17:06:00" Close="1.3960" Swap="0.00" Profit="38.00" Comment=" (158)" />
        <deal Ticket="4092686" OpenTime="2009-05-25 07:33:00" DealType="1" Lots="0.20" Symbol="USDJPY" Open="95.14" SL="95.60" TP="0.00" CloseTime="2009-05-28 08:46:00" Close="96.82" Swap="0.00" Profit="347.04" Comment=" (159)" />
        <deal Ticket="4091897" OpenTime="2009-05-22 06:16:00" DealType="1" Lots="0.20" Symbol="EURGBP" Open="0.8787" SL="0.8740" TP="0.0000" CloseTime="2009-05-27 07:55:00" Close="0.8740" Swap="0.00" Profit="-149.90" Comment=" (160)" />
        <deal Ticket="4080251" OpenTime="2009-04-30 07:16:00" DealType="1" Lots="0.10" Symbol="GBPUSD" Open="1.4799" SL="0.0000" TP="0.0000" CloseTime="2009-05-12 14:13:00" Close="1.5311" Swap="0.00" Profit="512.00" Comment=" (161)" />
        <deal Ticket="4080074" OpenTime="2009-04-30 07:16:00" DealType="1" Lots="0.20" Symbol="EURUSD" Open="1.3280" SL="1.3540" TP="0.0000" CloseTime="2009-05-12 14:13:00" Close="1.3672" Swap="0.00" Profit="784.00" Comment=" (162)" />
        <deal Ticket="4073086" OpenTime="2009-04-14 14:48:00" DealType="1" Lots="0.10" Symbol="EURCHF" Open="1.5270" SL="0.0000" TP="0.0000" CloseTime="2009-05-12 14:13:00" Close="1.5089" Swap="0.00" Profit="0.00" Comment=" (163)" />
        <deal Ticket="4080252" OpenTime="2009-04-30 10:03:00" DealType="-1" Lots="0.20" Symbol="USDCHF" Open="1.1311" SL="1.1415" TP="0.0000" CloseTime="2009-04-30 15:09:00" Close="1.1415" Swap="0.00" Profit="-182.22" Comment=" (164)" />
        <deal Ticket="4080075" OpenTime="2009-04-30 07:16:00" DealType="1" Lots="0.10" Symbol="GBPUSD" Open="1.4799" SL="0.0000" TP="0.0000" CloseTime="2009-04-30 10:03:00" Close="1.4914" Swap="0.00" Profit="115.00" Comment=" (165)" />
        <deal Ticket="4075667" OpenTime="2009-04-22 06:16:00" DealType="1" Lots="0.20" Symbol="EURGBP" Open="0.8838" SL="0.8780" TP="0.0000" CloseTime="2009-04-22 14:36:00" Close="0.8945" Swap="0.00" Profit="309.77" Comment=" (166)" />
        <deal Ticket="4073087" OpenTime="2009-04-14 14:49:00" DealType="1" Lots="0.10" Symbol="CADJPY" Open="83.00" SL="0.00" TP="0.00" CloseTime="2009-04-22 06:15:00" Close="79.26" Swap="0.00" Profit="0.00" Comment=" (167)" />
        <deal Ticket="4073274" OpenTime="2009-04-15 09:01:00" DealType="1" Lots="0.10" Symbol="EURUSD" Open="1.3227" SL="1.3050" TP="0.0000" CloseTime="2009-04-17 13:17:00" Close="1.3050" Swap="0.00" Profit="-177.00" Comment=" (168)" />
        <deal Ticket="4073080" OpenTime="2009-04-14 14:45:00" DealType="1" Lots="0.20" Symbol="EURUSD" Open="1.3230" SL="1.3050" TP="0.0000" CloseTime="2009-04-17 13:17:00" Close="1.3050" Swap="0.00" Profit="-360.00" Comment=" (169)" />
        <deal Ticket="4073083" OpenTime="2009-04-15 12:24:00" DealType="1" Lots="0.20" Symbol="GBPUSD" Open="1.4970" SL="1.4790" TP="1.5140" CloseTime="2009-04-17 08:08:00" Close="1.4790" Swap="0.00" Profit="-360.00" Comment=" (170)" />
        <deal Ticket="4073082" OpenTime="2009-04-14 14:46:00" DealType="1" Lots="0.10" Symbol="EURUSD" Open="1.3200" SL="1.3050" TP="0.0000" CloseTime="2009-04-15 09:01:00" Close="1.3224" Swap="0.00" Profit="0.00" Comment=" (171)" />
        <deal Ticket="4072349" OpenTime="2009-04-10 14:51:00" DealType="1" Lots="0.10" Symbol="GBPUSD" Open="1.4638" SL="1.4560" TP="1.4910" CloseTime="2009-04-14 07:13:00" Close="1.4910" Swap="0.00" Profit="272.00" Comment=" (172)" />
        <deal Ticket="4072352" OpenTime="2009-04-10 14:51:00" DealType="-1" Lots="0.10" Symbol="USDCHF" Open="1.1574" SL="1.1630" TP="0.0000" CloseTime="2009-04-13 14:49:00" Close="1.1429" Swap="0.00" Profit="126.87" Comment=" (173)" />
        <deal Ticket="4071129" OpenTime="2009-04-07 11:02:00" DealType="-1" Lots="0.10" Symbol="EURJPY" Open="133.50" SL="134.20" TP="130.50" CloseTime="2009-04-10 07:56:00" Close="131.96" Swap="0.00" Profit="153.44" Comment=" (174)" />
        <deal Ticket="4069484" OpenTime="2009-04-02 07:55:00" DealType="-1" Lots="0.10" Symbol="EURGBP" Open="0.9136" SL="0.9125" TP="0.8880" CloseTime="2009-04-10 07:56:00" Close="0.8967" Swap="0.00" Profit="247.81" Comment=" (175)" />
        <deal Ticket="4071692" OpenTime="2009-04-08 15:25:00" DealType="-1" Lots="0.10" Symbol="EURUSD" Open="1.3249" SL="1.3320" TP="1.3060" CloseTime="2009-04-08 18:14:00" Close="1.3281" Swap="0.00" Profit="-32.00" Comment=" (176)" />
        <deal Ticket="4071289" OpenTime="2009-04-07 15:51:00" DealType="-1" Lots="0.10" Symbol="EURCHF" Open="1.5181" SL="1.5220" TP="0.0000" CloseTime="2009-04-08 06:52:00" Close="1.5129" Swap="0.00" Profit="45.30" Comment=" (177)" />
        <deal Ticket="4071132" OpenTime="2009-04-07 11:15:00" DealType="-1" Lots="0.10" Symbol="GBPJPY" Open="146.70" SL="148.50" TP="141.60" CloseTime="2009-04-07 16:33:00" Close="148.50" Swap="0.00" Profit="-179.03" Comment=" (178)" />
        <deal Ticket="4071288" OpenTime="2009-04-07 15:46:00" DealType="-1" Lots="0.10" Symbol="GBPUSD" Open="1.4702" SL="1.4760" TP="1.4500" CloseTime="2009-04-07 16:24:00" Close="1.4760" Swap="0.00" Profit="-58.00" Comment=" (179)" />
        <deal Ticket="4071131" OpenTime="2009-04-07 10:44:00" DealType="-1" Lots="0.10" Symbol="GOLD" Open="875.70" SL="884.00" TP="0.00" CloseTime="2009-04-07 16:02:00" Close="879.60" Swap="0.00" Profit="-39.00" Comment=" (180)" />
        <deal Ticket="4071044" OpenTime="2009-04-07 07:14:00" DealType="-1" Lots="0.10" Symbol="AUDNZD" Open="1.2259" SL="1.2310" TP="0.0000" CloseTime="2009-04-07 07:44:00" Close="1.2254" Swap="0.00" Profit="2.91" Comment=" (181)" />
        <deal Ticket="4071043" OpenTime="2009-04-07 07:13:00" DealType="-1" Lots="0.10" Symbol="AUDUSD" Open="0.7128" SL="0.7160" TP="0.0000" CloseTime="2009-04-07 07:43:00" Close="0.7104" Swap="0.00" Profit="24.00" Comment=" (182)" />
        <deal Ticket="4070955" OpenTime="2009-04-06 16:49:00" DealType="1" Lots="0.10" Symbol="EURUSD" Open="1.3414" SL="1.3350" TP="0.0000" CloseTime="2009-04-07 01:34:00" Close="1.3350" Swap="0.00" Profit="-64.00" Comment=" (183)" />
        <deal Ticket="4067567" OpenTime="2009-03-30 09:56:00" DealType="1" Lots="0.10" Symbol="EURUSD" Open="1.3183" SL="1.3350" TP="0.0000" CloseTime="2009-04-07 01:34:00" Close="1.3350" Swap="0.00" Profit="167.00" Comment=" (184)" />
        <deal Ticket="4067569" OpenTime="2009-03-30 09:56:00" DealType="-1" Lots="0.10" Symbol="USDCHF" Open="1.1495" SL="1.1395" TP="0.0000" CloseTime="2009-04-06 17:15:00" Close="1.1395" Swap="0.00" Profit="87.76" Comment=" (185)" />
        <deal Ticket="4069639" OpenTime="2009-04-02 11:15:00" DealType="1" Lots="0.10" Symbol="EURJPY" Open="131.99" SL="132.00" TP="134.30" CloseTime="2009-04-03 10:08:00" Close="134.30" Swap="0.00" Profit="231.30" Comment=" (186)" />
        <deal Ticket="4069769" OpenTime="2009-04-02 12:59:00" DealType="1" Lots="0.10" Symbol="USDJPY" Open="100.00" SL="100.20" TP="0.00" CloseTime="2009-04-02 16:00:00" Close="99.21" Swap="0.00" Profit="0.00" Comment=" (187)" />
        <deal Ticket="4068008" OpenTime="2009-03-30 16:38:00" DealType="-1" Lots="0.10" Symbol="AUDNZD" Open="1.2119" SL="1.2260" TP="1.1860" CloseTime="2009-03-31 22:08:00" Close="1.2260" Swap="0.00" Profit="-80.04" Comment=" (188)" />
        <deal Ticket="4066951" OpenTime="2009-03-27 06:13:00" DealType="-1" Lots="0.10" Symbol="GBPUSD" Open="1.4479" SL="1.4430" TP="1.4175" CloseTime="2009-03-30 08:08:00" Close="1.4175" Swap="0.00" Profit="304.00" Comment=" (189)" />
        <deal Ticket="4065352" OpenTime="2009-03-23 10:00:00" DealType="1" Lots="0.10" Symbol="USDCHF" Open="1.1250" SL="1.1360" TP="1.1488" CloseTime="2009-03-30 07:52:00" Close="1.1488" Swap="0.00" Profit="207.17" Comment=" (190)" />
        <deal Ticket="4066498" OpenTime="2009-03-26 05:07:00" DealType="1" Lots="0.10" Symbol="GBPJPY" Open="142.64" SL="140.50" TP="0.00" CloseTime="2009-03-27 11:02:00" Close="140.86" Swap="0.00" Profit="-181.18" Comment=" (191)" />
        <deal Ticket="4064953" OpenTime="2009-03-20 11:55:00" DealType="-1" Lots="0.10" Symbol="EURUSD" Open="1.3553" SL="1.3550" TP="1.3300" CloseTime="2009-03-25 14:56:00" Close="1.3550" Swap="0.00" Profit="3.00" Comment=" (192)" />
        <deal Ticket="4064952" OpenTime="2009-03-20 11:54:00" DealType="-1" Lots="0.10" Symbol="GBPUSD" Open="1.4435" SL="1.4615" TP="0.0000" CloseTime="2009-03-23 08:52:00" Close="1.4615" Swap="0.00" Profit="-180.00" Comment=" (193)" />
        <deal Ticket="4064818" OpenTime="2009-03-20 09:24:00" DealType="-1" Lots="0.50" Symbol="GOLD" Open="964.80" SL="0.00" TP="0.00" CloseTime="2009-03-20 11:54:00" Close="953.80" Swap="0.00" Profit="1100.00" Comment=" (194)" />
        <deal Ticket="4062131" OpenTime="2009-03-13 06:03:00" DealType="-1" Lots="0.10" Symbol="USDCHF" Open="1.1913" SL="1.2020" TP="1.1640" CloseTime="2009-03-18 13:38:00" Close="1.1688" Swap="0.00" Profit="192.51" Comment=" (195)" />
        <deal Ticket="4061700" OpenTime="2009-03-12 11:13:00" DealType="1" Lots="0.10" Symbol="GBPUSD" Open="1.3774" SL="1.3890" TP="1.4160" CloseTime="2009-03-16 10:05:00" Close="1.4160" Swap="0.00" Profit="386.00" Comment=" (196)" />
        <deal Ticket="4061485" OpenTime="2009-03-12 03:52:00" DealType="1" Lots="0.10" Symbol="GBPUSD" Open="1.3869" SL="1.3890" TP="1.4160" CloseTime="2009-03-16 10:05:00" Close="1.4160" Swap="0.00" Profit="291.00" Comment=" (197)" />
        <deal Ticket="4060030" OpenTime="2009-03-09 09:14:00" DealType="1" Lots="0.10" Symbol="EURUSD" Open="1.2638" SL="1.2632" TP="0.0000" CloseTime="2009-03-11 06:04:00" Close="1.2657" Swap="0.00" Profit="19.00" Comment=" (198)" />
        <deal Ticket="4060679" OpenTime="2009-03-10 13:26:00" DealType="-1" Lots="0.10" Symbol="GOLD" Open="909.20" SL="903.00" TP="0.00" CloseTime="2009-03-11 05:33:00" Close="898.30" Swap="0.00" Profit="109.00" Comment=" (199)" />
        <deal Ticket="4057381" OpenTime="2009-02-26 12:02:00" DealType="1" Lots="0.10" Symbol="EURGBP" Open="0.8940" SL="0.9000" TP="0.0000" CloseTime="2009-03-10 07:37:00" Close="0.9207" Swap="0.00" Profit="368.16" Comment=" (200)" />
        <deal Ticket="4058624" OpenTime="2009-03-04 06:49:00" DealType="-1" Lots="0.10" Symbol="GBPUSD" Open="1.4026" SL="0.0000" TP="0.0000" CloseTime="2009-03-10 03:13:00" Close="1.3836" Swap="0.00" Profit="190.00" Comment=" (201)" />
        <deal Ticket="4058301" OpenTime="2009-03-03 04:41:00" DealType="-1" Lots="0.10" Symbol="GBPUSD" Open="1.4089" SL="0.0000" TP="0.0000" CloseTime="2009-03-10 03:13:00" Close="1.3836" Swap="0.00" Profit="253.00" Comment=" (202)" />
        <deal Ticket="4059082" OpenTime="2009-03-05 10:09:00" DealType="1" Lots="0.10" Symbol="GOLD" Open="913.70" SL="0.00" TP="0.00" CloseTime="2009-03-06 05:14:00" Close="934.70" Swap="0.00" Profit="210.00" Comment=" (203)" />
        <deal Ticket="4058433" OpenTime="2009-03-03 12:53:00" DealType="-1" Lots="0.10" Symbol="EURUSD" Open="1.2584" SL="1.2530" TP="0.0000" CloseTime="2009-03-04 06:48:00" Close="1.2497" Swap="0.00" Profit="87.00" Comment=" (204)" />
        <deal Ticket="4057250" OpenTime="2009-02-26 08:44:00" DealType="-1" Lots="0.10" Symbol="GOLD" Open="953.50" SL="970.00" TP="0.00" CloseTime="2009-03-03 04:35:00" Close="931.80" Swap="0.00" Profit="217.00" Comment=" (205)" />
        <deal Ticket="4057474" OpenTime="2009-02-26 13:56:00" DealType="1" Lots="0.20" Symbol="USDCHF" Open="1.1620" SL="0.0000" TP="0.0000" CloseTime="2009-03-02 13:45:00" Close="1.1780" Swap="0.00" Profit="271.65" Comment=" (206)" />
        <deal Ticket="4056766" OpenTime="2009-02-25 07:04:00" DealType="-1" Lots="0.10" Symbol="EURUSD" Open="1.2834" SL="1.2780" TP="0.0000" CloseTime="2009-02-26 11:03:00" Close="1.2780" Swap="0.00" Profit="54.00" Comment=" (207)" />
        <deal Ticket="4056568" OpenTime="2009-02-24 13:09:00" DealType="-1" Lots="0.20" Symbol="EURUSD" Open="1.2785" SL="0.0000" TP="0.0000" CloseTime="2009-02-26 08:44:00" Close="1.2705" Swap="0.00" Profit="160.00" Comment=" (208)" />
        <deal Ticket="4056567" OpenTime="2009-02-24 13:09:00" DealType="-1" Lots="0.20" Symbol="GOLD" Open="988.80" SL="0.00" TP="0.00" CloseTime="2009-02-25 04:25:00" Close="966.10" Swap="0.00" Profit="454.00" Comment=" (209)" />
    </deals>
    <balances>
        <balance Ticket="4056461" Amount="15500.00" Date="2009-02-24 09:57:00" />
    </balances>
</account>