﻿<?xml version="1.0" encoding="utf-8"?>
<account Id="14198" Broker="" Account="" Trader="" Login="" InitBalance="25.00">
    <deals>
        <deal Ticket="8662263" OpenTime="2010-02-10 18:55:00" DealType="-1" Lots="0.01" Symbol="CLH0" Open="74.05" SL="0.00" TP="71.88" CloseTime="2010-02-16 16:13:00" Close="76.38" Swap="-0.10" Profit="-23.30" Comment=" (1)" />
        <deal Ticket="8659070" OpenTime="2010-02-10 16:23:00" DealType="-1" Lots="0.01" Symbol="SIH0" Open="15.200" SL="0.000" TP="14.700" CloseTime="2010-02-16 16:13:00" Close="15.885" Swap="-0.10" Profit="-34.25" Comment=" (2)" />
        <deal Ticket="8658949" OpenTime="2010-02-10 16:10:00" DealType="-1" Lots="0.03" Symbol="SIH0" Open="15.175" SL="15.900" TP="14.800" CloseTime="2010-02-16 08:17:00" Close="15.835" Swap="-0.30" Profit="-99.00" Comment="so: 68.5%/63.0/92.0 (3)" />
        <deal Ticket="8683136" OpenTime="2010-02-12 00:36:00" DealType="1" Lots="0.01" Symbol="6EH0" Open="1.3765" SL="1.3795" TP="0.0000" CloseTime="2010-02-12 00:38:00" Close="1.3681" Swap="0.00" Profit="0.00" Comment="cancelled (4)" />
        <deal Ticket="8645044" OpenTime="2010-02-09 19:14:00" DealType="1" Lots="0.03" Symbol="SIH0" Open="15.480" SL="15.275" TP="15.900" CloseTime="2010-02-10 15:44:00" Close="15.275" Swap="-0.30" Profit="-30.75" Comment="[sl] (5)" />
        <deal Ticket="8648472" OpenTime="2010-02-10 15:17:00" DealType="1" Lots="0.01" Symbol="SIH0" Open="15.390" SL="15.280" TP="15.900" CloseTime="2010-02-10 15:43:00" Close="15.280" Swap="-0.10" Profit="-5.50" Comment="[sl] (6)" />
        <deal Ticket="8648467" OpenTime="2010-02-10 00:06:00" DealType="1" Lots="0.03" Symbol="SIH0" Open="15.375" SL="15.280" TP="15.900" CloseTime="2010-02-10 00:07:00" Close="15.490" Swap="0.00" Profit="0.00" Comment="cancelled (7)" />
        <deal Ticket="8644303" OpenTime="2010-02-09 18:42:00" DealType="-1" Lots="0.03" Symbol="CLH0" Open="73.32" SL="0.00" TP="0.00" CloseTime="2010-02-09 18:47:00" Close="73.76" Swap="-0.30" Profit="-13.20" Comment=" (8)" />
        <deal Ticket="8644084" OpenTime="2010-02-09 18:36:00" DealType="1" Lots="0.03" Symbol="SIH0" Open="15.585" SL="15.500" TP="15.620" CloseTime="2010-02-09 18:41:00" Close="15.505" Swap="-0.30" Profit="-12.00" Comment="[sl] (9)" />
        <deal Ticket="8643994" OpenTime="2010-02-09 18:32:00" DealType="1" Lots="0.03" Symbol="CLH0" Open="73.85" SL="0.00" TP="0.00" CloseTime="2010-02-09 18:41:00" Close="73.85" Swap="0.00" Profit="0.00" Comment="deleted [no money] (10)" />
        <deal Ticket="8643013" OpenTime="2010-02-09 18:04:00" DealType="1" Lots="0.03" Symbol="SIH0" Open="15.475" SL="15.400" TP="15.620" CloseTime="2010-02-09 18:24:00" Close="15.565" Swap="-0.30" Profit="13.50" Comment=" (11)" />
        <deal Ticket="8642192" OpenTime="2010-02-09 17:46:00" DealType="1" Lots="0.03" Symbol="SIH0" Open="15.410" SL="0.000" TP="0.000" CloseTime="2010-02-09 18:01:00" Close="15.420" Swap="-0.30" Profit="1.50" Comment=" (12)" />
        <deal Ticket="8641722" OpenTime="2010-02-09 17:39:00" DealType="-1" Lots="0.03" Symbol="CLH0" Open="72.73" SL="0.00" TP="0.00" CloseTime="2010-02-09 17:41:00" Close="72.96" Swap="-0.30" Profit="-6.90" Comment=" (13)" />
        <deal Ticket="8640797" OpenTime="2010-02-09 17:17:00" DealType="-1" Lots="0.03" Symbol="CLH0" Open="72.50" SL="72.70" TP="72.00" CloseTime="2010-02-09 17:36:00" Close="72.73" Swap="-0.30" Profit="-6.90" Comment="[sl] (14)" />
        <deal Ticket="8632243" OpenTime="2010-02-09 08:54:00" DealType="1" Lots="0.03" Symbol="CLH0" Open="71.10" SL="70.95" TP="72.80" CloseTime="2010-02-09 17:06:00" Close="72.70" Swap="0.00" Profit="0.00" Comment="cancelled (15)" />
        <deal Ticket="8632193" OpenTime="2010-02-09 08:50:00" DealType="-1" Lots="0.03" Symbol="CLH0" Open="72.27" SL="72.50" TP="71.80" CloseTime="2010-02-09 10:57:00" Close="72.50" Swap="-0.30" Profit="-6.90" Comment="[sl] (17)" />
        <deal Ticket="8626606" OpenTime="2010-02-08 20:22:00" DealType="-1" Lots="0.03" Symbol="CLH0" Open="71.75" SL="72.02" TP="71.45" CloseTime="2010-02-08 22:47:00" Close="71.69" Swap="-0.30" Profit="1.80" Comment=" (19)" />
        <deal Ticket="8626143" OpenTime="2010-02-08 19:38:00" DealType="1" Lots="0.03" Symbol="CLH0" Open="71.54" SL="71.00" TP="72.00" CloseTime="2010-02-08 20:18:00" Close="72.00" Swap="-0.30" Profit="13.80" Comment="[tp] (20)" />
        <deal Ticket="8624980" OpenTime="2010-02-08 17:52:00" DealType="1" Lots="0.03" Symbol="CLH0" Open="72.01" SL="71.40" TP="72.40" CloseTime="2010-02-08 19:34:00" Close="71.39" Swap="-0.30" Profit="-18.60" Comment="[sl] (21)" />
        <deal Ticket="8624223" OpenTime="2010-02-08 17:11:00" DealType="1" Lots="0.03" Symbol="CLH0" Open="71.95" SL="71.55" TP="72.60" CloseTime="2010-02-08 17:37:00" Close="71.55" Swap="-0.30" Profit="-12.00" Comment="[sl] (22)" />
        <deal Ticket="8617808" OpenTime="2010-02-08 11:27:00" DealType="-1" Lots="0.03" Symbol="SIH0" Open="15.225" SL="15.350" TP="15.070" CloseTime="2010-02-08 14:22:00" Close="15.070" Swap="-0.30" Profit="23.25" Comment="[tp] (23)" />
        <deal Ticket="8609675" OpenTime="2010-02-05 20:32:00" DealType="-1" Lots="0.03" Symbol="CLH0" Open="70.92" SL="0.00" TP="0.00" CloseTime="2010-02-05 20:57:00" Close="71.40" Swap="-0.30" Profit="-14.40" Comment=" (24)" />
        <deal Ticket="8609469" OpenTime="2010-02-05 20:22:00" DealType="-1" Lots="0.03" Symbol="SIH0" Open="14.860" SL="0.000" TP="14.820" CloseTime="2010-02-05 20:28:00" Close="14.910" Swap="-0.30" Profit="-7.50" Comment=" (25)" />
        <deal Ticket="8609453" OpenTime="2010-02-05 20:20:00" DealType="1" Lots="0.03" Symbol="SIH0" Open="14.890" SL="0.000" TP="0.000" CloseTime="2010-02-05 20:22:00" Close="14.875" Swap="0.00" Profit="0.00" Comment="cancelled (26)" />
        <deal Ticket="8609207" OpenTime="2010-02-05 20:06:00" DealType="-1" Lots="0.03" Symbol="CLH0" Open="70.79" SL="0.00" TP="70.67" CloseTime="2010-02-05 20:15:00" Close="70.84" Swap="-0.30" Profit="-1.50" Comment=" (27)" />
        <deal Ticket="8608863" OpenTime="2010-02-05 19:51:00" DealType="1" Lots="0.03" Symbol="SIH0" Open="14.775" SL="0.000" TP="14.830" CloseTime="2010-02-05 20:04:00" Close="14.830" Swap="-0.30" Profit="8.25" Comment="[tp] (28)" />
        <deal Ticket="8605994" OpenTime="2010-02-05 17:35:00" DealType="-1" Lots="0.03" Symbol="SIH0" Open="14.825" SL="0.000" TP="14.740" CloseTime="2010-02-05 18:00:00" Close="14.780" Swap="-0.30" Profit="6.75" Comment=" (29)" />
        <deal Ticket="8605877" OpenTime="2010-02-05 17:34:00" DealType="-1" Lots="0.03" Symbol="CLH0" Open="71.14" SL="0.00" TP="70.20" CloseTime="2010-02-05 18:00:00" Close="70.58" Swap="-0.30" Profit="16.80" Comment=" (30)" />
        <deal Ticket="8605752" OpenTime="2010-02-05 17:30:00" DealType="1" Lots="0.03" Symbol="CLH0" Open="72.16" SL="0.00" TP="0.00" CloseTime="2010-02-05 17:33:00" Close="71.76" Swap="-0.30" Profit="-12.00" Comment=" (31)" />
        <deal Ticket="8604442" OpenTime="2010-02-05 16:24:00" DealType="1" Lots="0.03" Symbol="SIH0" Open="15.050" SL="14.870" TP="15.115" CloseTime="2010-02-05 17:33:00" Close="14.855" Swap="-0.30" Profit="-29.25" Comment="[sl] (32)" />
        <deal Ticket="8594130" OpenTime="2010-02-05 11:04:00" DealType="1" Lots="0.03" Symbol="CLH0" Open="72.70" SL="72.40" TP="74.30" CloseTime="2010-02-05 17:30:00" Close="71.79" Swap="-0.30" Profit="-27.30" Comment="[sl] (33)" />
        <deal Ticket="8603541" OpenTime="2010-02-05 16:06:00" DealType="-1" Lots="0.03" Symbol="SIH0" Open="14.960" SL="0.000" TP="14.955" CloseTime="2010-02-05 16:11:00" Close="14.955" Swap="-0.30" Profit="0.75" Comment="[tp] (34)" />
        <deal Ticket="8593991" OpenTime="2010-02-05 10:22:00" DealType="1" Lots="0.02" Symbol="SIH0" Open="15.185" SL="14.995" TP="15.495" CloseTime="2010-02-05 16:06:00" Close="15.000" Swap="-0.20" Profit="-18.50" Comment="[sl] (35)" />
        <deal Ticket="8593639" OpenTime="2010-02-05 10:05:00" DealType="1" Lots="0.02" Symbol="SIH0" Open="15.155" SL="0.000" TP="15.300" CloseTime="2010-02-05 10:18:00" Close="15.165" Swap="-0.20" Profit="1.00" Comment=" (36)" />
        <deal Ticket="8584069" OpenTime="2010-02-04 21:13:00" DealType="1" Lots="0.02" Symbol="SIH0" Open="15.320" SL="15.280" TP="15.375" CloseTime="2010-02-04 22:01:00" Close="15.275" Swap="-0.20" Profit="-4.50" Comment="[sl] (37)" />
        <deal Ticket="8583800" OpenTime="2010-02-04 20:48:00" DealType="-1" Lots="0.02" Symbol="CLH0" Open="73.05" SL="73.30" TP="72.90" CloseTime="2010-02-04 21:20:00" Close="72.90" Swap="-0.20" Profit="3.00" Comment="[tp] (38)" />
        <deal Ticket="8576098" OpenTime="2010-02-04 15:48:00" DealType="-1" Lots="0.02" Symbol="SIH0" Open="15.835" SL="15.850" TP="15.430" CloseTime="2010-02-04 18:36:00" Close="15.430" Swap="-0.20" Profit="40.50" Comment="[tp] (39)" />
        <deal Ticket="8575268" OpenTime="2010-02-04 15:18:00" DealType="1" Lots="0.02" Symbol="SIH0" Open="16.025" SL="15.950" TP="16.300" CloseTime="2010-02-04 15:38:00" Close="16.045" Swap="-0.20" Profit="2.00" Comment="[sl] (40)" />
        <deal Ticket="8574718" OpenTime="2010-02-04 15:11:00" DealType="1" Lots="0.02" Symbol="SIH0" Open="16.125" SL="15.980" TP="16.400" CloseTime="2010-02-04 15:38:00" Close="16.045" Swap="-0.20" Profit="-8.00" Comment="[sl] (41)" />
        <deal Ticket="8573647" OpenTime="2010-02-04 14:26:00" DealType="-1" Lots="0.02" Symbol="SIH0" Open="16.255" SL="16.370" TP="16.190" CloseTime="2010-02-04 15:00:00" Close="16.190" Swap="-0.20" Profit="6.50" Comment="[tp] (42)" />
        <deal Ticket="8559626" OpenTime="2010-02-03 18:17:00" DealType="1" Lots="0.02" Symbol="SIH0" Open="16.380" SL="16.250" TP="16.900" CloseTime="2010-02-04 07:44:00" Close="16.255" Swap="-0.20" Profit="-12.50" Comment="[sl] (43)" />
        <deal Ticket="8558703" OpenTime="2010-02-03 17:30:00" DealType="-1" Lots="0.02" Symbol="DXH0" Open="79.480" SL="79.650" TP="79.000" CloseTime="2010-02-04 02:03:00" Close="79.650" Swap="-0.20" Profit="-3.40" Comment="[sl] (44)" />
        <deal Ticket="8544182" OpenTime="2010-02-02 21:16:00" DealType="1" Lots="0.01" Symbol="SIH0" Open="16.700" SL="0.000" TP="16.750" CloseTime="2010-02-02 21:17:00" Close="16.705" Swap="0.00" Profit="0.00" Comment="cancelled (45)" />
        <deal Ticket="8543398" OpenTime="2010-02-02 19:49:00" DealType="-1" Lots="0.01" Symbol="SIH0" Open="16.730" SL="0.000" TP="16.720" CloseTime="2010-02-02 20:06:00" Close="16.720" Swap="-0.10" Profit="0.50" Comment="[tp] (46)" />
        <deal Ticket="8531920" OpenTime="2010-01-28 17:40:00" DealType="1" Lots="0.04" Symbol="SIH0" Open="16.255" SL="0.000" TP="16.900" CloseTime="2010-02-02 19:45:00" Close="16.740" Swap="-0.40" Profit="97.00" Comment="from #8486792 (47)" />
        <deal Ticket="8542946" OpenTime="2010-02-02 19:19:00" DealType="1" Lots="0.01" Symbol="SIH0" Open="16.645" SL="0.000" TP="16.700" CloseTime="2010-02-02 19:23:00" Close="16.700" Swap="-0.10" Profit="2.75" Comment="[tp] (48)" />
        <deal Ticket="8541999" OpenTime="2010-02-02 18:14:00" DealType="1" Lots="0.01" Symbol="SIH0" Open="16.670" SL="16.600" TP="16.750" CloseTime="2010-02-02 18:41:00" Close="16.715" Swap="-0.10" Profit="2.25" Comment=" (49)" />
        <deal Ticket="8486792" OpenTime="2010-01-28 17:40:00" DealType="1" Lots="0.01" Symbol="SIH0" Open="16.255" SL="0.000" TP="17.050" CloseTime="2010-02-02 08:27:00" Close="16.700" Swap="-0.10" Profit="22.25" Comment="to #8531920 (50)" />
        <deal Ticket="8469023" OpenTime="2010-01-27 21:45:00" DealType="1" Lots="0.02" Symbol="CLJ0" Open="74.50" SL="75.00" TP="71.00" CloseTime="2010-01-28 21:05:00" Close="74.15" Swap="0.00" Profit="0.00" Comment="cancelled (51)" />
        <deal Ticket="8485829" OpenTime="2010-01-28 17:04:00" DealType="1" Lots="0.03" Symbol="SIH0" Open="16.460" SL="16.300" TP="16.555" CloseTime="2010-01-28 17:35:00" Close="16.275" Swap="-0.30" Profit="-27.75" Comment="[sl] (52)" />
        <deal Ticket="8485895" OpenTime="2010-01-28 17:04:00" DealType="1" Lots="0.03" Symbol="SIH0" Open="16.470" SL="16.300" TP="16.555" CloseTime="2010-01-28 17:35:00" Close="16.275" Swap="-0.30" Profit="-29.25" Comment="[sl] (53)" />
        <deal Ticket="8485489" OpenTime="2010-01-28 16:46:00" DealType="1" Lots="0.03" Symbol="SIH0" Open="16.535" SL="0.000" TP="0.000" CloseTime="2010-01-28 16:46:00" Close="16.515" Swap="0.00" Profit="0.00" Comment="cancelled (54)" />
        <deal Ticket="8484255" OpenTime="2010-01-28 16:17:00" DealType="1" Lots="0.03" Symbol="SIH0" Open="16.470" SL="16.300" TP="16.580" CloseTime="2010-01-28 16:45:00" Close="16.530" Swap="-0.30" Profit="9.00" Comment=" (55)" />
        <deal Ticket="8483553" OpenTime="2010-01-28 16:02:00" DealType="1" Lots="0.03" Symbol="SIH0" Open="16.510" SL="16.300" TP="16.590" CloseTime="2010-01-28 16:45:00" Close="16.535" Swap="-0.30" Profit="3.75" Comment=" (56)" />
        <deal Ticket="8481251" OpenTime="2010-01-28 14:19:00" DealType="-1" Lots="0.05" Symbol="6BH0" Open="1.6250" SL="1.6280" TP="0.0000" CloseTime="2010-01-28 15:54:00" Close="1.6235" Swap="-0.50" Profit="4.69" Comment=" (57)" />
        <deal Ticket="8481423" OpenTime="2010-01-28 14:25:00" DealType="-1" Lots="0.03" Symbol="SIH0" Open="16.595" SL="0.000" TP="16.540" CloseTime="2010-01-28 15:53:00" Close="16.540" Swap="-0.30" Profit="8.25" Comment="[tp] (58)" />
        <deal Ticket="8482193" OpenTime="2010-01-28 14:56:00" DealType="-1" Lots="0.02" Symbol="SIH0" Open="16.655" SL="16.800" TP="16.600" CloseTime="2010-01-28 15:37:00" Close="16.600" Swap="-0.20" Profit="5.50" Comment="[tp] (59)" />
        <deal Ticket="8480813" OpenTime="2010-01-28 13:47:00" DealType="1" Lots="0.03" Symbol="SIH0" Open="16.760" SL="16.900" TP="16.550" CloseTime="2010-01-28 14:15:00" Close="16.660" Swap="0.00" Profit="0.00" Comment="cancelled (60)" />
        <deal Ticket="8479744" OpenTime="2010-01-28 12:33:00" DealType="1" Lots="0.05" Symbol="6BH0" Open="1.6220" SL="1.6180" TP="1.6300" CloseTime="2010-01-28 13:41:00" Close="1.6250" Swap="0.00" Profit="0.00" Comment="cancelled (61)" />
        <deal Ticket="8479692" OpenTime="2010-01-28 12:30:00" DealType="1" Lots="0.03" Symbol="SIH0" Open="16.635" SL="16.500" TP="16.720" CloseTime="2010-01-28 13:40:00" Close="16.720" Swap="-0.30" Profit="12.75" Comment="[tp] (62)" />
        <deal Ticket="8479811" OpenTime="2010-01-28 12:36:00" DealType="1" Lots="0.03" Symbol="SIH0" Open="16.570" SL="16.500" TP="16.700" CloseTime="2010-01-28 13:25:00" Close="16.700" Swap="0.00" Profit="0.00" Comment="cancelled (63)" />
        <deal Ticket="8476523" OpenTime="2010-01-28 09:46:00" DealType="-1" Lots="0.02" Symbol="6BH0" Open="1.6257" SL="1.6300" TP="1.6240" CloseTime="2010-01-28 12:29:00" Close="1.6253" Swap="-0.20" Profit="0.50" Comment=" (64)" />
        <deal Ticket="8476328" OpenTime="2010-01-28 09:44:00" DealType="-1" Lots="0.03" Symbol="SIH0" Open="16.650" SL="16.800" TP="16.610" CloseTime="2010-01-28 12:29:00" Close="16.635" Swap="-0.30" Profit="2.25" Comment=" (65)" />
        <deal Ticket="8476698" OpenTime="2010-01-28 09:41:00" DealType="-1" Lots="0.06" Symbol="6BH0" Open="1.6250" SL="1.6300" TP="1.6240" CloseTime="2010-01-28 12:29:00" Close="1.6253" Swap="-0.60" Profit="-1.13" Comment=" (66)" />
        <deal Ticket="8477989" OpenTime="2010-01-28 11:03:00" DealType="1" Lots="0.02" Symbol="SIH0" Open="16.730" SL="16.900" TP="16.500" CloseTime="2010-01-28 11:34:00" Close="16.675" Swap="0.00" Profit="0.00" Comment="cancelled (67)" />
        <deal Ticket="8476343" OpenTime="2010-01-28 09:25:00" DealType="1" Lots="0.06" Symbol="6BH0" Open="1.6265" SL="1.6300" TP="1.6200" CloseTime="2010-01-28 09:41:00" Close="1.6252" Swap="0.00" Profit="0.00" Comment="cancelled (68)" />
        <deal Ticket="8468101" OpenTime="2010-01-27 21:16:00" DealType="1" Lots="0.04" Symbol="6JH0" Open="1.1130" SL="1.1100" TP="1.1170" CloseTime="2010-01-28 01:32:00" Close="1.1100" Swap="-0.40" Profit="-15.00" Comment="[sl] (69)" />
        <deal Ticket="8467938" OpenTime="2010-01-27 21:13:00" DealType="-1" Lots="0.02" Symbol="CLJ0" Open="73.97" SL="0.00" TP="0.00" CloseTime="2010-01-27 21:14:00" Close="74.01" Swap="-0.20" Profit="-0.80" Comment=" (70)" />
        <deal Ticket="8466728" OpenTime="2010-01-27 20:42:00" DealType="1" Lots="0.03" Symbol="6EH0" Open="1.4034" SL="1.3998" TP="1.4040" CloseTime="2010-01-27 21:13:00" Close="1.3998" Swap="-0.30" Profit="-13.50" Comment="[sl] (71)" />
        <deal Ticket="8466775" OpenTime="2010-01-27 20:42:00" DealType="1" Lots="0.01" Symbol="SIH0" Open="16.655" SL="0.000" TP="16.660" CloseTime="2010-01-27 21:13:00" Close="16.515" Swap="-0.10" Profit="-7.00" Comment=" (72)" />
        <deal Ticket="8464328" OpenTime="2010-01-27 19:33:00" DealType="1" Lots="0.02" Symbol="CLJ0" Open="73.75" SL="73.00" TP="74.20" CloseTime="2010-01-27 21:13:00" Close="73.97" Swap="-0.20" Profit="4.40" Comment=" (73)" />
        <deal Ticket="8445699" OpenTime="2010-01-27 01:11:00" DealType="1" Lots="0.02" Symbol="6BH0" Open="1.6120" SL="1.6080" TP="1.6180" CloseTime="2010-01-27 21:13:00" Close="1.6141" Swap="-0.20" Profit="2.63" Comment=" (74)" />
        <deal Ticket="8445824" OpenTime="2010-01-27 09:21:00" DealType="-1" Lots="0.04" Symbol="DXH0" Open="78.800" SL="79.005" TP="78.850" CloseTime="2010-01-27 21:12:00" Close="79.005" Swap="-0.40" Profit="-8.20" Comment="[sl] (75)" />
        <deal Ticket="8445832" OpenTime="2010-01-27 06:45:00" DealType="-1" Lots="0.02" Symbol="DXH0" Open="78.700" SL="79.005" TP="78.850" CloseTime="2010-01-27 21:12:00" Close="79.005" Swap="-0.20" Profit="-6.10" Comment="[sl] (76)" />
        <deal Ticket="8466718" OpenTime="2010-01-27 20:41:00" DealType="1" Lots="0.03" Symbol="6EH0" Open="1.4034" SL="0.0000" TP="0.0000" CloseTime="2010-01-27 20:41:00" Close="1.4036" Swap="0.00" Profit="0.00" Comment="cancelled (77)" />
        <deal Ticket="8466189" OpenTime="2010-01-27 20:32:00" DealType="1" Lots="0.03" Symbol="6EH0" Open="1.4005" SL="1.3970" TP="1.4040" CloseTime="2010-01-27 20:41:00" Close="1.4040" Swap="-0.30" Profit="13.13" Comment="[tp] (78)" />
        <deal Ticket="8466291" OpenTime="2010-01-27 20:31:00" DealType="1" Lots="0.03" Symbol="6EH0" Open="1.4017" SL="0.0000" TP="1.4040" CloseTime="2010-01-27 20:41:00" Close="1.4040" Swap="-0.30" Profit="8.63" Comment="[tp] (79)" />
        <deal Ticket="8445871" OpenTime="2010-01-27 09:28:00" DealType="1" Lots="0.02" Symbol="6EH0" Open="1.4030" SL="1.4000" TP="1.4200" CloseTime="2010-01-27 20:26:00" Close="1.4000" Swap="-0.20" Profit="-7.50" Comment="[sl] (80)" />
        <deal Ticket="8464312" OpenTime="2010-01-27 19:33:00" DealType="1" Lots="0.02" Symbol="CLJ0" Open="73.50" SL="73.00" TP="75.00" CloseTime="2010-01-27 19:46:00" Close="73.87" Swap="0.00" Profit="0.00" Comment="cancelled (81)" />
        <deal Ticket="8464298" OpenTime="2010-01-27 19:32:00" DealType="1" Lots="0.02" Symbol="CLJ0" Open="73.50" SL="73.00" TP="74.00" CloseTime="2010-01-27 19:33:00" Close="73.62" Swap="0.00" Profit="0.00" Comment="cancelled (82)" />
        <deal Ticket="8443474" OpenTime="2010-01-26 17:39:00" DealType="1" Lots="0.02" Symbol="6BH0" Open="1.6100" SL="1.6070" TP="1.6400" CloseTime="2010-01-27 17:06:00" Close="1.6180" Swap="0.00" Profit="0.00" Comment="cancelled (83)" />
        <deal Ticket="8443573" OpenTime="2010-01-26 17:44:00" DealType="1" Lots="0.02" Symbol="SIH0" Open="16.870" SL="16.740" TP="0.000" CloseTime="2010-01-26 17:56:00" Close="16.850" Swap="-0.20" Profit="-2.00" Comment=" (84)" />
        <deal Ticket="8441747" OpenTime="2010-01-26 16:27:00" DealType="-1" Lots="0.02" Symbol="CLJ0" Open="75.09" SL="75.50" TP="0.00" CloseTime="2010-01-26 17:52:00" Close="75.50" Swap="-0.20" Profit="-8.20" Comment="[sl] (85)" />
        <deal Ticket="8443287" OpenTime="2010-01-26 17:31:00" DealType="1" Lots="0.02" Symbol="SIH0" Open="16.815" SL="16.700" TP="16.835" CloseTime="2010-01-26 17:37:00" Close="16.835" Swap="-0.20" Profit="2.00" Comment="[tp] (86)" />
        <deal Ticket="8443008" OpenTime="2010-01-26 17:17:00" DealType="1" Lots="0.02" Symbol="SIH0" Open="16.700" SL="16.600" TP="17.000" CloseTime="2010-01-26 17:28:00" Close="16.790" Swap="0.00" Profit="0.00" Comment="cancelled (87)" />
        <deal Ticket="8441765" OpenTime="2010-01-26 16:27:00" DealType="-1" Lots="0.02" Symbol="SIH0" Open="16.600" SL="16.700" TP="16.490" CloseTime="2010-01-26 17:11:00" Close="16.710" Swap="-0.20" Profit="-11.00" Comment="[sl] (88)" />
        <deal Ticket="8430067" OpenTime="2010-01-26 11:08:00" DealType="-1" Lots="0.02" Symbol="CLJ0" Open="75.00" SL="75.30" TP="74.40" CloseTime="2010-01-26 16:21:00" Close="75.31" Swap="-0.20" Profit="-6.20" Comment="[sl] (89)" />
        <deal Ticket="8440812" OpenTime="2010-01-26 16:02:00" DealType="-1" Lots="0.01" Symbol="SIH0" Open="16.570" SL="16.640" TP="0.000" CloseTime="2010-01-26 16:08:00" Close="16.640" Swap="-0.10" Profit="-3.50" Comment="[sl] (90)" />
        <deal Ticket="8439596" OpenTime="2010-01-26 15:07:00" DealType="-1" Lots="0.04" Symbol="SIH0" Open="16.470" SL="16.550" TP="16.350" CloseTime="2010-01-26 15:15:00" Close="16.350" Swap="-0.40" Profit="24.00" Comment="[tp] (91)" />
        <deal Ticket="8429944" OpenTime="2010-01-26 12:23:00" DealType="-1" Lots="0.02" Symbol="DXH0" Open="78.650" SL="78.750" TP="78.000" CloseTime="2010-01-26 15:01:00" Close="78.750" Swap="-0.20" Profit="-2.00" Comment="[sl] (92)" />
        <deal Ticket="8432862" OpenTime="2010-01-26 09:26:00" DealType="1" Lots="0.02" Symbol="SIH0" Open="16.950" SL="16.850" TP="17.250" CloseTime="2010-01-26 11:10:00" Close="16.845" Swap="-0.20" Profit="-10.50" Comment="[sl] (93)" />
        <deal Ticket="8432371" OpenTime="2010-01-26 10:15:00" DealType="-1" Lots="0.02" Symbol="6JH0" Open="1.1150" SL="1.1180" TP="1.0904" CloseTime="2010-01-26 10:24:00" Close="1.1180" Swap="-0.20" Profit="-7.50" Comment="[sl] (94)" />
        <deal Ticket="8431084" OpenTime="2010-01-26 08:07:00" DealType="-1" Lots="0.02" Symbol="6JH0" Open="1.1079" SL="1.1115" TP="1.0935" CloseTime="2010-01-26 09:35:00" Close="1.1115" Swap="-0.20" Profit="-9.00" Comment="[sl] (95)" />
        <deal Ticket="8425481" OpenTime="2010-01-25 22:17:00" DealType="1" Lots="0.02" Symbol="6BH0" Open="1.6120" SL="1.6090" TP="0.0000" CloseTime="2010-01-26 07:05:00" Close="1.6205" Swap="0.00" Profit="0.00" Comment="cancelled (96)" />
        <deal Ticket="8411861" OpenTime="2010-01-25 07:55:00" DealType="1" Lots="0.04" Symbol="6BH0" Open="1.6110" SL="1.6080" TP="1.6400" CloseTime="2010-01-26 07:05:00" Close="1.6205" Swap="0.00" Profit="0.00" Comment="cancelled (97)" />
        <deal Ticket="8399608" OpenTime="2010-01-22 13:51:00" DealType="-1" Lots="0.01" Symbol="6JH0" Open="1.1120" SL="1.1150" TP="1.1025" CloseTime="2010-01-26 06:09:00" Close="1.1149" Swap="-0.10" Profit="-3.63" Comment="[sl] (98)" />
        <deal Ticket="8424777" OpenTime="2010-01-25 20:55:00" DealType="-1" Lots="0.02" Symbol="6BH0" Open="1.6231" SL="1.6260" TP="1.6150" CloseTime="2010-01-26 01:25:00" Close="1.6259" Swap="-0.20" Profit="-3.50" Comment="[sl] (99)" />
        <deal Ticket="8422998" OpenTime="2010-01-25 18:56:00" DealType="-1" Lots="0.02" Symbol="6BH0" Open="1.6230" SL="1.6245" TP="1.6200" CloseTime="2010-01-25 20:39:00" Close="1.6245" Swap="-0.20" Profit="-1.88" Comment="[sl] (100)" />
        <deal Ticket="8404079" OpenTime="2010-01-22 16:51:00" DealType="1" Lots="0.01" Symbol="CLJ0" Open="75.35" SL="75.00" TP="76.41" CloseTime="2010-01-22 20:18:00" Close="75.00" Swap="-0.10" Profit="-3.50" Comment="[sl] (101)" />
        <deal Ticket="8400323" OpenTime="2010-01-22 13:55:00" DealType="1" Lots="0.01" Symbol="6JH0" Open="1.1130" SL="1.1160" TP="1.1025" CloseTime="2010-01-22 18:55:00" Close="1.1116" Swap="0.00" Profit="0.00" Comment="cancelled (102)" />
        <deal Ticket="8400022" OpenTime="2010-01-22 15:39:00" DealType="1" Lots="0.01" Symbol="CLJ0" Open="75.80" SL="75.40" TP="79.17" CloseTime="2010-01-22 16:02:00" Close="75.39" Swap="-0.10" Profit="-4.10" Comment="[sl] (103)" />
        <deal Ticket="8399641" OpenTime="2010-01-22 14:58:00" DealType="1" Lots="0.02" Symbol="CLJ0" Open="76.10" SL="75.80" TP="79.35" CloseTime="2010-01-22 15:37:00" Close="75.80" Swap="-0.20" Profit="-6.00" Comment="[sl] (104)" />
        <deal Ticket="8396369" OpenTime="2010-01-22 10:40:00" DealType="-1" Lots="0.02" Symbol="6BH0" Open="1.6208" SL="1.6265" TP="1.6170" CloseTime="2010-01-22 12:49:00" Close="1.6170" Swap="-0.20" Profit="4.75" Comment="[tp] (105)" />
        <deal Ticket="8377954" OpenTime="2010-01-21 14:51:00" DealType="1" Lots="0.01" Symbol="6JH0" Open="1.0890" SL="1.0830" TP="1.1210" CloseTime="2010-01-21 17:52:00" Close="1.1086" Swap="0.00" Profit="0.00" Comment="cancelled (106)" />
        <deal Ticket="8377934" OpenTime="2010-01-21 15:37:00" DealType="1" Lots="0.02" Symbol="6JH0" Open="1.0895" SL="1.0865" TP="1.1080" CloseTime="2010-01-21 17:50:00" Close="1.1080" Swap="-0.20" Profit="46.25" Comment="[tp] (107)" />
        <deal Ticket="8378067" OpenTime="2010-01-21 16:30:00" DealType="-1" Lots="0.02" Symbol="DXH0" Open="78.800" SL="79.000" TP="78.710" CloseTime="2010-01-21 16:48:00" Close="78.780" Swap="-0.20" Profit="0.40" Comment=" (108)" />
        <deal Ticket="8378436" OpenTime="2010-01-21 15:22:00" DealType="1" Lots="0.02" Symbol="SIH0" Open="17.750" SL="17.650" TP="18.815" CloseTime="2010-01-21 15:42:00" Close="17.930" Swap="0.00" Profit="0.00" Comment="cancelled (109)" />
        <deal Ticket="8369316" OpenTime="2010-01-21 09:39:00" DealType="1" Lots="0.02" Symbol="6JH0" Open="1.0905" SL="1.0875" TP="1.0990" CloseTime="2010-01-21 12:22:00" Close="1.0899" Swap="-0.20" Profit="-1.50" Comment=" (110)" />
        <deal Ticket="8369159" OpenTime="2010-01-21 09:45:00" DealType="1" Lots="0.02" Symbol="CLJ0" Open="78.23" SL="78.00" TP="0.00" CloseTime="2010-01-21 10:05:00" Close="77.98" Swap="-0.20" Profit="-5.00" Comment="[sl] (111)" />
        <deal Ticket="8369168" OpenTime="2010-01-21 08:35:00" DealType="1" Lots="0.02" Symbol="SIH0" Open="17.950" SL="17.900" TP="0.000" CloseTime="2010-01-21 09:42:00" Close="17.895" Swap="-0.20" Profit="-5.50" Comment="[sl] (112)" />
        <deal Ticket="8369171" OpenTime="2010-01-21 08:50:00" DealType="1" Lots="0.03" Symbol="6BH0" Open="1.6250" SL="1.6220" TP="1.6320" CloseTime="2010-01-21 08:58:00" Close="1.6220" Swap="-0.30" Profit="-5.63" Comment="[sl] (113)" />
        <deal Ticket="8369175" OpenTime="2010-01-21 07:04:00" DealType="1" Lots="0.02" Symbol="6JH0" Open="1.0913" SL="1.0898" TP="1.0950" CloseTime="2010-01-21 07:11:00" Close="1.0915" Swap="-0.20" Profit="0.50" Comment=" (114)" />
        <deal Ticket="8352023" OpenTime="2010-01-20 10:01:00" DealType="1" Lots="0.06" Symbol="6BH0" Open="1.6260" SL="1.6199" TP="1.6283" CloseTime="2010-01-20 20:22:00" Close="1.6281" Swap="-0.60" Profit="7.88" Comment=" (115)" />
        <deal Ticket="8344961" OpenTime="2010-01-20 10:03:00" DealType="-1" Lots="0.02" Symbol="6JH0" Open="1.1000" SL="1.1040" TP="1.0955" CloseTime="2010-01-20 20:21:00" Close="1.0963" Swap="-0.20" Profit="9.25" Comment=" (116)" />
        <deal Ticket="8358913" OpenTime="2010-01-20 15:00:00" DealType="1" Lots="0.02" Symbol="GASH0" Open="621.00" SL="0.00" TP="624.25" CloseTime="2010-01-20 20:20:00" Close="624.25" Swap="-0.20" Profit="6.50" Comment="[tp] (117)" />
        <deal Ticket="8358890" OpenTime="2010-01-20 14:58:00" DealType="1" Lots="0.02" Symbol="CLJ0" Open="78.33" SL="0.00" TP="78.46" CloseTime="2010-01-20 20:20:00" Close="78.46" Swap="-0.20" Profit="2.60" Comment="[tp] (118)" />
        <deal Ticket="8353082" OpenTime="2010-01-20 10:04:00" DealType="1" Lots="0.02" Symbol="6JH0" Open="1.1020" SL="1.1060" TP="1.0910" CloseTime="2010-01-20 15:56:00" Close="1.0954" Swap="0.00" Profit="0.00" Comment="cancelled (119)" />
        <deal Ticket="8359082" OpenTime="2010-01-20 15:10:00" DealType="1" Lots="0.02" Symbol="SIH0" Open="18.305" SL="0.000" TP="18.310" CloseTime="2010-01-20 15:39:00" Close="18.310" Swap="-0.20" Profit="0.50" Comment="[tp] (120)" />
        <deal Ticket="8354514" OpenTime="2010-01-20 11:22:00" DealType="1" Lots="0.03" Symbol="SIH0" Open="18.575" SL="18.300" TP="18.830" CloseTime="2010-01-20 15:08:00" Close="18.290" Swap="-0.30" Profit="-42.75" Comment="[sl] (121)" />
        <deal Ticket="8358788" OpenTime="2010-01-20 14:52:00" DealType="1" Lots="0.02" Symbol="SIH0" Open="18.400" SL="0.000" TP="0.000" CloseTime="2010-01-20 15:07:00" Close="18.425" Swap="0.00" Profit="0.00" Comment="cancelled (122)" />
        <deal Ticket="8358467" OpenTime="2010-01-20 14:34:00" DealType="1" Lots="0.05" Symbol="GASH0" Open="621.00" SL="0.00" TP="0.00" CloseTime="2010-01-20 14:59:00" Close="621.75" Swap="0.00" Profit="0.00" Comment="cancelled (123)" />
        <deal Ticket="8358488" OpenTime="2010-01-20 14:36:00" DealType="1" Lots="0.05" Symbol="CLJ0" Open="78.32" SL="0.00" TP="0.00" CloseTime="2010-01-20 14:46:00" Close="78.31" Swap="0.00" Profit="0.00" Comment="deleted [no money] (124)" />
        <deal Ticket="8353371" OpenTime="2010-01-20 10:22:00" DealType="1" Lots="0.03" Symbol="SIH0" Open="18.580" SL="0.000" TP="0.000" CloseTime="2010-01-20 10:52:00" Close="18.615" Swap="0.00" Profit="0.00" Comment="cancelled (125)" />
        <deal Ticket="8351988" OpenTime="2010-01-20 09:02:00" DealType="1" Lots="0.04" Symbol="SIH0" Open="18.580" SL="18.500" TP="0.000" CloseTime="2010-01-20 10:22:00" Close="18.625" Swap="0.00" Profit="0.00" Comment="cancelled (126)" />
        <deal Ticket="8350741" OpenTime="2010-01-20 08:39:00" DealType="1" Lots="0.03" Symbol="SIH0" Open="18.620" SL="18.540" TP="18.765" CloseTime="2010-01-20 09:01:00" Close="18.535" Swap="-0.30" Profit="-12.75" Comment="[sl] (127)" />
        <deal Ticket="8350918" OpenTime="2010-01-20 08:37:00" DealType="1" Lots="0.04" Symbol="6BH0" Open="1.6280" SL="1.6250" TP="1.6430" CloseTime="2010-01-20 09:01:00" Close="1.6250" Swap="-0.40" Profit="-7.50" Comment="[sl] (128)" />
        <deal Ticket="8344956" OpenTime="2010-01-19 21:14:00" DealType="1" Lots="0.03" Symbol="6BH0" Open="1.6425" SL="1.6455" TP="1.6260" CloseTime="2010-01-20 08:02:00" Close="1.6305" Swap="0.00" Profit="0.00" Comment="cancelled (129)" />
        <deal Ticket="8343927" OpenTime="2010-01-19 19:26:00" DealType="-1" Lots="0.03" Symbol="SIH0" Open="18.800" SL="18.860" TP="18.785" CloseTime="2010-01-20 00:10:00" Close="18.790" Swap="-0.30" Profit="1.50" Comment=" (130)" />
        <deal Ticket="8341745" OpenTime="2010-01-19 17:18:00" DealType="1" Lots="0.03" Symbol="6SH0" Open="0.9670" SL="0.9640" TP="0.9877" CloseTime="2010-01-19 18:11:00" Close="0.9677" Swap="-0.30" Profit="2.63" Comment=" (131)" />
        <deal Ticket="8340534" OpenTime="2010-01-19 16:01:00" DealType="1" Lots="0.03" Symbol="SIH0" Open="18.570" SL="18.470" TP="18.805" CloseTime="2010-01-19 18:11:00" Close="18.705" Swap="0.00" Profit="0.00" Comment="cancelled (132)" />
        <deal Ticket="8340122" OpenTime="2010-01-19 15:47:00" DealType="1" Lots="0.03" Symbol="SIH0" Open="18.675" SL="18.530" TP="18.780" CloseTime="2010-01-19 17:59:00" Close="18.690" Swap="-0.30" Profit="2.25" Comment=" (133)" />
        <deal Ticket="8339951" OpenTime="2010-01-19 15:42:00" DealType="1" Lots="0.03" Symbol="DXH0" Open="77.715" SL="77.810" TP="77.335" CloseTime="2010-01-19 16:26:00" Close="77.670" Swap="0.00" Profit="0.00" Comment="cancelled (134)" />
        <deal Ticket="8337821" OpenTime="2010-01-19 13:55:00" DealType="1" Lots="0.03" Symbol="6BH0" Open="1.6310" SL="1.6280" TP="1.6414" CloseTime="2010-01-19 15:41:00" Close="1.6361" Swap="0.00" Profit="0.00" Comment="cancelled (135)" />
        <deal Ticket="8339302" OpenTime="2010-01-19 15:05:00" DealType="1" Lots="0.03" Symbol="SIH0" Open="18.470" SL="18.400" TP="18.615" CloseTime="2010-01-19 15:36:00" Close="18.600" Swap="0.00" Profit="0.00" Comment="cancelled (136)" />
        <deal Ticket="8337062" OpenTime="2010-01-19 13:47:00" DealType="1" Lots="0.03" Symbol="SIH0" Open="18.510" SL="18.450" TP="18.615" CloseTime="2010-01-19 14:49:00" Close="18.605" Swap="-0.30" Profit="14.25" Comment=" (137)" />
        <deal Ticket="8335765" OpenTime="2010-01-19 12:26:00" DealType="1" Lots="0.03" Symbol="6BH0" Open="1.6385" SL="1.6415" TP="0.0000" CloseTime="2010-01-19 13:19:00" Close="1.6318" Swap="0.00" Profit="0.00" Comment="cancelled (138)" />
        <deal Ticket="8329796" OpenTime="2010-01-19 07:47:00" DealType="-1" Lots="0.03" Symbol="6BH0" Open="1.6415" SL="1.6445" TP="1.6270" CloseTime="2010-01-19 10:30:00" Close="1.6442" Swap="-0.30" Profit="-5.06" Comment="[sl] (139)" />
        <deal Ticket="8317728" OpenTime="2010-01-18 08:07:00" DealType="1" Lots="0.02" Symbol="SIH0" Open="18.720" SL="18.800" TP="18.475" CloseTime="2010-01-18 14:16:00" Close="18.645" Swap="0.00" Profit="0.00" Comment="cancelled (140)" />
        <deal Ticket="8277820" OpenTime="2010-01-13 19:51:00" DealType="-1" Lots="0.02" Symbol="SIH0" Open="18.540" SL="18.805" TP="18.440" CloseTime="2010-01-15 16:50:00" Close="18.495" Swap="-0.20" Profit="4.50" Comment=" (141)" />
        <deal Ticket="8245837" OpenTime="2010-01-12 08:46:00" DealType="-1" Lots="0.02" Symbol="SIH0" Open="18.800" SL="18.905" TP="18.440" CloseTime="2010-01-15 16:50:00" Close="18.490" Swap="-0.20" Profit="31.00" Comment=" (142)" />
        <deal Ticket="8303014" OpenTime="2010-01-15 09:33:00" DealType="-1" Lots="0.06" Symbol="6BH0" Open="1.6320" SL="1.6350" TP="1.6261" CloseTime="2010-01-15 16:36:00" Close="1.6261" Swap="-0.60" Profit="22.13" Comment="[tp] (143)" />
        <deal Ticket="8292411" OpenTime="2010-01-14 16:30:00" DealType="-1" Lots="0.02" Symbol="NGG0" Open="5.58100000" SL="0.00000000" TP="5.53000000" CloseTime="2010-01-14 16:43:00" Close="5.56400000" Swap="-0.20" Profit="3.40" Comment=" (144)" />
        <deal Ticket="8256857" OpenTime="2010-01-12 18:52:00" DealType="-1" Lots="0.02" Symbol="6JH0" Open="1.1012" SL="1.1052" TP="1.0860" CloseTime="2010-01-14 06:48:00" Close="1.0904" Swap="-0.20" Profit="27.00" Comment=" (146)" />
        <deal Ticket="8240121" OpenTime="2010-01-11 19:23:00" DealType="1" Lots="0.01" Symbol="ZRH0" Open="1500.0" SL="1600.5" TP="0.0" CloseTime="2010-01-13 19:52:00" Close="1409.0" Swap="0.00" Profit="0.00" Comment="cancelled (147)" />
        <deal Ticket="8277714" OpenTime="2010-01-13 19:24:00" DealType="-1" Lots="0.02" Symbol="SIH0" Open="18.560" SL="18.700" TP="18.445" CloseTime="2010-01-13 19:26:00" Close="18.445" Swap="-0.20" Profit="11.50" Comment="[tp] (148)" />
        <deal Ticket="8257073" OpenTime="2010-01-12 18:01:00" DealType="-1" Lots="0.02" Symbol="6JH0" Open="1.0992" SL="1.1020" TP="1.0910" CloseTime="2010-01-12 18:54:00" Close="1.1019" Swap="-0.20" Profit="-6.75" Comment="[sl] (149)" />
        <deal Ticket="8254965" OpenTime="2010-01-12 16:32:00" DealType="-1" Lots="0.02" Symbol="6JH0" Open="1.0980" SL="1.1010" TP="1.0740" CloseTime="2010-01-12 17:41:00" Close="1.1010" Swap="-0.20" Profit="-7.50" Comment="[sl] (150)" />
        <deal Ticket="8254772" OpenTime="2010-01-12 16:23:00" DealType="1" Lots="0.02" Symbol="DXH0" Open="77.070" SL="76.995" TP="77.250" CloseTime="2010-01-12 16:33:00" Close="76.990" Swap="-0.20" Profit="-1.60" Comment="[sl] (151)" />
        <deal Ticket="8239591" OpenTime="2010-01-11 20:15:00" DealType="-1" Lots="0.02" Symbol="6JH0" Open="1.0886" SL="1.0916" TP="1.0775" CloseTime="2010-01-12 11:56:00" Close="1.0917" Swap="-0.20" Profit="-7.75" Comment="[sl] (152)" />
        <deal Ticket="8240232" OpenTime="2010-01-11 19:36:00" DealType="-1" Lots="0.02" Symbol="SIH0" Open="18.675" SL="18.780" TP="17.500" CloseTime="2010-01-12 08:20:00" Close="18.780" Swap="-0.20" Profit="-10.50" Comment="[sl] (153)" />
        <deal Ticket="8235821" OpenTime="2010-01-11 16:00:00" DealType="-1" Lots="0.02" Symbol="6JH0" Open="1.0830" SL="1.0860" TP="1.0713" CloseTime="2010-01-11 16:39:00" Close="1.0860" Swap="-0.20" Profit="-7.50" Comment="[sl] (154)" />
        <deal Ticket="8210146" OpenTime="2010-01-08 08:01:00" DealType="1" Lots="0.02" Symbol="GCG0" Open="1115.0" SL="0.0" TP="0.0" CloseTime="2010-01-08 22:29:00" Close="1137.1" Swap="0.00" Profit="0.00" Comment="cancelled (156)" />
        <deal Ticket="8210917" OpenTime="2010-01-08 11:26:00" DealType="1" Lots="0.03" Symbol="SIH0" Open="18.105" SL="18.000" TP="18.480" CloseTime="2010-01-08 21:08:00" Close="18.480" Swap="-0.30" Profit="56.25" Comment="[tp] (157)" />
        <deal Ticket="8159057" OpenTime="2010-01-08 14:45:00" DealType="-1" Lots="0.02" Symbol="6BH0" Open="1.6070" SL="1.6105" TP="0.0000" CloseTime="2010-01-08 14:55:00" Close="1.6104" Swap="-0.20" Profit="-4.25" Comment="[sl] (158)" />
        <deal Ticket="8210086" OpenTime="2010-01-08 08:19:00" DealType="1" Lots="0.02" Symbol="6JH0" Open="1.0720" SL="1.0640" TP="1.0810" CloseTime="2010-01-08 14:30:00" Close="1.0810" Swap="-0.20" Profit="22.50" Comment="[tp] (159)" />
        <deal Ticket="8207410" OpenTime="2010-01-08 00:00:00" DealType="1" Lots="0.02" Symbol="6JH0" Open="1.0705" SL="1.0670" TP="1.0780" CloseTime="2010-01-08 14:30:00" Close="1.0780" Swap="-0.20" Profit="18.75" Comment="[tp] (160)" />
        <deal Ticket="8208033" OpenTime="2010-01-08 08:40:00" DealType="-1" Lots="0.01" Symbol="GBPUSD" Open="1.5970" SL="1.6010" TP="1.5830" CloseTime="2010-01-08 09:45:00" Close="1.6010" Swap="0.00" Profit="-4.00" Comment="[sl] (161)" />
        <deal Ticket="8210077" OpenTime="2010-01-08 07:56:00" DealType="1" Lots="0.03" Symbol="SIH0" Open="18.125" SL="18.000" TP="18.350" CloseTime="2010-01-08 08:59:00" Close="18.200" Swap="-0.30" Profit="11.25" Comment=" (162)" />
        <deal Ticket="8196332" OpenTime="2010-01-07 08:04:00" DealType="1" Lots="0.02" Symbol="SIH0" Open="18.100" SL="18.055" TP="0.000" CloseTime="2010-01-08 06:56:00" Close="18.055" Swap="-0.20" Profit="-4.50" Comment="[sl] (163)" />
        <deal Ticket="8188677" OpenTime="2010-01-07 08:16:00" DealType="1" Lots="0.02" Symbol="6JH0" Open="1.0790" SL="1.0680" TP="1.0934" CloseTime="2010-01-08 01:46:00" Close="1.0680" Swap="-0.20" Profit="-27.50" Comment="[sl] (164)" />
        <deal Ticket="8196230" OpenTime="2010-01-07 07:58:00" DealType="1" Lots="0.02" Symbol="SIH0" Open="18.190" SL="0.000" TP="0.000" CloseTime="2010-01-07 08:01:00" Close="18.130" Swap="0.00" Profit="0.00" Comment="cancelled (165)" />
        <deal Ticket="8188773" OpenTime="2010-01-06 17:16:00" DealType="-1" Lots="0.02" Symbol="SIH0" Open="18.190" SL="18.265" TP="17.800" CloseTime="2010-01-07 01:30:00" Close="18.305" Swap="-0.20" Profit="-11.50" Comment="[sl] (166)" />
        <deal Ticket="8188693" OpenTime="2010-01-06 16:47:00" DealType="-1" Lots="0.02" Symbol="SIH0" Open="18.140" SL="18.200" TP="18.010" CloseTime="2010-01-06 16:49:00" Close="18.095" Swap="-0.20" Profit="4.50" Comment=" (167)" />
        <deal Ticket="8165388" OpenTime="2010-01-06 11:03:00" DealType="1" Lots="0.01" Symbol="6JH0" Open="1.0830" SL="1.0787" TP="0.0000" CloseTime="2010-01-06 16:35:00" Close="1.0786" Swap="-0.10" Profit="-5.50" Comment="[sl] (168)" />
        <deal Ticket="8183591" OpenTime="2010-01-06 11:20:00" DealType="-1" Lots="0.02" Symbol="SIH0" Open="17.975" SL="18.000" TP="0.000" CloseTime="2010-01-06 14:36:00" Close="18.000" Swap="-0.20" Profit="-2.50" Comment="[sl] (169)" />
        <deal Ticket="8183221" OpenTime="2010-01-06 10:59:00" DealType="1" Lots="0.02" Symbol="6BH0" Open="1.6040" SL="1.6080" TP="1.5845" CloseTime="2010-01-06 13:08:00" Close="1.5975" Swap="0.00" Profit="0.00" Comment="cancelled (170)" />
        <deal Ticket="8180036" OpenTime="2010-01-06 08:43:00" DealType="-1" Lots="0.02" Symbol="SIH0" Open="17.950" SL="18.005" TP="0.000" CloseTime="2010-01-06 09:48:00" Close="18.020" Swap="-0.20" Profit="-7.00" Comment="[sl] (171)" />
        <deal Ticket="8177249" OpenTime="2010-01-06 02:03:00" DealType="-1" Lots="0.02" Symbol="SIH0" Open="17.830" SL="17.870" TP="0.000" CloseTime="2010-01-06 02:53:00" Close="17.875" Swap="-0.20" Profit="-4.50" Comment="[sl] (172)" />
        <deal Ticket="8172668" OpenTime="2010-01-05 16:14:00" DealType="-1" Lots="0.01" Symbol="6JH0" Open="1.0934" SL="1.0929" TP="1.0870" CloseTime="2010-01-06 01:03:00" Close="1.0930" Swap="-0.10" Profit="0.50" Comment="[sl] (173)" />
        <deal Ticket="8173858" OpenTime="2010-01-05 17:35:00" DealType="-1" Lots="0.02" Symbol="SIH0" Open="17.845" SL="17.740" TP="17.450" CloseTime="2010-01-05 20:47:00" Close="17.740" Swap="-0.20" Profit="10.50" Comment="[sl] (174)" />
        <deal Ticket="8173793" OpenTime="2010-01-05 17:25:00" DealType="1" Lots="0.01" Symbol="SIH0" Open="17.890" SL="17.945" TP="17.070" CloseTime="2010-01-05 20:41:00" Close="17.725" Swap="0.00" Profit="0.00" Comment="cancelled (175)" />
        <deal Ticket="8170782" OpenTime="2010-01-05 17:00:00" DealType="-1" Lots="0.01" Symbol="SIH0" Open="17.750" SL="17.855" TP="0.000" CloseTime="2010-01-05 17:09:00" Close="17.855" Swap="-0.10" Profit="-5.25" Comment="[sl] (176)" />
        <deal Ticket="8170733" OpenTime="2010-01-05 16:04:00" DealType="-1" Lots="0.01" Symbol="SIH0" Open="17.650" SL="17.820" TP="17.050" CloseTime="2010-01-05 17:05:00" Close="17.820" Swap="-0.10" Profit="-8.50" Comment="[sl] (177)" />
        <deal Ticket="8165335" OpenTime="2010-01-05 09:02:00" DealType="1" Lots="0.01" Symbol="6JH0" Open="1.0852" SL="1.0820" TP="0.0000" CloseTime="2010-01-05 16:15:00" Close="1.0937" Swap="0.00" Profit="0.00" Comment="cancelled (178)" />
        <deal Ticket="8164494" OpenTime="2010-01-05 08:06:00" DealType="1" Lots="0.01" Symbol="SIH0" Open="17.715" SL="17.650" TP="0.000" CloseTime="2010-01-05 09:57:00" Close="17.650" Swap="-0.10" Profit="-3.25" Comment="[sl] (179)" />
        <deal Ticket="8081908" OpenTime="2009-12-30 00:54:00" DealType="1" Lots="0.01" Symbol="SIH0" Open="17.050" SL="0.000" TP="18.400" CloseTime="2010-01-04 21:28:00" Close="17.500" Swap="-0.10" Profit="22.50" Comment=" (180)" />
        <deal Ticket="8130195" OpenTime="2009-12-31 16:31:00" DealType="1" Lots="0.01" Symbol="SIH0" Open="16.850" SL="0.000" TP="18.070" CloseTime="2010-01-04 21:27:00" Close="17.500" Swap="-0.10" Profit="32.50" Comment=" (181)" />
        <deal Ticket="8112781" OpenTime="2009-12-29 18:58:00" DealType="1" Lots="0.01" Symbol="SIH0" Open="17.150" SL="0.000" TP="17.700" CloseTime="2010-01-04 21:27:00" Close="17.500" Swap="-0.10" Profit="17.50" Comment=" (182)" />
        <deal Ticket="8130189" OpenTime="2009-12-31 14:51:00" DealType="-1" Lots="0.02" Symbol="6BH0" Open="1.6182" SL="1.6220" TP="1.5900" CloseTime="2010-01-04 11:12:00" Close="1.6221" Swap="-0.20" Profit="-4.88" Comment="[sl] (183)" />
        <deal Ticket="8127640" OpenTime="2009-12-31 09:40:00" DealType="1" Lots="0.02" Symbol="DXH0" Open="77.900" SL="77.750" TP="78.430" CloseTime="2010-01-04 02:01:00" Close="78.430" Swap="-0.20" Profit="10.60" Comment="[tp] (184)" />
        <deal Ticket="8130178" OpenTime="2009-12-31 14:50:00" DealType="1" Lots="0.02" Symbol="6BH0" Open="1.6186" SL="1.6220" TP="0.0000" CloseTime="2009-12-31 14:51:00" Close="1.6184" Swap="0.00" Profit="0.00" Comment="cancelled (185)" />
        <deal Ticket="8128941" OpenTime="2009-12-31 12:30:00" DealType="-1" Lots="0.01" Symbol="6BH0" Open="1.6180" SL="1.6210" TP="1.6065" CloseTime="2009-12-31 13:34:00" Close="1.6213" Swap="-0.10" Profit="-2.06" Comment="[sl] (186)" />
        <deal Ticket="8127608" OpenTime="2009-12-31 11:59:00" DealType="-1" Lots="0.01" Symbol="6BH0" Open="1.6145" SL="1.6200" TP="1.5915" CloseTime="2009-12-31 13:32:00" Close="1.6200" Swap="-0.10" Profit="-3.44" Comment="[sl] (187)" />
        <deal Ticket="8127524" OpenTime="2009-12-31 09:23:00" DealType="-1" Lots="0.01" Symbol="6BH0" Open="1.6130" SL="1.6190" TP="1.5900" CloseTime="2009-12-31 12:35:00" Close="1.6190" Swap="-0.10" Profit="-3.75" Comment="[sl] (188)" />
        <deal Ticket="8118571" OpenTime="2009-12-30 12:37:00" DealType="1" Lots="0.01" Symbol="6BH0" Open="1.5825" SL="1.5795" TP="1.5940" CloseTime="2009-12-31 09:04:00" Close="1.6126" Swap="0.00" Profit="0.00" Comment="cancelled (189)" />
        <deal Ticket="8114178" OpenTime="2009-12-30 02:00:00" DealType="-1" Lots="0.01" Symbol="DXH0" Open="78.280" SL="78.440" TP="0.000" CloseTime="2009-12-30 15:31:00" Close="78.450" Swap="-0.10" Profit="-1.70" Comment="[sl] (190)" />
        <deal Ticket="8112161" OpenTime="2009-12-29 18:32:00" DealType="-1" Lots="0.01" Symbol="DXH0" Open="78.190" SL="78.300" TP="77.175" CloseTime="2009-12-30 02:00:00" Close="78.320" Swap="-0.10" Profit="-1.30" Comment="[sl] (191)" />
        <deal Ticket="8110449" OpenTime="2009-12-29 17:02:00" DealType="-1" Lots="0.01" Symbol="DXH0" Open="77.985" SL="78.115" TP="77.340" CloseTime="2009-12-29 17:12:00" Close="78.120" Swap="-0.10" Profit="-1.35" Comment="[sl] (192)" />
        <deal Ticket="8087067" OpenTime="2009-12-24 09:23:00" DealType="-1" Lots="0.01" Symbol="ZRH0" Open="1516.0" SL="1521.0" TP="1465.0" CloseTime="2009-12-29 17:01:00" Close="1485.0" Swap="-0.10" Profit="6.20" Comment=" (193)" />
        <deal Ticket="8101461" OpenTime="2009-12-28 16:27:00" DealType="1" Lots="0.01" Symbol="DXH0" Open="78.170" SL="78.270" TP="0.000" CloseTime="2009-12-29 09:50:00" Close="77.745" Swap="0.00" Profit="0.00" Comment="cancelled (194)" />
        <deal Ticket="8087092" OpenTime="2009-12-24 15:15:00" DealType="-1" Lots="0.01" Symbol="DXH0" Open="78.125" SL="78.275" TP="77.075" CloseTime="2009-12-29 09:44:00" Close="77.770" Swap="-0.10" Profit="3.55" Comment=" (195)" />
        <deal Ticket="8081702" OpenTime="2009-12-23 16:49:00" DealType="1" Lots="0.01" Symbol="SIH0" Open="17.100" SL="0.000" TP="0.000" CloseTime="2009-12-28 20:47:00" Close="17.530" Swap="0.00" Profit="0.00" Comment="cancelled (196)" />
        <deal Ticket="8084115" OpenTime="2009-12-23 19:39:00" DealType="1" Lots="0.01" Symbol="SIH0" Open="17.150" SL="0.000" TP="0.000" CloseTime="2009-12-28 19:56:00" Close="17.535" Swap="0.00" Profit="0.00" Comment="cancelled (197)" />
        <deal Ticket="8087038" OpenTime="2009-12-24 14:34:00" DealType="1" Lots="0.01" Symbol="6BH0" Open="1.5955" SL="1.5925" TP="1.6100" CloseTime="2009-12-24 16:59:00" Close="1.5925" Swap="-0.10" Profit="-1.88" Comment="[sl] (198)" />
        <deal Ticket="8087041" OpenTime="2009-12-24 09:24:00" DealType="1" Lots="0.01" Symbol="6BH0" Open="1.5970" SL="1.5940" TP="1.6100" CloseTime="2009-12-24 15:06:00" Close="1.5940" Swap="-0.10" Profit="-1.88" Comment="[sl] (199)" />
        <deal Ticket="8087037" OpenTime="2009-12-24 07:42:00" DealType="1" Lots="0.01" Symbol="6BH0" Open="1.5955" SL="1.5925" TP="1.6100" CloseTime="2009-12-24 07:42:00" Close="1.5987" Swap="0.00" Profit="0.00" Comment="cancelled (200)" />
        <deal Ticket="8082959" OpenTime="2009-12-23 18:05:00" DealType="1" Lots="0.01" Symbol="SIH0" Open="17.150" SL="0.000" TP="0.000" CloseTime="2009-12-23 19:38:00" Close="17.165" Swap="0.00" Profit="0.00" Comment="cancelled (201)" />
        <deal Ticket="8081700" OpenTime="2009-12-23 16:48:00" DealType="1" Lots="0.01" Symbol="SIH0" Open="17.000" SL="0.000" TP="0.000" CloseTime="2009-12-23 19:38:00" Close="17.165" Swap="0.00" Profit="0.00" Comment="cancelled (202)" />
        <deal Ticket="8081703" OpenTime="2009-12-23 17:08:00" DealType="1" Lots="0.01" Symbol="SIH0" Open="17.150" SL="0.000" TP="17.220" CloseTime="2009-12-23 18:06:00" Close="17.220" Swap="-0.10" Profit="3.50" Comment="[tp] (203)" />
        <deal Ticket="8078035" OpenTime="2009-12-23 13:57:00" DealType="1" Lots="0.01" Symbol="SIH0" Open="16.900" SL="0.000" TP="0.000" CloseTime="2009-12-23 16:45:00" Close="17.175" Swap="0.00" Profit="0.00" Comment="cancelled (204)" />
        <deal Ticket="8052542" OpenTime="2009-12-21 19:07:00" DealType="1" Lots="0.01" Symbol="SIH0" Open="17.005" SL="16.600" TP="17.120" CloseTime="2009-12-23 15:29:00" Close="17.120" Swap="-0.10" Profit="5.75" Comment="[tp] (205)" />
        <deal Ticket="8031619" OpenTime="2009-12-21 18:23:00" DealType="1" Lots="0.02" Symbol="SIH0" Open="17.105" SL="16.600" TP="17.120" CloseTime="2009-12-23 15:29:00" Close="17.120" Swap="-0.20" Profit="1.50" Comment="[tp] (206)" />
        <deal Ticket="8062799" OpenTime="2009-12-22 13:53:00" DealType="-1" Lots="0.02" Symbol="DXH0" Open="78.495" SL="78.600" TP="78.185" CloseTime="2009-12-22 16:20:00" Close="78.610" Swap="-0.20" Profit="-2.30" Comment="[sl] (207)" />
        <deal Ticket="8062927" OpenTime="2009-12-22 13:58:00" DealType="1" Lots="0.01" Symbol="SIH0" Open="16.905" SL="16.850" TP="17.715" CloseTime="2009-12-22 14:00:00" Close="16.905" Swap="0.00" Profit="0.00" Comment="deleted [no money] (208)" />
        <deal Ticket="8051886" OpenTime="2009-12-21 17:54:00" DealType="1" Lots="0.02" Symbol="DXH0" Open="78.305" SL="78.385" TP="78.095" CloseTime="2009-12-21 18:30:00" Close="78.250" Swap="0.00" Profit="0.00" Comment="cancelled (209)" />
        <deal Ticket="8051879" OpenTime="2009-12-21 17:53:00" DealType="1" Lots="0.02" Symbol="6BH0" Open="1.6056" SL="1.6046" TP="1.6085" CloseTime="2009-12-21 18:30:00" Close="1.6071" Swap="0.00" Profit="0.00" Comment="cancelled (210)" />
        <deal Ticket="8045052" OpenTime="2009-12-21 10:40:00" DealType="-1" Lots="0.02" Symbol="6BH0" Open="1.6105" SL="1.6125" TP="1.6055" CloseTime="2009-12-21 17:43:00" Close="1.6055" Swap="-0.20" Profit="6.25" Comment="[tp] (211)" />
        <deal Ticket="8047894" OpenTime="2009-12-21 13:55:00" DealType="1" Lots="0.02" Symbol="DXH0" Open="78.020" SL="77.870" TP="78.295" CloseTime="2009-12-21 17:02:00" Close="78.295" Swap="-0.20" Profit="5.50" Comment="[tp] (212)" />
        <deal Ticket="8039575" OpenTime="2009-12-18 21:26:00" DealType="-1" Lots="0.01" Symbol="DXH0" Open="78.115" SL="78.150" TP="78.050" CloseTime="2009-12-18 22:44:00" Close="78.120" Swap="-0.10" Profit="-0.05" Comment=" (213)" />
        <deal Ticket="8025920" OpenTime="2009-12-18 08:10:00" DealType="1" Lots="0.02" Symbol="DXH0" Open="78.065" SL="77.700" TP="78.420" CloseTime="2009-12-18 17:40:00" Close="78.420" Swap="-0.20" Profit="7.10" Comment="[tp] (214)" />
        <deal Ticket="8027258" OpenTime="2009-12-18 09:12:00" DealType="1" Lots="0.02" Symbol="DXH0" Open="77.800" SL="0.000" TP="79.870" CloseTime="2009-12-18 17:25:00" Close="78.425" Swap="0.00" Profit="0.00" Comment="cancelled (215)" />
        <deal Ticket="8029262" OpenTime="2009-12-18 11:23:00" DealType="-1" Lots="0.02" Symbol="6BH0" Open="1.6220" SL="1.6250" TP="1.6050" CloseTime="2009-12-18 17:09:00" Close="1.6050" Swap="-0.20" Profit="21.25" Comment="[tp] (216)" />
        <deal Ticket="8027142" OpenTime="2009-12-18 09:07:00" DealType="1" Lots="0.02" Symbol="EURUSD" Open="1.4380" SL="1.4410" TP="1.4030" CloseTime="2009-12-18 17:04:00" Close="1.4280" Swap="0.00" Profit="0.00" Comment="cancelled (217)" />
        <deal Ticket="8026600" OpenTime="2009-12-18 08:48:00" DealType="1" Lots="0.02" Symbol="EURUSD" Open="1.4392" SL="0.0000" TP="1.4393" CloseTime="2009-12-18 08:53:00" Close="1.4384" Swap="0.00" Profit="-1.60" Comment=" (218)" />
        <deal Ticket="8025939" OpenTime="2009-12-18 08:11:00" DealType="-1" Lots="0.02" Symbol="EURUSD" Open="1.4355" SL="1.4395" TP="1.4105" CloseTime="2009-12-18 08:49:00" Close="1.4395" Swap="0.00" Profit="-8.00" Comment="[sl] (219)" />
        <deal Ticket="8009090" OpenTime="2009-12-17 11:32:00" DealType="1" Lots="0.02" Symbol="DXH0" Open="78.300" SL="78.450" TP="76.065" CloseTime="2009-12-18 08:10:00" Close="78.070" Swap="0.00" Profit="0.00" Comment="cancelled (220)" />
        <deal Ticket="8018322" OpenTime="2009-12-18 00:13:00" DealType="1" Lots="0.02" Symbol="6BH0" Open="1.6110" SL="1.6080" TP="1.6400" CloseTime="2009-12-18 08:09:00" Close="1.6134" Swap="-0.20" Profit="3.00" Comment=" (221)" />
        <deal Ticket="8019469" OpenTime="2009-12-17 20:41:00" DealType="-1" Lots="0.02" Symbol="DXH0" Open="77.990" SL="78.220" TP="76.575" CloseTime="2009-12-18 08:09:00" Close="78.075" Swap="-0.20" Profit="-1.70" Comment=" (222)" />
        <deal Ticket="8008496" OpenTime="2009-12-17 19:05:00" DealType="1" Lots="0.02" Symbol="6BH0" Open="1.6150" SL="1.6120" TP="1.6390" CloseTime="2009-12-18 00:12:00" Close="1.6119" Swap="-0.20" Profit="-3.88" Comment="[sl] (223)" />
        <deal Ticket="8009118" OpenTime="2009-12-17 11:33:00" DealType="-1" Lots="0.02" Symbol="6BH0" Open="1.6104" SL="1.6134" TP="1.6070" CloseTime="2009-12-17 12:13:00" Close="1.6135" Swap="-0.20" Profit="-3.88" Comment="[sl] (224)" />
        <deal Ticket="8006954" OpenTime="2009-12-17 10:38:00" DealType="-1" Lots="0.02" Symbol="DXH0" Open="77.930" SL="78.130" TP="76.500" CloseTime="2009-12-17 11:41:00" Close="78.140" Swap="-0.20" Profit="-4.20" Comment="[sl] (225)" />
        <deal Ticket="8007582" OpenTime="2009-12-17 10:44:00" DealType="1" Lots="0.02" Symbol="6BH0" Open="1.6130" SL="1.6090" TP="1.6398" CloseTime="2009-12-17 11:31:00" Close="1.6090" Swap="-0.20" Profit="-5.00" Comment="[sl] (226)" />
        <deal Ticket="8008280" OpenTime="2009-12-17 10:54:00" DealType="-1" Lots="0.02" Symbol="6BH0" Open="1.6108" SL="1.6140" TP="1.6100" CloseTime="2009-12-17 11:26:00" Close="1.6100" Swap="-0.20" Profit="1.00" Comment="[tp] (227)" />
        <deal Ticket="8007530" OpenTime="2009-12-17 10:35:00" DealType="1" Lots="0.02" Symbol="6BH0" Open="1.6150" SL="1.6120" TP="1.6463" CloseTime="2009-12-17 10:36:00" Close="1.6158" Swap="0.00" Profit="0.00" Comment="cancelled (228)" />
        <deal Ticket="8004305" OpenTime="2009-12-17 08:15:00" DealType="1" Lots="0.02" Symbol="6BH0" Open="1.6205" SL="1.6175" TP="1.6350" CloseTime="2009-12-17 10:30:00" Close="1.6168" Swap="-0.20" Profit="-4.63" Comment="[sl] (229)" />
        <deal Ticket="8003190" OpenTime="2009-12-17 08:02:00" DealType="1" Lots="0.02" Symbol="6BH0" Open="1.6220" SL="1.6180" TP="1.6350" CloseTime="2009-12-17 10:30:00" Close="1.6168" Swap="-0.20" Profit="-6.50" Comment="[sl] (230)" />
        <deal Ticket="8004462" OpenTime="2009-12-17 08:19:00" DealType="-1" Lots="0.04" Symbol="6BH0" Open="1.6196" SL="0.0000" TP="1.6204" CloseTime="2009-12-17 09:06:00" Close="1.6204" Swap="-0.40" Profit="-2.00" Comment="[tp] (231)" />
        <deal Ticket="8003179" OpenTime="2009-12-17 07:11:00" DealType="1" Lots="0.02" Symbol="6BH0" Open="1.6235" SL="1.6205" TP="1.6350" CloseTime="2009-12-17 08:06:00" Close="1.6206" Swap="-0.20" Profit="-3.63" Comment="[sl] (232)" />
        <deal Ticket="7997891" OpenTime="2009-12-17 02:44:00" DealType="1" Lots="0.02" Symbol="6BH0" Open="1.6285" SL="1.6255" TP="1.6445" CloseTime="2009-12-17 03:04:00" Close="1.6255" Swap="-0.20" Profit="-3.75" Comment="[sl] (233)" />
        <deal Ticket="7991147" OpenTime="2009-12-16 16:57:00" DealType="-1" Lots="0.02" Symbol="6BH0" Open="1.6380" SL="1.6410" TP="1.6335" CloseTime="2009-12-16 20:05:00" Close="1.6335" Swap="-0.20" Profit="5.63" Comment="tp/a (234)" />
        <deal Ticket="7967442" OpenTime="2009-12-15 12:01:00" DealType="1" Lots="0.02" Symbol="6BH0" Open="1.6215" SL="1.6185" TP="1.6280" CloseTime="2009-12-16 10:30:00" Close="1.6280" Swap="-0.20" Profit="8.13" Comment="[tp] (235)" />
        <deal Ticket="7959095" OpenTime="2009-12-15 09:02:00" DealType="1" Lots="0.02" Symbol="6BH0" Open="1.6250" SL="1.6220" TP="1.6400" CloseTime="2009-12-15 11:43:00" Close="1.6223" Swap="-0.20" Profit="-3.38" Comment="[sl] (236)" />
        <deal Ticket="7956691" OpenTime="2009-12-14 17:59:00" DealType="-1" Lots="0.02" Symbol="6JH0" Open="1.1285" SL="1.1320" TP="1.1213" CloseTime="2009-12-15 10:23:00" Close="1.1213" Swap="-0.20" Profit="18.00" Comment="[tp] (237)" />
        <deal Ticket="7957594" OpenTime="2009-12-14 19:30:00" DealType="-1" Lots="0.02" Symbol="6BH0" Open="1.6295" SL="1.6325" TP="1.6280" CloseTime="2009-12-15 07:22:00" Close="1.6280" Swap="-0.20" Profit="1.88" Comment="[tp] (238)" />
        <deal Ticket="7956881" OpenTime="2009-12-14 18:05:00" DealType="1" Lots="0.02" Symbol="6JH0" Open="1.1295" SL="1.1285" TP="1.1305" CloseTime="2009-12-14 18:06:00" Close="1.1296" Swap="0.00" Profit="0.00" Comment="cancelled (239)" />
        <deal Ticket="7952914" OpenTime="2009-12-14 13:41:00" DealType="1" Lots="0.02" Symbol="6BH0" Open="1.6200" SL="1.6170" TP="1.6500" CloseTime="2009-12-14 17:13:00" Close="1.6269" Swap="0.00" Profit="0.00" Comment="cancelled (240)" />
        <deal Ticket="7925798" OpenTime="2009-12-11 08:03:00" DealType="1" Lots="0.01" Symbol="6JH0" Open="1.1272" SL="1.1273" TP="1.1295" CloseTime="2009-12-11 08:41:00" Close="1.1274" Swap="-0.10" Profit="0.25" Comment="[sl] (241)" />
        <deal Ticket="7903496" OpenTime="2009-12-10 06:57:00" DealType="-1" Lots="0.01" Symbol="6JH0" Open="1.1404" SL="1.1435" TP="1.1250" CloseTime="2009-12-11 07:41:00" Close="1.1250" Swap="-0.10" Profit="19.25" Comment="[tp] (242)" />
        <deal Ticket="7888349" OpenTime="2009-12-09 10:22:00" DealType="1" Lots="0.04" Symbol="6BZ9" Open="1.6291" SL="1.6255" TP="1.6330" CloseTime="2009-12-09 11:36:00" Close="1.6330" Swap="-0.40" Profit="9.75" Comment="[tp] (243)" />
        <deal Ticket="7886214" OpenTime="2009-12-09 08:25:00" DealType="1" Lots="0.04" Symbol="6BZ9" Open="1.6205" SL="1.6170" TP="1.6330" CloseTime="2009-12-09 11:36:00" Close="1.6330" Swap="-0.40" Profit="31.25" Comment="[tp] (244)" />
        <deal Ticket="7887434" OpenTime="2009-12-09 09:23:00" DealType="1" Lots="0.04" Symbol="6BZ9" Open="1.6215" SL="1.6198" TP="1.6280" CloseTime="2009-12-09 09:54:00" Close="1.6272" Swap="0.00" Profit="0.00" Comment="cancelled (245)" />
        <deal Ticket="7887409" OpenTime="2009-12-09 09:22:00" DealType="1" Lots="0.10" Symbol="6BZ9" Open="1.6215" SL="1.6200" TP="1.6250" CloseTime="2009-12-09 09:22:00" Close="1.6234" Swap="0.00" Profit="0.00" Comment="cancelled (246)" />
        <deal Ticket="7884727" OpenTime="2009-12-09 07:28:00" DealType="-1" Lots="0.04" Symbol="GBPUSD" Open="1.6233" SL="1.6260" TP="1.6150" CloseTime="2009-12-09 08:21:00" Close="1.6208" Swap="0.00" Profit="10.00" Comment=" (247)" />
        <deal Ticket="7884426" OpenTime="2009-12-09 07:19:00" DealType="1" Lots="0.04" Symbol="GBPUSD" Open="1.6260" SL="1.6200" TP="1.6440" CloseTime="2009-12-09 07:30:00" Close="1.6215" Swap="0.00" Profit="-18.00" Comment=" (248)" />
        <deal Ticket="7881049" OpenTime="2009-12-09 00:25:00" DealType="1" Lots="0.04" Symbol="6BZ9" Open="1.6267" SL="1.6237" TP="1.6440" CloseTime="2009-12-09 00:28:00" Close="1.6238" Swap="-0.40" Profit="-7.25" Comment="[sl] (249)" />
        <deal Ticket="7870953" OpenTime="2009-12-08 13:14:00" DealType="1" Lots="0.04" Symbol="6BZ9" Open="1.6286" SL="1.6252" TP="1.6440" CloseTime="2009-12-08 21:58:00" Close="1.6289" Swap="-0.40" Profit="0.75" Comment=" (250)" />
        <deal Ticket="7867853" OpenTime="2009-12-08 12:39:00" DealType="1" Lots="0.04" Symbol="6BZ9" Open="1.6310" SL="1.6280" TP="1.6490" CloseTime="2009-12-08 13:01:00" Close="1.6280" Swap="-0.40" Profit="-7.50" Comment="[sl] (251)" />
        <deal Ticket="7867484" OpenTime="2009-12-08 10:35:00" DealType="1" Lots="0.02" Symbol="GBPUSD" Open="1.6371" SL="1.6330" TP="1.6425" CloseTime="2009-12-08 10:53:00" Close="1.6345" Swap="0.00" Profit="-5.20" Comment=" (252)" />
        <deal Ticket="7867750" OpenTime="2009-12-08 10:48:00" DealType="1" Lots="0.02" Symbol="GBPUSD" Open="1.6360" SL="0.0000" TP="0.0000" CloseTime="2009-12-08 10:49:00" Close="1.6354" Swap="0.00" Profit="0.00" Comment="cancelled (253)" />
        <deal Ticket="7867013" OpenTime="2009-12-08 10:16:00" DealType="-1" Lots="0.02" Symbol="GBPUSD" Open="1.6354" SL="0.0000" TP="1.6347" CloseTime="2009-12-08 10:30:00" Close="1.6347" Swap="0.00" Profit="1.40" Comment="[tp] (254)" />
        <deal Ticket="7866152" OpenTime="2009-12-08 09:54:00" DealType="1" Lots="0.02" Symbol="GBPUSD" Open="1.6365" SL="1.6336" TP="1.6366" CloseTime="2009-12-08 10:30:00" Close="1.6336" Swap="0.00" Profit="-5.80" Comment="[sl] (255)" />
        <deal Ticket="7863745" OpenTime="2009-12-08 07:56:00" DealType="-1" Lots="0.02" Symbol="GBPUSD" Open="1.6402" SL="1.6430" TP="1.6335" CloseTime="2009-12-08 08:53:00" Close="1.6335" Swap="0.00" Profit="13.40" Comment="[tp] (256)" />
        <deal Ticket="7859093" OpenTime="2009-12-07 21:09:00" DealType="-1" Lots="0.02" Symbol="GBPUSD" Open="1.6442" SL="1.6476" TP="1.6331" CloseTime="2009-12-08 00:36:00" Close="1.6476" Swap="0.00" Profit="-6.80" Comment="[sl] (257)" />
        <deal Ticket="7799939" OpenTime="2009-12-03 08:25:00" DealType="-1" Lots="0.02" Symbol="6BZ9" Open="1.6720" SL="1.6719" TP="1.6445" CloseTime="2009-12-04 20:16:00" Close="1.6445" Swap="-0.20" Profit="34.38" Comment="[tp] (258)" />
        <deal Ticket="7822174" OpenTime="2009-12-04 11:55:00" DealType="-1" Lots="0.02" Symbol="6BZ9" Open="1.6640" SL="1.6675" TP="1.6445" CloseTime="2009-12-04 14:30:00" Close="1.6670" Swap="-0.20" Profit="-3.75" Comment="[sl] (259)" />
        <deal Ticket="7822163" OpenTime="2009-12-04 11:51:00" DealType="1" Lots="1.00" Symbol="6BZ9" Open="1.6640" SL="1.6670" TP="1.6445" CloseTime="2009-12-04 11:54:00" Close="1.6629" Swap="0.00" Profit="0.00" Comment="cancelled (260)" />
        <deal Ticket="7787368" OpenTime="2009-12-02 11:29:00" DealType="1" Lots="0.02" Symbol="6BZ9" Open="1.6665" SL="1.6635" TP="1.6693" CloseTime="2009-12-02 14:26:00" Close="1.6693" Swap="-0.20" Profit="3.50" Comment="[tp] (261)" />
        <deal Ticket="7759359" OpenTime="2009-11-30 18:32:00" DealType="1" Lots="0.02" Symbol="6BZ9" Open="1.6405" SL="1.6375" TP="1.6570" CloseTime="2009-12-01 11:46:00" Close="1.6570" Swap="-0.20" Profit="20.63" Comment="[tp] (262)" />
        <deal Ticket="7756649" OpenTime="2009-11-30 16:46:00" DealType="-1" Lots="0.02" Symbol="6BZ9" Open="1.6411" SL="0.0000" TP="1.6410" CloseTime="2009-11-30 17:17:00" Close="1.6410" Swap="-0.20" Profit="0.13" Comment="[tp] (263)" />
        <deal Ticket="7752788" OpenTime="2009-11-30 14:58:00" DealType="1" Lots="0.02" Symbol="6BZ9" Open="1.6470" SL="1.6430" TP="1.6570" CloseTime="2009-11-30 16:44:00" Close="1.6429" Swap="-0.20" Profit="-5.13" Comment="[sl] (264)" />
        <deal Ticket="7751716" OpenTime="2009-11-30 13:01:00" DealType="1" Lots="0.02" Symbol="6BZ9" Open="1.6470" SL="1.6440" TP="1.6570" CloseTime="2009-11-30 14:00:00" Close="1.6490" Swap="-0.20" Profit="2.50" Comment=" (265)" />
        <deal Ticket="7748003" OpenTime="2009-11-30 10:43:00" DealType="-1" Lots="0.02" Symbol="6BZ9" Open="1.6531" SL="1.6561" TP="1.6411" CloseTime="2009-11-30 12:24:00" Close="1.6475" Swap="-0.20" Profit="7.00" Comment=" (266)" />
        <deal Ticket="7747111" OpenTime="2009-11-30 09:23:00" DealType="-1" Lots="0.02" Symbol="6BZ9" Open="1.6479" SL="1.6517" TP="1.6410" CloseTime="2009-11-30 09:50:00" Close="1.6517" Swap="-0.20" Profit="-4.75" Comment="[sl] (267)" />
        <deal Ticket="7744594" OpenTime="2009-11-30 07:05:00" DealType="-1" Lots="0.02" Symbol="GBPUSD" Open="1.6550" SL="1.6580" TP="1.6500" CloseTime="2009-11-30 08:06:00" Close="1.6581" Swap="0.00" Profit="-6.20" Comment="[sl] (268)" />
        <deal Ticket="7735016" OpenTime="2009-11-27 16:42:00" DealType="1" Lots="0.02" Symbol="6BZ9" Open="1.6515" SL="1.6540" TP="1.6450" CloseTime="2009-11-27 16:42:00" Close="1.6505" Swap="0.00" Profit="0.00" Comment="cancelled (269)" />
        <deal Ticket="7730264" OpenTime="2009-11-27 14:06:00" DealType="-1" Lots="0.02" Symbol="6BZ9" Open="1.6410" SL="1.6440" TP="1.6340" CloseTime="2009-11-27 16:02:00" Close="1.6440" Swap="-0.20" Profit="-3.75" Comment="[sl] (270)" />
        <deal Ticket="7729366" OpenTime="2009-11-27 13:08:00" DealType="-1" Lots="0.02" Symbol="6BZ9" Open="1.6366" SL="1.6390" TP="1.6306" CloseTime="2009-11-27 13:57:00" Close="1.6390" Swap="-0.20" Profit="-3.00" Comment="[sl] (271)" />
        <deal Ticket="7709161" OpenTime="2009-11-26 17:11:00" DealType="1" Lots="1.00" Symbol="DXZ9" Open="74.99" SL="75.11" TP="74.51" CloseTime="2009-11-26 17:15:00" Close="74.99" Swap="0.00" Profit="0.00" Comment="deleted [no money] (272)" />
        <deal Ticket="7697704" OpenTime="2009-11-26 07:05:00" DealType="1" Lots="0.02" Symbol="USDJPY" Open="86.60" SL="86.35" TP="87.70" CloseTime="2009-11-26 07:30:00" Close="86.78" Swap="0.00" Profit="0.00" Comment="cancelled (273)" />
        <deal Ticket="7697609" OpenTime="2009-11-26 06:58:00" DealType="1" Lots="0.02" Symbol="USDJPY" Open="86.32" SL="85.98" TP="87.21" CloseTime="2009-11-26 07:01:00" Close="86.59" Swap="0.00" Profit="0.00" Comment="cancelled (274)" />
        <deal Ticket="7692101" OpenTime="2009-11-26 00:09:00" DealType="1" Lots="0.02" Symbol="USDJPY" Open="87.26" SL="86.99" TP="87.66" CloseTime="2009-11-26 04:30:00" Close="86.99" Swap="0.00" Profit="-6.21" Comment="[sl] (275)" />
        <deal Ticket="7684565" OpenTime="2009-11-25 14:20:00" DealType="-1" Lots="0.02" Symbol="6EZ9" Open="1.5086" SL="1.5080" TP="1.5044" CloseTime="2009-11-25 15:42:00" Close="1.5044" Swap="-0.20" Profit="10.50" Comment="[tp] (276)" />
        <deal Ticket="7684594" OpenTime="2009-11-25 14:18:00" DealType="1" Lots="0.02" Symbol="6EZ9" Open="1.5087" SL="1.5107" TP="1.5052" CloseTime="2009-11-25 14:18:00" Close="1.5079" Swap="0.00" Profit="0.00" Comment="cancelled (277)" />
        <deal Ticket="7674864" OpenTime="2009-11-25 07:18:00" DealType="-1" Lots="0.02" Symbol="6BZ9" Open="1.6630" SL="1.6660" TP="1.6581" CloseTime="2009-11-25 08:32:00" Close="1.6660" Swap="-0.20" Profit="-3.75" Comment="[sl] (278)" />
        <deal Ticket="7668138" OpenTime="2009-11-24 19:12:00" DealType="-1" Lots="0.02" Symbol="6EZ9" Open="1.4970" SL="1.5003" TP="1.4940" CloseTime="2009-11-25 07:21:00" Close="1.5001" Swap="-0.20" Profit="-7.75" Comment="[sl] (279)" />
        <deal Ticket="7667312" OpenTime="2009-11-24 16:10:00" DealType="-1" Lots="0.02" Symbol="6EZ9" Open="1.4940" SL="1.4960" TP="1.4905" CloseTime="2009-11-24 16:41:00" Close="1.4961" Swap="-0.20" Profit="-5.25" Comment="[sl] (280)" />
        <deal Ticket="7663635" OpenTime="2009-11-24 13:32:00" DealType="1" Lots="0.02" Symbol="DXZ9" Open="75.15" SL="75.05" TP="75.30" CloseTime="2009-11-24 16:06:00" Close="75.30" Swap="-0.20" Profit="3.00" Comment="[tp] (281)" />
        <deal Ticket="7665651" OpenTime="2009-11-24 15:25:00" DealType="1" Lots="0.02" Symbol="6BZ9" Open="1.6596" SL="1.6630" TP="1.6543" CloseTime="2009-11-24 15:37:00" Close="1.6564" Swap="0.00" Profit="0.00" Comment="cancelled (282)" />
        <deal Ticket="7644579" OpenTime="2009-11-23 15:08:00" DealType="-1" Lots="0.02" Symbol="6EZ9" Open="1.4990" SL="1.4988" TP="1.4865" CloseTime="2009-11-24 14:49:00" Close="1.4988" Swap="-0.20" Profit="0.50" Comment="[sl] (283)" />
        <deal Ticket="7659295" OpenTime="2009-11-24 09:31:00" DealType="1" Lots="0.02" Symbol="6BZ9" Open="1.6508" SL="0.0000" TP="0.0000" CloseTime="2009-11-24 09:32:00" Close="1.6525" Swap="0.00" Profit="0.00" Comment="cancelled (285)" />
        <deal Ticket="7646624" OpenTime="2009-11-23 14:57:00" DealType="-1" Lots="0.02" Symbol="6BZ9" Open="1.6630" SL="1.6660" TP="1.6546" CloseTime="2009-11-24 08:06:00" Close="1.6546" Swap="-0.20" Profit="10.50" Comment="[tp] (286)" />
        <deal Ticket="7644280" OpenTime="2009-11-23 10:21:00" DealType="-1" Lots="0.02" Symbol="6BZ9" Open="1.6599" SL="1.6635" TP="1.6485" CloseTime="2009-11-23 13:33:00" Close="1.6636" Swap="-0.20" Profit="-4.63" Comment="[sl] (287)" />
        <deal Ticket="7629398" OpenTime="2009-11-20 13:09:00" DealType="-1" Lots="0.02" Symbol="DXZ9" Open="78.05" SL="0.00" TP="0.00" CloseTime="2009-11-20 13:10:00" Close="76.01" Swap="-0.20" Profit="40.80" Comment=" (288)" />
        <deal Ticket="7628817" OpenTime="2009-11-20 12:54:00" DealType="1" Lots="0.02" Symbol="6BZ9" Open="1.6491" SL="1.6460" TP="1.6556" CloseTime="2009-11-20 13:08:00" Close="1.6461" Swap="-0.20" Profit="-3.75" Comment="[sl] (289)" />
        <deal Ticket="7627754" OpenTime="2009-11-20 11:56:00" DealType="1" Lots="0.02" Symbol="6BZ9" Open="1.6526" SL="1.6497" TP="1.6556" CloseTime="2009-11-20 12:52:00" Close="1.6498" Swap="-0.20" Profit="-3.50" Comment="[sl] (290)" />
        <deal Ticket="7622785" OpenTime="2009-11-20 06:00:00" DealType="-1" Lots="0.02" Symbol="6BZ9" Open="1.6668" SL="1.6706" TP="1.6604" CloseTime="2009-11-20 09:08:00" Close="1.6604" Swap="-0.20" Profit="8.00" Comment="[tp] (291)" />
        <deal Ticket="7618381" OpenTime="2009-11-19 18:57:00" DealType="1" Lots="0.02" Symbol="6BZ9" Open="1.6660" SL="1.6675" TP="1.6607" CloseTime="2009-11-19 19:17:00" Close="1.6622" Swap="0.00" Profit="0.00" Comment="cancelled (292)" />
        <deal Ticket="7582818" OpenTime="2009-11-18 08:27:00" DealType="-1" Lots="0.02" Symbol="6BZ9" Open="1.6815" SL="1.6770" TP="1.6660" CloseTime="2009-11-19 09:00:00" Close="1.6660" Swap="-0.20" Profit="19.38" Comment="[tp] (293)" />
        <deal Ticket="7576839" OpenTime="2009-11-17 19:54:00" DealType="-1" Lots="0.02" Symbol="6BZ9" Open="1.6799" SL="1.6832" TP="1.6702" CloseTime="2009-11-18 08:05:00" Close="1.6832" Swap="-0.20" Profit="-4.13" Comment="[sl] (294)" />
        <deal Ticket="7570705" OpenTime="2009-11-17 14:56:00" DealType="1" Lots="0.02" Symbol="6BZ9" Open="1.6790" SL="1.6760" TP="1.6860" CloseTime="2009-11-17 17:46:00" Close="1.6760" Swap="-0.20" Profit="-3.75" Comment="[sl] (295)" />
        <deal Ticket="7565016" OpenTime="2009-11-17 10:30:00" DealType="-1" Lots="0.02" Symbol="6BZ9" Open="1.6844" SL="1.6878" TP="1.6770" CloseTime="2009-11-17 13:00:00" Close="1.6770" Swap="-0.20" Profit="9.25" Comment="[tp] (296)" />
        <deal Ticket="7563891" OpenTime="2009-11-17 09:24:00" DealType="-1" Lots="0.02" Symbol="6BZ9" Open="1.6830" SL="1.6854" TP="1.6724" CloseTime="2009-11-17 10:01:00" Close="1.6854" Swap="-0.20" Profit="-3.00" Comment="[sl] (297)" />
        <deal Ticket="7563861" OpenTime="2009-11-17 09:21:00" DealType="1" Lots="0.50" Symbol="6BZ9" Open="1.6830" SL="0.0000" TP="0.0000" CloseTime="2009-11-17 09:23:00" Close="1.6826" Swap="0.00" Profit="0.00" Comment="cancelled (298)" />
        <deal Ticket="7544063" OpenTime="2009-11-16 10:07:00" DealType="1" Lots="0.01" Symbol="6BZ9" Open="1.6724" SL="1.6756" TP="1.6640" CloseTime="2009-11-16 10:53:00" Close="1.6679" Swap="0.00" Profit="0.00" Comment="cancelled (299)" />
        <deal Ticket="7542279" OpenTime="2009-11-16 08:15:00" DealType="1" Lots="0.01" Symbol="6BZ9" Open="1.6754" SL="1.6784" TP="1.6652" CloseTime="2009-11-16 08:22:00" Close="1.6743" Swap="0.00" Profit="0.00" Comment="cancelled (300)" />
        <deal Ticket="7525677" OpenTime="2009-11-13 09:29:00" DealType="-1" Lots="0.01" Symbol="6BZ9" Open="1.6680" SL="1.6711" TP="1.6605" CloseTime="2009-11-13 22:59:00" Close="1.6678" Swap="-0.10" Profit="0.13" Comment=" (301)" />
        <deal Ticket="7519405" OpenTime="2009-11-12 19:15:00" DealType="1" Lots="0.01" Symbol="USDJPY" Open="90.56" SL="90.76" TP="90.29" CloseTime="2009-11-13 08:20:00" Close="90.31" Swap="0.00" Profit="0.00" Comment="cancelled (302)" />
        <deal Ticket="7516584" OpenTime="2009-11-12 17:05:00" DealType="-1" Lots="0.01" Symbol="USDJPY" Open="90.56" SL="90.55" TP="90.38" CloseTime="2009-11-12 19:01:00" Close="90.55" Swap="0.00" Profit="0.11" Comment="[sl] (303)" />
        <deal Ticket="7504255" OpenTime="2009-11-12 07:24:00" DealType="1" Lots="0.01" Symbol="6BZ9" Open="1.6572" SL="1.6564" TP="1.6584" CloseTime="2009-11-12 07:28:00" Close="1.6564" Swap="-0.10" Profit="-0.50" Comment="[sl] (304)" />
        <deal Ticket="7476927" OpenTime="2009-11-11 10:30:00" DealType="-1" Lots="0.01" Symbol="6BZ9" Open="1.6768" SL="1.6570" TP="1.6445" CloseTime="2009-11-11 22:31:00" Close="1.6571" Swap="-0.10" Profit="12.31" Comment="[sl] (305)" />
        <deal Ticket="7476883" OpenTime="2009-11-10 17:01:00" DealType="1" Lots="0.01" Symbol="GBPUSD" Open="1.6786" SL="1.6810" TP="1.6665" CloseTime="2009-11-10 17:01:00" Close="1.6721" Swap="0.00" Profit="0.00" Comment="cancelled (306)" />
        <deal Ticket="7464570" OpenTime="2009-11-10 08:04:00" DealType="1" Lots="0.01" Symbol="GBPUSD" Open="1.6660" SL="1.6610" TP="1.6686" CloseTime="2009-11-10 10:41:00" Close="1.6686" Swap="0.00" Profit="2.60" Comment="[tp] (307)" />
        <deal Ticket="7464243" OpenTime="2009-11-10 07:00:00" DealType="1" Lots="0.01" Symbol="GBPUSD" Open="1.6615" SL="1.6599" TP="1.6625" CloseTime="2009-11-10 07:13:00" Close="1.6625" Swap="0.00" Profit="1.00" Comment="[tp] (308)" />
        <deal Ticket="7464211" OpenTime="2009-11-10 06:45:00" DealType="1" Lots="0.20" Symbol="GBPUSD" Open="1.6620" SL="1.6600" TP="1.6635" CloseTime="2009-11-10 06:46:00" Close="1.6620" Swap="0.00" Profit="0.00" Comment="deleted [no money] (309)" />
        <deal Ticket="7463452" OpenTime="2009-11-10 06:00:00" DealType="1" Lots="0.01" Symbol="GBPUSD" Open="1.6773" SL="1.6804" TP="1.6664" CloseTime="2009-11-10 06:38:00" Close="1.6616" Swap="0.00" Profit="0.00" Comment="cancelled (310)" />
        <deal Ticket="7452255" OpenTime="2009-11-09 11:05:00" DealType="-1" Lots="0.01" Symbol="GBPUSD" Open="1.6839" SL="1.6776" TP="1.6662" CloseTime="2009-11-10 00:08:00" Close="1.6777" Swap="0.00" Profit="6.20" Comment="[sl] (311)" />
        <deal Ticket="7451813" OpenTime="2009-11-09 10:43:00" DealType="-1" Lots="0.01" Symbol="GBPUSD" Open="1.6810" SL="1.6845" TP="1.6662" CloseTime="2009-11-09 11:00:00" Close="1.6845" Swap="0.00" Profit="-3.50" Comment="[sl] (312)" />
        <deal Ticket="7451802" OpenTime="2009-11-09 10:40:00" DealType="1" Lots="0.20" Symbol="GBPUSD" Open="1.6813" SL="1.6843" TP="1.6662" CloseTime="2009-11-09 10:40:00" Close="1.6802" Swap="0.00" Profit="0.00" Comment="cancelled (313)" />
        <deal Ticket="7451016" OpenTime="2009-11-09 10:02:00" DealType="-1" Lots="0.01" Symbol="GBPUSD" Open="1.6771" SL="1.6804" TP="1.6662" CloseTime="2009-11-09 10:40:00" Close="1.6805" Swap="0.00" Profit="-3.40" Comment="[sl] (314)" />
        <deal Ticket="7450941" OpenTime="2009-11-09 09:56:00" DealType="1" Lots="0.20" Symbol="GBPUSD" Open="1.6776" SL="1.6804" TP="1.6661" CloseTime="2009-11-09 10:00:00" Close="1.6776" Swap="0.00" Profit="0.00" Comment="deleted [no money] (315)" />
        <deal Ticket="7425242" OpenTime="2009-11-05 19:28:00" DealType="1" Lots="0.20" Symbol="USDJPY" Open="90.55" SL="90.15" TP="91.05" CloseTime="2009-11-06 07:12:00" Close="90.55" Swap="0.00" Profit="0.00" Comment="deleted [no money] (316)" />
        <deal Ticket="7420453" OpenTime="2009-11-05 15:05:00" DealType="1" Lots="0.01" Symbol="USDJPY" Open="90.57" SL="90.43" TP="90.72" CloseTime="2009-11-05 15:08:00" Close="90.63" Swap="0.00" Profit="0.00" Comment="cancelled (317)" />
        <deal Ticket="7419334" OpenTime="2009-11-05 14:32:00" DealType="-1" Lots="0.01" Symbol="GBPUSD" Open="1.6617" SL="1.6641" TP="1.6586" CloseTime="2009-11-05 14:51:00" Close="1.6586" Swap="0.00" Profit="3.10" Comment="[tp] (318)" />
        <deal Ticket="7419067" OpenTime="2009-11-05 14:20:00" DealType="1" Lots="0.20" Symbol="GBPUSD" Open="1.6614" SL="1.6641" TP="1.6586" CloseTime="2009-11-05 14:30:00" Close="1.6614" Swap="0.00" Profit="0.00" Comment="deleted [no money] (319)" />
        <deal Ticket="7412963" OpenTime="2009-11-05 10:29:00" DealType="-1" Lots="0.01" Symbol="GBPUSD" Open="1.6547" SL="1.6605" TP="1.6504" CloseTime="2009-11-05 11:45:00" Close="1.6504" Swap="0.00" Profit="4.30" Comment="[tp] (320)" />
        <deal Ticket="7412025" OpenTime="2009-11-05 08:57:00" DealType="-1" Lots="0.01" Symbol="USDJPY" Open="90.43" SL="90.75" TP="90.18" CloseTime="2009-11-05 09:48:00" Close="90.18" Swap="0.00" Profit="2.77" Comment="[tp] (321)" />
        <deal Ticket="7412048" OpenTime="2009-11-05 08:44:00" DealType="-1" Lots="0.01" Symbol="GBPUSD" Open="1.6487" SL="1.6501" TP="1.6455" CloseTime="2009-11-05 08:59:00" Close="1.6501" Swap="0.00" Profit="-1.40" Comment="[sl] (322)" />
        <deal Ticket="7403818" OpenTime="2009-11-04 20:17:00" DealType="1" Lots="0.01" Symbol="USDJPY" Open="91.34" SL="91.54" TP="90.65" CloseTime="2009-11-04 20:19:00" Close="90.87" Swap="0.00" Profit="0.00" Comment="cancelled (323)" />
        <deal Ticket="7396028" OpenTime="2009-11-04 14:10:00" DealType="-1" Lots="0.01" Symbol="USDJPY" Open="90.99" SL="91.18" TP="90.28" CloseTime="2009-11-04 20:15:00" Close="91.18" Swap="0.00" Profit="-2.08" Comment="[sl] (324)" />
        <deal Ticket="7389479" OpenTime="2009-11-04 10:28:00" DealType="-1" Lots="0.01" Symbol="GBPUSD" Open="1.6516" SL="1.6554" TP="1.6356" CloseTime="2009-11-04 16:12:00" Close="1.6554" Swap="0.00" Profit="-3.80" Comment="[sl] (325)" />
        <deal Ticket="7393273" OpenTime="2009-11-04 09:37:00" DealType="-1" Lots="0.01" Symbol="USDJPY" Open="90.81" SL="91.00" TP="90.47" CloseTime="2009-11-04 11:30:00" Close="91.00" Swap="0.00" Profit="-2.09" Comment="[sl] (326)" />
        <deal Ticket="7389720" OpenTime="2009-11-04 08:26:00" DealType="-1" Lots="0.01" Symbol="USDJPY" Open="90.61" SL="90.91" TP="90.28" CloseTime="2009-11-04 10:42:00" Close="90.92" Swap="0.00" Profit="-3.41" Comment="[sl] (327)" />
        <deal Ticket="7389455" OpenTime="2009-11-03 22:39:00" DealType="1" Lots="0.01" Symbol="GBPUSD" Open="1.6510" SL="1.6549" TP="1.6372" CloseTime="2009-11-03 22:39:00" Close="1.6443" Swap="0.00" Profit="0.00" Comment="cancelled (328)" />
        <deal Ticket="7388929" OpenTime="2009-11-03 21:31:00" DealType="-1" Lots="0.01" Symbol="GBPUSD" Open="1.6415" SL="1.6444" TP="1.6369" CloseTime="2009-11-03 22:37:00" Close="1.6444" Swap="0.00" Profit="-2.90" Comment="[sl] (329)" />
        <deal Ticket="7388902" OpenTime="2009-11-03 21:22:00" DealType="1" Lots="0.20" Symbol="GBPUSD" Open="1.6405" SL="1.6443" TP="1.6369" CloseTime="2009-11-03 21:23:00" Close="1.6405" Swap="0.00" Profit="0.00" Comment="deleted [no money] (330)" />
        <deal Ticket="7388898" OpenTime="2009-11-03 21:21:00" DealType="1" Lots="0.20" Symbol="GBPUSD" Open="1.6405" SL="1.6442" TP="1.6369" CloseTime="2009-11-03 21:21:00" Close="1.6399" Swap="0.00" Profit="0.00" Comment="cancelled (331)" />
        <deal Ticket="7361941" OpenTime="2009-11-02 15:00:00" DealType="-1" Lots="0.01" Symbol="GBPUSD" Open="1.6337" SL="1.6351" TP="1.6312" CloseTime="2009-11-02 15:04:00" Close="1.6351" Swap="0.00" Profit="-1.40" Comment="[sl] (332)" />
        <deal Ticket="7324210" OpenTime="2009-10-29 13:34:00" DealType="-1" Lots="0.01" Symbol="GBPUSD" Open="1.6494" SL="0.0000" TP="1.6354" CloseTime="2009-11-02 14:57:00" Close="1.6354" Swap="0.00" Profit="14.00" Comment="[tp] (333)" />
        <deal Ticket="7322521" OpenTime="2009-10-29 12:22:00" DealType="-1" Lots="0.01" Symbol="GBPUSD" Open="1.6468" SL="1.6501" TP="1.6300" CloseTime="2009-10-29 13:33:00" Close="1.6502" Swap="0.00" Profit="-3.40" Comment="[sl] (334)" />
        <deal Ticket="7314619" OpenTime="2009-10-28 22:32:00" DealType="1" Lots="0.01" Symbol="GBPUSD" Open="1.6307" SL="1.6250" TP="1.6453" CloseTime="2009-10-29 06:17:00" Close="1.6400" Swap="0.00" Profit="0.00" Comment="cancelled (335)" />
        <deal Ticket="7293348" OpenTime="2009-10-28 01:54:00" DealType="1" Lots="0.01" Symbol="USDJPY" Open="91.60" SL="91.35" TP="92.35" CloseTime="2009-10-28 02:16:00" Close="91.35" Swap="0.00" Profit="-2.74" Comment="[sl] (336)" />
        <deal Ticket="7291962" OpenTime="2009-10-27 20:00:00" DealType="1" Lots="0.01" Symbol="USDJPY" Open="91.70" SL="91.50" TP="92.25" CloseTime="2009-10-27 20:59:00" Close="91.90" Swap="0.00" Profit="0.00" Comment="cancelled (337)" />
        <deal Ticket="7288873" OpenTime="2009-10-27 17:33:00" DealType="1" Lots="0.01" Symbol="GBPUSD" Open="1.6330" SL="1.6300" TP="1.6358" CloseTime="2009-10-27 19:17:00" Close="1.6358" Swap="0.00" Profit="2.80" Comment="[tp] (338)" />
        <deal Ticket="7277100" OpenTime="2009-10-27 07:51:00" DealType="1" Lots="0.01" Symbol="EURUSD" Open="1.4891" SL="1.4870" TP="1.4950" CloseTime="2009-10-27 07:56:00" Close="1.4922" Swap="0.00" Profit="0.00" Comment="cancelled (339)" />
        <deal Ticket="7277093" OpenTime="2009-10-27 07:50:00" DealType="1" Lots="0.01" Symbol="GBPUSD" Open="1.6310" SL="1.6300" TP="1.6353" CloseTime="2009-10-27 07:56:00" Close="1.6362" Swap="0.00" Profit="0.00" Comment="cancelled (340)" />
        <deal Ticket="7277043" OpenTime="2009-10-27 07:46:00" DealType="-1" Lots="0.01" Symbol="GBPUSD" Open="1.6308" SL="1.6325" TP="1.6290" CloseTime="2009-10-27 07:49:00" Close="1.6325" Swap="0.00" Profit="-1.70" Comment="[sl] (341)" />
        <deal Ticket="7274747" OpenTime="2009-10-27 00:03:00" DealType="1" Lots="0.01" Symbol="EURUSD" Open="1.4868" SL="1.4830" TP="1.4925" CloseTime="2009-10-27 07:49:00" Close="1.4898" Swap="0.00" Profit="3.00" Comment=" (342)" />
        <deal Ticket="7274369" OpenTime="2009-10-26 22:45:00" DealType="1" Lots="0.01" Symbol="GBPUSD" Open="1.6317" SL="1.6315" TP="1.6359" CloseTime="2009-10-27 07:45:00" Close="1.6315" Swap="0.00" Profit="-0.20" Comment="[sl] (343)" />
        <deal Ticket="7270037" OpenTime="2009-10-26 17:16:00" DealType="1" Lots="0.01" Symbol="GBPUSD" Open="1.6329" SL="1.6300" TP="1.6435" CloseTime="2009-10-26 19:31:00" Close="1.6300" Swap="0.00" Profit="-2.90" Comment="[sl] (344)" />
        <deal Ticket="7270043" OpenTime="2009-10-26 17:16:00" DealType="1" Lots="0.01" Symbol="EURUSD" Open="1.4908" SL="1.4875" TP="1.4997" CloseTime="2009-10-26 18:17:00" Close="1.4875" Swap="0.00" Profit="-3.30" Comment="[sl] (345)" />
        <deal Ticket="7268284" OpenTime="2009-10-26 16:49:00" DealType="1" Lots="0.01" Symbol="GBPUSD" Open="1.6360" SL="1.6330" TP="1.6435" CloseTime="2009-10-26 17:03:00" Close="1.6330" Swap="0.00" Profit="-3.00" Comment="[sl] (346)" />
        <deal Ticket="7268105" OpenTime="2009-10-26 16:38:00" DealType="1" Lots="0.01" Symbol="EURUSD" Open="1.4960" SL="1.4940" TP="1.4997" CloseTime="2009-10-26 16:59:00" Close="1.4939" Swap="0.00" Profit="-2.10" Comment="[sl] (347)" />
        <deal Ticket="7267694" OpenTime="2009-10-26 16:32:00" DealType="-1" Lots="0.01" Symbol="EURUSD" Open="1.4956" SL="0.0000" TP="0.0000" CloseTime="2009-10-26 16:38:00" Close="1.4960" Swap="0.00" Profit="-0.40" Comment=" (348)" />
        <deal Ticket="7267370" OpenTime="2009-10-26 16:27:00" DealType="1" Lots="0.01" Symbol="EURUSD" Open="1.4973" SL="1.4955" TP="1.4997" CloseTime="2009-10-26 16:32:00" Close="1.4955" Swap="0.00" Profit="-1.80" Comment="[sl] (349)" />
        <deal Ticket="7265483" OpenTime="2009-10-26 15:14:00" DealType="1" Lots="0.01" Symbol="GBPUSD" Open="1.6370" SL="1.6363" TP="1.6434" CloseTime="2009-10-26 16:31:00" Close="1.6363" Swap="0.00" Profit="-0.70" Comment="[sl] (350)" />
        <deal Ticket="7266347" OpenTime="2009-10-26 15:57:00" DealType="1" Lots="0.01" Symbol="EURUSD" Open="1.4984" SL="1.4964" TP="1.5010" CloseTime="2009-10-26 15:59:00" Close="1.5001" Swap="0.00" Profit="0.00" Comment="cancelled (351)" />
        <deal Ticket="7256178" OpenTime="2009-10-23 22:06:00" DealType="1" Lots="0.01" Symbol="EURUSD" Open="1.4988" SL="1.4975" TP="1.5015" CloseTime="2009-10-23 22:09:00" Close="1.4996" Swap="0.00" Profit="0.00" Comment="cancelled (352)" />
        <deal Ticket="7250373" OpenTime="2009-10-23 15:36:00" DealType="1" Lots="0.01" Symbol="EURUSD" Open="1.5015" SL="1.4999" TP="1.5044" CloseTime="2009-10-23 15:58:00" Close="1.5017" Swap="0.00" Profit="0.20" Comment=" (353)" />
        <deal Ticket="7242897" OpenTime="2009-10-23 08:53:00" DealType="1" Lots="0.01" Symbol="EURUSD" Open="1.5003" SL="1.5020" TP="1.5045" CloseTime="2009-10-23 15:13:00" Close="1.5020" Swap="0.00" Profit="1.70" Comment="[sl] (354)" />
        <deal Ticket="7239504" OpenTime="2009-10-22 23:38:00" DealType="1" Lots="0.01" Symbol="USDJPY" Open="91.20" SL="90.96" TP="91.75" CloseTime="2009-10-23 07:59:00" Close="91.67" Swap="0.00" Profit="0.00" Comment="cancelled (355)" />
        <deal Ticket="7239467" OpenTime="2009-10-22 23:28:00" DealType="1" Lots="0.01" Symbol="EURUSD" Open="1.5035" SL="1.5045" TP="1.4980" CloseTime="2009-10-22 23:30:00" Close="1.5023" Swap="0.00" Profit="0.00" Comment="cancelled (356)" />
        <deal Ticket="7220633" OpenTime="2009-10-22 06:06:00" DealType="1" Lots="0.01" Symbol="EURGBP" Open="0.9030" SL="0.9031" TP="0.9092" CloseTime="2009-10-22 23:24:00" Close="0.9037" Swap="0.00" Profit="1.16" Comment=" (357)" />
        <deal Ticket="7217027" OpenTime="2009-10-21 19:01:00" DealType="1" Lots="0.01" Symbol="USDJPY" Open="91.10" SL="91.20" TP="90.90" CloseTime="2009-10-21 21:32:00" Close="90.93" Swap="0.00" Profit="0.00" Comment="cancelled (358)" />
        <deal Ticket="7194012" OpenTime="2009-10-20 17:25:00" DealType="-1" Lots="0.01" Symbol="USDJPY" Open="90.90" SL="91.00" TP="89.80" CloseTime="2009-10-21 11:23:00" Close="91.00" Swap="0.00" Profit="-1.10" Comment="[sl] (359)" />
        <deal Ticket="7192664" OpenTime="2009-10-20 16:18:00" DealType="-1" Lots="0.01" Symbol="USDJPY" Open="90.52" SL="90.72" TP="89.70" CloseTime="2009-10-20 16:49:00" Close="90.73" Swap="0.00" Profit="-2.31" Comment="[sl] (360)" />
        <deal Ticket="7169344" OpenTime="2009-10-19 10:27:00" DealType="-1" Lots="0.01" Symbol="USDJPY" Open="90.43" SL="90.70" TP="89.80" CloseTime="2009-10-19 11:46:00" Close="90.70" Swap="0.00" Profit="-2.98" Comment="[sl] (361)" />
        <deal Ticket="7169073" OpenTime="2009-10-19 10:10:00" DealType="1" Lots="0.01" Symbol="USDJPY" Open="90.65" SL="90.75" TP="90.00" CloseTime="2009-10-19 10:24:00" Close="90.44" Swap="0.00" Profit="0.00" Comment="cancelled (362)" />
        <deal Ticket="7169048" OpenTime="2009-10-19 10:09:00" DealType="1" Lots="0.01" Symbol="USDCHF" Open="1.0151" SL="1.0136" TP="1.0200" CloseTime="2009-10-19 10:24:00" Close="1.0136" Swap="0.00" Profit="-1.48" Comment="[sl] (363)" />
        <deal Ticket="7168903" OpenTime="2009-10-19 10:00:00" DealType="-1" Lots="0.01" Symbol="USDJPY" Open="90.56" SL="90.65" TP="90.00" CloseTime="2009-10-19 10:07:00" Close="90.65" Swap="0.00" Profit="-0.99" Comment="[sl] (364)" />
        <deal Ticket="7168835" OpenTime="2009-10-19 09:57:00" DealType="1" Lots="0.01" Symbol="EURUSD" Open="1.4931" SL="1.4935" TP="1.4900" CloseTime="2009-10-19 09:57:00" Close="1.4927" Swap="0.00" Profit="0.00" Comment="cancelled (365)" />
        <deal Ticket="7167781" OpenTime="2009-10-19 09:09:00" DealType="1" Lots="0.01" Symbol="EURJPY" Open="135.45" SL="135.55" TP="133.26" CloseTime="2009-10-19 09:51:00" Close="135.27" Swap="0.00" Profit="0.00" Comment="cancelled (366)" />
        <deal Ticket="7167601" OpenTime="2009-10-19 09:03:00" DealType="1" Lots="0.01" Symbol="USDJPY" Open="90.80" SL="91.00" TP="90.10" CloseTime="2009-10-19 09:51:00" Close="90.59" Swap="0.00" Profit="0.00" Comment="cancelled (367)" />
        <deal Ticket="7165821" OpenTime="2009-10-19 07:07:00" DealType="1" Lots="0.01" Symbol="USDJPY" Open="90.82" SL="90.72" TP="91.05" CloseTime="2009-10-19 08:33:00" Close="90.72" Swap="0.00" Profit="-1.10" Comment="[sl] (368)" />
        <deal Ticket="7165673" OpenTime="2009-10-19 06:57:00" DealType="1" Lots="0.01" Symbol="USDJPY" Open="90.75" SL="90.50" TP="91.36" CloseTime="2009-10-19 06:58:00" Close="90.79" Swap="0.00" Profit="0.00" Comment="cancelled (369)" />
        <deal Ticket="7139975" OpenTime="2009-10-15 15:57:00" DealType="-1" Lots="0.01" Symbol="USDJPY" Open="90.67" SL="90.50" TP="90.25" CloseTime="2009-10-15 16:30:00" Close="90.50" Swap="0.00" Profit="1.88" Comment="[sl] (370)" />
        <deal Ticket="7128987" OpenTime="2009-10-15 06:38:00" DealType="-1" Lots="0.01" Symbol="GBPUSD" Open="1.6060" SL="1.6090" TP="1.5950" CloseTime="2009-10-15 08:12:00" Close="1.6090" Swap="0.00" Profit="-3.00" Comment="[sl] (371)" />
        <deal Ticket="7128848" OpenTime="2009-10-15 06:10:00" DealType="1" Lots="0.01" Symbol="EURJPY" Open="134.10" SL="134.40" TP="133.00" CloseTime="2009-10-15 07:13:00" Close="133.69" Swap="0.00" Profit="0.00" Comment="cancelled (372)" />
        <deal Ticket="7117697" OpenTime="2009-10-14 13:17:00" DealType="-1" Lots="0.01" Symbol="EURJPY" Open="133.55" SL="133.80" TP="131.50" CloseTime="2009-10-15 02:11:00" Close="133.80" Swap="0.00" Profit="-2.79" Comment="[sl] (373)" />
        <deal Ticket="7124110" OpenTime="2009-10-14 19:12:00" DealType="1" Lots="0.01" Symbol="GBPUSD" Open="1.5995" SL="1.6020" TP="1.5900" CloseTime="2009-10-14 19:30:00" Close="1.5974" Swap="0.00" Profit="0.00" Comment="cancelled (374)" />
        <deal Ticket="7121552" OpenTime="2009-10-14 17:03:00" DealType="-1" Lots="0.01" Symbol="GBPUSD" Open="1.5960" SL="1.5990" TP="1.5900" CloseTime="2009-10-14 19:08:00" Close="1.5990" Swap="0.00" Profit="-3.00" Comment="[sl] (375)" />
        <deal Ticket="7123374" OpenTime="2009-10-14 18:01:00" DealType="1" Lots="0.01" Symbol="GBPUSD" Open="1.5989" SL="1.6020" TP="1.5920" CloseTime="2009-10-14 18:02:00" Close="1.5966" Swap="0.00" Profit="0.00" Comment="cancelled (376)" />
        <deal Ticket="7121254" OpenTime="2009-10-14 15:56:00" DealType="1" Lots="0.01" Symbol="GBPUSD" Open="1.5960" SL="1.5990" TP="1.5900" CloseTime="2009-10-14 16:05:00" Close="1.5925" Swap="0.00" Profit="0.00" Comment="cancelled (377)" />
        <deal Ticket="7116038" OpenTime="2009-10-14 11:26:00" DealType="-1" Lots="0.01" Symbol="GBPUSD" Open="1.6010" SL="1.6040" TP="1.5950" CloseTime="2009-10-14 15:51:00" Close="1.5950" Swap="0.00" Profit="6.00" Comment="[tp] (378)" />
        <deal Ticket="7115186" OpenTime="2009-10-14 10:51:00" DealType="1" Lots="0.01" Symbol="USDJPY" Open="89.30" SL="89.50" TP="89.00" CloseTime="2009-10-14 11:41:00" Close="89.14" Swap="0.00" Profit="0.00" Comment="cancelled (379)" />
        <deal Ticket="7076387" OpenTime="2009-10-12 09:31:00" DealType="-1" Lots="0.01" Symbol="USDJPY" Open="90.40" SL="90.30" TP="89.51" CloseTime="2009-10-14 03:34:00" Close="89.51" Swap="0.00" Profit="9.94" Comment="[tp] (380)" />
        <deal Ticket="7076386" OpenTime="2009-10-12 06:42:00" DealType="-1" Lots="0.01" Symbol="USDJPY" Open="90.20" SL="90.30" TP="89.51" CloseTime="2009-10-14 03:34:00" Close="89.51" Swap="0.00" Profit="7.71" Comment="[tp] (381)" />
        <deal Ticket="7106659" OpenTime="2009-10-13 19:54:00" DealType="-1" Lots="0.01" Symbol="USDJPY" Open="89.51" SL="0.00" TP="0.00" CloseTime="2009-10-13 19:57:00" Close="89.49" Swap="0.00" Profit="0.22" Comment=" (382)" />
        <deal Ticket="7061511" OpenTime="2009-10-09 08:52:00" DealType="-1" Lots="0.01" Symbol="USDJPY" Open="89.20" SL="89.50" TP="88.80" CloseTime="2009-10-09 13:02:00" Close="88.80" Swap="0.00" Profit="4.50" Comment="[tp] (383)" />
        <deal Ticket="7063329" OpenTime="2009-10-09 09:46:00" DealType="1" Lots="0.01" Symbol="USDJPY" Open="89.40" SL="89.70" TP="88.80" CloseTime="2009-10-09 11:24:00" Close="89.14" Swap="0.00" Profit="0.00" Comment="cancelled (384)" />
        <deal Ticket="7060649" OpenTime="2009-10-09 06:27:00" DealType="1" Lots="0.01" Symbol="GBPUSD" Open="1.6035" SL="1.6060" TP="1.5990" CloseTime="2009-10-09 08:08:00" Close="1.6005" Swap="0.00" Profit="0.00" Comment="cancelled (385)" />
        <deal Ticket="7057838" OpenTime="2009-10-08 21:40:00" DealType="1" Lots="0.01" Symbol="GBPUSD" Open="1.6098" SL="1.6130" TP="1.5970" CloseTime="2009-10-09 06:05:00" Close="1.6023" Swap="0.00" Profit="0.00" Comment="cancelled (386)" />
        <deal Ticket="7034175" OpenTime="2009-10-07 18:31:00" DealType="-1" Lots="0.01" Symbol="USDCHF" Open="1.0340" SL="1.0370" TP="1.0256" CloseTime="2009-10-08 09:21:00" Close="1.0256" Swap="0.00" Profit="8.19" Comment="[tp] (387)" />
        <deal Ticket="7002221" OpenTime="2009-10-07 02:36:00" DealType="-1" Lots="0.01" Symbol="USDCHF" Open="1.0283" SL="1.0315" TP="1.0220" CloseTime="2009-10-07 13:02:00" Close="1.0315" Swap="0.00" Profit="-3.10" Comment="[sl] (388)" />
        <deal Ticket="6956207" OpenTime="2009-10-05 07:21:00" DealType="-1" Lots="0.01" Symbol="USDJPY" Open="89.79" SL="89.77" TP="89.15" CloseTime="2009-10-06 03:13:00" Close="89.15" Swap="0.00" Profit="7.18" Comment="[tp] (389)" />
        <deal Ticket="6934136" OpenTime="2009-10-02 06:48:00" DealType="-1" Lots="0.01" Symbol="USDJPY" Open="89.40" SL="0.00" TP="0.00" CloseTime="2009-10-02 13:29:00" Close="89.36" Swap="0.00" Profit="0.45" Comment=" (390)" />
        <deal Ticket="6466427" OpenTime="2009-08-25 22:37:00" DealType="-1" Lots="0.01" Symbol="USDCHF" Open="1.0610" SL="1.0631" TP="1.0584" CloseTime="2009-08-26 07:13:00" Close="1.0631" Swap="0.00" Profit="-1.98" Comment="[sl] (391)" />
    </deals>
    <balances>
        <balance Ticket="8640114" Amount="-80.00" Date="2010-02-09 16:48:00" />
        <balance Ticket="8631295" Amount="85.71" Date="2010-02-09 08:01:00" />
        <balance Ticket="8291486" Amount="-35.00" Date="2010-01-14 15:48:00" />
        <balance Ticket="8233736" Amount="-20.00" Date="2010-01-11 12:25:00" />
        <balance Ticket="7660880" Amount="-20.00" Date="2009-11-24 10:56:00" />
        <balance Ticket="6120097" Amount="25.00" Date="2009-07-28 12:40:00" />
    </balances>
</account>