﻿<?xml version="1.0" encoding="utf-8"?>
<account Id="3953" Broker="" Account="" Trader="" Login="" InitBalance="100.00">
    <deals>
        <deal Ticket="10747989" OpenTime="2009-05-07 20:19:00" DealType="-1" Lots="0.10" Symbol="EURGBP" Open="0.8933" SL="0.8965" TP="0.8926" CloseTime="2009-05-07 20:35:00" Close="0.8926" Swap="0.00" Profit="10.48" Comment=" (11)" />
        <deal Ticket="10046263" OpenTime="2009-04-21 20:09:00" DealType="1" Lots="0.10" Symbol="EURGBP" Open="0.8821" SL="0.8789" TP="0.8828" CloseTime="2009-04-21 23:17:00" Close="0.8828" Swap="0.00" Profit="10.27" Comment=" (13)" />
        <deal Ticket="9875682" OpenTime="2009-04-16 20:03:00" DealType="1" Lots="0.10" Symbol="EURGBP" Open="0.8829" SL="0.8796" TP="0.8835" CloseTime="2009-04-17 02:00:00" Close="0.8835" Swap="0.00" Profit="8.95" Comment=" (14)" />
        <deal Ticket="9811556" OpenTime="2009-04-15 21:54:00" DealType="-1" Lots="0.10" Symbol="EURGBP" Open="0.8821" SL="0.8854" TP="0.8815" CloseTime="2009-04-15 23:03:00" Close="0.8815" Swap="0.00" Profit="9.01" Comment=" (15)" />
        <deal Ticket="9748353" OpenTime="2009-04-14 20:55:00" DealType="1" Lots="0.10" Symbol="EURGBP" Open="0.8906" SL="0.8873" TP="0.8912" CloseTime="2009-04-15 08:17:00" Close="0.8912" Swap="0.00" Profit="8.92" Comment=" (16)" />
        <deal Ticket="9626594" OpenTime="2009-04-09 20:40:00" DealType="1" Lots="0.10" Symbol="EURGBP" Open="0.8977" SL="0.8944" TP="0.8983" CloseTime="2009-04-10 16:42:00" Close="0.8983" Swap="0.00" Profit="8.77" Comment=" (17)" />
        <deal Ticket="9414982" OpenTime="2009-04-03 20:56:00" DealType="-1" Lots="0.10" Symbol="EURGBP" Open="0.9088" SL="0.9118" TP="0.9079" CloseTime="2009-04-06 04:08:00" Close="0.9079" Swap="0.00" Profit="13.44" Comment=" (18)" />
        <deal Ticket="9305001" OpenTime="2009-04-01 20:10:00" DealType="1" Lots="0.10" Symbol="EURGBP" Open="0.9166" SL="0.9133" TP="0.9172" CloseTime="2009-04-02 07:51:00" Close="0.9133" Swap="0.00" Profit="-47.94" Comment=" (19)" />
        <deal Ticket="9237658" OpenTime="2009-03-31 21:46:00" DealType="1" Lots="0.10" Symbol="EURGBP" Open="0.9253" SL="0.9220" TP="0.9259" CloseTime="2009-04-01 02:57:00" Close="0.9220" Swap="0.00" Profit="-47.15" Comment=" (20)" />
        <deal Ticket="9186303" OpenTime="2009-03-30 21:26:00" DealType="1" Lots="0.10" Symbol="EURGBP" Open="0.9261" SL="0.9228" TP="0.9267" CloseTime="2009-03-31 07:48:00" Close="0.9267" Swap="0.00" Profit="8.56" Comment=" (22)" />
        <deal Ticket="9126518" OpenTime="2009-03-27 22:01:00" DealType="1" Lots="0.10" Symbol="EURGBP" Open="0.9281" SL="0.9248" TP="0.9287" CloseTime="2009-03-30 00:00:00" Close="0.9287" Swap="0.00" Profit="8.55" Comment=" (23)" />
        <deal Ticket="8621520" OpenTime="2009-03-18 20:11:00" DealType="-1" Lots="0.10" Symbol="EURGBP" Open="0.9451" SL="0.9481" TP="0.9442" CloseTime="2009-03-18 20:12:00" Close="0.9442" Swap="0.00" Profit="12.84" Comment=" (24)" />
        <deal Ticket="8307719" OpenTime="2009-03-12 20:00:00" DealType="1" Lots="0.10" Symbol="EURGBP" Open="0.9239" SL="0.9209" TP="0.9248" CloseTime="2009-03-12 20:56:00" Close="0.9248" Swap="0.00" Profit="12.52" Comment=" (25)" />
        <deal Ticket="7653586" OpenTime="2009-03-02 20:54:00" DealType="1" Lots="0.10" Symbol="EURGBP" Open="0.8961" SL="0.8928" TP="0.8967" CloseTime="2009-03-03 01:34:00" Close="0.8967" Swap="0.00" Profit="8.41" Comment=" (26)" />
        <deal Ticket="7566038" OpenTime="2009-02-27 21:44:00" DealType="1" Lots="0.10" Symbol="EURGBP" Open="0.8860" SL="0.8827" TP="0.8866" CloseTime="2009-03-02 07:52:00" Close="0.8827" Swap="0.00" Profit="-47.05" Comment=" (27)" />
        <deal Ticket="7415043" OpenTime="2009-02-25 20:07:00" DealType="-1" Lots="0.10" Symbol="EURGBP" Open="0.8977" SL="0.9010" TP="0.8971" CloseTime="2009-02-25 20:17:00" Close="0.8971" Swap="0.00" Profit="8.52" Comment=" (29)" />
        <deal Ticket="6919973" OpenTime="2009-02-16 21:32:00" DealType="1" Lots="0.10" Symbol="EURGBP" Open="0.8950" SL="0.8917" TP="0.8956" CloseTime="2009-02-16 21:38:00" Close="0.8956" Swap="0.00" Profit="8.55" Comment=" (30)" />
        <deal Ticket="6875791" OpenTime="2009-02-13 20:12:00" DealType="-1" Lots="0.10" Symbol="EURGBP" Open="0.8971" SL="0.9001" TP="0.8962" CloseTime="2009-02-13 20:57:00" Close="0.8962" Swap="0.00" Profit="12.95" Comment=" (31)" />
        <deal Ticket="6684663" OpenTime="2009-02-10 21:17:00" DealType="-1" Lots="0.10" Symbol="EURGBP" Open="0.8895" SL="0.8928" TP="0.8889" CloseTime="2009-02-10 21:29:00" Close="0.8889" Swap="0.00" Profit="8.70" Comment=" (32)" />
        <deal Ticket="6679225" OpenTime="2009-02-10 20:00:00" DealType="-1" Lots="0.10" Symbol="EURGBP" Open="0.8889" SL="0.8919" TP="0.8880" CloseTime="2009-02-10 20:21:00" Close="0.8880" Swap="0.00" Profit="13.04" Comment=" (33)" />
        <deal Ticket="6330777" OpenTime="2009-02-03 21:30:00" DealType="1" Lots="0.10" Symbol="EURGBP" Open="0.9008" SL="0.8978" TP="0.9017" CloseTime="2009-02-03 21:48:00" Close="0.9017" Swap="0.00" Profit="13.01" Comment=" (34)" />
        <deal Ticket="6272966" OpenTime="2009-02-02 20:47:00" DealType="1" Lots="0.10" Symbol="EURGBP" Open="0.8996" SL="0.8966" TP="0.9005" CloseTime="2009-02-02 21:39:00" Close="0.9005" Swap="0.00" Profit="12.84" Comment=" (35)" />
        <deal Ticket="6155380" OpenTime="2009-01-29 20:00:00" DealType="1" Lots="0.10" Symbol="EURGBP" Open="0.9068" SL="0.9038" TP="0.9077" CloseTime="2009-01-30 01:54:00" Close="0.9077" Swap="0.00" Profit="12.79" Comment=" (37)" />
        <deal Ticket="6077409" OpenTime="2009-01-28 20:21:00" DealType="1" Lots="0.10" Symbol="EURGBP" Open="0.9235" SL="0.9205" TP="0.9244" CloseTime="2009-01-28 21:27:00" Close="0.9244" Swap="0.00" Profit="12.77" Comment=" (38)" />
        <deal Ticket="5897696" OpenTime="2009-01-23 20:00:00" DealType="-1" Lots="0.10" Symbol="EURGBP" Open="0.9456" SL="0.9486" TP="0.9448" CloseTime="2009-01-23 20:04:00" Close="0.9448" Swap="0.00" Profit="11.02" Comment=" (39)" />
        <deal Ticket="5781958" OpenTime="2009-01-21 21:05:00" DealType="1" Lots="0.10" Symbol="EURGBP" Open="0.9289" SL="0.9259" TP="0.9297" CloseTime="2009-01-21 21:11:00" Close="0.9297" Swap="0.00" Profit="11.14" Comment=" (40)" />
        <deal Ticket="5780568" OpenTime="2009-01-21 20:53:00" DealType="1" Lots="0.10" Symbol="EURGBP" Open="0.9320" SL="0.9290" TP="0.9328" CloseTime="2009-01-21 20:54:00" Close="0.9290" Swap="0.00" Profit="-41.79" Comment=" (41)" />
        <deal Ticket="5442918" OpenTime="2009-01-13 21:49:00" DealType="-1" Lots="0.10" Symbol="EURGBP" Open="0.9108" SL="0.9138" TP="0.9100" CloseTime="2009-01-13 22:05:00" Close="0.9100" Swap="0.00" Profit="11.60" Comment=" (42)" />
        <deal Ticket="5381166" OpenTime="2009-01-12 21:59:00" DealType="-1" Lots="0.10" Symbol="EURGBP" Open="0.9028" SL="0.9058" TP="0.9020" CloseTime="2009-01-12 22:08:00" Close="0.9020" Swap="0.00" Profit="11.87" Comment=" (43)" />
        <deal Ticket="5379459" OpenTime="2009-01-12 21:09:00" DealType="-1" Lots="0.10" Symbol="EURGBP" Open="0.9028" SL="0.9058" TP="0.9020" CloseTime="2009-01-12 21:20:00" Close="0.9020" Swap="0.00" Profit="11.87" Comment=" (44)" />
        <deal Ticket="5252751" OpenTime="2009-01-08 21:32:00" DealType="1" Lots="0.10" Symbol="EURGBP" Open="0.8997" SL="0.8967" TP="0.9005" CloseTime="2009-01-08 21:41:00" Close="0.9005" Swap="0.00" Profit="12.17" Comment=" (45)" />
        <deal Ticket="5181809" OpenTime="2009-01-07 22:22:00" DealType="-1" Lots="0.10" Symbol="EURGBP" Open="0.9021" SL="0.9051" TP="0.9013" CloseTime="2009-01-08 00:46:00" Close="0.9013" Swap="0.00" Profit="12.08" Comment=" (46)" />
        <deal Ticket="4942055" OpenTime="2008-12-29 21:36:00" DealType="1" Lots="0.10" Symbol="EURGBP" Open="0.9636" SL="0.9600" TP="0.9638" CloseTime="2008-12-29 21:47:00" Close="0.9638" Swap="0.00" Profit="2.90" Comment=" (48)" />
        <deal Ticket="4941846" OpenTime="2008-12-29 21:27:00" DealType="1" Lots="0.10" Symbol="EURGBP" Open="0.9663" SL="0.9627" TP="0.9665" CloseTime="2008-12-29 21:35:00" Close="0.9627" Swap="0.00" Profit="-52.34" Comment=" (49)" />
        <deal Ticket="4940981" OpenTime="2008-12-29 20:29:00" DealType="1" Lots="0.10" Symbol="EURGBP" Open="0.9691" SL="0.9655" TP="0.9693" CloseTime="2008-12-29 21:27:00" Close="0.9655" Swap="0.00" Profit="-52.34" Comment=" (50)" />
        <deal Ticket="4923533" OpenTime="2008-12-26 21:50:00" DealType="-1" Lots="0.10" Symbol="EURGBP" Open="0.9591" SL="0.9627" TP="0.9589" CloseTime="2008-12-29 00:14:00" Close="0.9627" Swap="0.00" Profit="-52.79" Comment=" (51)" />
        <deal Ticket="4879402" OpenTime="2008-12-23 22:07:00" DealType="1" Lots="0.10" Symbol="EURGBP" Open="0.9447" SL="0.9417" TP="0.9455" CloseTime="2008-12-23 22:17:00" Close="0.9455" Swap="0.00" Profit="11.81" Comment=" (52)" />
        <deal Ticket="4801042" OpenTime="2008-12-19 20:00:00" DealType="-1" Lots="0.10" Symbol="EURGBP" Open="0.9357" SL="0.9387" TP="0.9349" CloseTime="2008-12-19 20:06:00" Close="0.9349" Swap="0.00" Profit="11.85" Comment=" (53)" />
        <deal Ticket="4627841" OpenTime="2008-12-16 23:00:00" DealType="1" Lots="0.10" Symbol="EURGBP" Open="0.8992" SL="0.8962" TP="0.9000" CloseTime="2008-12-16 23:03:00" Close="0.9000" Swap="0.00" Profit="12.47" Comment=" (54)" />
        <deal Ticket="4614358" OpenTime="2008-12-16 20:22:00" DealType="-1" Lots="0.10" Symbol="EURGBP" Open="0.9030" SL="0.9060" TP="0.9022" CloseTime="2008-12-16 20:33:00" Close="0.9022" Swap="0.00" Profit="12.40" Comment=" (55)" />
        <deal Ticket="4397531" OpenTime="2008-12-10 20:04:00" DealType="-1" Lots="0.10" Symbol="EURGBP" Open="0.8804" SL="0.8834" TP="0.8796" CloseTime="2008-12-10 21:21:00" Close="0.8796" Swap="0.00" Profit="11.84" Comment=" (56)" />
        <deal Ticket="4294788" OpenTime="2008-12-08 20:57:00" DealType="1" Lots="0.10" Symbol="EURGBP" Open="0.8679" SL="0.8649" TP="0.8687" CloseTime="2008-12-08 22:24:00" Close="0.8687" Swap="0.00" Profit="11.93" Comment=" (57)" />
        <deal Ticket="4211741" OpenTime="2008-12-04 21:55:00" DealType="-1" Lots="0.10" Symbol="EURGBP" Open="0.8717" SL="0.8747" TP="0.8709" CloseTime="2008-12-04 22:05:00" Close="0.8709" Swap="0.00" Profit="11.74" Comment=" (58)" />
        <deal Ticket="4210831" OpenTime="2008-12-04 21:33:00" DealType="-1" Lots="0.10" Symbol="EURGBP" Open="0.8690" SL="0.8720" TP="0.8682" CloseTime="2008-12-04 21:54:00" Close="0.8720" Swap="0.00" Profit="-43.98" Comment=" (59)" />
        <deal Ticket="4160787" OpenTime="2008-12-03 20:25:00" DealType="-1" Lots="0.10" Symbol="EURGBP" Open="0.8604" SL="0.8634" TP="0.8596" CloseTime="2008-12-03 20:36:00" Close="0.8596" Swap="0.00" Profit="11.80" Comment=" (60)" />
        <deal Ticket="4160037" OpenTime="2008-12-03 20:04:00" DealType="-1" Lots="0.10" Symbol="EURGBP" Open="0.8604" SL="0.8634" TP="0.8596" CloseTime="2008-12-03 20:06:00" Close="0.8596" Swap="0.00" Profit="11.78" Comment=" (61)" />
        <deal Ticket="4090643" OpenTime="2008-12-02 20:57:00" DealType="-1" Lots="0.10" Symbol="EURGBP" Open="0.8539" SL="0.8569" TP="0.8531" CloseTime="2008-12-02 21:27:00" Close="0.8531" Swap="0.00" Profit="11.92" Comment=" (62)" />
        <deal Ticket="4088929" OpenTime="2008-12-02 20:06:00" DealType="-1" Lots="0.10" Symbol="EURGBP" Open="0.8534" SL="0.8564" TP="0.8526" CloseTime="2008-12-02 20:20:00" Close="0.8526" Swap="0.00" Profit="11.89" Comment=" (63)" />
        <deal Ticket="4050464" OpenTime="2008-12-01 22:18:00" DealType="1" Lots="0.10" Symbol="EURGBP" Open="0.8484" SL="0.8454" TP="0.8492" CloseTime="2008-12-02 02:10:00" Close="0.8454" Swap="0.00" Profit="-44.73" Comment=" (65)" />
        <deal Ticket="4007378" OpenTime="2008-11-28 20:14:00" DealType="1" Lots="0.10" Symbol="EURGBP" Open="0.8248" SL="0.8218" TP="0.8256" CloseTime="2008-11-28 22:25:00" Close="0.8256" Swap="0.00" Profit="12.30" Comment=" (66)" />
        <deal Ticket="3913802" OpenTime="2008-11-25 20:22:00" DealType="1" Lots="0.10" Symbol="EURGBP" Open="0.8427" SL="0.8397" TP="0.8435" CloseTime="2008-11-25 20:50:00" Close="0.8435" Swap="0.00" Profit="12.34" Comment=" (67)" />
        <deal Ticket="3869189" OpenTime="2008-11-24 20:10:00" DealType="-1" Lots="0.10" Symbol="EURGBP" Open="0.8538" SL="0.8568" TP="0.8530" CloseTime="2008-11-24 20:11:00" Close="0.8530" Swap="0.00" Profit="12.09" Comment=" (68)" />
        <deal Ticket="3838390" OpenTime="2008-11-21 22:49:00" DealType="1" Lots="0.10" Symbol="EURGBP" Open="0.8440" SL="0.8410" TP="0.8448" CloseTime="2008-11-24 00:24:00" Close="0.8448" Swap="0.00" Profit="11.96" Comment=" (69)" />
        <deal Ticket="3808676" OpenTime="2008-11-20 20:46:00" DealType="1" Lots="0.10" Symbol="EURGBP" Open="0.8443" SL="0.8413" TP="0.8451" CloseTime="2008-11-20 20:51:00" Close="0.8451" Swap="0.00" Profit="11.85" Comment=" (70)" />
        <deal Ticket="3642839" OpenTime="2008-11-17 21:50:00" DealType="1" Lots="0.10" Symbol="EURGBP" Open="0.8425" SL="0.8395" TP="0.8433" CloseTime="2008-11-17 22:04:00" Close="0.8433" Swap="0.00" Profit="12.00" Comment=" (71)" />
        <deal Ticket="3579350" OpenTime="2008-11-13 20:57:00" DealType="-1" Lots="0.10" Symbol="EURGBP" Open="0.8639" SL="0.8669" TP="0.8631" CloseTime="2008-11-13 21:47:00" Close="0.8631" Swap="0.00" Profit="11.83" Comment=" (72)" />
        <deal Ticket="3578773" OpenTime="2008-11-13 20:47:00" DealType="-1" Lots="0.10" Symbol="EURGBP" Open="0.8608" SL="0.8638" TP="0.8600" CloseTime="2008-11-13 20:55:00" Close="0.8638" Swap="0.00" Profit="-44.13" Comment=" (73)" />
        <deal Ticket="3578209" OpenTime="2008-11-13 20:42:00" DealType="-1" Lots="0.10" Symbol="EURGBP" Open="0.8603" SL="0.8633" TP="0.8595" CloseTime="2008-11-13 20:44:00" Close="0.8595" Swap="0.00" Profit="11.84" Comment=" (74)" />
        <deal Ticket="3575996" OpenTime="2008-11-13 20:15:00" DealType="-1" Lots="0.10" Symbol="EURGBP" Open="0.8593" SL="0.8623" TP="0.8585" CloseTime="2008-11-13 20:23:00" Close="0.8585" Swap="0.00" Profit="11.69" Comment=" (75)" />
        <deal Ticket="3575414" OpenTime="2008-11-13 20:00:00" DealType="-1" Lots="0.10" Symbol="EURGBP" Open="0.8582" SL="0.8612" TP="0.8574" CloseTime="2008-11-13 20:03:00" Close="0.8574" Swap="0.00" Profit="11.71" Comment=" (76)" />
        <deal Ticket="3422226" OpenTime="2008-11-07 21:58:00" DealType="-1" Lots="0.10" Symbol="EURGBP" Open="0.8145" SL="0.8175" TP="0.8137" CloseTime="2008-11-07 22:13:00" Close="0.8137" Swap="0.00" Profit="12.54" Comment=" (77)" />
        <deal Ticket="3421822" OpenTime="2008-11-07 21:09:00" DealType="-1" Lots="0.10" Symbol="EURGBP" Open="0.8141" SL="0.8171" TP="0.8133" CloseTime="2008-11-07 21:43:00" Close="0.8133" Swap="0.00" Profit="12.54" Comment=" (78)" />
        <deal Ticket="3398369" OpenTime="2008-11-06 22:04:00" DealType="-1" Lots="0.10" Symbol="EURGBP" Open="0.8135" SL="0.8165" TP="0.8127" CloseTime="2008-11-07 05:30:00" Close="0.8127" Swap="0.00" Profit="12.53" Comment=" (79)" />
        <deal Ticket="3397904" OpenTime="2008-11-06 21:31:00" DealType="-1" Lots="0.10" Symbol="EURGBP" Open="0.8121" SL="0.8151" TP="0.8113" CloseTime="2008-11-06 21:48:00" Close="0.8113" Swap="0.00" Profit="12.55" Comment=" (80)" />
        <deal Ticket="3397522" OpenTime="2008-11-06 21:17:00" DealType="-1" Lots="0.10" Symbol="EURGBP" Open="0.8094" SL="0.8124" TP="0.8086" CloseTime="2008-11-06 21:30:00" Close="0.8124" Swap="0.00" Profit="-47.00" Comment=" (81)" />
        <deal Ticket="3396362" OpenTime="2008-11-06 20:00:00" DealType="-1" Lots="0.10" Symbol="EURGBP" Open="0.8085" SL="0.8115" TP="0.8077" CloseTime="2008-11-06 20:19:00" Close="0.8077" Swap="0.00" Profit="12.62" Comment=" (82)" />
        <deal Ticket="3308640" OpenTime="2008-11-03 20:50:00" DealType="1" Lots="0.10" Symbol="EURGBP" Open="0.7980" SL="0.7950" TP="0.7988" CloseTime="2008-11-03 21:06:00" Close="0.7988" Swap="0.00" Profit="12.64" Comment=" (83)" />
        <deal Ticket="3283337" OpenTime="2008-10-31 22:02:00" DealType="-1" Lots="0.10" Symbol="EURGBP" Open="0.7922" SL="0.7952" TP="0.7914" CloseTime="2008-11-03 03:25:00" Close="0.7914" Swap="0.00" Profit="12.98" Comment=" (85)" />
        <deal Ticket="3251721" OpenTime="2008-10-30 21:22:00" DealType="1" Lots="0.10" Symbol="EURGBP" Open="0.7864" SL="0.7834" TP="0.7872" CloseTime="2008-10-30 23:43:00" Close="0.7872" Swap="0.00" Profit="13.08" Comment=" (86)" />
        <deal Ticket="3217300" OpenTime="2008-10-29 22:31:00" DealType="-1" Lots="0.10" Symbol="EURGBP" Open="0.7935" SL="0.7965" TP="0.7927" CloseTime="2008-10-29 22:40:00" Close="0.7927" Swap="0.00" Profit="13.08" Comment=" (87)" />
        <deal Ticket="3178310" OpenTime="2008-10-28 22:31:00" DealType="-1" Lots="0.10" Symbol="EURGBP" Open="0.8036" SL="0.8066" TP="0.8028" CloseTime="2008-10-28 22:31:00" Close="0.8028" Swap="0.00" Profit="12.70" Comment=" (88)" />
        <deal Ticket="3176287" OpenTime="2008-10-28 21:30:00" DealType="1" Lots="0.10" Symbol="EURGBP" Open="0.7972" SL="0.7942" TP="0.7980" CloseTime="2008-10-28 21:44:00" Close="0.7980" Swap="0.00" Profit="12.69" Comment=" (89)" />
        <deal Ticket="3174971" OpenTime="2008-10-28 21:05:00" DealType="1" Lots="0.10" Symbol="EURGBP" Open="0.7977" SL="0.7947" TP="0.7985" CloseTime="2008-10-28 21:27:00" Close="0.7985" Swap="0.00" Profit="12.68" Comment=" (90)" />
        <deal Ticket="3174296" OpenTime="2008-10-28 20:54:00" DealType="1" Lots="0.10" Symbol="EURGBP" Open="0.7982" SL="0.7952" TP="0.7990" CloseTime="2008-10-28 20:58:00" Close="0.7990" Swap="0.00" Profit="12.62" Comment=" (91)" />
        <deal Ticket="3143103" OpenTime="2008-10-27 21:38:00" DealType="1" Lots="0.10" Symbol="EURGBP" Open="0.8003" SL="0.7973" TP="0.8011" CloseTime="2008-10-27 21:46:00" Close="0.8011" Swap="0.00" Profit="12.54" Comment=" (92)" />
        <deal Ticket="3141936" OpenTime="2008-10-27 20:45:00" DealType="1" Lots="0.10" Symbol="EURGBP" Open="0.8009" SL="0.7979" TP="0.8017" CloseTime="2008-10-27 21:06:00" Close="0.8017" Swap="0.00" Profit="12.52" Comment=" (93)" />
        <deal Ticket="3141458" OpenTime="2008-10-27 20:28:00" DealType="1" Lots="0.10" Symbol="EURGBP" Open="0.8010" SL="0.7980" TP="0.8018" CloseTime="2008-10-27 20:39:00" Close="0.8018" Swap="0.00" Profit="12.50" Comment=" (94)" />
        <deal Ticket="3108396" OpenTime="2008-10-24 21:37:00" DealType="1" Lots="0.10" Symbol="EURGBP" Open="0.7929" SL="0.7899" TP="0.7937" CloseTime="2008-10-27 00:00:00" Close="0.7937" Swap="0.00" Profit="12.58" Comment=" (95)" />
        <deal Ticket="3108120" OpenTime="2008-10-24 21:14:00" DealType="1" Lots="0.10" Symbol="EURGBP" Open="0.7932" SL="0.7902" TP="0.7940" CloseTime="2008-10-24 21:22:00" Close="0.7940" Swap="0.00" Profit="12.71" Comment=" (96)" />
        <deal Ticket="3107671" OpenTime="2008-10-24 20:46:00" DealType="1" Lots="0.10" Symbol="EURGBP" Open="0.7959" SL="0.7929" TP="0.7967" CloseTime="2008-10-24 21:14:00" Close="0.7929" Swap="0.00" Profit="-47.78" Comment=" (97)" />
        <deal Ticket="3071697" OpenTime="2008-10-23 21:41:00" DealType="-1" Lots="0.10" Symbol="EURGBP" Open="0.7980" SL="0.8010" TP="0.7972" CloseTime="2008-10-23 22:20:00" Close="0.7972" Swap="0.00" Profit="12.97" Comment=" (98)" />
        <deal Ticket="3012349" OpenTime="2008-10-21 21:40:00" DealType="-1" Lots="0.10" Symbol="EURGBP" Open="0.7813" SL="0.7843" TP="0.7805" CloseTime="2008-10-22 01:19:00" Close="0.7843" Swap="0.00" Profit="-50.00" Comment=" (99)" />
        <deal Ticket="3011832" OpenTime="2008-10-21 21:29:00" DealType="-1" Lots="0.10" Symbol="EURGBP" Open="0.7785" SL="0.7815" TP="0.7777" CloseTime="2008-10-21 21:40:00" Close="0.7815" Swap="0.00" Profit="-50.22" Comment=" (100)" />
        <deal Ticket="3011320" OpenTime="2008-10-21 21:16:00" DealType="-1" Lots="0.10" Symbol="EURGBP" Open="0.7782" SL="0.7812" TP="0.7774" CloseTime="2008-10-21 21:23:00" Close="0.7774" Swap="0.00" Profit="13.47" Comment=" (101)" />
        <deal Ticket="3010739" OpenTime="2008-10-21 20:49:00" DealType="1" Lots="0.10" Symbol="EURGBP" Open="0.7749" SL="0.7719" TP="0.7757" CloseTime="2008-10-21 21:10:00" Close="0.7757" Swap="0.00" Profit="13.53" Comment=" (102)" />
        <deal Ticket="3010291" OpenTime="2008-10-21 20:19:00" DealType="1" Lots="0.10" Symbol="EURGBP" Open="0.7749" SL="0.7719" TP="0.7757" CloseTime="2008-10-21 20:30:00" Close="0.7757" Swap="0.00" Profit="13.53" Comment=" (103)" />
        <deal Ticket="2987945" OpenTime="2008-10-20 20:09:00" DealType="-1" Lots="0.10" Symbol="EURGBP" Open="0.7779" SL="0.7809" TP="0.7771" CloseTime="2008-10-20 21:57:00" Close="0.7771" Swap="0.00" Profit="13.73" Comment=" (104)" />
        <deal Ticket="2969100" OpenTime="2008-10-17 20:40:00" DealType="1" Lots="0.10" Symbol="EURGBP" Open="0.7755" SL="0.7725" TP="0.7763" CloseTime="2008-10-17 22:59:00" Close="0.7763" Swap="0.00" Profit="13.82" Comment=" (105)" />
        <deal Ticket="2949380" OpenTime="2008-10-16 20:05:00" DealType="1" Lots="0.10" Symbol="EURGBP" Open="0.7761" SL="0.7731" TP="0.7769" CloseTime="2008-10-16 20:15:00" Close="0.7769" Swap="0.00" Profit="13.80" Comment=" (106)" />
        <deal Ticket="2922206" OpenTime="2008-10-15 20:50:00" DealType="-1" Lots="0.10" Symbol="EURGBP" Open="0.7795" SL="0.7825" TP="0.7787" CloseTime="2008-10-15 23:02:00" Close="0.7825" Swap="0.00" Profit="-51.79" Comment=" (107)" />
        <deal Ticket="2900741" OpenTime="2008-10-14 20:15:00" DealType="-1" Lots="0.10" Symbol="EURGBP" Open="0.7835" SL="0.7865" TP="0.7827" CloseTime="2008-10-14 20:53:00" Close="0.7827" Swap="0.00" Profit="13.95" Comment=" (108)" />
        <deal Ticket="2900522" OpenTime="2008-10-14 20:01:00" DealType="-1" Lots="0.10" Symbol="EURGBP" Open="0.7835" SL="0.7865" TP="0.7827" CloseTime="2008-10-14 20:11:00" Close="0.7827" Swap="0.00" Profit="13.97" Comment=" (109)" />
        <deal Ticket="2875869" OpenTime="2008-10-13 22:40:00" DealType="-1" Lots="0.10" Symbol="EURGBP" Open="0.7833" SL="0.7863" TP="0.7825" CloseTime="2008-10-13 23:10:00" Close="0.7825" Swap="0.00" Profit="13.89" Comment=" (110)" />
        <deal Ticket="2848560" OpenTime="2008-10-10 22:54:00" DealType="1" Lots="0.10" Symbol="EURGBP" Open="0.7857" SL="0.7827" TP="0.7865" CloseTime="2008-10-13 00:00:00" Close="0.7865" Swap="0.00" Profit="13.69" Comment=" (111)" />
        <deal Ticket="2846814" OpenTime="2008-10-10 21:17:00" DealType="1" Lots="0.10" Symbol="EURGBP" Open="0.7858" SL="0.7828" TP="0.7866" CloseTime="2008-10-10 21:21:00" Close="0.7866" Swap="0.00" Profit="13.61" Comment=" (112)" />
        <deal Ticket="2846058" OpenTime="2008-10-10 20:45:00" DealType="1" Lots="0.10" Symbol="EURGBP" Open="0.7861" SL="0.7831" TP="0.7869" CloseTime="2008-10-10 20:47:00" Close="0.7869" Swap="0.00" Profit="13.51" Comment=" (113)" />
        <deal Ticket="2845340" OpenTime="2008-10-10 20:22:00" DealType="1" Lots="0.10" Symbol="EURGBP" Open="0.7888" SL="0.7858" TP="0.7896" CloseTime="2008-10-10 20:44:00" Close="0.7858" Swap="0.00" Profit="-50.66" Comment=" (114)" />
        <deal Ticket="2819930" OpenTime="2008-10-09 21:48:00" DealType="-1" Lots="0.10" Symbol="EURGBP" Open="0.7956" SL="0.7986" TP="0.7948" CloseTime="2008-10-10 04:08:00" Close="0.7986" Swap="0.00" Profit="-51.02" Comment=" (115)" />
        <deal Ticket="2796811" OpenTime="2008-10-08 22:53:00" DealType="1" Lots="0.10" Symbol="EURGBP" Open="0.7896" SL="0.7866" TP="0.7904" CloseTime="2008-10-09 01:20:00" Close="0.7904" Swap="0.00" Profit="13.78" Comment=" (116)" />
        <deal Ticket="2732799" OpenTime="2008-10-06 21:15:00" DealType="1" Lots="0.10" Symbol="EURGBP" Open="0.7739" SL="0.7709" TP="0.7747" CloseTime="2008-10-06 21:46:00" Close="0.7747" Swap="0.00" Profit="13.96" Comment=" (117)" />
        <deal Ticket="2700584" OpenTime="2008-10-03 22:31:00" DealType="1" Lots="0.10" Symbol="EURGBP" Open="0.7770" SL="0.7740" TP="0.7778" CloseTime="2008-10-03 22:46:00" Close="0.7778" Swap="0.00" Profit="14.18" Comment=" (118)" />
        <deal Ticket="2677246" OpenTime="2008-10-02 21:39:00" DealType="1" Lots="0.10" Symbol="EURGBP" Open="0.7829" SL="0.7799" TP="0.7837" CloseTime="2008-10-02 22:18:00" Close="0.7837" Swap="0.00" Profit="14.08" Comment=" (119)" />
        <deal Ticket="2632564" OpenTime="2008-09-30 20:42:00" DealType="-1" Lots="0.10" Symbol="EURGBP" Open="0.7924" SL="0.7954" TP="0.7916" CloseTime="2008-09-30 21:40:00" Close="0.7916" Swap="0.00" Profit="14.22" Comment=" (121)" />
        <deal Ticket="2579847" OpenTime="2008-09-26 22:55:00" DealType="1" Lots="0.10" Symbol="EURGBP" Open="0.7926" SL="0.7896" TP="0.7934" CloseTime="2008-09-29 00:00:00" Close="0.7934" Swap="0.00" Profit="14.76" Comment=" (122)" />
        <deal Ticket="2541941" OpenTime="2008-09-24 21:12:00" DealType="1" Lots="0.10" Symbol="EURGBP" Open="0.7916" SL="0.7886" TP="0.7924" CloseTime="2008-09-25 03:19:00" Close="0.7924" Swap="0.00" Profit="14.83" Comment=" (123)" />
        <deal Ticket="2504837" OpenTime="2008-09-22 21:28:00" DealType="-1" Lots="0.10" Symbol="EURGBP" Open="0.7973" SL="0.8003" TP="0.7965" CloseTime="2008-09-22 23:31:00" Close="0.7965" Swap="0.00" Profit="14.86" Comment=" (124)" />
        <deal Ticket="2479578" OpenTime="2008-09-19 21:40:00" DealType="-1" Lots="0.10" Symbol="EURGBP" Open="0.7892" SL="0.7922" TP="0.7884" CloseTime="2008-09-22 03:17:00" Close="0.7922" Swap="0.00" Profit="-54.84" Comment=" (125)" />
        <deal Ticket="2398256" OpenTime="2008-09-16 20:16:00" DealType="1" Lots="0.10" Symbol="EURGBP" Open="0.7912" SL="0.7882" TP="0.7920" CloseTime="2008-09-16 20:17:00" Close="0.7920" Swap="0.00" Profit="14.23" Comment=" (126)" />
        <deal Ticket="2369568" OpenTime="2008-09-15 22:52:00" DealType="1" Lots="0.10" Symbol="EURGBP" Open="0.7921" SL="0.7891" TP="0.7929" CloseTime="2008-09-15 23:49:00" Close="0.7929" Swap="0.00" Profit="14.40" Comment=" (127)" />
        <deal Ticket="2367948" OpenTime="2008-09-15 21:52:00" DealType="-1" Lots="0.10" Symbol="EURGBP" Open="0.7947" SL="0.7977" TP="0.7939" CloseTime="2008-09-15 21:58:00" Close="0.7939" Swap="0.00" Profit="14.43" Comment=" (128)" />
        <deal Ticket="2279852" OpenTime="2008-09-09 20:20:00" DealType="-1" Lots="0.10" Symbol="EURGBP" Open="0.8039" SL="0.8069" TP="0.8031" CloseTime="2008-09-09 21:08:00" Close="0.8031" Swap="0.00" Profit="14.11" Comment=" (129)" />
        <deal Ticket="2260736" OpenTime="2008-09-08 22:13:00" DealType="1" Lots="0.10" Symbol="EURGBP" Open="0.8038" SL="0.8008" TP="0.8046" CloseTime="2008-09-08 23:10:00" Close="0.8046" Swap="0.00" Profit="14.05" Comment=" (130)" />
        <deal Ticket="2259943" OpenTime="2008-09-08 21:04:00" DealType="1" Lots="0.10" Symbol="EURGBP" Open="0.8039" SL="0.8009" TP="0.8047" CloseTime="2008-09-08 21:32:00" Close="0.8047" Swap="0.00" Profit="14.04" Comment=" (131)" />
        <deal Ticket="2211582" OpenTime="2008-09-04 20:10:00" DealType="1" Lots="0.10" Symbol="EURGBP" Open="0.8101" SL="0.8071" TP="0.8109" CloseTime="2008-09-04 23:13:00" Close="0.8071" Swap="0.00" Profit="-53.01" Comment=" (132)" />
        <deal Ticket="2161395" OpenTime="2008-09-01 22:53:00" DealType="-1" Lots="0.10" Symbol="EURGBP" Open="0.8116" SL="0.8163" TP="0.8108" CloseTime="2008-09-01 23:59:00" Close="0.8108" Swap="0.00" Profit="14.40" Comment=" (133)" />
        <deal Ticket="2133731" OpenTime="2008-08-28 21:23:00" DealType="1" Lots="0.10" Symbol="EURGBP" Open="0.8035" SL="0.7988" TP="0.8043" CloseTime="2008-08-28 23:01:00" Close="0.8043" Swap="0.00" Profit="14.63" Comment=" (135)" />
        <deal Ticket="2075753" OpenTime="2008-08-21 22:07:00" DealType="-1" Lots="0.10" Symbol="EURGBP" Open="0.7934" SL="0.7981" TP="0.7926" CloseTime="2008-08-22 10:50:00" Close="0.7981" Swap="0.00" Profit="-87.41" Comment=" (136)" />
        <deal Ticket="2051514" OpenTime="2008-08-19 21:52:00" DealType="-1" Lots="0.10" Symbol="EURGBP" Open="0.7921" SL="0.7968" TP="0.7913" CloseTime="2008-08-20 01:09:00" Close="0.7913" Swap="0.00" Profit="14.95" Comment=" (137)" />
        <deal Ticket="2039286" OpenTime="2008-08-18 22:57:00" DealType="1" Lots="0.10" Symbol="EURGBP" Open="0.7882" SL="0.7835" TP="0.7890" CloseTime="2008-08-19 07:52:00" Close="0.7890" Swap="0.00" Profit="14.88" Comment=" (138)" />
        <deal Ticket="2029603" OpenTime="2008-08-15 22:43:00" DealType="1" Lots="0.10" Symbol="EURGBP" Open="0.7875" SL="0.7828" TP="0.7883" CloseTime="2008-08-18 02:16:00" Close="0.7883" Swap="0.00" Profit="14.92" Comment=" (139)" />
        <deal Ticket="2000164" OpenTime="2008-08-13 21:16:00" DealType="-1" Lots="0.10" Symbol="EURGBP" Open="0.7984" SL="0.8031" TP="0.7976" CloseTime="2008-08-13 22:31:00" Close="0.7976" Swap="0.00" Profit="14.96" Comment=" (140)" />
        <deal Ticket="1961722" OpenTime="2008-08-11 20:39:00" DealType="1" Lots="0.10" Symbol="EURGBP" Open="0.7803" SL="0.7756" TP="0.7811" CloseTime="2008-08-12 06:33:00" Close="0.7811" Swap="0.00" Profit="15.24" Comment=" (141)" />
        <deal Ticket="1941597" OpenTime="2008-08-08 20:31:00" DealType="1" Lots="0.10" Symbol="EURGBP" Open="0.7825" SL="0.7778" TP="0.7833" CloseTime="2008-08-11 10:18:00" Close="0.7833" Swap="0.00" Profit="15.39" Comment=" (142)" />
        <deal Ticket="1916633" OpenTime="2008-08-07 22:29:00" DealType="1" Lots="0.10" Symbol="EURGBP" Open="0.7880" SL="0.7833" TP="0.7888" CloseTime="2008-08-08 00:07:00" Close="0.7888" Swap="0.00" Profit="15.55" Comment=" (143)" />
    </deals>
    <balances>
        <balance Ticket="29135059" Amount="1.82" Date="2010-01-31 23:30:00" />
        <balance Ticket="26114154" Amount="1.96" Date="2009-12-31 23:30:00" />
        <balance Ticket="23610415" Amount="1.96" Date="2009-11-30 23:30:00" />
        <balance Ticket="21173471" Amount="2.17" Date="2009-10-31 23:30:00" />
        <balance Ticket="18998638" Amount="1.96" Date="2009-09-30 23:30:00" />
        <balance Ticket="16884548" Amount="2.17" Date="2009-08-31 23:30:00" />
        <balance Ticket="15082606" Amount="1.89" Date="2009-07-31 23:29:00" />
        <balance Ticket="13422190" Amount="2.10" Date="2009-06-30 23:28:00" />
        <balance Ticket="11802671" Amount="2.22" Date="2009-06-01 09:16:00" />
        <balance Ticket="11775172" Amount="0.07" Date="2009-05-31 23:30:00" />
        <balance Ticket="10473784" Amount="2.15" Date="2009-05-01 07:15:00" />
        <balance Ticket="9242659" Amount="1.92" Date="2009-03-31 23:29:00" />
        <balance Ticket="7569817" Amount="1.91" Date="2009-02-28 23:29:00" />
        <balance Ticket="6221064" Amount="1.64" Date="2009-01-31 23:28:00" />
        <balance Ticket="4968199" Amount="1.91" Date="2008-12-31 23:29:00" />
        <balance Ticket="4060749" Amount="1.26" Date="2008-12-02 07:07:00" />
        <balance Ticket="3293397" Amount="1.55" Date="2008-11-03 10:00:00" />
        <balance Ticket="2637226" Amount="1.24" Date="2008-09-30 23:59:00" />
        <balance Ticket="2148411" Amount="0.48" Date="2008-09-01 00:01:00" />
        <balance Ticket="1830547" Amount="0.11" Date="2008-08-01 00:01:00" />
        <balance Ticket="1697249" Amount="100.00" Date="2008-07-21 17:29:00" />
    </balances>
</account>