﻿<?xml version="1.0" encoding="utf-8"?>
<account Id="8198" Broker="" Account="" Trader="" Login="" InitBalance="496.00">
    <deals>
        <deal Ticket="670705" OpenTime="2009-02-13 03:11:00" DealType="1" Lots="0.10" Symbol="EURGBP" Open="0.8993" SL="0.8869" TP="0.8999" CloseTime="2009-02-13 06:11:00" Close="0.8992" Swap="0.00" Profit="-1.44" Comment="buy (3)" />
        <deal Ticket="670514" OpenTime="2009-02-13 01:10:00" DealType="1" Lots="0.10" Symbol="EURGBP" Open="0.9013" SL="0.8889" TP="0.9017" CloseTime="2009-02-13 01:42:00" Close="0.9011" Swap="0.00" Profit="-2.86" Comment="buy (4)" />
        <deal Ticket="522812" OpenTime="2009-01-21 07:29:00" DealType="-1" Lots="0.10" Symbol="EURGBP" Open="0.9304" SL="0.9386" TP="0.9296" CloseTime="2009-01-21 07:37:00" Close="0.9296" Swap="0.00" Profit="11.16" Comment="sell[tp] (5)" />
        <deal Ticket="522803" OpenTime="2009-01-21 07:28:00" DealType="-1" Lots="0.10" Symbol="EURGBP" Open="0.9304" SL="0.9386" TP="0.9296" CloseTime="2009-01-21 07:37:00" Close="0.9296" Swap="0.00" Profit="11.16" Comment="sell[tp] (6)" />
        <deal Ticket="522638" OpenTime="2009-01-21 07:12:00" DealType="1" Lots="0.10" Symbol="EURGBP" Open="0.9285" SL="0.9203" TP="0.9293" CloseTime="2009-01-21 07:16:00" Close="0.9293" Swap="0.00" Profit="11.17" Comment="buy[tp] (7)" />
        <deal Ticket="522646" OpenTime="2009-01-21 07:13:00" DealType="1" Lots="0.10" Symbol="EURGBP" Open="0.9283" SL="0.9201" TP="0.9291" CloseTime="2009-01-21 07:15:00" Close="0.9291" Swap="0.00" Profit="11.17" Comment="buy[tp] (8)" />
        <deal Ticket="522115" OpenTime="2009-01-21 04:14:00" DealType="-1" Lots="0.10" Symbol="EURGBP" Open="0.9285" SL="0.9368" TP="0.9285" CloseTime="2009-01-21 07:12:00" Close="0.9285" Swap="0.00" Profit="0.00" Comment="sell[tp] (9)" />
        <deal Ticket="522243" OpenTime="2009-01-21 05:05:00" DealType="-1" Lots="0.10" Symbol="EURGBP" Open="0.9296" SL="0.9379" TP="0.9289" CloseTime="2009-01-21 06:20:00" Close="0.9289" Swap="0.00" Profit="9.77" Comment="sell[tp] (10)" />
        <deal Ticket="521964" OpenTime="2009-01-21 03:14:00" DealType="1" Lots="0.10" Symbol="EURGBP" Open="0.9274" SL="0.9191" TP="0.9281" CloseTime="2009-01-21 03:21:00" Close="0.9281" Swap="0.00" Profit="9.76" Comment="buy[tp] (11)" />
        <deal Ticket="521911" OpenTime="2009-01-21 02:57:00" DealType="1" Lots="0.10" Symbol="EURGBP" Open="0.9276" SL="0.9193" TP="0.9283" CloseTime="2009-01-21 03:00:00" Close="0.9283" Swap="0.00" Profit="9.74" Comment="buy[tp] (12)" />
        <deal Ticket="521902" OpenTime="2009-01-21 02:53:00" DealType="1" Lots="0.10" Symbol="EURGBP" Open="0.9276" SL="0.9193" TP="0.9283" CloseTime="2009-01-21 03:00:00" Close="0.9283" Swap="0.00" Profit="9.74" Comment="buy[tp] (13)" />
        <deal Ticket="521846" OpenTime="2009-01-21 01:52:00" DealType="-1" Lots="0.10" Symbol="EURGBP" Open="0.9289" SL="0.9372" TP="0.9282" CloseTime="2009-01-21 01:59:00" Close="0.9282" Swap="0.00" Profit="9.72" Comment="sell[tp] (14)" />
        <deal Ticket="521843" OpenTime="2009-01-21 01:51:00" DealType="-1" Lots="0.10" Symbol="EURGBP" Open="0.9291" SL="0.9374" TP="0.9284" CloseTime="2009-01-21 01:59:00" Close="0.9284" Swap="0.00" Profit="9.72" Comment="sell[tp] (15)" />
        <deal Ticket="521712" OpenTime="2009-01-21 00:42:00" DealType="-1" Lots="0.10" Symbol="EURGBP" Open="0.9286" SL="0.9369" TP="0.9279" CloseTime="2009-01-21 01:06:00" Close="0.9279" Swap="0.00" Profit="9.72" Comment="sell[tp] (16)" />
        <deal Ticket="521662" OpenTime="2009-01-21 00:19:00" DealType="1" Lots="0.10" Symbol="EURGBP" Open="0.9267" SL="0.9184" TP="0.9274" CloseTime="2009-01-21 00:23:00" Close="0.9274" Swap="0.00" Profit="9.70" Comment="buy[tp] (17)" />
        <deal Ticket="521342" OpenTime="2009-01-20 23:03:00" DealType="-1" Lots="0.10" Symbol="EURGBP" Open="0.9279" SL="0.9362" TP="0.9280" CloseTime="2009-01-20 23:17:00" Close="0.9280" Swap="0.00" Profit="-1.39" Comment="sell[tp] (18)" />
        <deal Ticket="521359" OpenTime="2009-01-20 23:04:00" DealType="-1" Lots="0.10" Symbol="EURGBP" Open="0.9294" SL="0.9377" TP="0.9287" CloseTime="2009-01-20 23:08:00" Close="0.9287" Swap="0.00" Profit="9.70" Comment="sell[tp] (19)" />
        <deal Ticket="521212" OpenTime="2009-01-20 22:29:00" DealType="-1" Lots="0.10" Symbol="EURGBP" Open="0.9274" SL="0.9356" TP="0.9266" CloseTime="2009-01-20 22:59:00" Close="0.9266" Swap="0.00" Profit="11.15" Comment="sell[tp] (20)" />
        <deal Ticket="521204" OpenTime="2009-01-20 22:28:00" DealType="-1" Lots="0.10" Symbol="EURGBP" Open="0.9270" SL="0.9352" TP="0.9262" CloseTime="2009-01-20 22:59:00" Close="0.9265" Swap="0.00" Profit="6.97" Comment="sell (21)" />
        <deal Ticket="520792" OpenTime="2009-01-20 21:03:00" DealType="-1" Lots="0.10" Symbol="EURGBP" Open="0.9268" SL="0.9350" TP="0.9260" CloseTime="2009-01-20 21:21:00" Close="0.9262" Swap="0.00" Profit="8.35" Comment="sell (22)" />
        <deal Ticket="520662" OpenTime="2009-01-20 20:45:00" DealType="-1" Lots="0.10" Symbol="EURGBP" Open="0.9265" SL="0.9347" TP="0.9257" CloseTime="2009-01-20 20:55:00" Close="0.9259" Swap="0.00" Profit="8.37" Comment="sell (23)" />
        <deal Ticket="520677" OpenTime="2009-01-20 20:46:00" DealType="-1" Lots="0.10" Symbol="EURGBP" Open="0.9267" SL="0.9349" TP="0.9259" CloseTime="2009-01-20 20:54:00" Close="0.9259" Swap="0.00" Profit="11.14" Comment="sell[tp] (24)" />
        <deal Ticket="511966" OpenTime="2009-01-20 06:51:00" DealType="1" Lots="0.10" Symbol="EURGBP" Open="0.9144" SL="0.9082" TP="0.9112" CloseTime="2009-01-20 06:55:00" Close="0.9082" Swap="0.00" Profit="-88.73" Comment="buy[sl] (25)" />
        <deal Ticket="511255" OpenTime="2009-01-20 05:26:00" DealType="-1" Lots="0.10" Symbol="EURGBP" Open="0.9119" SL="0.9182" TP="0.9140" CloseTime="2009-01-20 06:03:00" Close="0.9182" Swap="0.00" Profit="-89.13" Comment="sell[sl] (26)" />
        <deal Ticket="510752" OpenTime="2009-01-20 01:54:00" DealType="-1" Lots="0.10" Symbol="EURGBP" Open="0.9111" SL="0.9174" TP="0.9140" CloseTime="2009-01-20 06:03:00" Close="0.9174" Swap="0.00" Profit="-89.22" Comment="sell[sl] (27)" />
        <deal Ticket="511069" OpenTime="2009-01-20 04:16:00" DealType="-1" Lots="0.10" Symbol="EURGBP" Open="0.9120" SL="0.9183" TP="0.9113" CloseTime="2009-01-20 04:30:00" Close="0.9113" Swap="0.00" Profit="10.00" Comment="sell[tp] (28)" />
        <deal Ticket="510784" OpenTime="2009-01-20 01:59:00" DealType="-1" Lots="0.10" Symbol="EURGBP" Open="0.9116" SL="0.9179" TP="0.9109" CloseTime="2009-01-20 03:46:00" Close="0.9109" Swap="0.00" Profit="10.02" Comment="sell[tp] (29)" />
        <deal Ticket="510765" OpenTime="2009-01-20 01:56:00" DealType="-1" Lots="0.10" Symbol="EURGBP" Open="0.9116" SL="0.9179" TP="0.9109" CloseTime="2009-01-20 01:58:00" Close="0.9109" Swap="0.00" Profit="10.00" Comment="sell[tp] (30)" />
        <deal Ticket="510526" OpenTime="2009-01-20 01:04:00" DealType="-1" Lots="0.10" Symbol="EURGBP" Open="0.9081" SL="0.9144" TP="0.9100" CloseTime="2009-01-20 01:38:00" Close="0.9100" Swap="0.00" Profit="-27.17" Comment="sell[tp] (31)" />
        <deal Ticket="510522" OpenTime="2009-01-20 01:01:00" DealType="-1" Lots="0.10" Symbol="EURGBP" Open="0.9081" SL="0.9144" TP="0.9100" CloseTime="2009-01-20 01:38:00" Close="0.9100" Swap="0.00" Profit="-27.17" Comment="sell[tp] (32)" />
        <deal Ticket="509963" OpenTime="2009-01-19 23:01:00" DealType="-1" Lots="0.10" Symbol="EURGBP" Open="0.9065" SL="0.9128" TP="0.9065" CloseTime="2009-01-20 00:53:00" Close="0.9073" Swap="0.00" Profit="-11.55" Comment="sell (33)" />
        <deal Ticket="509942" OpenTime="2009-01-19 23:00:00" DealType="-1" Lots="0.10" Symbol="EURGBP" Open="0.9065" SL="0.9128" TP="0.9065" CloseTime="2009-01-20 00:50:00" Close="0.9073" Swap="0.00" Profit="-11.55" Comment="sell (34)" />
        <deal Ticket="509782" OpenTime="2009-01-19 22:35:00" DealType="1" Lots="0.10" Symbol="EURGBP" Open="0.9057" SL="0.8994" TP="0.9062" CloseTime="2009-01-19 22:59:00" Close="0.9062" Swap="0.00" Profit="7.21" Comment="buy[tp] (35)" />
        <deal Ticket="509756" OpenTime="2009-01-19 22:34:00" DealType="1" Lots="0.10" Symbol="EURGBP" Open="0.9061" SL="0.8998" TP="0.9062" CloseTime="2009-01-19 22:59:00" Close="0.9062" Swap="0.00" Profit="1.44" Comment="buy[tp] (36)" />
        <deal Ticket="509440" OpenTime="2009-01-19 21:15:00" DealType="1" Lots="0.10" Symbol="EURGBP" Open="0.9060" SL="0.8997" TP="0.9067" CloseTime="2009-01-19 21:16:00" Close="0.9067" Swap="0.00" Profit="10.11" Comment="buy[tp] (37)" />
        <deal Ticket="509099" OpenTime="2009-01-19 20:32:00" DealType="1" Lots="0.10" Symbol="EURGBP" Open="0.9058" SL="0.8996" TP="0.9066" CloseTime="2009-01-19 20:38:00" Close="0.9066" Swap="0.00" Profit="11.58" Comment="buy[tp] (38)" />
        <deal Ticket="508999" OpenTime="2009-01-19 20:09:00" DealType="-1" Lots="0.10" Symbol="EURGBP" Open="0.9070" SL="0.9132" TP="0.9062" CloseTime="2009-01-19 20:09:00" Close="0.9062" Swap="0.00" Profit="11.59" Comment="sell[tp] (39)" />
        <deal Ticket="508989" OpenTime="2009-01-19 20:08:00" DealType="-1" Lots="0.10" Symbol="EURGBP" Open="0.9070" SL="0.9132" TP="0.9062" CloseTime="2009-01-19 20:09:00" Close="0.9062" Swap="0.00" Profit="11.59" Comment="sell[tp] (40)" />
        <deal Ticket="499562" OpenTime="2009-01-19 07:02:00" DealType="1" Lots="0.10" Symbol="EURGBP" Open="0.8979" SL="0.8916" TP="0.8984" CloseTime="2009-01-19 07:48:00" Close="0.8979" Swap="0.00" Profit="0.00" Comment="buy (41)" />
        <deal Ticket="499588" OpenTime="2009-01-19 07:03:00" DealType="1" Lots="0.10" Symbol="EURGBP" Open="0.8978" SL="0.8915" TP="0.8983" CloseTime="2009-01-19 07:47:00" Close="0.8983" Swap="0.00" Profit="7.42" Comment="buy[tp] (42)" />
        <deal Ticket="499353" OpenTime="2009-01-19 06:07:00" DealType="-1" Lots="0.10" Symbol="EURGBP" Open="0.8988" SL="0.9051" TP="0.8981" CloseTime="2009-01-19 07:02:00" Close="0.8981" Swap="0.00" Profit="10.40" Comment="sell[tp] (43)" />
        <deal Ticket="499341" OpenTime="2009-01-19 06:05:00" DealType="-1" Lots="0.10" Symbol="EURGBP" Open="0.8988" SL="0.9051" TP="0.8981" CloseTime="2009-01-19 07:02:00" Close="0.8981" Swap="0.00" Profit="10.40" Comment="sell[tp] (44)" />
        <deal Ticket="499084" OpenTime="2009-01-19 03:40:00" DealType="1" Lots="0.10" Symbol="EURGBP" Open="0.8985" SL="0.8922" TP="0.8986" CloseTime="2009-01-19 06:05:00" Close="0.8986" Swap="0.00" Profit="1.48" Comment="buy[tp] (45)" />
        <deal Ticket="499079" OpenTime="2009-01-19 03:39:00" DealType="1" Lots="0.10" Symbol="EURGBP" Open="0.8985" SL="0.8922" TP="0.8986" CloseTime="2009-01-19 06:05:00" Close="0.8986" Swap="0.00" Profit="1.48" Comment="buy[tp] (46)" />
        <deal Ticket="498939" OpenTime="2009-01-19 01:59:00" DealType="-1" Lots="0.10" Symbol="EURGBP" Open="0.8988" SL="0.9051" TP="0.8985" CloseTime="2009-01-19 03:38:00" Close="0.8985" Swap="0.00" Profit="4.46" Comment="sell[tp] (47)" />
        <deal Ticket="498935" OpenTime="2009-01-19 01:58:00" DealType="-1" Lots="0.10" Symbol="EURGBP" Open="0.8987" SL="0.9050" TP="0.8986" CloseTime="2009-01-19 03:38:00" Close="0.8986" Swap="0.00" Profit="1.49" Comment="sell[tp] (48)" />
        <deal Ticket="498868" OpenTime="2009-01-19 01:15:00" DealType="1" Lots="0.20" Symbol="EURGBP" Open="0.8984" SL="0.8921" TP="0.8989" CloseTime="2009-01-19 01:58:00" Close="0.8989" Swap="0.00" Profit="14.81" Comment="buy[tp] (49)" />
        <deal Ticket="498912" OpenTime="2009-01-19 01:50:00" DealType="1" Lots="0.10" Symbol="EURGBP" Open="0.8977" SL="0.8914" TP="0.8984" CloseTime="2009-01-19 01:57:00" Close="0.8984" Swap="0.00" Profit="10.38" Comment="buy[tp] (50)" />
        <deal Ticket="498801" OpenTime="2009-01-19 01:00:00" DealType="1" Lots="0.20" Symbol="EURGBP" Open="0.8981" SL="0.8918" TP="0.8988" CloseTime="2009-01-19 01:35:00" Close="0.8982" Swap="0.00" Profit="2.97" Comment="buy (51)" />
        <deal Ticket="498820" OpenTime="2009-01-19 01:01:00" DealType="1" Lots="0.20" Symbol="EURGBP" Open="0.8978" SL="0.8915" TP="0.8985" CloseTime="2009-01-19 01:10:00" Close="0.8985" Swap="0.00" Profit="20.84" Comment="buy[tp] (52)" />
        <deal Ticket="491496" OpenTime="2009-01-16 06:33:00" DealType="1" Lots="0.20" Symbol="EURGBP" Open="0.8942" SL="0.8879" TP="0.8929" CloseTime="2009-01-16 07:15:00" Close="0.8929" Swap="0.00" Profit="-38.52" Comment="buy[tp] (53)" />
        <deal Ticket="491483" OpenTime="2009-01-16 06:29:00" DealType="1" Lots="0.20" Symbol="EURGBP" Open="0.8944" SL="0.8881" TP="0.8929" CloseTime="2009-01-16 07:15:00" Close="0.8929" Swap="0.00" Profit="-44.44" Comment="buy[tp] (54)" />
        <deal Ticket="490616" OpenTime="2009-01-15 23:50:00" DealType="-1" Lots="0.20" Symbol="EURGBP" Open="0.8967" SL="0.9030" TP="0.8960" CloseTime="2009-01-16 02:30:00" Close="0.8960" Swap="0.00" Profit="20.59" Comment="sell[tp] (55)" />
        <deal Ticket="490612" OpenTime="2009-01-15 23:49:00" DealType="-1" Lots="0.20" Symbol="EURGBP" Open="0.8964" SL="0.9027" TP="0.8960" CloseTime="2009-01-16 02:30:00" Close="0.8960" Swap="0.00" Profit="11.77" Comment="sell[tp] (56)" />
        <deal Ticket="490423" OpenTime="2009-01-15 22:49:00" DealType="1" Lots="0.20" Symbol="EURGBP" Open="0.8965" SL="0.8902" TP="0.8964" CloseTime="2009-01-15 23:49:00" Close="0.8964" Swap="0.00" Profit="-2.93" Comment="buy[tp] (57)" />
        <deal Ticket="490412" OpenTime="2009-01-15 22:47:00" DealType="1" Lots="0.20" Symbol="EURGBP" Open="0.8965" SL="0.8902" TP="0.8964" CloseTime="2009-01-15 23:49:00" Close="0.8964" Swap="0.00" Profit="-2.93" Comment="buy[tp] (58)" />
        <deal Ticket="490296" OpenTime="2009-01-15 22:13:00" DealType="-1" Lots="0.20" Symbol="EURGBP" Open="0.8977" SL="0.9040" TP="0.8970" CloseTime="2009-01-15 22:36:00" Close="0.8973" Swap="0.00" Profit="11.72" Comment="sell (59)" />
        <deal Ticket="490290" OpenTime="2009-01-15 22:12:00" DealType="-1" Lots="0.20" Symbol="EURGBP" Open="0.8977" SL="0.9040" TP="0.8970" CloseTime="2009-01-15 22:36:00" Close="0.8974" Swap="0.00" Profit="8.79" Comment="sell (60)" />
        <deal Ticket="490210" OpenTime="2009-01-15 21:54:00" DealType="-1" Lots="0.20" Symbol="EURGBP" Open="0.8974" SL="0.9037" TP="0.8967" CloseTime="2009-01-15 21:58:00" Close="0.8970" Swap="0.00" Profit="11.73" Comment="sell (61)" />
        <deal Ticket="490006" OpenTime="2009-01-15 21:19:00" DealType="1" Lots="0.20" Symbol="EURGBP" Open="0.8971" SL="0.8908" TP="0.8972" CloseTime="2009-01-15 21:53:00" Close="0.8972" Swap="0.00" Profit="2.93" Comment="buy[tp] (62)" />
        <deal Ticket="489972" OpenTime="2009-01-15 21:14:00" DealType="1" Lots="0.20" Symbol="EURGBP" Open="0.8973" SL="0.8910" TP="0.8972" CloseTime="2009-01-15 21:53:00" Close="0.8972" Swap="0.00" Profit="-2.93" Comment="buy[tp] (63)" />
        <deal Ticket="489619" OpenTime="2009-01-15 20:34:00" DealType="-1" Lots="0.20" Symbol="EURGBP" Open="0.8979" SL="0.9042" TP="0.8975" CloseTime="2009-01-15 21:03:00" Close="0.8979" Swap="0.00" Profit="0.00" Comment="sell (64)" />
        <deal Ticket="489591" OpenTime="2009-01-15 20:33:00" DealType="-1" Lots="0.20" Symbol="EURGBP" Open="0.8978" SL="0.9041" TP="0.8975" CloseTime="2009-01-15 21:03:00" Close="0.8979" Swap="0.00" Profit="-2.93" Comment="sell (65)" />
        <deal Ticket="482668" OpenTime="2009-01-15 07:46:00" DealType="1" Lots="0.20" Symbol="EURGBP" Open="0.9011" SL="0.8948" TP="0.9018" CloseTime="2009-01-15 07:52:00" Close="0.9018" Swap="0.00" Profit="20.50" Comment="buy[tp] (66)" />
        <deal Ticket="482586" OpenTime="2009-01-15 07:28:00" DealType="-1" Lots="0.20" Symbol="EURGBP" Open="0.9024" SL="0.9087" TP="0.9017" CloseTime="2009-01-15 07:39:00" Close="0.9017" Swap="0.00" Profit="20.49" Comment="sell[tp] (67)" />
        <deal Ticket="482484" OpenTime="2009-01-15 07:10:00" DealType="1" Lots="0.20" Symbol="EURGBP" Open="0.9015" SL="0.8952" TP="0.9022" CloseTime="2009-01-15 07:28:00" Close="0.9022" Swap="0.00" Profit="20.46" Comment="buy[tp] (68)" />
        <deal Ticket="482487" OpenTime="2009-01-15 07:11:00" DealType="1" Lots="0.20" Symbol="EURGBP" Open="0.9014" SL="0.8951" TP="0.9021" CloseTime="2009-01-15 07:25:00" Close="0.9021" Swap="0.00" Profit="20.49" Comment="buy[tp] (69)" />
        <deal Ticket="482358" OpenTime="2009-01-15 06:06:00" DealType="1" Lots="0.20" Symbol="EURGBP" Open="0.9021" SL="0.8958" TP="0.9028" CloseTime="2009-01-15 06:13:00" Close="0.9021" Swap="0.00" Profit="0.00" Comment="buy (70)" />
        <deal Ticket="481970" OpenTime="2009-01-15 02:28:00" DealType="-1" Lots="0.20" Symbol="EURGBP" Open="0.9040" SL="0.9103" TP="0.9033" CloseTime="2009-01-15 03:03:00" Close="0.9033" Swap="0.00" Profit="20.41" Comment="sell[tp] (71)" />
        <deal Ticket="481880" OpenTime="2009-01-15 01:54:00" DealType="1" Lots="0.10" Symbol="EURGBP" Open="0.9029" SL="0.8966" TP="0.9036" CloseTime="2009-01-15 02:18:00" Close="0.9036" Swap="0.00" Profit="10.21" Comment="buy[tp] (72)" />
        <deal Ticket="481884" OpenTime="2009-01-15 01:56:00" DealType="1" Lots="0.10" Symbol="EURGBP" Open="0.9028" SL="0.8965" TP="0.9035" CloseTime="2009-01-15 02:13:00" Close="0.9035" Swap="0.00" Profit="10.20" Comment="buy[tp] (73)" />
        <deal Ticket="481811" OpenTime="2009-01-15 01:20:00" DealType="1" Lots="0.10" Symbol="EURGBP" Open="0.9029" SL="0.8966" TP="0.9036" CloseTime="2009-01-15 01:33:00" Close="0.9036" Swap="0.00" Profit="10.21" Comment="buy[tp] (74)" />
        <deal Ticket="481722" OpenTime="2009-01-15 00:51:00" DealType="-1" Lots="0.10" Symbol="EURGBP" Open="0.9036" SL="0.9099" TP="0.9029" CloseTime="2009-01-15 01:20:00" Close="0.9029" Swap="0.00" Profit="10.22" Comment="sell[tp] (75)" />
        <deal Ticket="481697" OpenTime="2009-01-15 00:48:00" DealType="-1" Lots="0.10" Symbol="EURGBP" Open="0.9032" SL="0.9095" TP="0.9029" CloseTime="2009-01-15 01:20:00" Close="0.9029" Swap="0.00" Profit="4.38" Comment="sell[tp] (76)" />
        <deal Ticket="481666" OpenTime="2009-01-15 00:41:00" DealType="-1" Lots="0.10" Symbol="EURGBP" Open="0.9030" SL="0.9093" TP="0.9023" CloseTime="2009-01-15 00:47:00" Close="0.9026" Swap="0.00" Profit="5.84" Comment="sell (77)" />
        <deal Ticket="481617" OpenTime="2009-01-15 00:32:00" DealType="-1" Lots="0.10" Symbol="EURGBP" Open="0.9029" SL="0.9092" TP="0.9022" CloseTime="2009-01-15 00:47:00" Close="0.9027" Swap="0.00" Profit="2.92" Comment="sell (78)" />
        <deal Ticket="481637" OpenTime="2009-01-15 00:33:00" DealType="-1" Lots="0.10" Symbol="EURGBP" Open="0.9031" SL="0.9094" TP="0.9024" CloseTime="2009-01-15 00:34:00" Close="0.9024" Swap="0.00" Profit="10.22" Comment="sell[tp] (79)" />
        <deal Ticket="481528" OpenTime="2009-01-14 23:53:00" DealType="1" Lots="0.10" Symbol="EURGBP" Open="0.9021" SL="0.8958" TP="0.9027" CloseTime="2009-01-15 00:03:00" Close="0.9027" Swap="0.00" Profit="8.75" Comment="buy[tp] (80)" />
        <deal Ticket="481287" OpenTime="2009-01-14 22:17:00" DealType="-1" Lots="0.10" Symbol="EURGBP" Open="0.9036" SL="0.9098" TP="0.9028" CloseTime="2009-01-14 22:30:00" Close="0.9028" Swap="0.00" Profit="11.68" Comment="sell[tp] (81)" />
        <deal Ticket="481090" OpenTime="2009-01-14 21:28:00" DealType="-1" Lots="0.10" Symbol="EURGBP" Open="0.9028" SL="0.9090" TP="0.9020" CloseTime="2009-01-14 21:45:00" Close="0.9025" Swap="0.00" Profit="4.37" Comment="sell (82)" />
        <deal Ticket="473687" OpenTime="2009-01-14 06:06:00" DealType="1" Lots="0.10" Symbol="EURGBP" Open="0.9100" SL="0.9038" TP="0.9108" CloseTime="2009-01-14 06:08:00" Close="0.9105" Swap="0.00" Profit="7.28" Comment="buy (83)" />
        <deal Ticket="473427" OpenTime="2009-01-14 04:15:00" DealType="-1" Lots="0.10" Symbol="EURGBP" Open="0.9101" SL="0.9163" TP="0.9101" CloseTime="2009-01-14 06:06:00" Close="0.9101" Swap="0.00" Profit="0.00" Comment="sell[tp] (84)" />
        <deal Ticket="473060" OpenTime="2009-01-14 00:56:00" DealType="-1" Lots="0.10" Symbol="EURGBP" Open="0.9091" SL="0.9153" TP="0.9101" CloseTime="2009-01-14 06:06:00" Close="0.9101" Swap="0.00" Profit="-14.58" Comment="sell[tp] (85)" />
        <deal Ticket="472849" OpenTime="2009-01-13 23:29:00" DealType="1" Lots="0.10" Symbol="EURGBP" Open="0.9079" SL="0.9017" TP="0.9087" CloseTime="2009-01-13 23:33:00" Close="0.9087" Swap="0.00" Profit="11.60" Comment="buy[tp] (86)" />
        <deal Ticket="472842" OpenTime="2009-01-13 23:28:00" DealType="1" Lots="0.10" Symbol="EURGBP" Open="0.9080" SL="0.9018" TP="0.9088" CloseTime="2009-01-13 23:33:00" Close="0.9088" Swap="0.00" Profit="11.60" Comment="buy[tp] (87)" />
        <deal Ticket="472779" OpenTime="2009-01-13 23:09:00" DealType="1" Lots="0.10" Symbol="EURGBP" Open="0.9086" SL="0.9024" TP="0.9094" CloseTime="2009-01-13 23:19:00" Close="0.9094" Swap="0.00" Profit="11.59" Comment="buy[tp] (88)" />
        <deal Ticket="472389" OpenTime="2009-01-13 21:36:00" DealType="-1" Lots="0.10" Symbol="EURGBP" Open="0.9097" SL="0.9159" TP="0.9095" CloseTime="2009-01-13 22:25:00" Close="0.9095" Swap="0.00" Profit="2.90" Comment="sell[tp] (89)" />
        <deal Ticket="472382" OpenTime="2009-01-13 21:34:00" DealType="-1" Lots="0.10" Symbol="EURGBP" Open="0.9095" SL="0.9157" TP="0.9095" CloseTime="2009-01-13 22:25:00" Close="0.9095" Swap="0.00" Profit="0.00" Comment="sell[tp] (90)" />
        <deal Ticket="471902" OpenTime="2009-01-13 20:24:00" DealType="-1" Lots="0.10" Symbol="EURGBP" Open="0.9093" SL="0.9155" TP="0.9085" CloseTime="2009-01-13 20:41:00" Close="0.9085" Swap="0.00" Profit="11.61" Comment="sell[tp] (91)" />
        <deal Ticket="471954" OpenTime="2009-01-13 20:32:00" DealType="-1" Lots="0.10" Symbol="EURGBP" Open="0.9099" SL="0.9161" TP="0.9091" CloseTime="2009-01-13 20:38:00" Close="0.9091" Swap="0.00" Profit="11.60" Comment="sell[tp] (92)" />
        <deal Ticket="464170" OpenTime="2009-01-13 01:29:00" DealType="-1" Lots="0.10" Symbol="EURGBP" Open="0.9023" SL="0.9086" TP="0.9016" CloseTime="2009-01-13 01:58:00" Close="0.9016" Swap="0.00" Profit="10.34" Comment="sell[tp] (94)" />
        <deal Ticket="464164" OpenTime="2009-01-13 01:26:00" DealType="-1" Lots="0.10" Symbol="EURGBP" Open="0.9023" SL="0.9086" TP="0.9016" CloseTime="2009-01-13 01:58:00" Close="0.9016" Swap="0.00" Profit="10.34" Comment="sell[tp] (95)" />
        <deal Ticket="464005" OpenTime="2009-01-13 00:27:00" DealType="1" Lots="0.10" Symbol="EURGBP" Open="0.9017" SL="0.8954" TP="0.9024" CloseTime="2009-01-13 01:29:00" Close="0.9024" Swap="0.00" Profit="10.34" Comment="buy[tp] (96)" />
        <deal Ticket="453239" OpenTime="2009-01-12 06:17:00" DealType="-1" Lots="0.10" Symbol="EURGBP" Open="0.8879" SL="0.8942" TP="0.8870" CloseTime="2009-01-12 06:33:00" Close="0.8878" Swap="0.00" Profit="1.51" Comment="sell (98)" />
        <deal Ticket="453174" OpenTime="2009-01-12 05:30:00" DealType="1" Lots="0.10" Symbol="EURGBP" Open="0.8870" SL="0.8807" TP="0.8879" CloseTime="2009-01-12 06:17:00" Close="0.8879" Swap="0.00" Profit="13.58" Comment="buy[tp] (99)" />
        <deal Ticket="453058" OpenTime="2009-01-12 03:52:00" DealType="1" Lots="0.10" Symbol="EURGBP" Open="0.8896" SL="0.8833" TP="0.8881" CloseTime="2009-01-12 05:10:00" Close="0.8881" Swap="0.00" Profit="-22.63" Comment="buy[tp] (100)" />
        <deal Ticket="453003" OpenTime="2009-01-12 02:24:00" DealType="-1" Lots="0.10" Symbol="EURGBP" Open="0.8892" SL="0.8955" TP="0.8893" CloseTime="2009-01-12 04:03:00" Close="0.8893" Swap="0.00" Profit="-1.51" Comment="sell[tp] (101)" />
        <deal Ticket="452925" OpenTime="2009-01-12 01:28:00" DealType="1" Lots="0.10" Symbol="EURGBP" Open="0.8883" SL="0.8820" TP="0.8892" CloseTime="2009-01-12 02:24:00" Close="0.8892" Swap="0.00" Profit="13.58" Comment="buy[tp] (102)" />
        <deal Ticket="452860" OpenTime="2009-01-12 01:00:00" DealType="-1" Lots="0.10" Symbol="EURGBP" Open="0.8898" SL="0.8961" TP="0.8889" CloseTime="2009-01-12 01:07:00" Close="0.8889" Swap="0.00" Profit="13.58" Comment="sell[tp] (103)" />
        <deal Ticket="447859" OpenTime="2009-01-09 04:11:00" DealType="1" Lots="0.10" Symbol="EURGBP" Open="0.8994" SL="0.8931" TP="0.8977" CloseTime="2009-01-09 09:34:00" Close="0.8977" Swap="0.00" Profit="-25.87" Comment="buy[tp] (104)" />
        <deal Ticket="447951" OpenTime="2009-01-09 06:13:00" DealType="-1" Lots="0.10" Symbol="EURGBP" Open="0.8993" SL="0.9055" TP="0.8984" CloseTime="2009-01-09 07:24:00" Close="0.8984" Swap="0.00" Profit="13.68" Comment="sell[tp] (105)" />
        <deal Ticket="447773" OpenTime="2009-01-09 02:07:00" DealType="1" Lots="0.10" Symbol="EURGBP" Open="0.8992" SL="0.8929" TP="0.9001" CloseTime="2009-01-09 04:03:00" Close="0.9001" Swap="0.00" Profit="13.66" Comment="buy[tp] (106)" />
        <deal Ticket="447716" OpenTime="2009-01-09 01:09:00" DealType="-1" Lots="0.10" Symbol="EURGBP" Open="0.9002" SL="0.9065" TP="0.8993" CloseTime="2009-01-09 02:07:00" Close="0.8993" Swap="0.00" Profit="13.68" Comment="sell[tp] (107)" />
        <deal Ticket="447667" OpenTime="2009-01-09 00:19:00" DealType="1" Lots="0.10" Symbol="EURGBP" Open="0.8994" SL="0.8931" TP="0.9003" CloseTime="2009-01-09 01:11:00" Close="0.9003" Swap="0.00" Profit="13.68" Comment="buy[tp] (108)" />
        <deal Ticket="447547" OpenTime="2009-01-08 23:10:00" DealType="1" Lots="0.10" Symbol="EURGBP" Open="0.8993" SL="0.8930" TP="0.9002" CloseTime="2009-01-08 23:12:00" Close="0.9002" Swap="0.00" Profit="13.70" Comment="buy[tp] (109)" />
        <deal Ticket="443403" OpenTime="2009-01-08 06:33:00" DealType="-1" Lots="0.10" Symbol="EURGBP" Open="0.9050" SL="0.9112" TP="0.9046" CloseTime="2009-01-08 08:51:00" Close="0.9046" Swap="0.00" Profit="6.01" Comment="sell[tp] (110)" />
        <deal Ticket="443369" OpenTime="2009-01-08 06:00:00" DealType="1" Lots="0.10" Symbol="EURGBP" Open="0.9038" SL="0.8976" TP="0.9047" CloseTime="2009-01-08 06:33:00" Close="0.9047" Swap="0.00" Profit="13.54" Comment="buy[tp] (111)" />
        <deal Ticket="443239" OpenTime="2009-01-08 02:43:00" DealType="-1" Lots="0.10" Symbol="EURGBP" Open="0.9023" SL="0.9085" TP="0.9039" CloseTime="2009-01-08 06:00:00" Close="0.9039" Swap="0.00" Profit="-24.13" Comment="sell[tp] (112)" />
        <deal Ticket="443184" OpenTime="2009-01-08 01:33:00" DealType="1" Lots="0.10" Symbol="EURGBP" Open="0.9021" SL="0.8959" TP="0.9025" CloseTime="2009-01-08 02:46:00" Close="0.9025" Swap="0.00" Profit="6.03" Comment="buy[tp] (113)" />
        <deal Ticket="443141" OpenTime="2009-01-08 00:55:00" DealType="-1" Lots="0.10" Symbol="EURGBP" Open="0.9030" SL="0.9092" TP="0.9026" CloseTime="2009-01-08 01:31:00" Close="0.9026" Swap="0.00" Profit="6.02" Comment="sell[tp] (114)" />
        <deal Ticket="417949" OpenTime="2008-12-24 07:29:00" DealType="1" Lots="0.10" Symbol="EURGBP" Open="0.9439" SL="0.9377" TP="0.9448" CloseTime="2008-12-24 08:01:00" Close="0.9448" Swap="0.00" Profit="13.31" Comment="buy[tp] (117)" />
        <deal Ticket="417770" OpenTime="2008-12-24 06:13:00" DealType="-1" Lots="0.10" Symbol="EURGBP" Open="0.9450" SL="0.9512" TP="0.9441" CloseTime="2008-12-24 07:28:00" Close="0.9441" Swap="0.00" Profit="13.33" Comment="sell[tp] (118)" />
        <deal Ticket="411294" OpenTime="2008-12-23 00:00:00" DealType="-1" Lots="0.10" Symbol="EURGBP" Open="0.9414" SL="0.9477" TP="0.9424" CloseTime="2008-12-23 09:14:00" Close="0.9432" Swap="0.00" Profit="-26.73" Comment="sell (120)" />
        <deal Ticket="411631" OpenTime="2008-12-23 05:34:00" DealType="1" Lots="0.10" Symbol="EURGBP" Open="0.9432" SL="0.9369" TP="0.9441" CloseTime="2008-12-23 06:09:00" Close="0.9441" Swap="0.00" Profit="13.34" Comment="buy[tp] (121)" />
        <deal Ticket="411415" OpenTime="2008-12-23 02:14:00" DealType="1" Lots="0.10" Symbol="EURGBP" Open="0.9422" SL="0.9359" TP="0.9431" CloseTime="2008-12-23 02:54:00" Close="0.9431" Swap="0.00" Profit="13.34" Comment="buy[tp] (122)" />
        <deal Ticket="378101" OpenTime="2008-12-17 07:40:00" DealType="-1" Lots="0.30" Symbol="EURGBP" Open="0.9012" SL="0.9075" TP="0.9003" CloseTime="2008-12-17 07:59:00" Close="0.9003" Swap="0.00" Profit="42.17" Comment="sell[tp] (125)" />
        <deal Ticket="378045" OpenTime="2008-12-17 07:29:00" DealType="1" Lots="0.20" Symbol="EURGBP" Open="0.8999" SL="0.8936" TP="0.9008" CloseTime="2008-12-17 07:39:00" Close="0.9008" Swap="0.00" Profit="28.08" Comment="buy[tp] (126)" />
        <deal Ticket="378049" OpenTime="2008-12-17 07:30:00" DealType="1" Lots="0.20" Symbol="EURGBP" Open="0.8996" SL="0.8933" TP="0.9005" CloseTime="2008-12-17 07:32:00" Close="0.9005" Swap="0.00" Profit="28.12" Comment="buy[tp] (127)" />
        <deal Ticket="377920" OpenTime="2008-12-17 07:12:00" DealType="1" Lots="0.20" Symbol="EURGBP" Open="0.9005" SL="0.8942" TP="0.9014" CloseTime="2008-12-17 07:13:00" Close="0.9014" Swap="0.00" Profit="28.05" Comment="buy[tp] (128)" />
        <deal Ticket="377876" OpenTime="2008-12-17 07:09:00" DealType="1" Lots="0.20" Symbol="EURGBP" Open="0.9010" SL="0.8947" TP="0.9014" CloseTime="2008-12-17 07:13:00" Close="0.9014" Swap="0.00" Profit="12.47" Comment="buy[tp] (129)" />
        <deal Ticket="377668" OpenTime="2008-12-17 06:16:00" DealType="1" Lots="0.20" Symbol="EURGBP" Open="0.9014" SL="0.8951" TP="0.9023" CloseTime="2008-12-17 06:44:00" Close="0.9023" Swap="0.00" Profit="28.11" Comment="buy[tp] (130)" />
        <deal Ticket="377662" OpenTime="2008-12-17 06:15:00" DealType="1" Lots="0.20" Symbol="EURGBP" Open="0.9014" SL="0.8951" TP="0.9023" CloseTime="2008-12-17 06:44:00" Close="0.9023" Swap="0.00" Profit="28.11" Comment="buy[tp] (131)" />
        <deal Ticket="377504" OpenTime="2008-12-17 05:45:00" DealType="1" Lots="0.20" Symbol="EURGBP" Open="0.9010" SL="0.8947" TP="0.9019" CloseTime="2008-12-17 05:49:00" Close="0.9019" Swap="0.00" Profit="28.23" Comment="buy[tp] (132)" />
        <deal Ticket="377493" OpenTime="2008-12-17 05:44:00" DealType="1" Lots="0.20" Symbol="EURGBP" Open="0.9015" SL="0.8952" TP="0.9019" CloseTime="2008-12-17 05:49:00" Close="0.9019" Swap="0.00" Profit="12.55" Comment="buy[tp] (133)" />
        <deal Ticket="377381" OpenTime="2008-12-17 05:12:00" DealType="-1" Lots="0.20" Symbol="EURGBP" Open="0.9025" SL="0.9088" TP="0.9016" CloseTime="2008-12-17 05:44:00" Close="0.9016" Swap="0.00" Profit="28.22" Comment="sell[tp] (134)" />
        <deal Ticket="377454" OpenTime="2008-12-17 05:33:00" DealType="1" Lots="0.20" Symbol="EURGBP" Open="0.9017" SL="0.8954" TP="0.9026" CloseTime="2008-12-17 05:40:00" Close="0.9026" Swap="0.00" Profit="28.19" Comment="buy[tp] (135)" />
        <deal Ticket="377065" OpenTime="2008-12-17 02:21:00" DealType="1" Lots="0.20" Symbol="EURGBP" Open="0.9014" SL="0.8951" TP="0.9023" CloseTime="2008-12-17 04:41:00" Close="0.9018" Swap="0.00" Profit="12.50" Comment="buy (136)" />
        <deal Ticket="377025" OpenTime="2008-12-17 02:04:00" DealType="-1" Lots="0.20" Symbol="EURGBP" Open="0.9029" SL="0.9092" TP="0.9020" CloseTime="2008-12-17 02:11:00" Close="0.9020" Swap="0.00" Profit="28.05" Comment="sell[tp] (137)" />
        <deal Ticket="377001" OpenTime="2008-12-17 01:52:00" DealType="1" Lots="0.20" Symbol="EURGBP" Open="0.9020" SL="0.8957" TP="0.9029" CloseTime="2008-12-17 02:04:00" Close="0.9029" Swap="0.00" Profit="28.03" Comment="buy[tp] (138)" />
        <deal Ticket="376875" OpenTime="2008-12-17 00:37:00" DealType="-1" Lots="0.20" Symbol="EURGBP" Open="0.9017" SL="0.9080" TP="0.9013" CloseTime="2008-12-17 01:57:00" Close="0.9013" Swap="0.00" Profit="12.47" Comment="sell[tp] (139)" />
        <deal Ticket="376814" OpenTime="2008-12-17 00:06:00" DealType="1" Lots="0.10" Symbol="EURGBP" Open="0.9010" SL="0.8947" TP="0.9019" CloseTime="2008-12-17 00:38:00" Close="0.9019" Swap="0.00" Profit="14.02" Comment="buy[tp] (140)" />
        <deal Ticket="376832" OpenTime="2008-12-17 00:13:00" DealType="1" Lots="0.10" Symbol="EURGBP" Open="0.9008" SL="0.8945" TP="0.9017" CloseTime="2008-12-17 00:37:00" Close="0.9017" Swap="0.00" Profit="14.02" Comment="buy[tp] (141)" />
    </deals>
    <balances>
        <balance Ticket="1318826" Amount="-40.00" Date="2009-05-22 14:56:00" />
        <balance Ticket="756498" Amount="-700.00" Date="2009-02-24 09:42:00" />
        <balance Ticket="465558" Amount="25.95" Date="2009-01-13 08:37:00" />
        <balance Ticket="461269" Amount="204.05" Date="2009-01-12 17:29:00" />
        <balance Ticket="442832" Amount="165.69" Date="2009-01-07 22:06:00" />
        <balance Ticket="420975" Amount="-230.00" Date="2008-12-26 06:17:00" />
        <balance Ticket="417361" Amount="35.90" Date="2008-12-23 23:30:00" />
        <balance Ticket="401814" Amount="200.00" Date="2008-12-20 12:26:00" />
        <balance Ticket="395463" Amount="-897.00" Date="2008-12-18 22:08:00" />
        <balance Ticket="371619" Amount="496.00" Date="2008-12-16 13:41:00" />
    </balances>
</account>