﻿<?xml version="1.0" encoding="utf-8"?>
<account Id="2782" Broker="" Account="" Trader="" Login="" InitBalance="706.00">
    <deals>
        <deal Ticket="27668729" OpenTime="2010-02-10 16:00:00" DealType="-1" Lots="0.01" Symbol="USDJPY" Open="89.680" SL="90.030" TP="0.000" CloseTime="2010-02-10 17:33:00" Close="90.030" Swap="0.00" Profit="-3.89" Comment="[sl] (1)" />
        <deal Ticket="27511740" OpenTime="2010-01-29 16:05:00" DealType="1" Lots="0.01" Symbol="EURGBP" Open="0.86750" SL="0.86000" TP="0.00000" CloseTime="2010-02-08 10:59:00" Close="0.87887" Swap="0.00" Profit="0.00" Comment="cancelled (2)" />
        <deal Ticket="27564549" OpenTime="2010-02-03 14:46:00" DealType="-1" Lots="0.02" Symbol="CADCHF" Open="0.99660" SL="1.00070" TP="0.00000" CloseTime="2010-02-05 04:02:00" Close="1.00409" Swap="0.00" Profit="-13.92" Comment="[sl/gap] (3)" />
        <deal Ticket="27484963" OpenTime="2010-01-28 16:05:00" DealType="1" Lots="0.01" Symbol="AUDUSD" Open="0.89800" SL="0.89080" TP="0.00000" CloseTime="2010-01-29 01:22:00" Close="0.89080" Swap="0.00" Profit="-7.20" Comment="[sl] (4)" />
        <deal Ticket="27443864" OpenTime="2010-01-26 12:28:00" DealType="1" Lots="0.01" Symbol="CHFSGD" Open="1.34510" SL="1.34200" TP="1.35350" CloseTime="2010-01-26 14:19:00" Close="1.34200" Swap="0.00" Profit="-2.21" Comment="[sl] (5)" />
        <deal Ticket="27424857" OpenTime="2010-01-25 12:00:00" DealType="1" Lots="0.01" Symbol="GBPAUD" Open="1.77980" SL="1.77980" TP="1.79000" CloseTime="2010-01-25 16:06:00" Close="1.79000" Swap="0.00" Profit="9.21" Comment="[tp] (6)" />
        <deal Ticket="27395512" OpenTime="2010-01-21 18:25:00" DealType="1" Lots="0.01" Symbol="EURAUD" Open="1.55280" SL="1.54150" TP="0.00000" CloseTime="2010-01-25 00:33:00" Close="1.56493" Swap="0.00" Profit="0.00" Comment="cancelled (7)" />
        <deal Ticket="27358969" OpenTime="2010-01-20 05:22:00" DealType="1" Lots="0.01" Symbol="GBPUSD" Open="1.63490" SL="1.64600" TP="0.00000" CloseTime="2010-01-21 11:37:00" Close="1.61556" Swap="0.00" Profit="0.00" Comment="cancelled (8)" />
        <deal Ticket="27356710" OpenTime="2010-01-19 23:25:00" DealType="-1" Lots="0.02" Symbol="AUDUSD" Open="0.92420" SL="0.92420" TP="0.91030" CloseTime="2010-01-20 16:30:00" Close="0.91030" Swap="0.00" Profit="27.80" Comment="[tp] (9)" />
        <deal Ticket="27358862" OpenTime="2010-01-20 05:10:00" DealType="1" Lots="0.02" Symbol="GBPUSD" Open="1.63750" SL="1.64600" TP="0.00000" CloseTime="2010-01-20 05:22:00" Close="1.63026" Swap="0.00" Profit="0.00" Comment="cancelled (10)" />
        <deal Ticket="27358853" OpenTime="2010-01-20 05:09:00" DealType="1" Lots="0.01" Symbol="GBPUSD" Open="1.63810" SL="1.64600" TP="0.00000" CloseTime="2010-01-20 05:10:00" Close="1.63068" Swap="0.00" Profit="0.00" Comment="cancelled (11)" />
        <deal Ticket="27317692" OpenTime="2010-01-18 11:06:00" DealType="-1" Lots="0.02" Symbol="AUDUSD" Open="0.92500" SL="0.92500" TP="0.00000" CloseTime="2010-01-19 18:23:00" Close="0.92500" Swap="0.00" Profit="0.00" Comment="[sl] (12)" />
        <deal Ticket="27340554" OpenTime="2010-01-19 08:32:00" DealType="-1" Lots="0.01" Symbol="GBPJPY" Open="148.591" SL="148.590" TP="147.800" CloseTime="2010-01-19 10:26:00" Close="148.590" Swap="0.00" Profit="0.01" Comment="[sl] (13)" />
        <deal Ticket="27304450" OpenTime="2010-01-14 22:51:00" DealType="1" Lots="0.01" Symbol="EURNZD" Open="1.95970" SL="1.97005" TP="0.00000" CloseTime="2010-01-15 13:12:00" Close="1.94907" Swap="0.00" Profit="0.00" Comment="cancelled (14)" />
        <deal Ticket="27262695" OpenTime="2010-01-13 08:02:00" DealType="-1" Lots="0.01" Symbol="AUDUSD" Open="0.92470" SL="0.93290" TP="0.91080" CloseTime="2010-01-14 08:22:00" Close="0.93290" Swap="0.00" Profit="-8.20" Comment="[sl] (15)" />
        <deal Ticket="27241485" OpenTime="2010-01-11 21:35:00" DealType="1" Lots="0.01" Symbol="GBPJPY" Open="148.810" SL="149.666" TP="0.000" CloseTime="2010-01-12 10:54:00" Close="148.149" Swap="0.00" Profit="0.00" Comment="cancelled (16)" />
        <deal Ticket="27210501" OpenTime="2010-01-08 14:55:00" DealType="1" Lots="0.02" Symbol="USDSGD" Open="1.39500" SL="1.39100" TP="0.00000" CloseTime="2010-01-11 00:21:00" Close="1.39100" Swap="0.00" Profit="-5.75" Comment=" (17)" />
        <deal Ticket="27188075" OpenTime="2010-01-06 22:34:00" DealType="-1" Lots="0.02" Symbol="CADCHF" Open="0.99580" SL="0.99580" TP="0.00000" CloseTime="2010-01-07 01:30:00" Close="0.99580" Swap="0.00" Profit="0.00" Comment="[sl] (18)" />
        <deal Ticket="27153985" OpenTime="2010-01-05 01:18:00" DealType="1" Lots="0.01" Symbol="GBPUSD" Open="1.61600" SL="1.62430" TP="1.59350" CloseTime="2010-01-05 10:16:00" Close="1.60720" Swap="0.00" Profit="0.00" Comment="cancelled (19)" />
        <deal Ticket="27066332" OpenTime="2009-12-22 11:48:00" DealType="1" Lots="0.01" Symbol="CHFSGD" Open="1.34190" SL="1.35200" TP="1.37330" CloseTime="2009-12-29 17:30:00" Close="1.35200" Swap="0.00" Profit="7.20" Comment="[sl] (20)" />
        <deal Ticket="27110376" OpenTime="2009-12-28 21:34:00" DealType="-1" Lots="0.01" Symbol="GBPUSD" Open="1.59992" SL="1.60291" TP="1.59150" CloseTime="2009-12-29 08:50:00" Close="1.60291" Swap="0.00" Profit="-2.99" Comment="[sl] (21)" />
        <deal Ticket="26969872" OpenTime="2009-12-15 14:26:00" DealType="1" Lots="0.01" Symbol="GBPAUD" Open="1.77990" SL="1.76999" TP="1.81640" CloseTime="2009-12-16 11:29:00" Close="1.81704" Swap="0.00" Profit="0.00" Comment="cancelled (23)" />
        <deal Ticket="26931319" OpenTime="2009-12-11 17:21:00" DealType="1" Lots="0.01" Symbol="AUDSGD" Open="1.26710" SL="1.25550" TP="1.29700" CloseTime="2009-12-16 04:12:00" Close="1.25550" Swap="0.00" Profit="-8.31" Comment="[sl] (24)" />
        <deal Ticket="26902107" OpenTime="2009-12-10 01:39:00" DealType="1" Lots="0.02" Symbol="AUDSGD" Open="1.26280" SL="1.25560" TP="1.28700" CloseTime="2009-12-11 15:06:00" Close="1.27234" Swap="0.00" Profit="0.00" Comment="cancelled (25)" />
        <deal Ticket="26901592" OpenTime="2009-12-09 23:42:00" DealType="1" Lots="0.04" Symbol="AUDSGD" Open="1.26090" SL="1.25560" TP="1.27660" CloseTime="2009-12-10 01:38:00" Close="1.27263" Swap="0.00" Profit="0.00" Comment="cancelled (26)" />
        <deal Ticket="26865826" OpenTime="2009-12-08 16:51:00" DealType="1" Lots="0.02" Symbol="EURGBP" Open="0.90460" SL="0.90460" TP="0.91950" CloseTime="2009-12-09 23:20:00" Close="0.90460" Swap="0.00" Profit="0.00" Comment="[sl] (27)" />
        <deal Ticket="26395431" OpenTime="2009-11-06 12:56:00" DealType="-1" Lots="0.01" Symbol="EURCAD" Open="1.58800" SL="1.57580" TP="0.00000" CloseTime="2009-11-17 10:34:00" Close="1.57580" Swap="0.00" Profit="11.56" Comment="[sl] (29)" />
        <deal Ticket="26504860" OpenTime="2009-11-11 21:47:00" DealType="1" Lots="0.01" Symbol="CHFJPY" Open="89.095" SL="88.130" TP="89.090" CloseTime="2009-11-13 15:22:00" Close="88.130" Swap="0.00" Profit="-10.76" Comment="[sl] (30)" />
        <deal Ticket="26342006" OpenTime="2009-10-30 16:59:00" DealType="1" Lots="0.03" Symbol="AUDCAD" Open="0.97510" SL="0.96620" TP="0.00000" CloseTime="2009-11-03 09:40:00" Close="0.96620" Swap="0.00" Profit="-24.75" Comment="[sl] (31)" />
        <deal Ticket="26157039" OpenTime="2009-10-19 14:47:00" DealType="1" Lots="0.03" Symbol="CADJPY" Open="87.590" SL="87.590" TP="0.000" CloseTime="2009-10-20 07:08:00" Close="87.590" Swap="0.00" Profit="0.00" Comment="[sl] (33)" />
        <deal Ticket="26125249" OpenTime="2009-10-15 19:02:00" DealType="-1" Lots="0.03" Symbol="USDCHF" Open="1.01590" SL="1.01990" TP="0.00000" CloseTime="2009-10-16 13:15:00" Close="1.01990" Swap="0.00" Profit="-11.77" Comment="[sl] (34)" />
        <deal Ticket="26099677" OpenTime="2009-10-14 15:31:00" DealType="1" Lots="0.03" Symbol="SGDJPY" Open="64.210" SL="64.210" TP="65.159" CloseTime="2009-10-15 15:00:00" Close="65.159" Swap="0.00" Profit="31.37" Comment="[tp] (35)" />
        <deal Ticket="26099121" OpenTime="2009-10-14 13:09:00" DealType="1" Lots="0.03" Symbol="AUDJPY" Open="81.440" SL="80.980" TP="0.000" CloseTime="2009-10-14 13:17:00" Close="81.935" Swap="0.00" Profit="0.00" Comment="cancelled (36)" />
        <deal Ticket="26041357" OpenTime="2009-10-09 13:04:00" DealType="1" Lots="0.03" Symbol="EURGBP" Open="0.91976" SL="0.91570" TP="0.00000" CloseTime="2009-10-09 14:44:00" Close="0.92358" Swap="0.00" Profit="0.00" Comment="cancelled (37)" />
        <deal Ticket="25950614" OpenTime="2009-10-02 17:41:00" DealType="1" Lots="0.02" Symbol="AUDSGD" Open="1.22340" SL="1.22340" TP="1.24550" CloseTime="2009-10-06 11:25:00" Close="1.24449" Swap="0.00" Profit="30.10" Comment=" (38)" />
        <deal Ticket="25844847" OpenTime="2009-09-25 12:46:00" DealType="1" Lots="0.05" Symbol="EURCHF" Open="1.51031" SL="1.51031" TP="0.00000" CloseTime="2009-09-25 16:22:00" Close="1.51031" Swap="0.00" Profit="0.00" Comment="[sl] (39)" />
        <deal Ticket="25630680" OpenTime="2009-09-10 18:38:00" DealType="-1" Lots="0.02" Symbol="AUDSGD" Open="1.22750" SL="1.22750" TP="1.21150" CloseTime="2009-09-14 22:55:00" Close="1.22750" Swap="0.00" Profit="0.00" Comment="[sl] (41)" />
        <deal Ticket="25597945" OpenTime="2009-09-10 00:32:00" DealType="1" Lots="0.01" Symbol="EURCHF" Open="1.51570" SL="1.51200" TP="0.00000" CloseTime="2009-09-14 02:50:00" Close="1.51200" Swap="0.00" Profit="-3.56" Comment="[sl] (42)" />
        <deal Ticket="25459880" OpenTime="2009-08-28 20:30:00" DealType="1" Lots="0.01" Symbol="CHFSGD" Open="1.35960" SL="1.34870" TP="1.38700" CloseTime="2009-09-04 14:52:00" Close="1.34870" Swap="0.00" Profit="-7.57" Comment="[sl] (43)" />
        <deal Ticket="25403082" OpenTime="2009-08-25 12:23:00" DealType="1" Lots="0.01" Symbol="GBPUSD" Open="1.65000" SL="1.66310" TP="1.61300" CloseTime="2009-08-27 12:11:00" Close="1.61911" Swap="0.00" Profit="0.00" Comment="cancelled (44)" />
        <deal Ticket="24861243" OpenTime="2009-07-20 11:08:00" DealType="1" Lots="0.02" Symbol="EURCAD" Open="1.57700" SL="1.58330" TP="0.00000" CloseTime="2009-07-21 19:04:00" Close="1.57311" Swap="0.00" Profit="0.00" Comment="cancelled (46)" />
        <deal Ticket="24827089" OpenTime="2009-07-16 16:01:00" DealType="1" Lots="0.02" Symbol="AUDSGD" Open="1.16350" SL="1.16350" TP="0.00000" CloseTime="2009-07-17 02:55:00" Close="1.16350" Swap="0.00" Profit="0.00" Comment="[sl] (48)" />
        <deal Ticket="24499308" OpenTime="2009-06-29 11:53:00" DealType="1" Lots="0.01" Symbol="EURCAD" Open="1.61360" SL="1.60100" TP="0.00000" CloseTime="2009-07-09 19:59:00" Close="1.63065" Swap="0.00" Profit="0.00" Comment="cancelled (49)" />
        <deal Ticket="24433252" OpenTime="2009-06-24 20:19:00" DealType="1" Lots="0.02" Symbol="NZDUSD" Open="0.64290" SL="0.64050" TP="0.00000" CloseTime="2009-06-24 20:28:00" Close="0.64050" Swap="0.00" Profit="-4.80" Comment="[sl] (50)" />
        <deal Ticket="24309986" OpenTime="2009-06-18 14:40:00" DealType="1" Lots="0.01" Symbol="USDCAD" Open="1.12860" SL="1.12860" TP="0.00000" CloseTime="2009-06-23 17:51:00" Close="1.15517" Swap="0.00" Profit="23.00" Comment=" (51)" />
        <deal Ticket="24309879" OpenTime="2009-06-18 12:04:00" DealType="1" Lots="0.01" Symbol="USDCAD" Open="1.12200" SL="0.00000" TP="0.00000" CloseTime="2009-06-18 12:06:00" Close="1.13239" Swap="0.00" Profit="0.00" Comment="cancelled (52)" />
        <deal Ticket="24034508" OpenTime="2009-06-04 12:42:00" DealType="1" Lots="0.01" Symbol="EURUSD" Open="1.41737" SL="1.40990" TP="0.00000" CloseTime="2009-06-04 13:56:00" Close="1.40990" Swap="0.00" Profit="-7.47" Comment="[sl] (54)" />
        <deal Ticket="23916907" OpenTime="2009-05-29 11:56:00" DealType="1" Lots="0.01" Symbol="EURUSD" Open="1.39620" SL="1.37920" TP="0.00000" CloseTime="2009-06-03 15:31:00" Close="1.41880" Swap="0.00" Profit="0.00" Comment="cancelled (55)" />
        <deal Ticket="23838154" OpenTime="2009-05-26 14:59:00" DealType="1" Lots="0.01" Symbol="GBPJPY" Open="150.235" SL="153.200" TP="160.000" CloseTime="2009-06-03 08:46:00" Close="160.000" Swap="0.00" Profit="101.57" Comment="[tp] (56)" />
        <deal Ticket="23876824" OpenTime="2009-05-28 14:23:00" DealType="-1" Lots="0.01" Symbol="USDCAD" Open="1.12250" SL="1.10230" TP="1.08450" CloseTime="2009-06-01 08:54:00" Close="1.08450" Swap="0.00" Profit="35.04" Comment="[tp] (57)" />
        <deal Ticket="23834316" OpenTime="2009-05-26 16:03:00" DealType="-1" Lots="0.01" Symbol="GBPUSD" Open="1.58880" SL="1.59470" TP="0.00000" CloseTime="2009-05-26 16:35:00" Close="1.59470" Swap="0.00" Profit="-5.90" Comment="[sl] (58)" />
        <deal Ticket="23666509" OpenTime="2009-05-15 20:13:00" DealType="1" Lots="0.02" Symbol="EURGBP" Open="0.89380" SL="0.90090" TP="0.87550" CloseTime="2009-05-19 11:42:00" Close="0.88151" Swap="0.00" Profit="0.00" Comment="cancelled (59)" />
        <deal Ticket="23601001" OpenTime="2009-05-13 13:46:00" DealType="1" Lots="0.03" Symbol="NZDCHF" Open="0.66320" SL="0.67200" TP="0.00000" CloseTime="2009-05-15 20:11:00" Close="0.65658" Swap="0.00" Profit="0.00" Comment="cancelled (60)" />
        <deal Ticket="23599046" OpenTime="2009-05-13 12:46:00" DealType="1" Lots="0.02" Symbol="EURAUD" Open="1.78370" SL="1.77740" TP="0.00000" CloseTime="2009-05-13 13:37:00" Close="1.79038" Swap="0.00" Profit="0.00" Comment="cancelled (61)" />
        <deal Ticket="23173161" OpenTime="2009-04-23 12:00:00" DealType="1" Lots="0.03" Symbol="USDCHF" Open="1.16720" SL="1.17450" TP="1.14730" CloseTime="2009-04-24 00:32:00" Close="1.15077" Swap="0.00" Profit="0.00" Comment="cancelled (63)" />
        <deal Ticket="22626196" OpenTime="2009-03-31 15:17:00" DealType="-1" Lots="0.01" Symbol="EURCAD" Open="1.67370" SL="1.67370" TP="1.60800" CloseTime="2009-04-10 01:25:00" Close="1.60800" Swap="0.00" Profit="53.64" Comment="[tp] (65)" />
        <deal Ticket="22521199" OpenTime="2009-03-26 07:55:00" DealType="-1" Lots="0.02" Symbol="USDJPY" Open="97.960" SL="98.600" TP="96.230" CloseTime="2009-03-26 15:02:00" Close="98.600" Swap="0.00" Profit="-12.98" Comment="[sl] (66)" />
        <deal Ticket="22060855" OpenTime="2009-03-09 13:41:00" DealType="1" Lots="0.01" Symbol="AUDSGD" Open="0.98300" SL="0.98300" TP="1.02200" CloseTime="2009-03-18 19:30:00" Close="1.02200" Swap="0.00" Profit="25.64" Comment="[tp] (67)" />
        <deal Ticket="22177523" OpenTime="2009-03-12 20:51:00" DealType="-1" Lots="0.01" Symbol="EURUSD" Open="1.29350" SL="1.30970" TP="1.29370" CloseTime="2009-03-17 14:46:00" Close="1.29370" Swap="0.00" Profit="-0.20" Comment="[tp] (68)" />
        <deal Ticket="22014591" OpenTime="2009-03-04 20:59:00" DealType="1" Lots="0.01" Symbol="CADCHF" Open="0.93000" SL="0.94540" TP="0.88900" CloseTime="2009-03-06 09:37:00" Close="0.89943" Swap="0.00" Profit="0.00" Comment="cancelled (69)" />
        <deal Ticket="22045273" OpenTime="2009-03-05 20:19:00" DealType="1" Lots="0.02" Symbol="NZDCHF" Open="0.59090" SL="0.59710" TP="0.57900" CloseTime="2009-03-05 22:41:00" Close="0.58343" Swap="0.00" Profit="0.00" Comment="cancelled (70)" />
        <deal Ticket="21842585" OpenTime="2009-02-25 15:13:00" DealType="1" Lots="0.01" Symbol="GBPAUD" Open="2.20100" SL="2.17300" TP="2.30400" CloseTime="2009-03-04 20:41:00" Close="2.17300" Swap="0.00" Profit="-18.21" Comment="[sl] (71)" />
        <deal Ticket="21790795" OpenTime="2009-02-23 21:47:00" DealType="1" Lots="0.02" Symbol="NZDUSD" Open="0.50800" SL="0.50800" TP="0.52700" CloseTime="2009-02-25 23:24:00" Close="0.50800" Swap="0.00" Profit="0.00" Comment="[sl] (73)" />
        <deal Ticket="21488820" OpenTime="2009-02-12 10:04:00" DealType="1" Lots="0.01" Symbol="CHFJPY" Open="77.250" SL="77.250" TP="82.300" CloseTime="2009-02-24 10:03:00" Close="82.300" Swap="0.00" Profit="52.90" Comment="[tp] (74)" />
        <deal Ticket="21202458" OpenTime="2009-01-26 17:09:00" DealType="-1" Lots="0.01" Symbol="#MCD" Open="58.06" SL="58.06" TP="54.29" CloseTime="2009-02-20 15:30:00" Close="54.29" Swap="0.00" Profit="3.77" Comment="[tp] (75)" />
        <deal Ticket="21693686" OpenTime="2009-02-18 14:24:00" DealType="1" Lots="0.02" Symbol="CADJPY" Open="73.000" SL="72.400" TP="74.490" CloseTime="2009-02-18 14:55:00" Close="73.875" Swap="0.00" Profit="0.00" Comment="cancelled (76)" />
        <deal Ticket="21684758" OpenTime="2009-02-18 09:32:00" DealType="1" Lots="0.03" Symbol="SGDJPY" Open="60.280" SL="59.880" TP="61.200" CloseTime="2009-02-18 13:43:00" Close="60.685" Swap="0.00" Profit="0.00" Comment="cancelled (77)" />
        <deal Ticket="21589472" OpenTime="2009-02-12 17:16:00" DealType="-1" Lots="0.02" Symbol="CHFSGD" Open="1.30050" SL="1.30830" TP="1.28310" CloseTime="2009-02-16 15:46:00" Close="1.30830" Swap="0.00" Profit="-10.29" Comment="[sl] (78)" />
        <deal Ticket="21529456" OpenTime="2009-02-10 17:35:00" DealType="1" Lots="0.10" Symbol="#HPQ" Open="35.30" SL="33.99" TP="39.00" CloseTime="2009-02-12 15:30:00" Close="33.99" Swap="0.00" Profit="-13.10" Comment="[sl] (79)" />
        <deal Ticket="21499842" OpenTime="2009-02-09 15:32:00" DealType="1" Lots="0.10" Symbol="#HPQ" Open="35.30" SL="33.99" TP="39.00" CloseTime="2009-02-09 23:59:00" Close="36.32" Swap="0.00" Profit="0.00" Comment="deleted [good for day] (80)" />
        <deal Ticket="21325741" OpenTime="2009-02-03 15:03:00" DealType="-1" Lots="0.02" Symbol="CHFSGD" Open="1.3124" SL="1.3124" TP="1.2786" CloseTime="2009-02-06 18:06:00" Close="1.2786" Swap="0.00" Profit="45.17" Comment="[tp] (81)" />
        <deal Ticket="21430006" OpenTime="2009-02-05 11:16:00" DealType="-1" Lots="0.01" Symbol="GBPAUD" Open="2.2415" SL="2.2617" TP="2.1853" CloseTime="2009-02-05 16:05:00" Close="2.2617" Swap="0.00" Profit="-13.09" Comment="[sl] (82)" />
        <deal Ticket="21417127" OpenTime="2009-02-04 17:25:00" DealType="1" Lots="0.02" Symbol="CADJPY" Open="72.23" SL="71.45" TP="74.30" CloseTime="2009-02-05 10:29:00" Close="73.32" Swap="0.00" Profit="0.00" Comment="cancelled (83)" />
        <deal Ticket="21417405" OpenTime="2009-02-04 17:34:00" DealType="1" Lots="0.02" Symbol="NZDCAD" Open="0.6297" SL="0.6360" TP="0.6159" CloseTime="2009-02-04 19:48:00" Close="0.6241" Swap="0.00" Profit="0.00" Comment="cancelled (84)" />
        <deal Ticket="21383688" OpenTime="2009-02-03 17:34:00" DealType="1" Lots="0.02" Symbol="USDSGD" Open="1.5125" SL="1.5186" TP="1.4993" CloseTime="2009-02-03 21:27:00" Close="1.5033" Swap="0.00" Profit="0.00" Comment="cancelled (85)" />
        <deal Ticket="21383297" OpenTime="2009-02-03 17:24:00" DealType="1" Lots="0.01" Symbol="EURAUD" Open="2.0237" SL="2.0400" TP="1.9807" CloseTime="2009-02-03 20:38:00" Close="1.9933" Swap="0.00" Profit="0.00" Comment="cancelled (86)" />
        <deal Ticket="21362581" OpenTime="2009-02-03 06:16:00" DealType="1" Lots="0.01" Symbol="GBPAUD" Open="2.2748" SL="2.2893" TP="2.1865" CloseTime="2009-02-03 20:38:00" Close="2.2082" Swap="0.00" Profit="0.00" Comment="cancelled (87)" />
        <deal Ticket="21347428" OpenTime="2009-02-02 15:41:00" DealType="1" Lots="0.10" Symbol="#MRK" Open="27.73" SL="26.85" TP="30.18" CloseTime="2009-02-02 23:59:00" Close="28.50" Swap="0.00" Profit="0.00" Comment="deleted [good for day] (88)" />
        <deal Ticket="21310993" OpenTime="2009-01-30 13:27:00" DealType="-1" Lots="0.02" Symbol="NZDCAD" Open="0.6300" SL="0.6300" TP="0.6200" CloseTime="2009-02-02 04:00:00" Close="0.6200" Swap="0.00" Profit="16.23" Comment="[tp] (89)" />
        <deal Ticket="21311407" OpenTime="2009-01-30 12:34:00" DealType="1" Lots="0.01" Symbol="USDCHF" Open="1.1438" SL="1.1311" TP="1.1797" CloseTime="2009-01-30 13:03:00" Close="1.1648" Swap="0.00" Profit="0.00" Comment="cancelled (90)" />
        <deal Ticket="21134410" OpenTime="2009-01-22 15:45:00" DealType="1" Lots="0.30" Symbol="#AXP" Open="16.24" SL="15.57" TP="0.00" CloseTime="2009-01-23 15:31:00" Close="15.08" Swap="0.00" Profit="-34.80" Comment="[sl/gap] (91)" />
        <deal Ticket="21134326" OpenTime="2009-01-22 15:33:00" DealType="1" Lots="0.03" Symbol="#AXP" Open="16.18" SL="15.57" TP="0.00" CloseTime="2009-01-23 15:31:00" Close="15.08" Swap="0.00" Profit="-3.30" Comment="[sl/gap] (92)" />
        <deal Ticket="20835497" OpenTime="2009-01-08 15:47:00" DealType="1" Lots="0.20" Symbol="#JNJ" Open="59.22" SL="58.73" TP="61.00" CloseTime="2009-01-08 16:04:00" Close="58.73" Swap="0.00" Profit="-9.80" Comment="[sl] (93)" />
        <deal Ticket="20779596" OpenTime="2009-01-06 17:03:00" DealType="1" Lots="0.15" Symbol="#XOM" Open="81.69" SL="82.77" TP="78.63" CloseTime="2009-01-06 17:58:00" Close="80.77" Swap="0.00" Profit="0.00" Comment="cancelled (94)" />
        <deal Ticket="20648539" OpenTime="2008-12-22 09:50:00" DealType="1" Lots="0.03" Symbol="GBPUSD" Open="1.4948" SL="1.4979" TP="1.4873" CloseTime="2008-12-22 10:13:00" Close="1.4859" Swap="0.00" Profit="0.00" Comment="cancelled (95)" />
        <deal Ticket="20562976" OpenTime="2008-12-17 14:48:00" DealType="-1" Lots="0.04" Symbol="NZDUSD" Open="0.5820" SL="0.5855" TP="0.5746" CloseTime="2008-12-17 15:33:00" Close="0.5855" Swap="0.00" Profit="-14.00" Comment="[sl] (96)" />
        <deal Ticket="20555642" OpenTime="2008-12-17 09:32:00" DealType="1" Lots="0.05" Symbol="CADJPY" Open="73.97" SL="74.19" TP="73.41" CloseTime="2008-12-17 13:50:00" Close="73.17" Swap="0.00" Profit="0.00" Comment="cancelled (97)" />
        <deal Ticket="20526516" OpenTime="2008-12-16 16:59:00" DealType="-1" Lots="0.03" Symbol="CADJPY" Open="73.43" SL="74.15" TP="72.20" CloseTime="2008-12-16 21:15:00" Close="74.15" Swap="0.00" Profit="-24.14" Comment="[sl] (98)" />
        <deal Ticket="20504244" OpenTime="2008-12-15 14:40:00" DealType="1" Lots="0.05" Symbol="EURSGD" Open="1.9898" SL="1.9852" TP="1.9982" CloseTime="2008-12-15 14:56:00" Close="1.9999" Swap="0.00" Profit="0.00" Comment="cancelled (99)" />
        <deal Ticket="20442525" OpenTime="2008-12-11 13:26:00" DealType="-1" Lots="0.02" Symbol="EURAUD" Open="1.9853" SL="1.9853" TP="1.9703" CloseTime="2008-12-11 16:59:00" Close="1.9703" Swap="0.00" Profit="20.14" Comment="[tp] (100)" />
        <deal Ticket="20409641" OpenTime="2008-12-10 10:04:00" DealType="-1" Lots="0.03" Symbol="USDCAD" Open="1.2643" SL="1.2558" TP="1.2450" CloseTime="2008-12-11 13:54:00" Close="1.2458" Swap="0.00" Profit="44.55" Comment=" (101)" />
        <deal Ticket="20442305" OpenTime="2008-12-11 12:17:00" DealType="1" Lots="0.03" Symbol="GBPAUD" Open="2.2611" SL="2.2728" TP="2.2410" CloseTime="2008-12-11 12:26:00" Close="2.2472" Swap="0.00" Profit="0.00" Comment="cancelled (102)" />
        <deal Ticket="20439032" OpenTime="2008-12-11 10:22:00" DealType="1" Lots="0.05" Symbol="USDJPY" Open="92.72" SL="93.06" TP="92.15" CloseTime="2008-12-11 10:50:00" Close="92.00" Swap="0.00" Profit="0.00" Comment="cancelled (103)" />
        <deal Ticket="20327667" OpenTime="2008-12-04 19:49:00" DealType="1" Lots="0.04" Symbol="AUDCHF" Open="0.7806" SL="0.7880" TP="0.7689" CloseTime="2008-12-04 21:25:00" Close="0.7660" Swap="0.00" Profit="0.00" Comment="cancelled (104)" />
        <deal Ticket="20315976" OpenTime="2008-12-04 14:06:00" DealType="-1" Lots="0.01" Symbol="GBPCAD" Open="1.8496" SL="1.8740" TP="1.8070" CloseTime="2008-12-04 19:18:00" Close="1.8740" Swap="0.00" Profit="-19.21" Comment="[sl] (105)" />
        <deal Ticket="20302971" OpenTime="2008-12-04 06:06:00" DealType="1" Lots="0.05" Symbol="USDJPY" Open="93.00" SL="92.53" TP="93.82" CloseTime="2008-12-04 12:21:00" Close="92.53" Swap="0.00" Profit="-25.40" Comment="[sl] (106)" />
        <deal Ticket="20294327" OpenTime="2008-12-03 16:00:00" DealType="1" Lots="0.05" Symbol="EURUSD" Open="1.2624" SL="1.2624" TP="1.2667" CloseTime="2008-12-03 16:14:00" Close="1.2624" Swap="0.00" Profit="0.00" Comment="[sl] (107)" />
        <deal Ticket="20251230" OpenTime="2008-12-01 21:08:00" DealType="1" Lots="0.03" Symbol="CADCHF" Open="0.9759" SL="0.9854" TP="0.9595" CloseTime="2008-12-02 20:02:00" Close="0.9601" Swap="0.00" Profit="0.00" Comment="cancelled (108)" />
        <deal Ticket="20265032" OpenTime="2008-12-02 13:16:00" DealType="1" Lots="0.03" Symbol="GBPCHF" Open="1.7915" SL="1.7842" TP="1.8028" CloseTime="2008-12-02 13:19:00" Close="1.8024" Swap="0.00" Profit="0.00" Comment="cancelled (109)" />
        <deal Ticket="20215622" OpenTime="2008-11-28 16:59:00" DealType="1" Lots="0.04" Symbol="GBPJPY" Open="146.30" SL="146.30" TP="147.45" CloseTime="2008-11-28 20:33:00" Close="147.45" Swap="0.00" Profit="48.10" Comment="[tp] (110)" />
        <deal Ticket="20175738" OpenTime="2008-11-26 17:18:00" DealType="-1" Lots="0.01" Symbol="AUDJPY" Open="61.90" SL="63.78" TP="61.90" CloseTime="2008-11-28 16:05:00" Close="62.30" Swap="0.00" Profit="-4.18" Comment=" (111)" />
        <deal Ticket="20203932" OpenTime="2008-11-28 10:05:00" DealType="1" Lots="0.05" Symbol="EURGBP" Open="0.8375" SL="0.8346" TP="0.8427" CloseTime="2008-11-28 12:01:00" Close="0.8346" Swap="0.00" Profit="-22.33" Comment="sl (112)" />
        <deal Ticket="20193710" OpenTime="2008-11-27 14:56:00" DealType="-1" Lots="0.03" Symbol="EURSGD" Open="1.9530" SL="1.9530" TP="1.9356" CloseTime="2008-11-28 08:18:00" Close="1.9530" Swap="0.00" Profit="0.00" Comment="sl (113)" />
        <deal Ticket="20189448" OpenTime="2008-11-27 11:14:00" DealType="-1" Lots="0.04" Symbol="EURCHF" Open="1.5495" SL="1.5495" TP="1.5430" CloseTime="2008-11-27 17:31:00" Close="1.5495" Swap="0.00" Profit="0.00" Comment="sl (114)" />
        <deal Ticket="20180757" OpenTime="2008-11-26 20:30:00" DealType="1" Lots="0.01" Symbol="GBPJPY" Open="145.74" SL="144.49" TP="148.98" CloseTime="2008-11-27 11:16:00" Close="147.65" Swap="0.00" Profit="0.00" Comment="cancelled (115)" />
        <deal Ticket="20141063" OpenTime="2008-11-25 14:35:00" DealType="-1" Lots="0.03" Symbol="GBPUSD" Open="1.5093" SL="1.5194" TP="1.5093" CloseTime="2008-11-25 14:44:00" Close="1.5194" Swap="0.00" Profit="-30.30" Comment="sl (116)" />
        <deal Ticket="20106021" OpenTime="2008-11-24 10:28:00" DealType="-1" Lots="0.04" Symbol="EURCAD" Open="1.6044" SL="1.6117" TP="1.6044" CloseTime="2008-11-24 13:34:00" Close="1.6117" Swap="0.00" Profit="-23.06" Comment="sl (117)" />
        <deal Ticket="20096597" OpenTime="2008-11-21 21:38:00" DealType="-1" Lots="0.04" Symbol="EURCHF" Open="1.5366" SL="1.5422" TP="1.5213" CloseTime="2008-11-24 00:32:00" Close="1.5422" Swap="0.00" Profit="-18.36" Comment="sl (118)" />
        <deal Ticket="20090964" OpenTime="2008-11-21 17:28:00" DealType="1" Lots="0.02" Symbol="EURNZD" Open="2.3815" SL="2.3977" TP="2.3513" CloseTime="2008-11-21 18:01:00" Close="2.3654" Swap="0.00" Profit="0.00" Comment="cancelled (119)" />
        <deal Ticket="20087998" OpenTime="2008-11-21 16:09:00" DealType="1" Lots="0.04" Symbol="GBPJPY" Open="142.47" SL="143.31" TP="140.45" CloseTime="2008-11-21 16:58:00" Close="140.45" Swap="0.00" Profit="0.00" Comment="cancelled (120)" />
        <deal Ticket="20058121" OpenTime="2008-11-20 15:44:00" DealType="1" Lots="0.05" Symbol="EURSGD" Open="1.9154" SL="1.9154" TP="1.9340" CloseTime="2008-11-20 19:36:00" Close="1.9154" Swap="0.00" Profit="0.00" Comment="sl (121)" />
        <deal Ticket="20029661" OpenTime="2008-11-19 15:57:00" DealType="1" Lots="0.05" Symbol="AUDSGD" Open="0.9890" SL="0.9818" TP="1.0027" CloseTime="2008-11-19 17:34:00" Close="0.9936" Swap="0.00" Profit="0.00" Comment="cancelled (122)" />
        <deal Ticket="20017474" OpenTime="2008-11-19 10:31:00" DealType="1" Lots="0.05" Symbol="GBPUSD" Open="1.4952" SL="1.4952" TP="1.5060" CloseTime="2008-11-19 11:44:00" Close="1.5060" Swap="0.00" Profit="54.00" Comment="tp (123)" />
        <deal Ticket="19983108" OpenTime="2008-11-17 21:37:00" DealType="1" Lots="0.07" Symbol="NZDJPY" Open="53.83" SL="53.29" TP="53.83" CloseTime="2008-11-17 22:03:00" Close="53.29" Swap="0.00" Profit="-39.21" Comment="sl (124)" />
        <deal Ticket="19976936" OpenTime="2008-11-17 15:54:00" DealType="1" Lots="0.05" Symbol="AUDCHF" Open="0.7762" SL="0.7714" TP="0.7811" CloseTime="2008-11-17 16:11:00" Close="0.7795" Swap="0.00" Profit="0.00" Comment="cancelled (125)" />
        <deal Ticket="19943480" OpenTime="2008-11-14 12:56:00" DealType="1" Lots="0.03" Symbol="EURAUD" Open="1.9408" SL="1.9517" TP="1.9251" CloseTime="2008-11-14 14:36:00" Close="1.9273" Swap="0.00" Profit="0.00" Comment="cancelled (126)" />
        <deal Ticket="19931334" OpenTime="2008-11-13 21:39:00" DealType="1" Lots="0.02" Symbol="CADJPY" Open="78.08" SL="76.14" TP="80.21" CloseTime="2008-11-13 21:58:00" Close="80.96" Swap="0.00" Profit="0.00" Comment="cancelled (127)" />
        <deal Ticket="19930066" OpenTime="2008-11-13 21:02:00" DealType="1" Lots="0.03" Symbol="CADJPY" Open="77.62" SL="76.14" TP="79.06" CloseTime="2008-11-13 21:38:00" Close="80.11" Swap="0.00" Profit="0.00" Comment="cancelled (128)" />
        <deal Ticket="19907742" OpenTime="2008-11-13 09:13:00" DealType="-1" Lots="0.05" Symbol="CHFJPY" Open="80.42" SL="81.01" TP="80.50" CloseTime="2008-11-13 11:20:00" Close="80.50" Swap="0.00" Profit="-4.17" Comment="tp (129)" />
        <deal Ticket="19886946" OpenTime="2008-11-12 14:34:00" DealType="1" Lots="0.03" Symbol="EURUSD" Open="1.2567" SL="1.2635" TP="1.2440" CloseTime="2008-11-12 15:08:00" Close="1.2482" Swap="0.00" Profit="0.00" Comment="cancelled (130)" />
        <deal Ticket="19860586" OpenTime="2008-11-07 16:43:00" DealType="1" Lots="0.01" Symbol="USDCAD" Open="1.1682" SL="1.2011" TP="1.2150" CloseTime="2008-11-11 20:20:00" Close="1.2011" Swap="0.00" Profit="27.39" Comment="from 19786364sl (131)" />
        <deal Ticket="19786364" OpenTime="2008-11-07 16:43:00" DealType="1" Lots="0.01" Symbol="USDCAD" Open="1.1682" SL="1.1682" TP="0.0000" CloseTime="2008-11-11 16:07:00" Close="1.2031" Swap="0.00" Profit="29.01" Comment="to 19860586 (132)" />
        <deal Ticket="19804809" OpenTime="2008-11-07 15:17:00" DealType="-1" Lots="0.03" Symbol="EURJPY" Open="124.67" SL="125.38" TP="123.60" CloseTime="2008-11-07 16:09:00" Close="125.38" Swap="0.00" Profit="-21.70" Comment="sl (133)" />
        <deal Ticket="19741770" OpenTime="2008-11-05 14:13:00" DealType="1" Lots="0.05" Symbol="AUDUSD" Open="0.6916" SL="0.6832" TP="0.6992" CloseTime="2008-11-05 16:20:00" Close="0.6992" Swap="0.00" Profit="38.00" Comment="tp (134)" />
        <deal Ticket="19735297" OpenTime="2008-11-05 10:14:00" DealType="1" Lots="0.02" Symbol="USDCAD" Open="1.1561" SL="1.1561" TP="1.1728" CloseTime="2008-11-05 11:49:00" Close="1.1561" Swap="0.00" Profit="0.00" Comment="sl (135)" />
        <deal Ticket="19719742" OpenTime="2008-11-04 17:05:00" DealType="-1" Lots="0.02" Symbol="EURCAD" Open="1.5003" SL="1.5003" TP="1.4820" CloseTime="2008-11-04 22:18:00" Close="1.5003" Swap="0.00" Profit="0.00" Comment="sl (136)" />
        <deal Ticket="19708082" OpenTime="2008-11-04 10:32:00" DealType="1" Lots="0.02" Symbol="AUDCHF" Open="0.7858" SL="0.7770" TP="0.8000" CloseTime="2008-11-04 12:24:00" Close="0.7968" Swap="0.00" Profit="0.00" Comment="cancelled (137)" />
        <deal Ticket="19685171" OpenTime="2008-11-03 14:58:00" DealType="-1" Lots="0.03" Symbol="CADJPY" Open="82.72" SL="82.72" TP="81.32" CloseTime="2008-11-03 15:41:00" Close="82.72" Swap="0.00" Profit="0.00" Comment="sl (138)" />
        <deal Ticket="19652849" OpenTime="2008-10-31 12:06:00" DealType="-1" Lots="0.02" Symbol="USDJPY" Open="97.73" SL="99.15" TP="95.04" CloseTime="2008-11-03 03:18:00" Close="99.15" Swap="0.00" Profit="-28.64" Comment="sl (139)" />
        <deal Ticket="19631874" OpenTime="2008-10-30 18:19:00" DealType="-1" Lots="0.01" Symbol="SGDJPY" Open="66.87" SL="66.87" TP="65.40" CloseTime="2008-10-31 07:48:00" Close="65.40" Swap="0.00" Profit="15.15" Comment="tp (140)" />
        <deal Ticket="19625078" OpenTime="2008-10-30 14:16:00" DealType="1" Lots="0.01" Symbol="EURSGD" Open="1.9260" SL="1.9434" TP="0.0000" CloseTime="2008-10-30 17:11:00" Close="1.8886" Swap="0.00" Profit="0.00" Comment="cancelled (141)" />
        <deal Ticket="19564055" OpenTime="2008-10-28 19:17:00" DealType="-1" Lots="0.02" Symbol="GBPUSD" Open="1.5650" SL="1.5757" TP="1.5483" CloseTime="2008-10-28 19:53:00" Close="1.5757" Swap="0.00" Profit="-21.40" Comment="sl (142)" />
        <deal Ticket="19564463" OpenTime="2008-10-28 16:59:00" DealType="-1" Lots="0.01" Symbol="EURJPY" Open="119.38" SL="120.60" TP="116.70" CloseTime="2008-10-28 18:13:00" Close="120.60" Swap="0.00" Profit="-12.63" Comment="sl (143)" />
        <deal Ticket="19561449" OpenTime="2008-10-28 15:11:00" DealType="1" Lots="0.02" Symbol="EURSGD" Open="1.8790" SL="1.8655" TP="1.8979" CloseTime="2008-10-28 15:14:00" Close="1.8864" Swap="0.00" Profit="0.00" Comment="cancelled (144)" />
        <deal Ticket="19506950" OpenTime="2008-10-24 19:57:00" DealType="1" Lots="0.01" Symbol="EURCAD" Open="1.6061" SL="1.5830" TP="1.6061" CloseTime="2008-10-27 11:14:00" Close="1.6061" Swap="0.00" Profit="0.00" Comment="tp (145)" />
        <deal Ticket="19494851" OpenTime="2008-10-24 12:43:00" DealType="1" Lots="0.02" Symbol="USDCHF" Open="1.1629" SL="1.1751" TP="0.0000" CloseTime="2008-10-24 13:17:00" Close="1.1508" Swap="0.00" Profit="0.00" Comment="cancelled (146)" />
        <deal Ticket="19450698" OpenTime="2008-10-22 22:08:00" DealType="-1" Lots="0.04" Symbol="AUDCAD" Open="0.8413" SL="0.8472" TP="0.8282" CloseTime="2008-10-22 22:18:00" Close="0.8472" Swap="0.00" Profit="-18.83" Comment="sl (147)" />
        <deal Ticket="19439217" OpenTime="2008-10-22 13:51:00" DealType="1" Lots="0.03" Symbol="AUDCHF" Open="0.7804" SL="0.7720" TP="0.7949" CloseTime="2008-10-22 13:58:00" Close="0.7879" Swap="0.00" Profit="0.00" Comment="cancelled (148)" />
        <deal Ticket="19423352" OpenTime="2008-10-21 22:01:00" DealType="-1" Lots="0.01" Symbol="GBPAUD" Open="2.4738" SL="2.4950" TP="2.4320" CloseTime="2008-10-22 02:30:00" Close="2.4320" Swap="0.00" Profit="28.50" Comment="tp (149)" />
        <deal Ticket="19406770" OpenTime="2008-10-21 10:14:00" DealType="1" Lots="0.01" Symbol="GBPJPY" Open="172.96" SL="170.38" TP="179.20" CloseTime="2008-10-21 17:46:00" Close="170.38" Swap="0.00" Profit="-25.64" Comment="sl (150)" />
        <deal Ticket="19350879" OpenTime="2008-10-17 09:58:00" DealType="1" Lots="0.02" Symbol="NZDJPY" Open="61.74" SL="61.74" TP="65.20" CloseTime="2008-10-21 10:31:00" Close="61.74" Swap="0.00" Profit="0.00" Comment="sl (151)" />
        <deal Ticket="19195022" OpenTime="2008-10-09 21:37:00" DealType="1" Lots="0.01" Symbol="NZDUSD" Open="0.6064" SL="0.6064" TP="0.6400" CloseTime="2008-10-15 19:59:00" Close="0.6064" Swap="0.00" Profit="0.00" Comment="sl (152)" />
        <deal Ticket="19194528" OpenTime="2008-10-09 12:51:00" DealType="1" Lots="0.02" Symbol="CHFJPY" Open="88.94" SL="87.57" TP="91.26" CloseTime="2008-10-10 01:45:00" Close="87.57" Swap="0.00" Profit="-27.66" Comment="sl (153)" />
        <deal Ticket="19167787" OpenTime="2008-10-08 13:02:00" DealType="-1" Lots="0.01" Symbol="GBPCHF" Open="1.9911" SL="1.9911" TP="1.9507" CloseTime="2008-10-08 17:45:00" Close="1.9507" Swap="0.00" Profit="35.80" Comment="tp (154)" />
        <deal Ticket="19138765" OpenTime="2008-10-07 11:54:00" DealType="1" Lots="0.08" Symbol="CHFSGD" Open="1.2789" SL="1.2737" TP="1.2842" CloseTime="2008-10-07 14:06:00" Close="1.2829" Swap="0.00" Profit="0.00" Comment="cancelled (155)" />
        <deal Ticket="19112109" OpenTime="2008-10-06 15:35:00" DealType="1" Lots="0.05" Symbol="CHFSGD" Open="1.2837" SL="1.2770" TP="1.2900" CloseTime="2008-10-06 16:13:00" Close="1.2915" Swap="0.00" Profit="0.00" Comment="cancelled (156)" />
        <deal Ticket="18995716" OpenTime="2008-09-30 16:26:00" DealType="-1" Lots="0.01" Symbol="SGDJPY" Open="73.91" SL="72.88" TP="71.06" CloseTime="2008-10-03 16:43:00" Close="72.88" Swap="0.00" Profit="9.73" Comment="sl (157)" />
        <deal Ticket="19035832" OpenTime="2008-10-01 16:54:00" DealType="1" Lots="0.01" Symbol="EURAUD" Open="1.7718" SL="1.7718" TP="1.8360" CloseTime="2008-10-03 16:35:00" Close="1.7718" Swap="0.00" Profit="0.00" Comment="sl (158)" />
        <deal Ticket="18986975" OpenTime="2008-09-29 20:03:00" DealType="1" Lots="0.01" Symbol="AUDUSD" Open="0.8296" SL="0.8523" TP="0.7852" CloseTime="2008-09-30 17:09:00" Close="0.7890" Swap="0.00" Profit="0.00" Comment="cancelled (159)" />
        <deal Ticket="18986130" OpenTime="2008-09-29 19:48:00" DealType="1" Lots="0.01" Symbol="CHFJPY" Open="97.16" SL="98.68" TP="92.86" CloseTime="2008-09-30 17:09:00" Close="94.51" Swap="0.00" Profit="0.00" Comment="cancelled (160)" />
        <deal Ticket="18929865" OpenTime="2008-09-25 16:00:00" DealType="-1" Lots="0.02" Symbol="EURAUD" Open="1.7552" SL="1.7552" TP="1.7290" CloseTime="2008-09-26 05:02:00" Close="1.7552" Swap="0.00" Profit="0.00" Comment="sl (161)" />
        <deal Ticket="18916784" OpenTime="2008-09-25 03:18:00" DealType="-1" Lots="0.02" Symbol="GBPUSD" Open="1.8545" SL="1.8638" TP="1.8313" CloseTime="2008-09-25 08:49:00" Close="1.8638" Swap="0.00" Profit="-18.60" Comment="sl (162)" />
        <deal Ticket="18784730" OpenTime="2008-09-17 21:24:00" DealType="1" Lots="0.02" Symbol="USDCHF" Open="1.1134" SL="1.1284" TP="1.0819" CloseTime="2008-09-18 11:48:00" Close="1.0968" Swap="0.00" Profit="0.00" Comment="cancelled (163)" />
        <deal Ticket="18724690" OpenTime="2008-09-16 05:13:00" DealType="-1" Lots="0.03" Symbol="USDSGD" Open="1.4309" SL="1.4397" TP="1.4135" CloseTime="2008-09-16 20:39:00" Close="1.4397" Swap="0.00" Profit="-18.34" Comment="sl (164)" />
        <deal Ticket="18667329" OpenTime="2008-09-11 17:58:00" DealType="-1" Lots="0.02" Symbol="AUDCHF" Open="0.9085" SL="0.9177" TP="0.8846" CloseTime="2008-09-11 22:52:00" Close="0.9177" Swap="0.00" Profit="-16.15" Comment="sl (165)" />
        <deal Ticket="18649834" OpenTime="2008-09-10 13:40:00" DealType="-1" Lots="0.05" Symbol="CHFSGD" Open="1.2698" SL="1.2698" TP="1.2587" CloseTime="2008-09-11 09:00:00" Close="1.2698" Swap="0.00" Profit="0.00" Comment="sl (166)" />
        <deal Ticket="18623935" OpenTime="2008-09-09 11:39:00" DealType="1" Lots="0.02" Symbol="EURAUD" Open="1.7375" SL="1.7375" TP="1.7621" CloseTime="2008-09-09 22:37:00" Close="1.7621" Swap="0.00" Profit="39.40" Comment="tp (167)" />
        <deal Ticket="18634954" OpenTime="2008-09-09 16:29:00" DealType="1" Lots="0.04" Symbol="USDSGD" Open="1.4330" SL="1.4386" TP="1.4197" CloseTime="2008-09-09 19:08:00" Close="1.4302" Swap="0.00" Profit="0.00" Comment="cancelled (168)" />
        <deal Ticket="18617125" OpenTime="2008-09-08 22:10:00" DealType="-1" Lots="0.03" Symbol="AUDCHF" Open="0.9243" SL="0.9240" TP="0.9103" CloseTime="2008-09-09 17:11:00" Close="0.9103" Swap="0.00" Profit="37.23" Comment="tp (169)" />
        <deal Ticket="18596696" OpenTime="2008-09-05 17:57:00" DealType="1" Lots="0.04" Symbol="CADJPY" Open="100.06" SL="99.07" TP="102.31" CloseTime="2008-09-08 05:55:00" Close="102.96" Swap="0.00" Profit="0.00" Comment="cancelled (170)" />
        <deal Ticket="18558553" OpenTime="2008-09-03 17:44:00" DealType="1" Lots="0.10" Symbol="EURSGD" Open="2.0764" SL="2.0728" TP="2.0839" CloseTime="2008-09-03 17:47:00" Close="2.0819" Swap="0.00" Profit="0.00" Comment="cancelled (171)" />
        <deal Ticket="18543188" OpenTime="2008-09-03 00:35:00" DealType="-1" Lots="0.03" Symbol="EURNZD" Open="2.1165" SL="2.1251" TP="2.0976" CloseTime="2008-09-03 01:56:00" Close="2.1251" Swap="0.00" Profit="-17.64" Comment="sl (172)" />
        <deal Ticket="18441426" OpenTime="2008-08-25 15:50:00" DealType="1" Lots="0.05" Symbol="GBPCAD" Open="1.9377" SL="1.9323" TP="1.9496" CloseTime="2008-08-25 17:47:00" Close="1.9449" Swap="0.00" Profit="0.00" Comment="cancelled (173)" />
        <deal Ticket="18408319" OpenTime="2008-08-21 14:19:00" DealType="1" Lots="0.04" Symbol="EURNZD" Open="2.0722" SL="2.0722" TP="2.0866" CloseTime="2008-08-22 22:52:00" Close="2.0866" Swap="0.00" Profit="40.79" Comment="tp (174)" />
        <deal Ticket="18322046" OpenTime="2008-08-14 20:38:00" DealType="1" Lots="0.02" Symbol="CADCHF" Open="1.0210" SL="1.0007" TP="1.0590" CloseTime="2008-08-22 10:15:00" Close="1.0461" Swap="0.00" Profit="0.00" Comment="cancelled (175)" />
        <deal Ticket="18309804" OpenTime="2008-08-14 11:15:00" DealType="1" Lots="0.06" Symbol="GBPUSD" Open="1.8694" SL="1.8724" TP="1.8790" CloseTime="2008-08-14 15:11:00" Close="1.8724" Swap="0.00" Profit="18.00" Comment="sl (176)" />
        <deal Ticket="17708242" OpenTime="2008-08-07 17:41:00" DealType="1" Lots="0.04" Symbol="EURGBP" Open="0.7898" SL="0.7845" TP="0.8018" CloseTime="2008-08-08 13:24:00" Close="0.7845" Swap="0.00" Profit="-40.83" Comment="sl (177)" />
        <deal Ticket="17770736" OpenTime="2008-08-07 15:14:00" DealType="1" Lots="0.03" Symbol="CHFJPY" Open="103.48" SL="104.83" TP="101.10" CloseTime="2008-08-08 08:52:00" Close="102.56" Swap="0.00" Profit="0.00" Comment="cancelled (178)" />
        <deal Ticket="17619610" OpenTime="2008-07-30 14:26:00" DealType="1" Lots="0.04" Symbol="CHFJPY" Open="103.81" SL="104.83" TP="101.10" CloseTime="2008-08-07 15:15:00" Close="103.27" Swap="0.00" Profit="0.00" Comment="cancelled (179)" />
        <deal Ticket="17508922" OpenTime="2008-07-24 09:18:00" DealType="1" Lots="0.04" Symbol="NZDCHF" Open="0.7760" SL="0.7867" TP="0.7566" CloseTime="2008-07-29 09:55:00" Close="0.7641" Swap="0.00" Profit="0.00" Comment="cancelled (180)" />
        <deal Ticket="17493890" OpenTime="2008-07-24 09:12:00" DealType="1" Lots="0.04" Symbol="GBPCAD" Open="2.0115" SL="2.0200" TP="2.0370" CloseTime="2008-07-28 17:41:00" Close="2.0370" Swap="0.00" Profit="99.87" Comment="tp (181)" />
        <deal Ticket="17568171" OpenTime="2008-07-28 15:16:00" DealType="1" Lots="0.10" Symbol="GBPUSD" Open="1.9882" SL="1.9854" TP="1.9930" CloseTime="2008-07-28 15:20:00" Close="1.9916" Swap="0.00" Profit="0.00" Comment="cancelled (182)" />
        <deal Ticket="17432854" OpenTime="2008-07-18 17:55:00" DealType="1" Lots="0.03" Symbol="AUDJPY" Open="102.67" SL="101.35" TP="105.51" CloseTime="2008-07-22 21:23:00" Close="104.08" Swap="0.00" Profit="0.00" Comment="cancelled (183)" />
        <deal Ticket="17457154" OpenTime="2008-07-22 14:45:00" DealType="1" Lots="0.06" Symbol="EURUSD" Open="1.5878" SL="1.5805" TP="1.6003" CloseTime="2008-07-22 17:20:00" Close="1.5805" Swap="0.00" Profit="-43.80" Comment="sl (184)" />
        <deal Ticket="17297525" OpenTime="2008-07-11 14:16:00" DealType="1" Lots="0.03" Symbol="EURJPY" Open="168.32" SL="168.32" TP="170.55" CloseTime="2008-07-15 09:56:00" Close="168.32" Swap="0.00" Profit="0.00" Comment="sl (185)" />
        <deal Ticket="17256377" OpenTime="2008-07-08 14:01:00" DealType="1" Lots="0.05" Symbol="EURCAD" Open="1.5980" SL="1.5898" TP="1.6133" CloseTime="2008-07-09 15:09:00" Close="1.5898" Swap="0.00" Profit="-40.52" Comment="sl (186)" />
        <deal Ticket="17236992" OpenTime="2008-07-07 11:11:00" DealType="1" Lots="0.10" Symbol="CHFJPY" Open="104.14" SL="103.82" TP="104.74" CloseTime="2008-07-07 19:05:00" Close="104.39" Swap="0.00" Profit="0.00" Comment="cancelled (187)" />
        <deal Ticket="17133566" OpenTime="2008-06-27 16:28:00" DealType="-1" Lots="0.10" Symbol="CHFJPY" Open="104.22" SL="104.22" TP="103.47" CloseTime="2008-06-30 10:20:00" Close="103.57" Swap="0.00" Profit="61.85" Comment=" (188)" />
        <deal Ticket="17121319" OpenTime="2008-06-26 18:45:00" DealType="1" Lots="0.03" Symbol="EURCAD" Open="1.5824" SL="1.5658" TP="1.6175" CloseTime="2008-06-30 06:03:00" Close="1.5943" Swap="0.00" Profit="0.00" Comment="cancelled (189)" />
        <deal Ticket="17103261" OpenTime="2008-06-26 01:02:00" DealType="1" Lots="0.10" Symbol="NZDUSD" Open="0.7569" SL="0.7552" TP="0.7615" CloseTime="2008-06-26 09:22:00" Close="0.7552" Swap="0.00" Profit="-17.00" Comment="sl (190)" />
        <deal Ticket="17089371" OpenTime="2008-06-25 09:37:00" DealType="-1" Lots="0.10" Symbol="GBPJPY" Open="212.40" SL="212.74" TP="211.68" CloseTime="2008-06-25 11:37:00" Close="212.74" Swap="0.00" Profit="-31.48" Comment="sl (191)" />
        <deal Ticket="17033557" OpenTime="2008-06-19 10:16:00" DealType="1" Lots="0.08" Symbol="EURGBP" Open="0.7927" SL="0.7955" TP="0.7876" CloseTime="2008-06-19 10:34:00" Close="0.7881" Swap="0.00" Profit="0.00" Comment="cancelled (192)" />
        <deal Ticket="17007294" OpenTime="2008-06-17 11:39:00" DealType="1" Lots="0.05" Symbol="GBPAUD" Open="2.0861" SL="2.0923" TP="2.0716" CloseTime="2008-06-17 12:19:00" Close="2.0749" Swap="0.00" Profit="0.00" Comment="cancelled (193)" />
        <deal Ticket="16995054" OpenTime="2008-06-16 14:47:00" DealType="1" Lots="0.08" Symbol="AUDUSD" Open="0.9383" SL="0.9331" TP="0.9486" CloseTime="2008-06-17 06:05:00" Close="0.9419" Swap="0.00" Profit="0.00" Comment="cancelled (194)" />
        <deal Ticket="16988934" OpenTime="2008-06-16 09:09:00" DealType="1" Lots="0.10" Symbol="EURCHF" Open="1.6110" SL="1.6061" TP="1.6225" CloseTime="2008-06-16 12:49:00" Close="1.6153" Swap="0.00" Profit="0.00" Comment="cancelled (195)" />
        <deal Ticket="16557012" OpenTime="2008-05-09 10:08:00" DealType="1" Lots="0.02" Symbol="NZDCHF" Open="0.8062" SL="0.8062" TP="0.8595" CloseTime="2008-06-04 23:01:00" Close="0.8062" Swap="0.00" Profit="0.00" Comment="sl (196)" />
        <deal Ticket="16802463" OpenTime="2008-05-30 12:47:00" DealType="-1" Lots="0.05" Symbol="EURJPY" Open="163.59" SL="163.59" TP="162.41" CloseTime="2008-06-02 14:29:00" Close="162.41" Swap="0.00" Profit="56.34" Comment="tp (197)" />
        <deal Ticket="16540642" OpenTime="2008-05-08 14:13:00" DealType="-1" Lots="0.03" Symbol="USDCAD" Open="1.0133" SL="0.9966" TP="0.9821" CloseTime="2008-05-22 10:30:00" Close="0.9861" Swap="0.00" Profit="82.75" Comment=" (198)" />
        <deal Ticket="16660367" OpenTime="2008-05-19 16:29:00" DealType="1" Lots="0.03" Symbol="EURUSD" Open="1.5516" SL="1.5516" TP="1.5766" CloseTime="2008-05-21 12:34:00" Close="1.5766" Swap="0.00" Profit="75.00" Comment="tp (199)" />
        <deal Ticket="16560745" OpenTime="2008-05-08 14:36:00" DealType="1" Lots="0.10" Symbol="AUDCAD" Open="0.9510" SL="0.9510" TP="0.9594" CloseTime="2008-05-08 19:44:00" Close="0.9594" Swap="0.00" Profit="82.66" Comment="tp (200)" />
        <deal Ticket="16550316" OpenTime="2008-05-07 21:43:00" DealType="1" Lots="0.07" Symbol="EURCHF" Open="1.6287" SL="1.6344" TP="1.6186" CloseTime="2008-05-08 06:05:00" Close="1.6212" Swap="0.00" Profit="0.00" Comment="cancelled (201)" />
        <deal Ticket="16550304" OpenTime="2008-05-07 21:40:00" DealType="1" Lots="0.01" Symbol="EURCHF" Open="1.6287" SL="1.6344" TP="1.6186" CloseTime="2008-05-07 21:40:00" Close="1.6242" Swap="0.00" Profit="0.00" Comment="cancelled (202)" />
        <deal Ticket="16533297" OpenTime="2008-05-07 01:21:00" DealType="1" Lots="0.05" Symbol="EURJPY" Open="162.83" SL="162.26" TP="163.56" CloseTime="2008-05-07 15:36:00" Close="162.26" Swap="0.00" Profit="-27.04" Comment="sl (203)" />
        <deal Ticket="16514096" OpenTime="2008-05-05 17:16:00" DealType="1" Lots="0.03" Symbol="EURUSD" Open="1.5502" SL="1.5502" TP="1.5636" CloseTime="2008-05-07 03:35:00" Close="1.5502" Swap="0.00" Profit="0.00" Comment="sl (204)" />
        <deal Ticket="16527028" OpenTime="2008-05-06 14:22:00" DealType="1" Lots="0.05" Symbol="EURJPY" Open="162.46" SL="162.82" TP="161.63" CloseTime="2008-05-06 14:45:00" Close="162.22" Swap="0.00" Profit="0.00" Comment="cancelled (205)" />
        <deal Ticket="16501962" OpenTime="2008-05-02 17:50:00" DealType="1" Lots="0.05" Symbol="AUDCAD" Open="0.9514" SL="0.9446" TP="0.9620" CloseTime="2008-05-05 09:04:00" Close="0.9571" Swap="0.00" Profit="0.00" Comment="cancelled (206)" />
        <deal Ticket="16500862" OpenTime="2008-05-02 16:17:00" DealType="1" Lots="0.05" Symbol="AUDUSD" Open="0.9320" SL="0.9273" TP="0.9400" CloseTime="2008-05-02 16:51:00" Close="0.9370" Swap="0.00" Profit="0.00" Comment="cancelled (207)" />
        <deal Ticket="16495999" OpenTime="2008-05-02 13:14:00" DealType="-1" Lots="0.10" Symbol="USDCAD" Open="1.0187" SL="1.0187" TP="1.0124" CloseTime="2008-05-02 14:30:00" Close="1.0187" Swap="0.00" Profit="0.00" Comment="sl (208)" />
        <deal Ticket="16452227" OpenTime="2008-04-29 15:49:00" DealType="-1" Lots="0.05" Symbol="USDCHF" Open="1.0358" SL="1.0358" TP="1.0255" CloseTime="2008-04-29 18:46:00" Close="1.0358" Swap="0.00" Profit="0.00" Comment="sl (209)" />
        <deal Ticket="16412362" OpenTime="2008-04-24 19:03:00" DealType="-1" Lots="0.05" Symbol="USDCAD" Open="1.0166" SL="1.0166" TP="1.0082" CloseTime="2008-04-25 17:45:00" Close="1.0166" Swap="0.00" Profit="0.00" Comment="sl (210)" />
        <deal Ticket="16409038" OpenTime="2008-04-24 16:00:00" DealType="1" Lots="0.05" Symbol="CADJPY" Open="101.93" SL="100.93" TP="102.94" CloseTime="2008-04-24 17:47:00" Close="102.94" Swap="0.00" Profit="48.43" Comment="tp (211)" />
        <deal Ticket="16390729" OpenTime="2008-04-23 16:06:00" DealType="1" Lots="0.05" Symbol="USDJPY" Open="103.37" SL="103.37" TP="104.35" CloseTime="2008-04-24 14:09:00" Close="103.37" Swap="0.00" Profit="0.00" Comment="sl (212)" />
    </deals>
    <balances>
        <balance Ticket="27047003" Amount="-70.00" Date="2009-12-21 12:04:00" />
        <balance Ticket="26629036" Amount="-11.00" Date="2009-11-20 12:50:00" />
        <balance Ticket="26217618" Amount="-11.00" Date="2009-10-22 12:58:00" />
        <balance Ticket="25783546" Amount="-11.00" Date="2009-09-22 11:52:00" />
        <balance Ticket="25377535" Amount="-10.00" Date="2009-08-23 12:41:00" />
        <balance Ticket="24861985" Amount="-110.00" Date="2009-07-20 11:33:00" />
        <balance Ticket="24278217" Amount="-120.00" Date="2009-06-17 11:46:00" />
        <balance Ticket="23401780" Amount="-110.00" Date="2009-05-04 21:16:00" />
        <balance Ticket="22902465" Amount="-19.00" Date="2009-04-13 01:23:00" />
        <balance Ticket="21920386" Amount="-500.00" Date="2009-03-01 13:10:00" />
        <balance Ticket="16375422" Amount="706.00" Date="2008-04-22 13:50:00" />
    </balances>
</account>