﻿<?xml version="1.0" encoding="utf-8"?>
<account Id="5979" Broker="" Account="" Trader="" Login="" InitBalance="1500.00">
    <deals>
        <deal Ticket="33511403" OpenTime="2009-05-12 11:19:00" DealType="1" Lots="0.40" Symbol="EURUSD" Open="1.3666" SL="0.0000" TP="1.3686" CloseTime="2009-05-12 14:58:00" Close="1.3686" Swap="0.00" Profit="80.00" Comment="[tp] (1)" />
        <deal Ticket="32665576" OpenTime="2009-04-15 13:24:00" DealType="1" Lots="0.40" Symbol="EURUSD" Open="1.3272" SL="0.0000" TP="1.3292" CloseTime="2009-04-24 19:41:00" Close="1.3292" Swap="0.00" Profit="80.00" Comment="[tp] (2)" />
        <deal Ticket="32361425" OpenTime="2009-04-06 10:09:00" DealType="1" Lots="0.40" Symbol="EURUSD" Open="1.3578" SL="0.0000" TP="1.3598" CloseTime="2009-04-14 08:37:00" Close="1.3345" Swap="0.00" Profit="0.00" Comment="cancelled (3)" />
        <deal Ticket="32089054" OpenTime="2009-03-30 08:12:00" DealType="1" Lots="0.40" Symbol="EURUSD" Open="1.3250" SL="0.0000" TP="1.3270" CloseTime="2009-03-30 12:53:00" Close="1.3174" Swap="0.00" Profit="0.00" Comment="cancelled (4)" />
        <deal Ticket="32035150" OpenTime="2009-03-27 09:21:00" DealType="1" Lots="0.40" Symbol="EURUSD" Open="1.3597" SL="0.0000" TP="1.3617" CloseTime="2009-03-27 12:19:00" Close="1.3391" Swap="0.00" Profit="0.00" Comment="cancelled (5)" />
        <deal Ticket="31981769" OpenTime="2009-03-26 13:55:00" DealType="1" Lots="0.40" Symbol="EURUSD" Open="1.3607" SL="0.0000" TP="1.3627" CloseTime="2009-03-26 14:54:00" Close="1.3627" Swap="0.00" Profit="80.00" Comment="[tp] (6)" />
        <deal Ticket="31923667" OpenTime="2009-03-25 12:09:00" DealType="1" Lots="0.40" Symbol="EURUSD" Open="1.3504" SL="0.0000" TP="1.3524" CloseTime="2009-03-25 12:44:00" Close="1.3524" Swap="0.00" Profit="80.00" Comment="[tp] (7)" />
        <deal Ticket="31871845" OpenTime="2009-03-24 10:45:00" DealType="1" Lots="0.40" Symbol="EURUSD" Open="1.3683" SL="0.0000" TP="1.3703" CloseTime="2009-03-24 15:12:00" Close="1.3508" Swap="0.00" Profit="0.00" Comment="cancelled (8)" />
        <deal Ticket="31804935" OpenTime="2009-03-23 11:00:00" DealType="-1" Lots="0.40" Symbol="EURUSD" Open="1.3635" SL="0.0000" TP="1.3615" CloseTime="2009-03-23 14:18:00" Close="1.3615" Swap="0.00" Profit="80.00" Comment="[tp] (9)" />
        <deal Ticket="31693057" OpenTime="2009-03-19 09:43:00" DealType="1" Lots="0.40" Symbol="EURUSD" Open="1.3471" SL="0.0000" TP="1.3491" CloseTime="2009-03-19 10:01:00" Close="1.3491" Swap="0.00" Profit="80.00" Comment="[tp] (10)" />
        <deal Ticket="31625275" OpenTime="2009-03-18 09:14:00" DealType="-1" Lots="0.40" Symbol="EURUSD" Open="1.3017" SL="0.0000" TP="1.2987" CloseTime="2009-03-18 11:03:00" Close="1.2987" Swap="0.00" Profit="120.00" Comment="[tp] (11)" />
        <deal Ticket="31579415" OpenTime="2009-03-17 08:51:00" DealType="-1" Lots="0.40" Symbol="EURUSD" Open="1.2962" SL="0.0000" TP="1.2942" CloseTime="2009-03-17 14:19:00" Close="1.2942" Swap="0.00" Profit="80.00" Comment="[tp] (12)" />
        <deal Ticket="31526492" OpenTime="2009-03-16 09:40:00" DealType="1" Lots="0.40" Symbol="EURUSD" Open="1.2877" SL="0.0000" TP="1.2857" CloseTime="2009-03-16 13:00:00" Close="1.3041" Swap="0.00" Profit="0.00" Comment="cancelled (13)" />
        <deal Ticket="31476661" OpenTime="2009-03-13 08:52:00" DealType="-1" Lots="0.40" Symbol="EURUSD" Open="1.2878" SL="0.0000" TP="1.2858" CloseTime="2009-03-16 01:00:00" Close="1.2858" Swap="0.00" Profit="80.00" Comment="[tp] (14)" />
        <deal Ticket="31413738" OpenTime="2009-03-12 08:29:00" DealType="1" Lots="0.40" Symbol="EURUSD" Open="1.2851" SL="0.0000" TP="1.2871" CloseTime="2009-03-12 18:36:00" Close="1.2790" Swap="0.00" Profit="0.00" Comment="cancelled (15)" />
        <deal Ticket="31354695" OpenTime="2009-03-11 12:12:00" DealType="1" Lots="0.40" Symbol="EURUSD" Open="1.2696" SL="0.0000" TP="1.2716" CloseTime="2009-03-11 12:17:00" Close="1.2716" Swap="0.00" Profit="80.00" Comment="[tp] (16)" />
        <deal Ticket="31298802" OpenTime="2009-03-10 10:00:00" DealType="1" Lots="0.40" Symbol="EURUSD" Open="1.2721" SL="0.0000" TP="1.2741" CloseTime="2009-03-10 14:15:00" Close="1.2741" Swap="0.00" Profit="80.00" Comment="[tp] (17)" />
        <deal Ticket="31240043" OpenTime="2009-03-09 08:42:00" DealType="1" Lots="0.40" Symbol="EURUSD" Open="1.2678" SL="0.0000" TP="1.2698" CloseTime="2009-03-09 13:57:00" Close="1.2584" Swap="0.00" Profit="0.00" Comment="cancelled (18)" />
        <deal Ticket="31180729" OpenTime="2009-03-06 08:34:00" DealType="1" Lots="0.20" Symbol="EURUSD" Open="1.2569" SL="0.0000" TP="1.2549" CloseTime="2009-03-06 09:40:00" Close="1.2708" Swap="0.00" Profit="0.00" Comment="cancelled (19)" />
        <deal Ticket="31118911" OpenTime="2009-03-05 09:16:00" DealType="1" Lots="0.20" Symbol="EURUSD" Open="1.2618" SL="0.0000" TP="1.2638" CloseTime="2009-03-06 08:30:00" Close="1.2638" Swap="0.00" Profit="40.00" Comment="[tp] (20)" />
        <deal Ticket="31062136" OpenTime="2009-03-04 08:51:00" DealType="1" Lots="0.20" Symbol="EURUSD" Open="1.2473" SL="0.0000" TP="1.2453" CloseTime="2009-03-04 16:41:00" Close="1.2574" Swap="0.00" Profit="0.00" Comment="cancelled (21)" />
        <deal Ticket="30996816" OpenTime="2009-03-03 13:25:00" DealType="-1" Lots="0.20" Symbol="EURUSD" Open="1.2603" SL="0.0000" TP="1.2583" CloseTime="2009-03-03 13:47:00" Close="1.2583" Swap="0.00" Profit="40.00" Comment="[tp] (22)" />
        <deal Ticket="30930932" OpenTime="2009-03-02 10:24:00" DealType="-1" Lots="0.20" Symbol="EURUSD" Open="1.2560" SL="0.0000" TP="1.2550" CloseTime="2009-03-03 01:03:00" Close="1.2550" Swap="0.00" Profit="20.00" Comment="[tp] (23)" />
        <deal Ticket="30237980" OpenTime="2009-02-13 09:08:00" DealType="1" Lots="0.10" Symbol="EURUSD" Open="1.2944" SL="0.0000" TP="1.2964" CloseTime="2009-02-13 15:17:00" Close="1.2828" Swap="0.00" Profit="0.00" Comment="cancelled (24)" />
        <deal Ticket="30164636" OpenTime="2009-02-12 10:23:00" DealType="-1" Lots="0.10" Symbol="EURUSD" Open="1.2884" SL="0.0000" TP="1.2864" CloseTime="2009-02-12 10:36:00" Close="1.2864" Swap="0.00" Profit="20.00" Comment="[tp] (25)" />
        <deal Ticket="30102955" OpenTime="2009-02-11 08:35:00" DealType="1" Lots="0.10" Symbol="EURUSD" Open="1.2881" SL="0.0000" TP="1.2861" CloseTime="2009-02-11 16:47:00" Close="1.2964" Swap="0.00" Profit="0.00" Comment="cancelled (26)" />
        <deal Ticket="29965141" OpenTime="2009-02-09 12:22:00" DealType="1" Lots="0.10" Symbol="EURUSD" Open="1.2944" SL="0.0000" TP="1.2964" CloseTime="2009-02-09 13:34:00" Close="1.2964" Swap="0.00" Profit="20.00" Comment="[tp] (27)" />
        <deal Ticket="29907708" OpenTime="2009-02-06 11:17:00" DealType="1" Lots="0.10" Symbol="EURUSD" Open="1.2813" SL="0.0000" TP="1.2833" CloseTime="2009-02-06 11:48:00" Close="1.2833" Swap="0.00" Profit="20.00" Comment="[tp] (28)" />
        <deal Ticket="29784447" OpenTime="2009-02-04 09:27:00" DealType="-1" Lots="0.10" Symbol="EURUSD" Open="1.3003" SL="0.0000" TP="1.2983" CloseTime="2009-02-04 09:41:00" Close="1.2983" Swap="0.00" Profit="20.00" Comment="[tp] (29)" />
        <deal Ticket="29725890" OpenTime="2009-02-03 09:50:00" DealType="1" Lots="0.10" Symbol="EURUSD" Open="1.2862" SL="0.0000" TP="1.2882" CloseTime="2009-02-03 15:47:00" Close="1.2882" Swap="0.00" Profit="20.00" Comment="[tp] (30)" />
        <deal Ticket="29673328" OpenTime="2009-02-02 10:25:00" DealType="1" Lots="0.10" Symbol="EURUSD" Open="1.2746" SL="0.0000" TP="1.2766" CloseTime="2009-02-02 13:39:00" Close="1.2766" Swap="0.00" Profit="20.00" Comment="[tp] (31)" />
        <deal Ticket="29620494" OpenTime="2009-01-30 09:29:00" DealType="-1" Lots="0.10" Symbol="EURUSD" Open="1.2871" SL="0.0000" TP="1.2851" CloseTime="2009-01-30 11:42:00" Close="1.2851" Swap="0.00" Profit="20.00" Comment="[tp] (32)" />
        <deal Ticket="29563073" OpenTime="2009-01-29 14:01:00" DealType="1" Lots="0.10" Symbol="EURUSD" Open="1.3132" SL="0.0000" TP="1.3152" CloseTime="2009-01-29 14:33:00" Close="1.3152" Swap="0.00" Profit="20.00" Comment="[tp] (33)" />
        <deal Ticket="29508915" OpenTime="2009-01-28 09:17:00" DealType="-1" Lots="0.10" Symbol="EURUSD" Open="1.3224" SL="0.0000" TP="1.3204" CloseTime="2009-01-28 17:10:00" Close="1.3243" Swap="0.00" Profit="-19.00" Comment=" (34)" />
        <deal Ticket="29454745" OpenTime="2009-01-27 09:37:00" DealType="1" Lots="0.10" Symbol="EURUSD" Open="1.3258" SL="0.0000" TP="1.3278" CloseTime="2009-01-27 11:00:00" Close="1.3278" Swap="0.00" Profit="20.00" Comment="[tp] (35)" />
        <deal Ticket="29389348" OpenTime="2009-01-26 08:44:00" DealType="1" Lots="0.10" Symbol="EURUSD" Open="1.2938" SL="0.0000" TP="1.2958" CloseTime="2009-01-26 10:42:00" Close="1.2958" Swap="0.00" Profit="20.00" Comment="[tp] (36)" />
        <deal Ticket="29324272" OpenTime="2009-01-23 09:06:00" DealType="1" Lots="0.10" Symbol="EURUSD" Open="1.2960" SL="0.0000" TP="1.2980" CloseTime="2009-01-23 20:33:00" Close="1.2980" Swap="0.00" Profit="20.00" Comment="[tp] (37)" />
        <deal Ticket="29281986" OpenTime="2009-01-22 10:55:00" DealType="1" Lots="0.10" Symbol="EURUSD" Open="1.3037" SL="0.0000" TP="0.0000" CloseTime="2009-01-22 11:21:00" Close="1.3068" Swap="0.00" Profit="31.00" Comment=" (38)" />
        <deal Ticket="29055802" OpenTime="2009-01-19 09:11:00" DealType="-1" Lots="0.10" Symbol="EURUSD" Open="1.3316" SL="0.0000" TP="1.3296" CloseTime="2009-01-19 09:22:00" Close="1.3296" Swap="0.00" Profit="20.00" Comment="[tp] (39)" />
        <deal Ticket="28999155" OpenTime="2009-01-16 09:05:00" DealType="-1" Lots="0.10" Symbol="EURUSD" Open="1.3206" SL="0.0000" TP="1.3186" CloseTime="2009-01-16 10:20:00" Close="1.3186" Swap="0.00" Profit="20.00" Comment="[tp] (40)" />
        <deal Ticket="28928030" OpenTime="2009-01-15 09:11:00" DealType="-1" Lots="0.10" Symbol="EURUSD" Open="1.3151" SL="0.0000" TP="1.3131" CloseTime="2009-01-15 14:51:00" Close="1.3131" Swap="0.00" Profit="20.00" Comment="[tp] (41)" />
        <deal Ticket="28856881" OpenTime="2009-01-14 10:40:00" DealType="-1" Lots="0.10" Symbol="EURUSD" Open="1.3259" SL="0.0000" TP="1.3239" CloseTime="2009-01-14 10:44:00" Close="1.3239" Swap="0.00" Profit="20.00" Comment="[tp] (42)" />
        <deal Ticket="28734650" OpenTime="2009-01-12 09:37:00" DealType="-1" Lots="0.10" Symbol="EURUSD" Open="1.3388" SL="0.0000" TP="1.3368" CloseTime="2009-01-12 10:09:00" Close="1.3368" Swap="0.00" Profit="20.00" Comment="[tp] (43)" />
        <deal Ticket="28682828" OpenTime="2009-01-09 10:59:00" DealType="-1" Lots="0.10" Symbol="EURUSD" Open="1.3640" SL="0.0000" TP="1.3620" CloseTime="2009-01-09 15:47:00" Close="1.3620" Swap="0.00" Profit="20.00" Comment="[tp] (44)" />
        <deal Ticket="28626579" OpenTime="2009-01-08 09:51:00" DealType="-1" Lots="0.10" Symbol="EURUSD" Open="1.3588" SL="0.0000" TP="1.3568" CloseTime="2009-01-08 09:55:00" Close="1.3568" Swap="0.00" Profit="20.00" Comment="[tp] (45)" />
        <deal Ticket="28566895" OpenTime="2009-01-07 08:58:00" DealType="-1" Lots="0.10" Symbol="EURUSD" Open="1.3486" SL="0.0000" TP="1.3466" CloseTime="2009-01-07 09:07:00" Close="1.3466" Swap="0.00" Profit="20.00" Comment="[tp] (46)" />
        <deal Ticket="28501990" OpenTime="2009-01-06 09:16:00" DealType="1" Lots="0.10" Symbol="EURUSD" Open="1.3492" SL="0.0000" TP="1.3472" CloseTime="2009-01-06 09:16:00" Close="1.3542" Swap="0.00" Profit="0.00" Comment="cancelled (47)" />
        <deal Ticket="28445402" OpenTime="2009-01-05 10:13:00" DealType="-1" Lots="0.20" Symbol="EURUSD" Open="1.3871" SL="0.0000" TP="0.0000" CloseTime="2009-01-05 10:32:00" Close="1.3719" Swap="0.00" Profit="304.00" Comment=" (48)" />
        <deal Ticket="28416776" OpenTime="2008-12-31 00:07:00" DealType="-1" Lots="0.10" Symbol="GBPUSD" Open="1.4405" SL="0.0000" TP="1.4385" CloseTime="2008-12-31 18:00:00" Close="1.4385" Swap="0.00" Profit="20.00" Comment="[tp] (49)" />
        <deal Ticket="28416777" OpenTime="2008-12-31 00:07:00" DealType="1" Lots="0.10" Symbol="GBPUSD" Open="1.4419" SL="0.0000" TP="1.4439" CloseTime="2008-12-31 01:09:00" Close="1.4439" Swap="0.00" Profit="20.00" Comment="[tp] (50)" />
        <deal Ticket="28404587" OpenTime="2008-12-30 00:07:00" DealType="-1" Lots="0.10" Symbol="GBPUSD" Open="1.4410" SL="0.0000" TP="1.4390" CloseTime="2008-12-30 19:00:00" Close="1.4397" Swap="0.00" Profit="13.00" Comment=" (51)" />
        <deal Ticket="28404594" OpenTime="2008-12-30 00:08:00" DealType="1" Lots="0.10" Symbol="GBPUSD" Open="1.4419" SL="0.0000" TP="1.4439" CloseTime="2008-12-30 01:22:00" Close="1.4439" Swap="0.00" Profit="20.00" Comment="[tp] (52)" />
        <deal Ticket="28400617" OpenTime="2008-12-29 20:10:00" DealType="-1" Lots="0.10" Symbol="EURUSD" Open="1.4144" SL="0.0000" TP="1.4120" CloseTime="2008-12-29 20:36:00" Close="1.4120" Swap="0.00" Profit="24.00" Comment="[tp] (53)" />
        <deal Ticket="28392655" OpenTime="2008-12-29 11:42:00" DealType="1" Lots="0.10" Symbol="EURUSD" Open="1.4144" SL="0.0000" TP="0.0000" CloseTime="2008-12-29 17:50:00" Close="1.4247" Swap="0.00" Profit="0.00" Comment="cancelled (54)" />
        <deal Ticket="28379421" OpenTime="2008-12-26 00:26:00" DealType="-1" Lots="0.10" Symbol="GBPUSD" Open="1.4725" SL="0.0000" TP="1.4705" CloseTime="2008-12-26 16:48:00" Close="1.4705" Swap="0.00" Profit="20.00" Comment="[tp] (55)" />
        <deal Ticket="28379423" OpenTime="2008-12-26 00:26:00" DealType="1" Lots="0.10" Symbol="GBPUSD" Open="1.4737" SL="0.0000" TP="1.4764" CloseTime="2008-12-26 05:51:00" Close="1.4764" Swap="0.00" Profit="27.00" Comment="[tp] (56)" />
        <deal Ticket="28368849" OpenTime="2008-12-24 00:47:00" DealType="-1" Lots="0.10" Symbol="GBPUSD" Open="1.4724" SL="0.0000" TP="1.4700" CloseTime="2008-12-24 12:19:00" Close="1.4700" Swap="0.00" Profit="24.00" Comment="[tp] (57)" />
        <deal Ticket="28368851" OpenTime="2008-12-24 00:47:00" DealType="1" Lots="0.10" Symbol="GBPUSD" Open="1.4736" SL="0.0000" TP="1.4755" CloseTime="2008-12-24 03:39:00" Close="1.4755" Swap="0.00" Profit="19.00" Comment="[tp] (58)" />
        <deal Ticket="28356365" OpenTime="2008-12-23 00:00:00" DealType="-1" Lots="0.10" Symbol="GBPUSD" Open="1.4815" SL="0.0000" TP="1.4798" CloseTime="2008-12-23 11:34:00" Close="1.4798" Swap="0.00" Profit="17.00" Comment="[tp] (59)" />
        <deal Ticket="28341967" OpenTime="2008-12-22 12:58:00" DealType="-1" Lots="0.10" Symbol="EURUSD" Open="1.3972" SL="0.0000" TP="0.0000" CloseTime="2008-12-22 14:29:00" Close="1.3966" Swap="0.00" Profit="6.00" Comment=" (60)" />
        <deal Ticket="22819151" OpenTime="2008-07-11 04:16:00" DealType="1" Lots="0.10" Symbol="GBPUSD" Open="1.9792" SL="0.0000" TP="1.9800" CloseTime="2008-07-11 14:44:00" Close="1.9800" Swap="0.00" Profit="8.00" Comment="[tp] (61)" />
        <deal Ticket="18314728" OpenTime="2008-01-31 21:14:00" DealType="1" Lots="0.50" Symbol="GBPJPY" Open="211.96000000" SL="0.00000000" TP="212.50000000" CloseTime="2008-02-01 10:18:00" Close="212.21000000" Swap="0.00" Profit="117.40" Comment=" (62)" />
    </deals>
    <balances>
        <balance Ticket="17859541" Amount="1500.00" Date="2008-01-21 11:53:00" />
    </balances>
</account>