﻿<?xml version="1.0" encoding="utf-8"?>
<account Id="13155" Broker="" Account="" Trader="" Login="" InitBalance="1000.00">
    <deals>
        <deal Ticket="83744127" OpenTime="2010-02-16 19:00:00" DealType="1" Lots="0.20" Symbol="EURUSD" Open="1.3744" SL="1.3621" TP="2.0000" CloseTime="2010-02-17 09:00:00" Close="1.3752" Swap="0.00" Profit="16.00" Comment="buy only (1)" />
        <deal Ticket="83769671" OpenTime="2010-02-17 05:15:00" DealType="1" Lots="0.10" Symbol="EURUSD" Open="1.3761" SL="1.3653" TP="1.3775" CloseTime="2010-02-17 08:00:00" Close="1.3772" Swap="0.00" Profit="0.00" Comment="cancelled (2)" />
        <deal Ticket="83739240" OpenTime="2010-02-16 18:00:00" DealType="1" Lots="0.20" Symbol="EURUSD" Open="1.3703" SL="1.3601" TP="2.0000" CloseTime="2010-02-17 07:00:00" Close="1.3779" Swap="0.00" Profit="152.00" Comment="buy only (3)" />
        <deal Ticket="83737480" OpenTime="2010-02-16 17:45:00" DealType="1" Lots="0.10" Symbol="EURUSD" Open="1.3669" SL="1.3542" TP="1.3724" CloseTime="2010-02-16 21:45:00" Close="1.3762" Swap="0.00" Profit="0.00" Comment="cancelled (4)" />
        <deal Ticket="83722982" OpenTime="2010-02-16 13:52:00" DealType="-1" Lots="0.10" Symbol="EURUSD" Open="1.3653" SL="1.3768" TP="1.3624" CloseTime="2010-02-16 19:06:00" Close="1.3768" Swap="0.00" Profit="-115.00" Comment="andryuha77@rambler.ru[sl] (5)" />
        <deal Ticket="83680860" OpenTime="2010-02-15 18:38:00" DealType="-1" Lots="0.10" Symbol="EURUSD" Open="1.3604" SL="1.3720" TP="1.3572" CloseTime="2010-02-16 18:16:00" Close="1.3720" Swap="0.00" Profit="-116.00" Comment="andryuha77@rambler.ru[sl] (6)" />
        <deal Ticket="83668297" OpenTime="2010-02-15 11:11:00" DealType="-1" Lots="0.10" Symbol="EURUSD" Open="1.3605" SL="1.3719" TP="1.3579" CloseTime="2010-02-16 18:16:00" Close="1.3719" Swap="0.00" Profit="-114.00" Comment="andryuha77@rambler.ru[sl] (7)" />
        <deal Ticket="83620821" OpenTime="2010-02-12 16:53:00" DealType="-1" Lots="0.10" Symbol="EURUSD" Open="1.3582" SL="1.3702" TP="1.3542" CloseTime="2010-02-16 17:45:00" Close="1.3702" Swap="0.00" Profit="-120.00" Comment="andryuha77@rambler.ru[sl] (8)" />
        <deal Ticket="83649208" OpenTime="2010-02-15 02:47:00" DealType="1" Lots="0.10" Symbol="EURUSD" Open="1.3615" SL="1.3504" TP="1.3634" CloseTime="2010-02-16 06:37:00" Close="1.3634" Swap="0.00" Profit="19.00" Comment="andryuha77@rambler.ru[tp] (9)" />
        <deal Ticket="83695234" OpenTime="2010-02-16 03:00:00" DealType="1" Lots="0.10" Symbol="EURUSD" Open="1.3597" SL="1.3486" TP="1.3618" CloseTime="2010-02-16 05:15:00" Close="1.3620" Swap="0.00" Profit="0.00" Comment="cancelled (10)" />
        <deal Ticket="83589967" OpenTime="2010-02-12 09:30:00" DealType="1" Lots="0.10" Symbol="EURUSD" Open="1.3673" SL="1.3789" TP="1.3641" CloseTime="2010-02-12 14:00:00" Close="1.3550" Swap="0.00" Profit="0.00" Comment="cancelled (11)" />
        <deal Ticket="83549687" OpenTime="2010-02-11 17:00:00" DealType="-1" Lots="0.10" Symbol="EURUSD" Open="1.3651" SL="1.3773" TP="0.5000" CloseTime="2010-02-12 12:00:00" Close="1.3570" Swap="0.00" Profit="81.00" Comment="sell only (12)" />
        <deal Ticket="83582240" OpenTime="2010-02-12 05:22:00" DealType="-1" Lots="0.10" Symbol="EURUSD" Open="1.3669" SL="1.3782" TP="1.3644" CloseTime="2010-02-12 09:47:00" Close="1.3644" Swap="0.00" Profit="25.00" Comment="andryuha77@rambler.ru[tp] (13)" />
        <deal Ticket="83570105" OpenTime="2010-02-11 23:47:00" DealType="-1" Lots="0.20" Symbol="EURUSD" Open="1.3696" SL="1.3802" TP="1.3646" CloseTime="2010-02-12 00:14:00" Close="1.3686" Swap="0.00" Profit="20.00" Comment=" (14)" />
        <deal Ticket="83452634" OpenTime="2010-02-10 14:07:00" DealType="1" Lots="0.10" Symbol="EURUSD" Open="1.3783" SL="1.3657" TP="1.3834" CloseTime="2010-02-11 16:11:00" Close="1.3657" Swap="0.00" Profit="-126.00" Comment="andryuha77@rambler.ru[sl] (15)" />
        <deal Ticket="83531830" OpenTime="2010-02-11 13:45:00" DealType="-1" Lots="0.10" Symbol="EURUSD" Open="1.3750" SL="1.3868" TP="1.3714" CloseTime="2010-02-11 14:18:00" Close="1.3714" Swap="0.00" Profit="36.00" Comment="andryuha77@rambler.ru[tp] (16)" />
        <deal Ticket="83498074" OpenTime="2010-02-11 01:15:00" DealType="1" Lots="0.10" Symbol="EURUSD" Open="1.3733" SL="1.3623" TP="1.3752" CloseTime="2010-02-11 05:30:00" Close="1.3780" Swap="0.00" Profit="0.00" Comment="cancelled (17)" />
        <deal Ticket="83440524" OpenTime="2010-02-10 12:18:00" DealType="1" Lots="0.10" Symbol="EURUSD" Open="1.3764" SL="1.3649" TP="1.3792" CloseTime="2010-02-10 12:27:00" Close="1.3792" Swap="0.00" Profit="28.00" Comment="andryuha77@rambler.ru[tp] (18)" />
        <deal Ticket="83392212" OpenTime="2010-02-10 01:43:00" DealType="1" Lots="0.10" Symbol="EURUSD" Open="1.3787" SL="1.3676" TP="1.3808" CloseTime="2010-02-10 12:09:00" Close="1.3808" Swap="0.00" Profit="21.00" Comment="andryuha77@rambler.ru[tp] (19)" />
        <deal Ticket="83376661" OpenTime="2010-02-09 19:00:00" DealType="1" Lots="0.20" Symbol="EURUSD" Open="1.3797" SL="1.3678" TP="2.0000" CloseTime="2010-02-10 09:00:00" Close="1.3768" Swap="0.00" Profit="-58.00" Comment="buy only (20)" />
        <deal Ticket="83408014" OpenTime="2010-02-10 04:30:00" DealType="1" Lots="0.10" Symbol="EURUSD" Open="1.3787" SL="1.3909" TP="1.3743" CloseTime="2010-02-10 08:00:00" Close="1.3744" Swap="0.00" Profit="0.00" Comment="cancelled (21)" />
        <deal Ticket="83392295" OpenTime="2010-02-10 00:00:00" DealType="-1" Lots="0.20" Symbol="EURUSD" Open="1.3797" SL="1.3855" TP="1.3737" CloseTime="2010-02-10 01:54:00" Close="1.3782" Swap="0.00" Profit="30.00" Comment=" (22)" />
        <deal Ticket="83392942" OpenTime="2010-02-10 00:04:00" DealType="-1" Lots="0.20" Symbol="EURUSD" Open="1.3802" SL="1.3840" TP="1.3752" CloseTime="2010-02-10 00:12:00" Close="1.3790" Swap="0.00" Profit="24.00" Comment=" (23)" />
        <deal Ticket="83100949" OpenTime="2010-02-05 16:07:00" DealType="1" Lots="0.10" Symbol="EURUSD" Open="1.3705" SL="1.3572" TP="1.3774" CloseTime="2010-02-09 18:40:00" Close="1.3774" Swap="0.00" Profit="69.00" Comment="andryuha77@rambler.ru[tp] (24)" />
        <deal Ticket="83298135" OpenTime="2010-02-09 03:35:00" DealType="-1" Lots="0.10" Symbol="EURUSD" Open="1.3660" SL="1.3772" TP="1.3637" CloseTime="2010-02-09 14:45:00" Close="1.3772" Swap="0.00" Profit="-112.00" Comment="andryuha77@rambler.ru[sl] (25)" />
        <deal Ticket="83333051" OpenTime="2010-02-09 12:05:00" DealType="1" Lots="0.10" Symbol="EURUSD" Open="1.3727" SL="1.3608" TP="1.3763" CloseTime="2010-02-09 14:41:00" Close="1.3763" Swap="0.00" Profit="36.00" Comment="andryuha77@rambler.ru[tp] (26)" />
        <deal Ticket="83322062" OpenTime="2010-02-09 09:05:00" DealType="1" Lots="0.10" Symbol="EURUSD" Open="1.3711" SL="1.3592" TP="1.3747" CloseTime="2010-02-09 14:37:00" Close="1.3747" Swap="0.00" Profit="36.00" Comment="andryuha77@rambler.ru[tp] (27)" />
        <deal Ticket="83130577" OpenTime="2010-02-05 21:05:00" DealType="-1" Lots="0.10" Symbol="EURUSD" Open="1.3609" SL="1.3735" TP="1.3558" CloseTime="2010-02-09 09:30:00" Close="1.3735" Swap="0.00" Profit="-126.00" Comment="andryuha77@rambler.ru[sl] (28)" />
        <deal Ticket="83254575" OpenTime="2010-02-08 18:00:00" DealType="1" Lots="0.20" Symbol="EURUSD" Open="1.3701" SL="1.3608" TP="2.0000" CloseTime="2010-02-09 09:00:00" Close="1.3723" Swap="0.00" Profit="44.00" Comment="buy only (29)" />
        <deal Ticket="83288984" OpenTime="2010-02-09 00:10:00" DealType="1" Lots="0.20" Symbol="EURUSD" Open="1.3644" SL="1.3556" TP="1.3704" CloseTime="2010-02-09 00:59:00" Close="1.3659" Swap="0.00" Profit="30.00" Comment=" (30)" />
        <deal Ticket="83159781" OpenTime="2010-02-08 03:21:00" DealType="1" Lots="0.10" Symbol="EURUSD" Open="1.3648" SL="1.3529" TP="1.3686" CloseTime="2010-02-08 10:24:00" Close="1.3686" Swap="0.00" Profit="38.00" Comment="andryuha77@rambler.ru[tp] (31)" />
        <deal Ticket="83181210" OpenTime="2010-02-08 07:33:00" DealType="1" Lots="0.10" Symbol="EURUSD" Open="1.3637" SL="1.3530" TP="1.3649" CloseTime="2010-02-08 09:25:00" Close="1.3649" Swap="0.00" Profit="12.00" Comment="andryuha77@rambler.ru[tp] (32)" />
        <deal Ticket="82996581" OpenTime="2010-02-04 18:00:00" DealType="-1" Lots="0.10" Symbol="EURUSD" Open="1.3779" SL="1.3896" TP="0.5000" CloseTime="2010-02-05 03:00:00" Close="1.3704" Swap="0.00" Profit="75.00" Comment="sell only (33)" />
        <deal Ticket="83027715" OpenTime="2010-02-05 00:12:00" DealType="1" Lots="0.20" Symbol="EURUSD" Open="1.3722" SL="1.3634" TP="1.3782" CloseTime="2010-02-05 01:22:00" Close="1.3737" Swap="0.00" Profit="30.00" Comment=" (34)" />
        <deal Ticket="83023370" OpenTime="2010-02-04 22:58:00" DealType="1" Lots="0.10" Symbol="EURUSD" Open="1.3755" SL="1.3869" TP="1.3729" CloseTime="2010-02-05 01:00:00" Close="1.3727" Swap="0.00" Profit="0.00" Comment="cancelled (35)" />
        <deal Ticket="82991149" OpenTime="2010-02-04 17:00:00" DealType="-1" Lots="0.10" Symbol="EURUSD" Open="1.3805" SL="1.3892" TP="0.5000" CloseTime="2010-02-04 22:00:00" Close="1.3749" Swap="0.00" Profit="56.00" Comment="sell only (36)" />
        <deal Ticket="82953295" OpenTime="2010-02-04 08:01:00" DealType="1" Lots="0.10" Symbol="EURUSD" Open="1.3888" SL="1.3779" TP="1.3903" CloseTime="2010-02-04 17:15:00" Close="1.3779" Swap="0.00" Profit="-109.00" Comment="andryuha77@rambler.ru[sl] (37)" />
        <deal Ticket="82977515" OpenTime="2010-02-04 14:26:00" DealType="-1" Lots="0.10" Symbol="EURUSD" Open="1.3845" SL="1.3959" TP="1.3819" CloseTime="2010-02-04 16:00:00" Close="1.3819" Swap="0.00" Profit="26.00" Comment="andryuha77@rambler.ru[tp] (38)" />
        <deal Ticket="82959402" OpenTime="2010-02-04 09:45:00" DealType="1" Lots="0.10" Symbol="EURUSD" Open="1.3874" SL="1.3988" TP="1.3847" CloseTime="2010-02-04 12:30:00" Close="1.3853" Swap="0.00" Profit="0.00" Comment="cancelled (39)" />
        <deal Ticket="82909656" OpenTime="2010-02-03 18:00:00" DealType="-1" Lots="0.10" Symbol="EURUSD" Open="1.3914" SL="1.4028" TP="0.5000" CloseTime="2010-02-04 11:00:00" Close="1.3850" Swap="0.00" Profit="64.00" Comment="sell only (40)" />
        <deal Ticket="82934928" OpenTime="2010-02-03 23:45:00" DealType="1" Lots="0.20" Symbol="EURUSD" Open="1.3888" SL="1.3856" TP="1.3938" CloseTime="2010-02-04 00:59:00" Close="1.3897" Swap="0.00" Profit="18.00" Comment=" (41)" />
        <deal Ticket="82871083" OpenTime="2010-02-03 14:03:00" DealType="1" Lots="0.10" Symbol="EURUSD" Open="1.4003" SL="1.3891" TP="1.4026" CloseTime="2010-02-03 21:25:00" Close="1.3891" Swap="0.00" Profit="-112.00" Comment="andryuha77@rambler.ru[sl] (42)" />
        <deal Ticket="82805226" OpenTime="2010-02-02 17:20:00" DealType="-1" Lots="0.10" Symbol="EURUSD" Open="1.3940" SL="1.4058" TP="1.3906" CloseTime="2010-02-03 17:46:00" Close="1.3906" Swap="0.00" Profit="34.00" Comment="andryuha77@rambler.ru[tp] (43)" />
        <deal Ticket="82850740" OpenTime="2010-02-03 10:45:00" DealType="1" Lots="0.10" Symbol="EURUSD" Open="1.3981" SL="1.3870" TP="1.4002" CloseTime="2010-02-03 12:45:00" Close="1.4004" Swap="0.00" Profit="0.00" Comment="cancelled (44)" />
        <deal Ticket="82767983" OpenTime="2010-02-02 06:55:00" DealType="-1" Lots="0.10" Symbol="EURUSD" Open="1.3903" SL="1.4021" TP="1.3867" CloseTime="2010-02-03 11:10:00" Close="1.4021" Swap="0.00" Profit="-118.00" Comment="andryuha77@rambler.ru[sl] (45)" />
        <deal Ticket="82821309" OpenTime="2010-02-03 02:58:00" DealType="1" Lots="0.10" Symbol="EURUSD" Open="1.3964" SL="1.3856" TP="1.3977" CloseTime="2010-02-03 09:17:00" Close="1.3977" Swap="0.00" Profit="13.00" Comment="andryuha77@rambler.ru[tp] (46)" />
        <deal Ticket="82821789" OpenTime="2010-02-03 00:32:00" DealType="-1" Lots="0.20" Symbol="EURUSD" Open="1.3971" SL="1.4003" TP="1.3911" CloseTime="2010-02-03 04:12:00" Close="1.3956" Swap="0.00" Profit="30.00" Comment=" (47)" />
        <deal Ticket="82822760" OpenTime="2010-02-03 00:43:00" DealType="-1" Lots="0.20" Symbol="EURUSD" Open="1.3974" SL="1.4006" TP="1.3924" CloseTime="2010-02-03 02:06:00" Close="1.3968" Swap="0.00" Profit="12.00" Comment=" (48)" />
        <deal Ticket="82786744" OpenTime="2010-02-02 11:45:00" DealType="1" Lots="0.10" Symbol="EURUSD" Open="1.3925" SL="1.3809" TP="1.3957" CloseTime="2010-02-02 14:45:00" Close="1.3946" Swap="0.00" Profit="0.00" Comment="cancelled (49)" />
        <deal Ticket="82756861" OpenTime="2010-02-02 01:27:00" DealType="1" Lots="0.10" Symbol="EURUSD" Open="1.3926" SL="1.3815" TP="1.3945" CloseTime="2010-02-02 09:39:00" Close="1.3945" Swap="0.00" Profit="19.00" Comment="andryuha77@rambler.ru[tp] (50)" />
        <deal Ticket="82730512" OpenTime="2010-02-01 17:00:00" DealType="1" Lots="0.20" Symbol="EURUSD" Open="1.3925" SL="1.3829" TP="2.0000" CloseTime="2010-02-02 09:00:00" Close="1.3934" Swap="0.00" Profit="18.00" Comment="buy only (51)" />
        <deal Ticket="82656952" OpenTime="2010-01-29 19:00:00" DealType="-1" Lots="0.20" Symbol="EURUSD" Open="1.3867" SL="1.3977" TP="0.5000" CloseTime="2010-02-01 14:00:00" Close="1.3899" Swap="0.00" Profit="-64.00" Comment="sell only (52)" />
        <deal Ticket="82601857" OpenTime="2010-01-29 02:31:00" DealType="-1" Lots="0.10" Symbol="EURUSD" Open="1.3946" SL="1.4069" TP="1.3901" CloseTime="2010-01-29 17:58:00" Close="1.3901" Swap="0.00" Profit="45.00" Comment="andryuha77@rambler.ru[tp] (53)" />
        <deal Ticket="82625158" OpenTime="2010-01-29 10:30:00" DealType="1" Lots="0.10" Symbol="EURUSD" Open="1.3954" SL="1.3832" TP="1.3998" CloseTime="2010-01-29 12:15:00" Close="1.3968" Swap="0.00" Profit="0.00" Comment="cancelled (54)" />
        <deal Ticket="82616443" OpenTime="2010-01-29 08:15:00" DealType="1" Lots="0.10" Symbol="EURUSD" Open="1.3934" SL="1.3819" TP="1.3963" CloseTime="2010-01-29 10:15:00" Close="1.3958" Swap="0.00" Profit="0.00" Comment="cancelled (55)" />
        <deal Ticket="82588541" OpenTime="2010-01-28 19:56:00" DealType="-1" Lots="0.10" Symbol="EURUSD" Open="1.3970" SL="1.4088" TP="1.3936" CloseTime="2010-01-29 02:28:00" Close="1.3936" Swap="0.00" Profit="34.00" Comment="andryuha77@rambler.ru[tp] (56)" />
        <deal Ticket="82595359" OpenTime="2010-01-28 23:20:00" DealType="1" Lots="0.20" Symbol="EURUSD" Open="1.3964" SL="1.3932" TP="1.4014" CloseTime="2010-01-28 23:32:00" Close="1.3974" Swap="0.00" Profit="20.00" Comment=" (57)" />
        <deal Ticket="82542199" OpenTime="2010-01-28 09:20:00" DealType="1" Lots="0.10" Symbol="EURUSD" Open="1.4012" SL="1.3902" TP="1.4031" CloseTime="2010-01-28 09:56:00" Close="1.4031" Swap="0.00" Profit="19.00" Comment="andryuha77@rambler.ru[tp] (58)" />
        <deal Ticket="82488536" OpenTime="2010-01-27 21:36:00" DealType="-1" Lots="0.10" Symbol="EURUSD" Open="1.4028" SL="1.4155" TP="1.3973" CloseTime="2010-01-28 03:45:00" Close="1.3973" Swap="0.00" Profit="55.00" Comment="andryuha77@rambler.ru[tp] (59)" />
        <deal Ticket="82462384" OpenTime="2010-01-27 18:26:00" DealType="-1" Lots="0.10" Symbol="EURUSD" Open="1.4046" SL="1.4164" TP="1.4012" CloseTime="2010-01-27 21:23:00" Close="1.4012" Swap="0.00" Profit="34.00" Comment="andryuha77@rambler.ru[tp] (60)" />
        <deal Ticket="82419334" OpenTime="2010-01-27 10:00:00" DealType="-1" Lots="0.10" Symbol="EURUSD" Open="1.4059" SL="1.4172" TP="1.4035" CloseTime="2010-01-27 10:26:00" Close="1.4035" Swap="0.00" Profit="24.00" Comment="andryuha77@rambler.ru[tp] (61)" />
        <deal Ticket="82187908" OpenTime="2010-01-22 16:12:00" DealType="-1" Lots="0.10" Symbol="EURUSD" Open="1.4121" SL="1.4240" TP="1.4083" CloseTime="2010-01-26 07:16:00" Close="1.4083" Swap="0.00" Profit="38.00" Comment="andryuha77@rambler.ru[tp] (62)" />
        <deal Ticket="82284453" OpenTime="2010-01-25 17:18:00" DealType="-1" Lots="0.10" Symbol="EURUSD" Open="1.4144" SL="1.4261" TP="1.4110" CloseTime="2010-01-26 06:00:00" Close="1.4110" Swap="0.00" Profit="34.00" Comment="andryuha77@rambler.ru[tp] (63)" />
        <deal Ticket="82165465" OpenTime="2010-01-22 12:54:00" DealType="1" Lots="0.10" Symbol="EURUSD" Open="1.4143" SL="1.4026" TP="1.4175" CloseTime="2010-01-22 19:19:00" Close="1.4175" Swap="0.00" Profit="32.00" Comment="andryuha77@rambler.ru[tp] (64)" />
        <deal Ticket="82156383" OpenTime="2010-01-22 09:41:00" DealType="1" Lots="0.10" Symbol="EURUSD" Open="1.4131" SL="1.4014" TP="1.4165" CloseTime="2010-01-22 11:48:00" Close="1.4165" Swap="0.00" Profit="34.00" Comment="andryuha77@rambler.ru[tp] (65)" />
        <deal Ticket="82131992" OpenTime="2010-01-21 23:49:00" DealType="1" Lots="0.20" Symbol="EURUSD" Open="1.4082" SL="1.4028" TP="1.4132" CloseTime="2010-01-22 00:17:00" Close="1.4092" Swap="0.00" Profit="20.00" Comment=" (66)" />
        <deal Ticket="82050962" OpenTime="2010-01-21 09:45:00" DealType="1" Lots="0.10" Symbol="EURUSD" Open="1.4103" SL="1.4220" TP="1.4071" CloseTime="2010-01-21 14:00:00" Close="1.4063" Swap="0.00" Profit="0.00" Comment="cancelled (67)" />
        <deal Ticket="81998210" OpenTime="2010-01-20 18:00:00" DealType="-1" Lots="0.10" Symbol="EURUSD" Open="1.4114" SL="1.4243" TP="0.5000" CloseTime="2010-01-21 13:00:00" Close="1.4042" Swap="0.00" Profit="72.00" Comment="sell only (68)" />
        <deal Ticket="82014444" OpenTime="2010-01-21 00:21:00" DealType="1" Lots="0.20" Symbol="EURUSD" Open="1.4096" SL="1.4064" TP="1.4156" CloseTime="2010-01-21 00:56:00" Close="1.4110" Swap="0.00" Profit="28.00" Comment=" (69)" />
        <deal Ticket="81928051" OpenTime="2010-01-20 03:30:00" DealType="1" Lots="0.10" Symbol="EURUSD" Open="1.4244" SL="1.4391" TP="1.4146" CloseTime="2010-01-20 08:30:00" Close="1.4191" Swap="0.00" Profit="0.00" Comment="cancelled (70)" />
        <deal Ticket="81890742" OpenTime="2010-01-19 16:00:00" DealType="-1" Lots="0.10" Symbol="EURUSD" Open="1.4285" SL="1.4387" TP="0.5000" CloseTime="2010-01-20 04:00:00" Close="1.4214" Swap="0.00" Profit="71.00" Comment="sell only (71)" />
        <deal Ticket="81890783" OpenTime="2010-01-19 16:00:00" DealType="-1" Lots="0.10" Symbol="EURUSD" Open="1.4285" SL="1.4411" TP="0.5000" CloseTime="2010-01-20 04:00:00" Close="1.4215" Swap="0.00" Profit="70.00" Comment="sell only (72)" />
        <deal Ticket="81915297" OpenTime="2010-01-19 23:55:00" DealType="1" Lots="0.20" Symbol="EURUSD" Open="1.4286" SL="1.4251" TP="1.4336" CloseTime="2010-01-20 02:45:00" Close="1.4287" Swap="0.00" Profit="2.00" Comment=" (73)" />
        <deal Ticket="81912162" OpenTime="2010-01-19 22:15:00" DealType="1" Lots="0.10" Symbol="EURUSD" Open="1.4290" SL="1.4183" TP="1.4302" CloseTime="2010-01-19 23:45:00" Close="1.4293" Swap="0.00" Profit="0.00" Comment="cancelled (74)" />
        <deal Ticket="81776655" OpenTime="2010-01-18 01:12:00" DealType="-1" Lots="0.10" Symbol="EURUSD" Open="1.4362" SL="1.4481" TP="1.4324" CloseTime="2010-01-19 12:07:00" Close="1.4324" Swap="0.00" Profit="38.00" Comment="andryuha77@rambler.ru[tp] (75)" />
        <deal Ticket="81835703" OpenTime="2010-01-19 00:38:00" DealType="-1" Lots="0.20" Symbol="EURUSD" Open="1.4391" SL="1.4423" TP="1.4331" CloseTime="2010-01-19 05:00:00" Close="1.4390" Swap="0.00" Profit="2.00" Comment=" (76)" />
        <deal Ticket="81826833" OpenTime="2010-01-18 21:04:00" DealType="1" Lots="0.10" Symbol="EURUSD" Open="1.4386" SL="1.4276" TP="1.4405" CloseTime="2010-01-19 01:09:00" Close="1.4405" Swap="0.00" Profit="19.00" Comment="andryuha77@rambler.ru[tp] (77)" />
        <deal Ticket="81835852" OpenTime="2010-01-19 00:38:00" DealType="-1" Lots="0.20" Symbol="EURUSD" Open="1.4394" SL="1.4426" TP="1.4344" CloseTime="2010-01-19 00:54:00" Close="1.4384" Swap="0.00" Profit="20.00" Comment=" (78)" />
        <deal Ticket="81807915" OpenTime="2010-01-18 13:09:00" DealType="1" Lots="0.10" Symbol="EURUSD" Open="1.4376" SL="1.4263" TP="1.4400" CloseTime="2010-01-18 20:27:00" Close="1.4400" Swap="0.00" Profit="24.00" Comment="andryuha77@rambler.ru[tp] (79)" />
        <deal Ticket="81796719" OpenTime="2010-01-18 09:44:00" DealType="1" Lots="0.10" Symbol="EURUSD" Open="1.4376" SL="1.4264" TP="1.4399" CloseTime="2010-01-18 20:26:00" Close="1.4399" Swap="0.00" Profit="23.00" Comment="andryuha77@rambler.ru[tp] (80)" />
        <deal Ticket="81748610" OpenTime="2010-01-15 12:30:00" DealType="1" Lots="0.10" Symbol="EURUSD" Open="1.4404" SL="1.4524" TP="1.4365" CloseTime="2010-01-15 14:45:00" Close="1.4384" Swap="0.00" Profit="0.00" Comment="cancelled (81)" />
        <deal Ticket="81736998" OpenTime="2010-01-15 09:01:00" DealType="-1" Lots="0.10" Symbol="EURUSD" Open="1.4428" SL="1.4547" TP="1.4392" CloseTime="2010-01-15 10:01:00" Close="1.4392" Swap="0.00" Profit="36.00" Comment="andryuha77@rambler.ru[tp] (82)" />
        <deal Ticket="81731511" OpenTime="2010-01-15 07:24:00" DealType="-1" Lots="0.10" Symbol="EURUSD" Open="1.4422" SL="1.4538" TP="1.4390" CloseTime="2010-01-15 10:01:00" Close="1.4390" Swap="0.00" Profit="32.00" Comment="andryuha77@rambler.ru[tp] (83)" />
        <deal Ticket="81671244" OpenTime="2010-01-14 08:02:00" DealType="1" Lots="0.10" Symbol="EURUSD" Open="1.4541" SL="1.4426" TP="1.4569" CloseTime="2010-01-15 04:19:00" Close="1.4426" Swap="0.00" Profit="-115.00" Comment="andryuha77@rambler.ru[sl] (84)" />
        <deal Ticket="81560254" OpenTime="2010-01-12 13:43:00" DealType="-1" Lots="0.10" Symbol="EURUSD" Open="1.4488" SL="1.4611" TP="1.4441" CloseTime="2010-01-15 03:54:00" Close="1.4441" Swap="0.00" Profit="47.00" Comment="andryuha77@rambler.ru[tp] (85)" />
        <deal Ticket="81649925" OpenTime="2010-01-13 20:35:00" DealType="-1" Lots="0.10" Symbol="EURUSD" Open="1.4502" SL="1.4623" TP="1.4461" CloseTime="2010-01-14 18:03:00" Close="1.4461" Swap="0.00" Profit="41.00" Comment="andryuha77@rambler.ru[tp] (86)" />
        <deal Ticket="81636834" OpenTime="2010-01-13 17:00:00" DealType="1" Lots="0.20" Symbol="EURUSD" Open="1.4553" SL="1.4446" TP="2.0000" CloseTime="2010-01-14 09:00:00" Close="1.4540" Swap="0.00" Profit="-26.00" Comment="buy only (87)" />
        <deal Ticket="81656943" OpenTime="2010-01-14 01:30:00" DealType="1" Lots="0.10" Symbol="EURUSD" Open="1.4504" SL="1.4393" TP="1.4523" CloseTime="2010-01-14 06:00:00" Close="1.4540" Swap="0.00" Profit="0.00" Comment="cancelled (88)" />
        <deal Ticket="81655413" OpenTime="2010-01-14 00:33:00" DealType="1" Lots="0.20" Symbol="EURUSD" Open="1.4501" SL="1.4469" TP="1.4561" CloseTime="2010-01-14 01:32:00" Close="1.4516" Swap="0.00" Profit="30.00" Comment=" (89)" />
        <deal Ticket="81656149" OpenTime="2010-01-14 00:56:00" DealType="1" Lots="0.20" Symbol="EURUSD" Open="1.4497" SL="1.4456" TP="1.4547" CloseTime="2010-01-14 01:10:00" Close="1.4507" Swap="0.00" Profit="20.00" Comment=" (90)" />
        <deal Ticket="81574059" OpenTime="2010-01-12 16:45:00" DealType="1" Lots="0.10" Symbol="EURUSD" Open="1.4486" SL="1.4363" TP="1.4531" CloseTime="2010-01-12 19:00:00" Close="1.4524" Swap="0.00" Profit="0.00" Comment="cancelled (91)" />
        <deal Ticket="81547821" OpenTime="2010-01-12 10:07:00" DealType="1" Lots="0.10" Symbol="EURUSD" Open="1.4504" SL="1.4385" TP="1.4540" CloseTime="2010-01-12 17:48:00" Close="1.4540" Swap="0.00" Profit="36.00" Comment="andryuha77@rambler.ru[tp] (92)" />
        <deal Ticket="81522774" OpenTime="2010-01-12 00:22:00" DealType="1" Lots="0.20" Symbol="EURUSD" Open="1.4507" SL="1.4445" TP="1.4567" CloseTime="2010-01-12 08:30:00" Close="1.4508" Swap="0.00" Profit="2.00" Comment=" (93)" />
        <deal Ticket="81520838" OpenTime="2010-01-11 23:32:00" DealType="1" Lots="0.20" Symbol="EURUSD" Open="1.4509" SL="1.4464" TP="1.4559" CloseTime="2010-01-12 00:08:00" Close="1.4519" Swap="0.00" Profit="20.00" Comment=" (94)" />
        <deal Ticket="81490442" OpenTime="2010-01-11 13:00:00" DealType="1" Lots="0.10" Symbol="EURUSD" Open="1.4518" SL="1.4398" TP="1.4557" CloseTime="2010-01-11 15:00:00" Close="1.4524" Swap="0.00" Profit="0.00" Comment="cancelled (95)" />
        <deal Ticket="81458123" OpenTime="2010-01-11 01:45:00" DealType="1" Lots="0.10" Symbol="EURUSD" Open="1.4439" SL="1.4306" TP="1.4507" CloseTime="2010-01-11 06:45:00" Close="1.4495" Swap="0.00" Profit="0.00" Comment="cancelled (96)" />
        <deal Ticket="81446959" OpenTime="2010-01-08 20:00:00" DealType="1" Lots="0.40" Symbol="EURUSD" Open="1.4394" SL="1.4280" TP="2.0000" CloseTime="2010-01-11 02:00:00" Close="1.4464" Swap="0.00" Profit="280.00" Comment="buy only (97)" />
        <deal Ticket="81446236" OpenTime="2010-01-08 19:45:00" DealType="1" Lots="0.10" Symbol="EURUSD" Open="1.4348" SL="1.4197" TP="1.4458" CloseTime="2010-01-11 00:45:00" Close="1.4414" Swap="0.00" Profit="0.00" Comment="cancelled (98)" />
        <deal Ticket="81436275" OpenTime="2010-01-08 17:00:00" DealType="1" Lots="0.40" Symbol="EURUSD" Open="1.4358" SL="1.4262" TP="2.0000" CloseTime="2010-01-08 21:00:00" Close="1.4422" Swap="0.00" Profit="256.00" Comment="buy only (99)" />
        <deal Ticket="81416476" OpenTime="2010-01-08 15:30:00" DealType="-1" Lots="0.10" Symbol="EURUSD" Open="1.4297" SL="1.4413" TP="1.4265" CloseTime="2010-01-08 15:55:00" Close="1.4413" Swap="0.00" Profit="-116.00" Comment="andryuha77@rambler.ru[sl] (100)" />
        <deal Ticket="81377829" OpenTime="2010-01-07 20:02:00" DealType="1" Lots="0.10" Symbol="EURUSD" Open="1.4317" SL="1.4202" TP="1.4346" CloseTime="2010-01-08 15:30:00" Close="1.4346" Swap="0.00" Profit="29.00" Comment="andryuha77@rambler.ru[tp] (101)" />
        <deal Ticket="81319174" OpenTime="2010-01-06 22:16:00" DealType="1" Lots="0.10" Symbol="EURUSD" Open="1.4408" SL="1.4281" TP="1.4462" CloseTime="2010-01-08 14:12:00" Close="1.4281" Swap="0.00" Profit="-127.00" Comment="andryuha77@rambler.ru[sl] (102)" />
        <deal Ticket="81377303" OpenTime="2010-01-07 19:00:00" DealType="-1" Lots="0.10" Symbol="EURUSD" Open="1.4313" SL="1.4417" TP="0.5000" CloseTime="2010-01-08 14:00:00" Close="1.4304" Swap="0.00" Profit="9.00" Comment="sell only (103)" />
        <deal Ticket="81388032" OpenTime="2010-01-08 02:52:00" DealType="-1" Lots="0.10" Symbol="EURUSD" Open="1.4315" SL="1.4429" TP="1.4289" CloseTime="2010-01-08 07:54:00" Close="1.4289" Swap="0.00" Profit="26.00" Comment="andryuha77@rambler.ru[tp] (104)" />
        <deal Ticket="81364220" OpenTime="2010-01-07 15:55:00" DealType="-1" Lots="0.10" Symbol="EURUSD" Open="1.4334" SL="1.4454" TP="1.4294" CloseTime="2010-01-08 07:54:00" Close="1.4294" Swap="0.00" Profit="40.00" Comment="andryuha77@rambler.ru[tp] (105)" />
        <deal Ticket="81383648" OpenTime="2010-01-08 00:10:00" DealType="1" Lots="0.20" Symbol="EURUSD" Open="1.4306" SL="1.4264" TP="1.4366" CloseTime="2010-01-08 02:01:00" Close="1.4321" Swap="0.00" Profit="30.00" Comment=" (106)" />
        <deal Ticket="81350612" OpenTime="2010-01-07 11:32:00" DealType="-1" Lots="0.10" Symbol="EURUSD" Open="1.4380" SL="1.4501" TP="1.4338" CloseTime="2010-01-07 13:05:00" Close="1.4338" Swap="0.00" Profit="42.00" Comment="andryuha77@rambler.ru[tp] (107)" />
        <deal Ticket="81338323" OpenTime="2010-01-07 07:30:00" DealType="1" Lots="0.10" Symbol="EURUSD" Open="1.4406" SL="1.4518" TP="1.4383" CloseTime="2010-01-07 10:00:00" Close="1.4387" Swap="0.00" Profit="0.00" Comment="cancelled (108)" />
        <deal Ticket="81314374" OpenTime="2010-01-06 19:00:00" DealType="1" Lots="0.20" Symbol="EURUSD" Open="1.4403" SL="1.4299" TP="2.0000" CloseTime="2010-01-07 09:00:00" Close="1.4366" Swap="0.00" Profit="-74.00" Comment="buy only (109)" />
        <deal Ticket="81324280" OpenTime="2010-01-07 00:37:00" DealType="1" Lots="0.20" Symbol="EURUSD" Open="1.4398" SL="1.4281" TP="1.4448" CloseTime="2010-01-07 01:41:00" Close="1.4408" Swap="0.00" Profit="20.00" Comment=" (110)" />
        <deal Ticket="81307758" OpenTime="2010-01-06 17:36:00" DealType="1" Lots="0.10" Symbol="EURUSD" Open="1.4367" SL="1.4241" TP="1.4420" CloseTime="2010-01-06 21:03:00" Close="1.4420" Swap="0.00" Profit="53.00" Comment="andryuha77@rambler.ru[tp] (111)" />
        <deal Ticket="81300524" OpenTime="2010-01-06 16:14:00" DealType="1" Lots="0.10" Symbol="EURUSD" Open="1.4351" SL="1.4234" TP="1.4383" CloseTime="2010-01-06 17:08:00" Close="1.4383" Swap="0.00" Profit="32.00" Comment="andryuha77@rambler.ru[tp] (112)" />
        <deal Ticket="81213303" OpenTime="2010-01-05 10:02:00" DealType="1" Lots="0.10" Symbol="EURUSD" Open="1.4443" SL="1.4313" TP="1.4506" CloseTime="2010-01-06 08:46:00" Close="1.4313" Swap="0.00" Profit="-130.00" Comment="andryuha77@rambler.ru[sl] (113)" />
        <deal Ticket="81251091" OpenTime="2010-01-05 18:45:00" DealType="1" Lots="0.10" Symbol="EURUSD" Open="1.4410" SL="1.4536" TP="1.4359" CloseTime="2010-01-05 22:00:00" Close="1.4368" Swap="0.00" Profit="0.00" Comment="cancelled (114)" />
        <deal Ticket="81239759" OpenTime="2010-01-05 15:45:00" DealType="1" Lots="0.10" Symbol="EURUSD" Open="1.4440" SL="1.4556" TP="1.4408" CloseTime="2010-01-05 17:30:00" Close="1.4425" Swap="0.00" Profit="0.00" Comment="cancelled (115)" />
        <deal Ticket="81181169" OpenTime="2010-01-04 17:00:00" DealType="1" Lots="0.20" Symbol="EURUSD" Open="1.4427" SL="1.4329" TP="2.0000" CloseTime="2010-01-05 09:00:00" Close="1.4475" Swap="0.00" Profit="96.00" Comment="buy only (116)" />
        <deal Ticket="81185597" OpenTime="2010-01-04 18:21:00" DealType="1" Lots="0.10" Symbol="EURUSD" Open="1.4423" SL="1.4301" TP="1.4467" CloseTime="2010-01-05 07:50:00" Close="1.4467" Swap="0.00" Profit="44.00" Comment="andryuha77@rambler.ru[tp] (117)" />
        <deal Ticket="81207112" OpenTime="2010-01-05 05:30:00" DealType="1" Lots="0.10" Symbol="EURUSD" Open="1.4416" SL="1.4304" TP="1.4437" CloseTime="2010-01-05 07:16:00" Close="1.4427" Swap="0.00" Profit="0.00" Comment="cancelled (118)" />
        <deal Ticket="81173558" OpenTime="2010-01-04 15:45:00" DealType="1" Lots="0.10" Symbol="EURUSD" Open="1.4405" SL="1.4285" TP="1.4445" CloseTime="2010-01-04 17:15:00" Close="1.4424" Swap="0.00" Profit="0.00" Comment="cancelled (119)" />
        <deal Ticket="81117117" OpenTime="2009-12-31 19:56:00" DealType="-1" Lots="0.10" Symbol="EURUSD" Open="1.4337" SL="1.4460" TP="1.4290" CloseTime="2010-01-04 02:15:00" Close="1.4290" Swap="0.00" Profit="47.00" Comment="andryuha77@rambler.ru[tp] (120)" />
        <deal Ticket="81087247" OpenTime="2009-12-31 08:45:00" DealType="1" Lots="0.10" Symbol="EURUSD" Open="1.4383" SL="1.4261" TP="1.4426" CloseTime="2009-12-31 10:30:00" Close="1.4399" Swap="0.00" Profit="0.00" Comment="cancelled (121)" />
        <deal Ticket="81045971" OpenTime="2009-12-30 13:19:00" DealType="1" Lots="0.10" Symbol="EURUSD" Open="1.4347" SL="1.4233" TP="1.4374" CloseTime="2009-12-31 08:35:00" Close="1.4374" Swap="0.00" Profit="27.00" Comment="andryuha77@rambler.ru[tp] (122)" />
        <deal Ticket="81056159" OpenTime="2009-12-30 16:00:00" DealType="1" Lots="0.10" Symbol="EURUSD" Open="1.4332" SL="1.4448" TP="1.4302" CloseTime="2009-12-30 19:00:00" Close="1.4313" Swap="0.00" Profit="0.00" Comment="cancelled (123)" />
        <deal Ticket="81019788" OpenTime="2009-12-29 21:59:00" DealType="-1" Lots="0.10" Symbol="EURUSD" Open="1.4352" SL="1.4468" TP="1.4322" CloseTime="2009-12-30 03:22:00" Close="1.4322" Swap="0.00" Profit="30.00" Comment="andryuha77@rambler.ru[tp] (124)" />
        <deal Ticket="81024849" OpenTime="2009-12-30 02:01:00" DealType="-1" Lots="0.10" Symbol="EURUSD" Open="1.4348" SL="1.4459" TP="1.4327" CloseTime="2009-12-30 02:52:00" Close="1.4327" Swap="0.00" Profit="21.00" Comment="andryuha77@rambler.ru[tp] (125)" />
        <deal Ticket="80998520" OpenTime="2009-12-29 13:45:00" DealType="1" Lots="0.10" Symbol="EURUSD" Open="1.4423" SL="1.4311" TP="1.4446" CloseTime="2009-12-29 15:30:00" Close="1.4435" Swap="0.00" Profit="0.00" Comment="cancelled (126)" />
        <deal Ticket="80925619" OpenTime="2009-12-24 14:55:00" DealType="1" Lots="0.10" Symbol="EURUSD" Open="1.4406" SL="1.4293" TP="1.4431" CloseTime="2009-12-29 10:28:00" Close="1.4431" Swap="0.00" Profit="25.00" Comment="andryuha77@rambler.ru[tp] (127)" />
        <deal Ticket="80975589" OpenTime="2009-12-29 00:33:00" DealType="1" Lots="0.20" Symbol="EURUSD" Open="1.4374" SL="1.4342" TP="1.4434" CloseTime="2009-12-29 08:21:00" Close="1.4376" Swap="0.00" Profit="4.00" Comment=" (128)" />
        <deal Ticket="80959431" OpenTime="2009-12-28 12:30:00" DealType="1" Lots="0.10" Symbol="EURUSD" Open="1.4391" SL="1.4282" TP="1.4406" CloseTime="2009-12-28 15:30:00" Close="1.4400" Swap="0.00" Profit="0.00" Comment="cancelled (129)" />
        <deal Ticket="80956566" OpenTime="2009-12-28 10:45:00" DealType="1" Lots="0.10" Symbol="EURUSD" Open="1.4380" SL="1.4271" TP="1.4395" CloseTime="2009-12-28 12:17:00" Close="1.4390" Swap="0.00" Profit="0.00" Comment="cancelled (130)" />
        <deal Ticket="80917355" OpenTime="2009-12-24 11:15:00" DealType="1" Lots="0.10" Symbol="EURUSD" Open="1.4357" SL="1.4246" TP="1.4378" CloseTime="2009-12-24 13:31:00" Close="1.4398" Swap="0.00" Profit="0.00" Comment="cancelled (131)" />
        <deal Ticket="80892519" OpenTime="2009-12-23 18:00:00" DealType="1" Lots="0.20" Symbol="EURUSD" Open="1.4334" SL="1.4211" TP="2.0000" CloseTime="2009-12-24 09:00:00" Close="1.4359" Swap="0.00" Profit="50.00" Comment="buy only (132)" />
        <deal Ticket="80892492" OpenTime="2009-12-23 18:00:00" DealType="1" Lots="0.20" Symbol="EURUSD" Open="1.4335" SL="1.4233" TP="2.0000" CloseTime="2009-12-24 09:00:00" Close="1.4359" Swap="0.00" Profit="48.00" Comment="buy only (133)" />
        <deal Ticket="80889838" OpenTime="2009-12-23 17:15:00" DealType="1" Lots="0.10" Symbol="EURUSD" Open="1.4297" SL="1.4175" TP="1.4340" CloseTime="2009-12-23 20:30:00" Close="1.4355" Swap="0.00" Profit="0.00" Comment="cancelled (134)" />
        <deal Ticket="80846621" OpenTime="2009-12-22 18:00:00" DealType="-1" Lots="0.10" Symbol="EURUSD" Open="1.4230" SL="1.4359" TP="0.5000" CloseTime="2009-12-23 14:00:00" Close="1.4252" Swap="0.00" Profit="-22.00" Comment="sell only (135)" />
        <deal Ticket="80866452" OpenTime="2009-12-23 08:25:00" DealType="1" Lots="0.10" Symbol="EURUSD" Open="1.4251" SL="1.4142" TP="1.4266" CloseTime="2009-12-23 09:27:00" Close="1.4266" Swap="0.00" Profit="15.00" Comment="andryuha77@rambler.ru[tp] (136)" />
        <deal Ticket="80857110" OpenTime="2009-12-23 00:45:00" DealType="1" Lots="0.10" Symbol="EURUSD" Open="1.4244" SL="1.4133" TP="1.4265" CloseTime="2009-12-23 04:45:00" Close="1.4262" Swap="0.00" Profit="0.00" Comment="cancelled (137)" />
        <deal Ticket="80855565" OpenTime="2009-12-23 00:06:00" DealType="1" Lots="0.20" Symbol="EURUSD" Open="1.4244" SL="1.4186" TP="1.4304" CloseTime="2009-12-23 03:10:00" Close="1.4259" Swap="0.00" Profit="30.00" Comment=" (138)" />
        <deal Ticket="80856632" OpenTime="2009-12-23 00:41:00" DealType="1" Lots="0.20" Symbol="EURUSD" Open="1.4237" SL="1.4205" TP="1.4287" CloseTime="2009-12-23 00:42:00" Close="1.4247" Swap="0.00" Profit="20.00" Comment=" (139)" />
        <deal Ticket="80841954" OpenTime="2009-12-22 17:00:00" DealType="1" Lots="0.10" Symbol="EURUSD" Open="1.4298" SL="1.4417" TP="1.4262" CloseTime="2009-12-22 19:15:00" Close="1.4255" Swap="0.00" Profit="0.00" Comment="cancelled (140)" />
        <deal Ticket="80818586" OpenTime="2009-12-22 09:15:00" DealType="1" Lots="0.10" Symbol="EURUSD" Open="1.4297" SL="1.4184" TP="1.4321" CloseTime="2009-12-22 11:30:00" Close="1.4314" Swap="0.00" Profit="0.00" Comment="cancelled (141)" />
        <deal Ticket="80812583" OpenTime="2009-12-22 05:00:00" DealType="1" Lots="0.10" Symbol="EURUSD" Open="1.4285" SL="1.4173" TP="1.4306" CloseTime="2009-12-22 08:30:00" Close="1.4295" Swap="0.00" Profit="0.00" Comment="cancelled (142)" />
        <deal Ticket="80803015" OpenTime="2009-12-22 00:04:00" DealType="1" Lots="0.20" Symbol="EURUSD" Open="1.4267" SL="1.4205" TP="1.4327" CloseTime="2009-12-22 01:46:00" Close="1.4282" Swap="0.00" Profit="30.00" Comment=" (143)" />
        <deal Ticket="80803709" OpenTime="2009-12-22 00:26:00" DealType="1" Lots="0.20" Symbol="EURUSD" Open="1.4269" SL="1.4237" TP="1.4319" CloseTime="2009-12-22 01:15:00" Close="1.4279" Swap="0.00" Profit="20.00" Comment=" (144)" />
        <deal Ticket="80740357" OpenTime="2009-12-18 18:00:00" DealType="-1" Lots="0.20" Symbol="EURUSD" Open="1.4277" SL="1.4408" TP="0.5000" CloseTime="2009-12-21 14:00:00" Close="1.4345" Swap="0.00" Profit="-136.00" Comment="sell only (145)" />
        <deal Ticket="80757987" OpenTime="2009-12-21 04:46:00" DealType="1" Lots="0.10" Symbol="EURUSD" Open="1.4327" SL="1.4215" TP="1.4348" CloseTime="2009-12-21 07:31:00" Close="1.4349" Swap="0.00" Profit="0.00" Comment="cancelled (146)" />
        <deal Ticket="80752707" OpenTime="2009-12-21 01:30:00" DealType="1" Lots="0.10" Symbol="EURUSD" Open="1.4318" SL="1.4198" TP="1.4357" CloseTime="2009-12-21 03:15:00" Close="1.4329" Swap="0.00" Profit="0.00" Comment="cancelled (147)" />
        <deal Ticket="80737376" OpenTime="2009-12-18 17:30:00" DealType="1" Lots="0.10" Symbol="EURUSD" Open="1.4335" SL="1.4460" TP="1.4284" CloseTime="2009-12-18 19:30:00" Close="1.4291" Swap="0.00" Profit="0.00" Comment="cancelled (148)" />
        <deal Ticket="80705637" OpenTime="2009-12-18 07:17:00" DealType="1" Lots="0.10" Symbol="EURUSD" Open="1.4386" SL="1.4265" TP="1.4427" CloseTime="2009-12-18 18:16:00" Close="1.4265" Swap="0.00" Profit="-121.00" Comment="andryuha77@rambler.ru[sl] (149)" />
        <deal Ticket="80688235" OpenTime="2009-12-18 01:04:00" DealType="1" Lots="0.10" Symbol="EURUSD" Open="1.4343" SL="1.4234" TP="1.4360" CloseTime="2009-12-18 03:57:00" Close="1.4360" Swap="0.00" Profit="17.00" Comment="andryuha77@rambler.ru[tp] (150)" />
        <deal Ticket="80663653" OpenTime="2009-12-17 15:31:00" DealType="-1" Lots="0.10" Symbol="EURUSD" Open="1.4355" SL="1.4472" TP="1.4321" CloseTime="2009-12-17 18:42:00" Close="1.4321" Swap="0.00" Profit="34.00" Comment="andryuha77@rambler.ru[tp] (151)" />
        <deal Ticket="80644180" OpenTime="2009-12-17 10:45:00" DealType="1" Lots="0.10" Symbol="EURUSD" Open="1.4402" SL="1.4518" TP="1.4372" CloseTime="2009-12-17 13:30:00" Close="1.4356" Swap="0.00" Profit="0.00" Comment="cancelled (152)" />
        <deal Ticket="80618605" OpenTime="2009-12-17 03:15:00" DealType="1" Lots="0.10" Symbol="EURUSD" Open="1.4521" SL="1.4633" TP="1.4498" CloseTime="2009-12-17 07:30:00" Close="1.4406" Swap="0.00" Profit="0.00" Comment="cancelled (153)" />
        <deal Ticket="80546432" OpenTime="2009-12-15 16:00:00" DealType="-1" Lots="0.10" Symbol="EURUSD" Open="1.4540" SL="1.4654" TP="0.5000" CloseTime="2009-12-16 14:00:00" Close="1.4572" Swap="0.00" Profit="-32.00" Comment="sell only (154)" />
        <deal Ticket="80559737" OpenTime="2009-12-15 22:51:00" DealType="-1" Lots="0.10" Symbol="EURUSD" Open="1.4530" SL="1.4638" TP="1.4517" CloseTime="2009-12-16 09:50:00" Close="1.4517" Swap="0.00" Profit="13.00" Comment="andryuha77@rambler.ru[tp] (155)" />
        <deal Ticket="80565222" OpenTime="2009-12-16 03:01:00" DealType="1" Lots="0.10" Symbol="EURUSD" Open="1.4532" SL="1.4419" TP="1.4557" CloseTime="2009-12-16 08:27:00" Close="1.4557" Swap="0.00" Profit="25.00" Comment="andryuha77@rambler.ru[tp] (156)" />
        <deal Ticket="80562096" OpenTime="2009-12-16 00:35:00" DealType="-1" Lots="0.20" Symbol="EURUSD" Open="1.4538" SL="1.4574" TP="1.4478" CloseTime="2009-12-16 02:05:00" Close="1.4537" Swap="0.00" Profit="2.00" Comment=" (157)" />
        <deal Ticket="80541221" OpenTime="2009-12-15 15:03:00" DealType="-1" Lots="0.10" Symbol="EURUSD" Open="1.4542" SL="1.4657" TP="1.4514" CloseTime="2009-12-15 18:45:00" Close="1.4514" Swap="0.00" Profit="28.00" Comment="andryuha77@rambler.ru[tp] (158)" />
        <deal Ticket="80525054" OpenTime="2009-12-15 09:45:00" DealType="1" Lots="0.10" Symbol="EURUSD" Open="1.4637" SL="1.4749" TP="1.4616" CloseTime="2009-12-15 13:46:00" Close="1.4548" Swap="0.00" Profit="0.00" Comment="cancelled (159)" />
        <deal Ticket="80509462" OpenTime="2009-12-15 00:42:00" DealType="1" Lots="0.10" Symbol="EURUSD" Open="1.4650" SL="1.4542" TP="1.4663" CloseTime="2009-12-15 11:29:00" Close="1.4542" Swap="0.00" Profit="-108.00" Comment="andryuha77@rambler.ru[sl] (160)" />
        <deal Ticket="80481034" OpenTime="2009-12-14 10:11:00" DealType="1" Lots="0.10" Symbol="EURUSD" Open="1.4670" SL="1.4553" TP="1.4702" CloseTime="2009-12-15 10:30:00" Close="1.4553" Swap="0.00" Profit="-117.00" Comment="andryuha77@rambler.ru[sl] (161)" />
        <deal Ticket="80511422" OpenTime="2009-12-15 00:43:00" DealType="1" Lots="0.20" Symbol="EURUSD" Open="1.4644" SL="1.4604" TP="1.4704" CloseTime="2009-12-15 02:29:00" Close="1.4657" Swap="0.00" Profit="26.00" Comment=" (162)" />
        <deal Ticket="80510034" OpenTime="2009-12-15 00:00:00" DealType="-1" Lots="0.20" Symbol="EURUSD" Open="1.4658" SL="1.4690" TP="1.4598" CloseTime="2009-12-15 00:43:00" Close="1.4644" Swap="0.00" Profit="28.00" Comment=" (163)" />
        <deal Ticket="80505713" OpenTime="2009-12-14 19:30:00" DealType="1" Lots="0.10" Symbol="EURUSD" Open="1.4644" SL="1.4532" TP="1.4667" CloseTime="2009-12-14 20:45:00" Close="1.4648" Swap="0.00" Profit="0.00" Comment="cancelled (164)" />
        <deal Ticket="80447768" OpenTime="2009-12-11 18:00:00" DealType="-1" Lots="0.20" Symbol="EURUSD" Open="1.4621" SL="1.4731" TP="0.5000" CloseTime="2009-12-14 14:00:00" Close="1.4632" Swap="0.00" Profit="-22.00" Comment="sell only (165)" />
        <deal Ticket="80443227" OpenTime="2009-12-11 17:00:00" DealType="-1" Lots="0.20" Symbol="EURUSD" Open="1.4653" SL="1.4790" TP="0.5000" CloseTime="2009-12-14 14:00:00" Close="1.4633" Swap="0.00" Profit="40.00" Comment="sell only (166)" />
        <deal Ticket="80463438" OpenTime="2009-12-14 05:23:00" DealType="1" Lots="0.10" Symbol="EURUSD" Open="1.4629" SL="1.4512" TP="1.4663" CloseTime="2009-12-14 06:30:00" Close="1.4663" Swap="0.00" Profit="34.00" Comment="andryuha77@rambler.ru[tp] (167)" />
        <deal Ticket="80325195" OpenTime="2009-12-09 17:46:00" DealType="-1" Lots="0.10" Symbol="EURUSD" Open="1.4737" SL="1.4876" TP="1.4655" CloseTime="2009-12-11 16:33:00" Close="1.4655" Swap="0.00" Profit="82.00" Comment="andryuha77@rambler.ru[tp] (168)" />
        <deal Ticket="80431258" OpenTime="2009-12-11 14:45:00" DealType="1" Lots="0.10" Symbol="EURUSD" Open="1.4767" SL="1.4658" TP="1.4784" CloseTime="2009-12-11 16:29:00" Close="1.4658" Swap="0.00" Profit="-109.00" Comment="andryuha77@rambler.ru[sl] (169)" />
        <deal Ticket="80279235" OpenTime="2009-12-09 01:44:00" DealType="-1" Lots="0.10" Symbol="EURUSD" Open="1.4699" SL="1.4818" TP="1.4661" CloseTime="2009-12-11 16:29:00" Close="1.4661" Swap="0.00" Profit="38.00" Comment="andryuha77@rambler.ru[tp] (170)" />
        <deal Ticket="80404532" OpenTime="2009-12-11 01:03:00" DealType="1" Lots="0.10" Symbol="EURUSD" Open="1.4730" SL="1.4622" TP="1.4743" CloseTime="2009-12-11 10:33:00" Close="1.4743" Swap="0.00" Profit="13.00" Comment="andryuha77@rambler.ru[tp] (171)" />
        <deal Ticket="80404162" OpenTime="2009-12-11 00:43:00" DealType="-1" Lots="0.20" Symbol="EURUSD" Open="1.4735" SL="1.4773" TP="1.4675" CloseTime="2009-12-11 04:02:00" Close="1.4720" Swap="0.00" Profit="30.00" Comment=" (172)" />
        <deal Ticket="80367959" OpenTime="2009-12-10 10:47:00" DealType="-1" Lots="0.10" Symbol="EURUSD" Open="1.4723" SL="1.4838" TP="1.4695" CloseTime="2009-12-10 20:13:00" Close="1.4695" Swap="0.00" Profit="28.00" Comment="andryuha77@rambler.ru[tp] (173)" />
        <deal Ticket="80345097" OpenTime="2009-12-10 00:20:00" DealType="-1" Lots="0.20" Symbol="EURUSD" Open="1.4738" SL="1.4836" TP="1.4678" CloseTime="2009-12-10 06:13:00" Close="1.4725" Swap="0.00" Profit="26.00" Comment=" (174)" />
        <deal Ticket="80345656" OpenTime="2009-12-10 00:20:00" DealType="-1" Lots="0.20" Symbol="EURUSD" Open="1.4740" SL="1.4782" TP="1.4690" CloseTime="2009-12-10 02:11:00" Close="1.4734" Swap="0.00" Profit="12.00" Comment=" (175)" />
        <deal Ticket="80269478" OpenTime="2009-12-08 20:00:00" DealType="-1" Lots="0.10" Symbol="EURUSD" Open="1.4719" SL="1.4856" TP="0.5000" CloseTime="2009-12-09 14:00:00" Close="1.4752" Swap="0.00" Profit="-33.00" Comment="sell only (176)" />
        <deal Ticket="80265851" OpenTime="2009-12-08 18:00:00" DealType="-1" Lots="0.10" Symbol="EURUSD" Open="1.4735" SL="1.4843" TP="0.5000" CloseTime="2009-12-09 14:00:00" Close="1.4749" Swap="0.00" Profit="-14.00" Comment="sell only (177)" />
        <deal Ticket="80291291" OpenTime="2009-12-09 07:43:00" DealType="1" Lots="0.10" Symbol="EURUSD" Open="1.4727" SL="1.4619" TP="1.4741" CloseTime="2009-12-09 10:28:00" Close="1.4741" Swap="0.00" Profit="14.00" Comment="andryuha77@rambler.ru[tp] (178)" />
        <deal Ticket="80275835" OpenTime="2009-12-08 23:30:00" DealType="-1" Lots="0.20" Symbol="EURUSD" Open="1.4711" SL="1.4863" TP="1.4661" CloseTime="2009-12-08 23:55:00" Close="1.4701" Swap="0.00" Profit="20.00" Comment=" (179)" />
        <deal Ticket="80265818" OpenTime="2009-12-08 18:00:00" DealType="1" Lots="0.10" Symbol="EURUSD" Open="1.4754" SL="1.4878" TP="1.4705" CloseTime="2009-12-08 22:30:00" Close="1.4698" Swap="0.00" Profit="0.00" Comment="cancelled (180)" />
        <deal Ticket="80203737" OpenTime="2009-12-07 21:25:00" DealType="1" Lots="0.10" Symbol="EURUSD" Open="1.4838" SL="1.4693" TP="1.4933" CloseTime="2009-12-08 20:25:00" Close="1.4693" Swap="0.00" Profit="-145.00" Comment="andryuha77@rambler.ru[sl] (181)" />
        <deal Ticket="80227751" OpenTime="2009-12-08 08:17:00" DealType="1" Lots="0.10" Symbol="EURUSD" Open="1.4839" SL="1.4725" TP="1.4866" CloseTime="2009-12-08 18:19:00" Close="1.4725" Swap="0.00" Profit="-114.00" Comment="andryuha77@rambler.ru[sl] (182)" />
        <deal Ticket="80182331" OpenTime="2009-12-07 15:40:00" DealType="-1" Lots="0.10" Symbol="EURUSD" Open="1.4810" SL="1.4932" TP="1.4767" CloseTime="2009-12-08 15:16:00" Close="1.4767" Swap="0.00" Profit="43.00" Comment="andryuha77@rambler.ru[tp] (183)" />
        <deal Ticket="80215247" OpenTime="2009-12-08 02:23:00" DealType="-1" Lots="0.10" Symbol="EURUSD" Open="1.4833" SL="1.4947" TP="1.4806" CloseTime="2009-12-08 09:51:00" Close="1.4806" Swap="0.00" Profit="27.00" Comment="andryuha77@rambler.ru[tp] (184)" />
        <deal Ticket="80213135" OpenTime="2009-12-08 00:57:00" DealType="-1" Lots="0.20" Symbol="EURUSD" Open="1.4830" SL="1.4880" TP="1.4770" CloseTime="2009-12-08 04:43:00" Close="1.4826" Swap="0.00" Profit="8.00" Comment=" (185)" />
        <deal Ticket="80211996" OpenTime="2009-12-08 00:02:00" DealType="-1" Lots="0.20" Symbol="EURUSD" Open="1.4830" SL="1.4905" TP="1.4780" CloseTime="2009-12-08 02:02:00" Close="1.4829" Swap="0.00" Profit="2.00" Comment=" (186)" />
        <deal Ticket="80193893" OpenTime="2009-12-07 17:04:00" DealType="1" Lots="0.10" Symbol="EURUSD" Open="1.4803" SL="1.4683" TP="1.4843" CloseTime="2009-12-07 19:36:00" Close="1.4843" Swap="0.00" Profit="40.00" Comment="andryuha77@rambler.ru[tp] (187)" />
        <deal Ticket="80118904" OpenTime="2009-12-04 16:00:00" DealType="-1" Lots="0.20" Symbol="EURUSD" Open="1.4943" SL="1.5071" TP="0.5000" CloseTime="2009-12-04 21:00:00" Close="1.4837" Swap="0.00" Profit="212.00" Comment="sell only (188)" />
        <deal Ticket="80118769" OpenTime="2009-12-04 16:00:00" DealType="-1" Lots="0.20" Symbol="EURUSD" Open="1.4943" SL="1.5044" TP="0.5000" CloseTime="2009-12-04 21:00:00" Close="1.4837" Swap="0.00" Profit="212.00" Comment="sell only (189)" />
        <deal Ticket="80052880" OpenTime="2009-12-03 14:20:00" DealType="1" Lots="0.10" Symbol="EURUSD" Open="1.5116" SL="1.5000" TP="1.5146" CloseTime="2009-12-04 15:39:00" Close="1.5000" Swap="0.00" Profit="-116.00" Comment="andryuha77@rambler.ru[sl] (190)" />
        <deal Ticket="80015132" OpenTime="2009-12-02 19:02:00" DealType="-1" Lots="0.10" Symbol="EURUSD" Open="1.5068" SL="1.5195" TP="1.5013" CloseTime="2009-12-04 15:38:00" Close="1.5013" Swap="0.00" Profit="55.00" Comment="andryuha77@rambler.ru[tp] (191)" />
        <deal Ticket="80082349" OpenTime="2009-12-04 00:00:00" DealType="1" Lots="0.20" Symbol="EURUSD" Open="1.5045" SL="1.4939" TP="1.5105" CloseTime="2009-12-04 00:32:00" Close="1.5061" Swap="0.00" Profit="32.00" Comment=" (192)" />
        <deal Ticket="80079880" OpenTime="2009-12-03 23:00:00" DealType="1" Lots="0.20" Symbol="EURUSD" Open="1.5074" SL="1.5042" TP="1.5124" CloseTime="2009-12-04 00:01:00" Close="1.5042" Swap="0.00" Profit="-64.00" Comment="[sl] (193)" />
        <deal Ticket="79971320" OpenTime="2009-12-01 21:13:00" DealType="1" Lots="0.10" Symbol="EURUSD" Open="1.5104" SL="1.4991" TP="1.5128" CloseTime="2009-12-03 12:27:00" Close="1.5128" Swap="0.00" Profit="24.00" Comment="andryuha77@rambler.ru[tp] (194)" />
        <deal Ticket="80040676" OpenTime="2009-12-03 08:30:00" DealType="1" Lots="0.10" Symbol="EURUSD" Open="1.5084" SL="1.4975" TP="1.5101" CloseTime="2009-12-03 11:15:00" Close="1.5108" Swap="0.00" Profit="0.00" Comment="cancelled (195)" />
        <deal Ticket="80000250" OpenTime="2009-12-02 12:50:00" DealType="1" Lots="0.10" Symbol="EURUSD" Open="1.5096" SL="1.4982" TP="1.5123" CloseTime="2009-12-03 09:30:00" Close="1.5123" Swap="0.00" Profit="27.00" Comment="andryuha77@rambler.ru[tp] (196)" />
        <deal Ticket="79965786" OpenTime="2009-12-01 17:47:00" DealType="1" Lots="0.10" Symbol="EURUSD" Open="1.5088" SL="1.4972" TP="1.5118" CloseTime="2009-12-03 09:23:00" Close="1.5118" Swap="0.00" Profit="30.00" Comment="andryuha77@rambler.ru[tp] (197)" />
        <deal Ticket="80006346" OpenTime="2009-12-02 15:18:00" DealType="1" Lots="0.10" Symbol="EURUSD" Open="1.5086" SL="1.4978" TP="1.5100" CloseTime="2009-12-03 08:52:00" Close="1.5100" Swap="0.00" Profit="14.00" Comment="andryuha77@rambler.ru[tp] (198)" />
        <deal Ticket="79988086" OpenTime="2009-12-02 08:00:00" DealType="1" Lots="0.10" Symbol="EURUSD" Open="1.5090" SL="1.4980" TP="1.5107" CloseTime="2009-12-02 10:30:00" Close="1.5107" Swap="0.00" Profit="17.00" Comment="andryuha77@rambler.ru[tp] (199)" />
        <deal Ticket="79980219" OpenTime="2009-12-02 04:07:00" DealType="-1" Lots="0.10" Symbol="EURUSD" Open="1.5087" SL="1.5198" TP="1.5066" CloseTime="2009-12-02 09:37:00" Close="1.5066" Swap="0.00" Profit="21.00" Comment="andryuha77@rambler.ru[tp] (200)" />
        <deal Ticket="79963273" OpenTime="2009-12-01 17:00:00" DealType="1" Lots="0.20" Symbol="EURUSD" Open="1.5085" SL="1.4978" TP="2.0000" CloseTime="2009-12-02 09:00:00" Close="1.5085" Swap="0.00" Profit="0.00" Comment="buy only (201)" />
        <deal Ticket="79976161" OpenTime="2009-12-02 00:58:00" DealType="1" Lots="0.20" Symbol="EURUSD" Open="1.5075" SL="1.5031" TP="1.5135" CloseTime="2009-12-02 01:30:00" Close="1.5090" Swap="0.00" Profit="30.00" Comment=" (202)" />
        <deal Ticket="79915369" OpenTime="2009-12-01 02:55:00" DealType="1" Lots="0.10" Symbol="EURUSD" Open="1.5012" SL="1.4897" TP="1.5040" CloseTime="2009-12-01 10:02:00" Close="1.5040" Swap="0.00" Profit="28.00" Comment="andryuha77@rambler.ru[tp] (203)" />
        <deal Ticket="79924165" OpenTime="2009-12-01 05:06:00" DealType="1" Lots="0.10" Symbol="EURUSD" Open="1.5011" SL="1.4900" TP="1.5032" CloseTime="2009-12-01 09:03:00" Close="1.5032" Swap="0.00" Profit="21.00" Comment="andryuha77@rambler.ru[tp] (204)" />
        <deal Ticket="79894309" OpenTime="2009-11-30 17:01:00" DealType="-1" Lots="0.10" Symbol="EURUSD" Open="1.5027" SL="1.5143" TP="1.4997" CloseTime="2009-11-30 18:01:00" Close="1.4997" Swap="0.00" Profit="30.00" Comment="andryuha77@rambler.ru[tp] (205)" />
        <deal Ticket="79885996" OpenTime="2009-11-30 13:19:00" DealType="-1" Lots="0.10" Symbol="EURUSD" Open="1.5044" SL="1.5167" TP="1.4999" CloseTime="2009-11-30 16:33:00" Close="1.4999" Swap="0.00" Profit="45.00" Comment="andryuha77@rambler.ru[tp] (206)" />
        <deal Ticket="79874909" OpenTime="2009-11-30 10:15:00" DealType="1" Lots="0.10" Symbol="EURUSD" Open="1.5057" SL="1.5172" TP="1.5029" CloseTime="2009-11-30 11:45:00" Close="1.5052" Swap="0.00" Profit="0.00" Comment="cancelled (207)" />
        <deal Ticket="79853828" OpenTime="2009-11-30 03:15:00" DealType="1" Lots="0.10" Symbol="EURUSD" Open="1.5000" SL="1.4861" TP="1.5081" CloseTime="2009-11-30 07:15:00" Close="1.5055" Swap="0.00" Profit="0.00" Comment="cancelled (208)" />
        <deal Ticket="79836009" OpenTime="2009-11-27 18:00:00" DealType="1" Lots="0.40" Symbol="EURUSD" Open="1.4978" SL="1.4841" TP="2.0000" CloseTime="2009-11-30 04:00:00" Close="1.5045" Swap="0.00" Profit="268.00" Comment="buy only (209)" />
        <deal Ticket="79842238" OpenTime="2009-11-27 22:45:00" DealType="1" Lots="0.10" Symbol="EURUSD" Open="1.4959" SL="1.4850" TP="1.4974" CloseTime="2009-11-30 01:30:00" Close="1.4979" Swap="0.00" Profit="0.00" Comment="cancelled (210)" />
        <deal Ticket="79831027" OpenTime="2009-11-27 17:15:00" DealType="1" Lots="0.10" Symbol="EURUSD" Open="1.4903" SL="1.4767" TP="1.4979" CloseTime="2009-11-27 19:30:00" Close="1.4964" Swap="0.00" Profit="0.00" Comment="cancelled (211)" />
        <deal Ticket="79821195" OpenTime="2009-11-27 15:26:00" DealType="1" Lots="0.10" Symbol="EURUSD" Open="1.4907" SL="1.4783" TP="1.4956" CloseTime="2009-11-27 17:35:00" Close="1.4956" Swap="0.00" Profit="49.00" Comment="andryuha77@rambler.ru[tp] (212)" />
        <deal Ticket="79791130" OpenTime="2009-11-27 07:47:00" DealType="-1" Lots="0.10" Symbol="EURUSD" Open="1.4928" SL="1.5056" TP="1.4871" CloseTime="2009-11-27 09:23:00" Close="1.4871" Swap="0.00" Profit="57.00" Comment="andryuha77@rambler.ru[tp] (213)" />
        <deal Ticket="79752507" OpenTime="2009-11-26 18:00:00" DealType="-1" Lots="0.10" Symbol="EURUSD" Open="1.4986" SL="1.5106" TP="0.5000" CloseTime="2009-11-27 08:00:00" Close="1.4909" Swap="0.00" Profit="77.00" Comment="sell only (214)" />
        <deal Ticket="79780817" OpenTime="2009-11-27 04:15:00" DealType="1" Lots="0.10" Symbol="EURUSD" Open="1.4955" SL="1.5078" TP="1.4908" CloseTime="2009-11-27 07:00:00" Close="1.4933" Swap="0.00" Profit="0.00" Comment="cancelled (215)" />
        <deal Ticket="79748119" OpenTime="2009-11-26 17:00:00" DealType="-1" Lots="0.10" Symbol="EURUSD" Open="1.5022" SL="1.5115" TP="0.5000" CloseTime="2009-11-27 05:00:00" Close="1.4932" Swap="0.00" Profit="90.00" Comment="sell only (216)" />
        <deal Ticket="79691974" OpenTime="2009-11-25 21:00:00" DealType="1" Lots="0.20" Symbol="EURUSD" Open="1.5095" SL="1.4976" TP="2.0000" CloseTime="2009-11-25 23:00:00" Close="1.5142" Swap="0.00" Profit="94.00" Comment="buy only (217)" />
        <deal Ticket="79683533" OpenTime="2009-11-25 17:00:00" DealType="1" Lots="0.20" Symbol="EURUSD" Open="1.5068" SL="1.4973" TP="2.0000" CloseTime="2009-11-25 22:00:00" Close="1.5137" Swap="0.00" Profit="138.00" Comment="buy only (218)" />
        <deal Ticket="79670404" OpenTime="2009-11-25 13:30:00" DealType="1" Lots="0.10" Symbol="EURUSD" Open="1.5033" SL="1.4918" TP="1.5061" CloseTime="2009-11-25 16:15:00" Close="1.5065" Swap="0.00" Profit="0.00" Comment="cancelled (219)" />
        <deal Ticket="79642999" OpenTime="2009-11-25 02:52:00" DealType="1" Lots="0.10" Symbol="EURUSD" Open="1.4965" SL="1.4853" TP="1.4986" CloseTime="2009-11-25 04:20:00" Close="1.4986" Swap="0.00" Profit="21.00" Comment="andryuha77@rambler.ru[tp] (220)" />
        <deal Ticket="79640737" OpenTime="2009-11-25 00:38:00" DealType="1" Lots="0.10" Symbol="EURUSD" Open="1.4963" SL="1.4855" TP="1.4977" CloseTime="2009-11-25 02:16:00" Close="1.4977" Swap="0.00" Profit="14.00" Comment="andryuha77@rambler.ru[tp] (221)" />
        <deal Ticket="79615690" OpenTime="2009-11-24 14:16:00" DealType="1" Lots="0.10" Symbol="EURUSD" Open="1.4954" SL="1.4839" TP="1.4983" CloseTime="2009-11-24 16:45:00" Close="1.4958" Swap="0.00" Profit="0.00" Comment="cancelled (222)" />
        <deal Ticket="79584880" OpenTime="2009-11-24 00:06:00" DealType="-1" Lots="0.10" Symbol="EURUSD" Open="1.4968" SL="1.5082" TP="1.4942" CloseTime="2009-11-24 02:37:00" Close="1.4942" Swap="0.00" Profit="26.00" Comment="andryuha77@rambler.ru[tp] (223)" />
        <deal Ticket="79584727" OpenTime="2009-11-23 23:28:00" DealType="1" Lots="0.20" Symbol="EURUSD" Open="1.4958" SL="1.4885" TP="1.5008" CloseTime="2009-11-24 00:06:00" Close="1.4968" Swap="0.00" Profit="20.00" Comment=" (224)" />
        <deal Ticket="79570577" OpenTime="2009-11-23 15:08:00" DealType="1" Lots="0.10" Symbol="EURUSD" Open="1.4971" SL="1.4862" TP="1.4988" CloseTime="2009-11-23 16:07:00" Close="1.4988" Swap="0.00" Profit="17.00" Comment="andryuha77@rambler.ru[tp] (225)" />
        <deal Ticket="79546885" OpenTime="2009-11-23 08:07:00" DealType="1" Lots="0.10" Symbol="EURUSD" Open="1.4933" SL="1.4818" TP="1.4961" CloseTime="2009-11-23 09:18:00" Close="1.4961" Swap="0.00" Profit="28.00" Comment="andryuha77@rambler.ru[tp] (226)" />
        <deal Ticket="79532275" OpenTime="2009-11-23 01:30:00" DealType="1" Lots="0.10" Symbol="EURUSD" Open="1.4851" SL="1.4730" TP="1.4892" CloseTime="2009-11-23 07:30:00" Close="1.4929" Swap="0.00" Profit="0.00" Comment="cancelled (227)" />
        <deal Ticket="79526898" OpenTime="2009-11-20 21:00:00" DealType="1" Lots="0.10" Symbol="EURUSD" Open="1.4850" SL="1.4735" TP="1.4879" CloseTime="2009-11-23 00:15:00" Close="1.4855" Swap="0.00" Profit="0.00" Comment="cancelled (228)" />
        <deal Ticket="79495508" OpenTime="2009-11-20 08:44:00" DealType="1" Lots="0.10" Symbol="EURUSD" Open="1.4920" SL="1.4806" TP="1.4947" CloseTime="2009-11-20 14:24:00" Close="1.4806" Swap="0.00" Profit="-114.00" Comment="andryuha77@rambler.ru[sl] (229)" />
        <deal Ticket="79457127" OpenTime="2009-11-19 15:17:00" DealType="-1" Lots="0.10" Symbol="EURUSD" Open="1.4866" SL="1.4983" TP="1.4834" CloseTime="2009-11-20 14:05:00" Close="1.4834" Swap="0.00" Profit="32.00" Comment="andryuha77@rambler.ru[tp] (230)" />
        <deal Ticket="79479881" OpenTime="2009-11-20 00:00:00" DealType="-1" Lots="0.20" Symbol="EURUSD" Open="1.4928" SL="1.4976" TP="1.4868" CloseTime="2009-11-20 01:13:00" Close="1.4913" Swap="0.00" Profit="30.00" Comment=" (231)" />
        <deal Ticket="79470896" OpenTime="2009-11-19 18:45:00" DealType="1" Lots="0.10" Symbol="EURUSD" Open="1.4870" SL="1.4754" TP="1.4902" CloseTime="2009-11-19 23:30:00" Close="1.4920" Swap="0.00" Profit="0.00" Comment="cancelled (232)" />
        <deal Ticket="79441493" OpenTime="2009-11-19 09:45:00" DealType="1" Lots="0.10" Symbol="EURUSD" Open="1.4913" SL="1.5029" TP="1.4881" CloseTime="2009-11-19 12:45:00" Close="1.4876" Swap="0.00" Profit="0.00" Comment="cancelled (233)" />
        <deal Ticket="79408988" OpenTime="2009-11-18 17:00:00" DealType="1" Lots="0.20" Symbol="EURUSD" Open="1.4947" SL="1.4845" TP="2.0000" CloseTime="2009-11-19 09:00:00" Close="1.4912" Swap="0.00" Profit="-70.00" Comment="buy only (234)" />
        <deal Ticket="79386570" OpenTime="2009-11-18 10:15:00" DealType="1" Lots="0.10" Symbol="EURUSD" Open="1.4896" SL="1.4782" TP="1.4922" CloseTime="2009-11-18 14:15:00" Close="1.4957" Swap="0.00" Profit="0.00" Comment="cancelled (235)" />
        <deal Ticket="79355069" OpenTime="2009-11-17 17:00:00" DealType="-1" Lots="0.10" Symbol="EURUSD" Open="1.4867" SL="1.4972" TP="0.5000" CloseTime="2009-11-18 12:00:00" Close="1.4959" Swap="0.00" Profit="-92.00" Comment="sell only (236)" />
        <deal Ticket="79355089" OpenTime="2009-11-17 17:00:00" DealType="-1" Lots="0.10" Symbol="EURUSD" Open="1.4867" SL="1.4993" TP="0.5000" CloseTime="2009-11-18 12:00:00" Close="1.4960" Swap="0.00" Profit="-93.00" Comment="sell only (237)" />
        <deal Ticket="79380171" OpenTime="2009-11-18 07:15:00" DealType="1" Lots="0.10" Symbol="EURUSD" Open="1.4878" SL="1.4767" TP="1.4897" CloseTime="2009-11-18 09:45:00" Close="1.4892" Swap="0.00" Profit="0.00" Comment="cancelled (238)" />
        <deal Ticket="79376366" OpenTime="2009-11-18 05:33:00" DealType="1" Lots="0.10" Symbol="EURUSD" Open="1.4877" SL="1.4767" TP="1.4896" CloseTime="2009-11-18 08:48:00" Close="1.4896" Swap="0.00" Profit="19.00" Comment="andryuha77@rambler.ru[tp] (239)" />
        <deal Ticket="79370872" OpenTime="2009-11-18 01:30:00" DealType="1" Lots="0.10" Symbol="EURUSD" Open="1.4867" SL="1.4757" TP="1.4886" CloseTime="2009-11-18 03:30:00" Close="1.4881" Swap="0.00" Profit="0.00" Comment="cancelled (240)" />
        <deal Ticket="79335642" OpenTime="2009-11-17 12:15:00" DealType="1" Lots="0.10" Symbol="EURUSD" Open="1.4935" SL="1.5049" TP="1.4908" CloseTime="2009-11-17 15:45:00" Close="1.4896" Swap="0.00" Profit="0.00" Comment="cancelled (241)" />
        <deal Ticket="79309478" OpenTime="2009-11-17 03:18:00" DealType="1" Lots="0.10" Symbol="EURUSD" Open="1.4975" SL="1.4861" TP="1.5001" CloseTime="2009-11-17 14:17:00" Close="1.4861" Swap="0.00" Profit="-114.00" Comment="andryuha77@rambler.ru[sl] (242)" />
        <deal Ticket="79328201" OpenTime="2009-11-17 10:15:00" DealType="1" Lots="0.10" Symbol="EURUSD" Open="1.4961" SL="1.5075" TP="1.4935" CloseTime="2009-11-17 12:00:00" Close="1.4945" Swap="0.00" Profit="0.00" Comment="cancelled (243)" />
        <deal Ticket="79231973" OpenTime="2009-11-13 17:43:00" DealType="-1" Lots="0.10" Symbol="EURUSD" Open="1.4870" SL="1.4996" TP="1.4819" CloseTime="2009-11-16 21:04:00" Close="1.4996" Swap="0.00" Profit="-126.00" Comment="andryuha77@rambler.ru[sl] (244)" />
        <deal Ticket="79282048" OpenTime="2009-11-16 16:36:00" DealType="-1" Lots="0.10" Symbol="EURUSD" Open="1.4969" SL="1.5082" TP="1.4944" CloseTime="2009-11-16 19:15:00" Close="1.4944" Swap="0.00" Profit="25.00" Comment="andryuha77@rambler.ru[tp] (245)" />
        <deal Ticket="79275070" OpenTime="2009-11-16 14:18:00" DealType="-1" Lots="0.10" Symbol="EURUSD" Open="1.4970" SL="1.5085" TP="1.4941" CloseTime="2009-11-16 19:15:00" Close="1.4941" Swap="0.00" Profit="29.00" Comment="andryuha77@rambler.ru[tp] (246)" />
        <deal Ticket="79259281" OpenTime="2009-11-16 06:02:00" DealType="1" Lots="0.10" Symbol="EURUSD" Open="1.4947" SL="1.4832" TP="1.4976" CloseTime="2009-11-16 10:15:00" Close="1.4977" Swap="0.00" Profit="0.00" Comment="cancelled (247)" />
        <deal Ticket="79254757" OpenTime="2009-11-16 03:54:00" DealType="1" Lots="0.10" Symbol="EURUSD" Open="1.4953" SL="1.4838" TP="1.4981" CloseTime="2009-11-16 09:20:00" Close="1.4981" Swap="0.00" Profit="28.00" Comment="andryuha77@rambler.ru[tp] (248)" />
        <deal Ticket="79242439" OpenTime="2009-11-13 20:00:00" DealType="1" Lots="0.40" Symbol="EURUSD" Open="1.4928" SL="1.4827" TP="2.0000" CloseTime="2009-11-16 09:00:00" Close="1.4968" Swap="0.00" Profit="160.00" Comment="buy only (249)" />
        <deal Ticket="79226065" OpenTime="2009-11-13 14:38:00" DealType="-1" Lots="0.10" Symbol="EURUSD" Open="1.4882" SL="1.4995" TP="1.4858" CloseTime="2009-11-13 15:04:00" Close="1.4858" Swap="0.00" Profit="24.00" Comment="andryuha77@rambler.ru[tp] (250)" />
        <deal Ticket="79189138" OpenTime="2009-11-12 18:00:00" DealType="-1" Lots="0.10" Symbol="EURUSD" Open="1.4884" SL="1.4988" TP="0.5000" CloseTime="2009-11-13 14:00:00" Close="1.4891" Swap="0.00" Profit="-7.00" Comment="sell only (251)" />
        <deal Ticket="79217696" OpenTime="2009-11-13 10:30:00" DealType="1" Lots="0.10" Symbol="EURUSD" Open="1.4876" SL="1.4756" TP="1.4915" CloseTime="2009-11-13 12:15:00" Close="1.4877" Swap="0.00" Profit="0.00" Comment="cancelled (252)" />
        <deal Ticket="79208686" OpenTime="2009-11-13 06:25:00" DealType="1" Lots="0.10" Symbol="EURUSD" Open="1.4859" SL="1.4745" TP="1.4886" CloseTime="2009-11-13 10:21:00" Close="1.4886" Swap="0.00" Profit="27.00" Comment="andryuha77@rambler.ru[tp] (253)" />
        <deal Ticket="79197709" OpenTime="2009-11-12 22:15:00" DealType="1" Lots="0.10" Symbol="EURUSD" Open="1.4864" SL="1.4978" TP="1.4837" CloseTime="2009-11-13 00:00:00" Close="1.4849" Swap="0.00" Profit="0.00" Comment="cancelled (254)" />
        <deal Ticket="79194290" OpenTime="2009-11-12 20:17:00" DealType="-1" Lots="0.10" Symbol="EURUSD" Open="1.4866" SL="1.4980" TP="1.4839" CloseTime="2009-11-12 22:31:00" Close="1.4839" Swap="0.00" Profit="27.00" Comment="andryuha77@rambler.ru[tp] (255)" />
        <deal Ticket="79183531" OpenTime="2009-11-12 16:51:00" DealType="-1" Lots="0.10" Symbol="EURUSD" Open="1.4923" SL="1.5045" TP="1.4880" CloseTime="2009-11-12 17:19:00" Close="1.4880" Swap="0.00" Profit="43.00" Comment="andryuha77@rambler.ru[tp] (256)" />
        <deal Ticket="79153967" OpenTime="2009-11-12 05:54:00" DealType="1" Lots="0.10" Symbol="EURUSD" Open="1.5002" SL="1.4891" TP="1.5021" CloseTime="2009-11-12 17:10:00" Close="1.4891" Swap="0.00" Profit="-111.00" Comment="andryuha77@rambler.ru[sl] (257)" />
        <deal Ticket="79175254" OpenTime="2009-11-12 15:42:00" DealType="-1" Lots="0.10" Symbol="EURUSD" Open="1.4936" SL="1.5053" TP="1.4904" CloseTime="2009-11-12 17:08:00" Close="1.4904" Swap="0.00" Profit="32.00" Comment="andryuha77@rambler.ru[tp] (258)" />
        <deal Ticket="79118671" OpenTime="2009-11-11 13:40:00" DealType="1" Lots="0.10" Symbol="EURUSD" Open="1.5030" SL="1.4916" TP="1.5057" CloseTime="2009-11-12 14:30:00" Close="1.4916" Swap="0.00" Profit="-114.00" Comment="andryuha77@rambler.ru[sl] (259)" />
        <deal Ticket="79072154" OpenTime="2009-11-10 16:31:00" DealType="-1" Lots="0.10" Symbol="EURUSD" Open="1.4971" SL="1.5091" TP="1.4932" CloseTime="2009-11-12 11:16:00" Close="1.4932" Swap="0.00" Profit="39.00" Comment="andryuha77@rambler.ru[tp] (260)" />
        <deal Ticket="79145610" OpenTime="2009-11-12 02:15:00" DealType="1" Lots="0.10" Symbol="EURUSD" Open="1.4984" SL="1.4876" TP="1.4997" CloseTime="2009-11-12 04:30:00" Close="1.5000" Swap="0.00" Profit="0.00" Comment="cancelled (261)" />
        <deal Ticket="79131072" OpenTime="2009-11-11 17:45:00" DealType="1" Lots="0.10" Symbol="EURUSD" Open="1.5014" SL="1.5137" TP="1.4967" CloseTime="2009-11-11 21:46:00" Close="1.4970" Swap="0.00" Profit="0.00" Comment="cancelled (262)" />
        <deal Ticket="79087617" OpenTime="2009-11-11 00:25:00" DealType="-1" Lots="0.20" Symbol="EURUSD" Open="1.4993" SL="1.5047" TP="1.4933" CloseTime="2009-11-11 04:25:00" Close="1.4978" Swap="0.00" Profit="30.00" Comment=" (263)" />
        <deal Ticket="79045391" OpenTime="2009-11-10 07:25:00" DealType="-1" Lots="0.10" Symbol="EURUSD" Open="1.4977" SL="1.5090" TP="1.4952" CloseTime="2009-11-10 18:06:00" Close="1.4952" Swap="0.00" Profit="25.00" Comment="andryuha77@rambler.ru[tp] (264)" />
        <deal Ticket="79057367" OpenTime="2009-11-10 11:30:00" DealType="1" Lots="0.10" Symbol="EURUSD" Open="1.4977" SL="1.4860" TP="1.5009" CloseTime="2009-11-10 13:45:00" Close="1.5004" Swap="0.00" Profit="0.00" Comment="cancelled (265)" />
        <deal Ticket="79018595" OpenTime="2009-11-09 16:36:00" DealType="1" Lots="0.10" Symbol="EURUSD" Open="1.4993" SL="1.4879" TP="1.5019" CloseTime="2009-11-10 12:59:00" Close="1.5019" Swap="0.00" Profit="26.00" Comment="andryuha77@rambler.ru[tp] (266)" />
        <deal Ticket="79032791" OpenTime="2009-11-10 00:17:00" DealType="-1" Lots="0.20" Symbol="EURUSD" Open="1.5000" SL="1.5032" TP="1.4940" CloseTime="2009-11-10 02:38:00" Close="1.4996" Swap="0.00" Profit="8.00" Comment=" (267)" />
        <deal Ticket="79014760" OpenTime="2009-11-09 15:06:00" DealType="1" Lots="0.10" Symbol="EURUSD" Open="1.4989" SL="1.4877" TP="1.5012" CloseTime="2009-11-09 16:06:00" Close="1.5012" Swap="0.00" Profit="23.00" Comment="andryuha77@rambler.ru[tp] (268)" />
        <deal Ticket="79007842" OpenTime="2009-11-09 12:00:00" DealType="1" Lots="0.10" Symbol="EURUSD" Open="1.4970" SL="1.4853" TP="1.5002" CloseTime="2009-11-09 13:30:00" Close="1.4986" Swap="0.00" Profit="0.00" Comment="cancelled (269)" />
        <deal Ticket="78999155" OpenTime="2009-11-09 09:15:00" DealType="1" Lots="0.10" Symbol="EURUSD" Open="1.4940" SL="1.4828" TP="1.4963" CloseTime="2009-11-09 11:15:00" Close="1.4958" Swap="0.00" Profit="0.00" Comment="cancelled (270)" />
        <deal Ticket="78853350" OpenTime="2009-11-04 22:50:00" DealType="1" Lots="0.10" Symbol="EURUSD" Open="1.4865" SL="1.4723" TP="1.4954" CloseTime="2009-11-09 09:16:00" Close="1.4954" Swap="0.00" Profit="89.00" Comment="andryuha77@rambler.ru[tp] (271)" />
        <deal Ticket="78870752" OpenTime="2009-11-05 05:50:00" DealType="-1" Lots="0.10" Symbol="EURUSD" Open="1.4836" SL="1.4950" TP="1.4809" CloseTime="2009-11-09 09:04:00" Close="1.4950" Swap="0.00" Profit="-114.00" Comment="andryuha77@rambler.ru[sl] (272)" />
        <deal Ticket="78944632" OpenTime="2009-11-06 15:29:00" DealType="-1" Lots="0.10" Symbol="EURUSD" Open="1.4873" SL="1.4988" TP="1.4845" CloseTime="2009-11-06 15:30:00" Close="1.4845" Swap="0.00" Profit="28.00" Comment="andryuha77@rambler.ru[tp] (273)" />
        <deal Ticket="78896565" OpenTime="2009-11-05 14:45:00" DealType="1" Lots="0.10" Symbol="EURUSD" Open="1.4857" SL="1.4731" TP="1.4910" CloseTime="2009-11-05 16:45:00" Close="1.4866" Swap="0.00" Profit="0.00" Comment="cancelled (274)" />
        <deal Ticket="78875848" OpenTime="2009-11-05 08:45:00" DealType="1" Lots="0.10" Symbol="EURUSD" Open="1.4843" SL="1.4958" TP="1.4815" CloseTime="2009-11-05 11:15:00" Close="1.4838" Swap="0.00" Profit="0.00" Comment="cancelled (275)" />
        <deal Ticket="78843375" OpenTime="2009-11-04 18:00:00" DealType="1" Lots="0.20" Symbol="EURUSD" Open="1.4838" SL="1.4712" TP="2.0000" CloseTime="2009-11-04 22:00:00" Close="1.4897" Swap="0.00" Profit="118.00" Comment="buy only (276)" />
        <deal Ticket="78838510" OpenTime="2009-11-04 17:00:00" DealType="1" Lots="0.20" Symbol="EURUSD" Open="1.4809" SL="1.4705" TP="2.0000" CloseTime="2009-11-04 22:00:00" Close="1.4897" Swap="0.00" Profit="176.00" Comment="buy only (277)" />
        <deal Ticket="78846989" OpenTime="2009-11-04 20:17:00" DealType="1" Lots="0.10" Symbol="EURUSD" Open="1.4838" SL="1.4729" TP="1.4853" CloseTime="2009-11-04 21:09:00" Close="1.4853" Swap="0.00" Profit="15.00" Comment="andryuha77@rambler.ru[tp] (278)" />
        <deal Ticket="78833304" OpenTime="2009-11-04 15:30:00" DealType="1" Lots="0.10" Symbol="EURUSD" Open="1.4768" SL="1.4639" TP="1.4827" CloseTime="2009-11-04 19:15:00" Close="1.4837" Swap="0.00" Profit="0.00" Comment="cancelled (279)" />
        <deal Ticket="78811511" OpenTime="2009-11-04 08:21:00" DealType="1" Lots="0.10" Symbol="EURUSD" Open="1.4730" SL="1.4620" TP="1.4749" CloseTime="2009-11-04 08:54:00" Close="1.4749" Swap="0.00" Profit="19.00" Comment="andryuha77@rambler.ru[tp] (280)" />
        <deal Ticket="78803515" OpenTime="2009-11-04 03:48:00" DealType="1" Lots="0.10" Symbol="EURUSD" Open="1.4714" SL="1.4600" TP="1.4741" CloseTime="2009-11-04 08:46:00" Close="1.4741" Swap="0.00" Profit="27.00" Comment="andryuha77@rambler.ru[tp] (281)" />
        <deal Ticket="78799041" OpenTime="2009-11-04 02:10:00" DealType="1" Lots="0.10" Symbol="EURUSD" Open="1.4717" SL="1.4605" TP="1.4738" CloseTime="2009-11-04 08:06:00" Close="1.4738" Swap="0.00" Profit="21.00" Comment="andryuha77@rambler.ru[tp] (282)" />
        <deal Ticket="78795981" OpenTime="2009-11-03 23:31:00" DealType="-1" Lots="0.20" Symbol="EURUSD" Open="1.4723" SL="1.4811" TP="1.4673" CloseTime="2009-11-04 00:39:00" Close="1.4716" Swap="0.00" Profit="14.00" Comment=" (283)" />
        <deal Ticket="78789988" OpenTime="2009-11-03 19:45:00" DealType="1" Lots="0.10" Symbol="EURUSD" Open="1.4662" SL="1.4530" TP="1.4728" CloseTime="2009-11-04 00:15:00" Close="1.4720" Swap="0.00" Profit="0.00" Comment="cancelled (284)" />
        <deal Ticket="78776382" OpenTime="2009-11-03 16:00:00" DealType="-1" Lots="0.10" Symbol="EURUSD" Open="1.4651" SL="1.4752" TP="0.5000" CloseTime="2009-11-04 00:00:00" Close="1.4725" Swap="0.00" Profit="-74.00" Comment="sell only (285)" />
        <deal Ticket="78777474" OpenTime="2009-11-03 16:10:00" DealType="-1" Lots="0.10" Symbol="EURUSD" Open="1.4633" SL="1.4674" TP="0.0000" CloseTime="2009-11-03 17:42:00" Close="1.4674" Swap="0.00" Profit="-41.00" Comment="[sl] (286)" />
        <deal Ticket="78646065" OpenTime="2009-10-30 21:07:00" DealType="-1" Lots="0.10" Symbol="EURUSD" Open="1.4746" SL="1.4879" TP="1.4678" CloseTime="2009-11-03 12:02:00" Close="1.4678" Swap="0.00" Profit="68.00" Comment="andryuha77@rambler.ru[tp] (287)" />
        <deal Ticket="78743382" OpenTime="2009-11-03 07:15:00" DealType="1" Lots="0.10" Symbol="EURUSD" Open="1.4781" SL="1.4672" TP="1.4796" CloseTime="2009-11-03 09:00:00" Close="1.4788" Swap="0.00" Profit="0.00" Comment="cancelled (288)" />
        <deal Ticket="78715852" OpenTime="2009-11-02 18:00:00" DealType="1" Lots="0.20" Symbol="EURUSD" Open="1.4820" SL="1.4718" TP="2.0000" CloseTime="2009-11-02 21:00:00" Close="1.4735" Swap="0.00" Profit="-170.00" Comment="buy only (289)" />
        <deal Ticket="78699153" OpenTime="2009-11-02 14:44:00" DealType="1" Lots="0.10" Symbol="EURUSD" Open="1.4773" SL="1.4660" TP="1.4798" CloseTime="2009-11-02 17:00:00" Close="1.4798" Swap="0.00" Profit="25.00" Comment="andryuha77@rambler.ru[tp] (290)" />
        <deal Ticket="78641281" OpenTime="2009-10-30 19:00:00" DealType="-1" Lots="0.20" Symbol="EURUSD" Open="1.4755" SL="1.4854" TP="0.5000" CloseTime="2009-11-02 14:00:00" Close="1.4785" Swap="0.00" Profit="-60.00" Comment="sell only (291)" />
        <deal Ticket="78641320" OpenTime="2009-10-30 19:00:00" DealType="-1" Lots="0.20" Symbol="EURUSD" Open="1.4753" SL="1.4870" TP="0.5000" CloseTime="2009-11-02 14:00:00" Close="1.4785" Swap="0.00" Profit="-64.00" Comment="sell only (292)" />
        <deal Ticket="78677092" OpenTime="2009-11-02 08:53:00" DealType="1" Lots="0.10" Symbol="EURUSD" Open="1.4765" SL="1.4651" TP="1.4791" CloseTime="2009-11-02 13:32:00" Close="1.4791" Swap="0.00" Profit="26.00" Comment="andryuha77@rambler.ru[tp] (293)" />
        <deal Ticket="78632408" OpenTime="2009-10-30 17:15:00" DealType="1" Lots="0.10" Symbol="EURUSD" Open="1.4801" SL="1.4918" TP="1.4769" CloseTime="2009-10-30 19:15:00" Close="1.4763" Swap="0.00" Profit="0.00" Comment="cancelled (294)" />
        <deal Ticket="78592075" OpenTime="2009-10-29 22:19:00" DealType="1" Lots="0.10" Symbol="EURUSD" Open="1.4844" SL="1.4728" TP="1.4874" CloseTime="2009-10-30 18:17:00" Close="1.4728" Swap="0.00" Profit="-116.00" Comment="andryuha77@rambler.ru[sl] (295)" />
        <deal Ticket="78585608" OpenTime="2009-10-29 19:00:00" DealType="1" Lots="0.20" Symbol="EURUSD" Open="1.4819" SL="1.4703" TP="2.0000" CloseTime="2009-10-30 09:00:00" Close="1.4830" Swap="0.00" Profit="22.00" Comment="buy only (296)" />
        <deal Ticket="78577218" OpenTime="2009-10-29 17:00:00" DealType="1" Lots="0.20" Symbol="EURUSD" Open="1.4790" SL="1.4694" TP="2.0000" CloseTime="2009-10-30 09:00:00" Close="1.4832" Swap="0.00" Profit="84.00" Comment="buy only (297)" />
        <deal Ticket="78595782" OpenTime="2009-10-30 03:04:00" DealType="1" Lots="0.10" Symbol="EURUSD" Open="1.4829" SL="1.4720" TP="1.4846" CloseTime="2009-10-30 04:57:00" Close="1.4846" Swap="0.00" Profit="17.00" Comment="andryuha77@rambler.ru[tp] (298)" />
        <deal Ticket="78553942" OpenTime="2009-10-29 10:45:00" DealType="1" Lots="0.10" Symbol="EURUSD" Open="1.4721" SL="1.4599" TP="1.4765" CloseTime="2009-10-29 14:15:00" Close="1.4750" Swap="0.00" Profit="0.00" Comment="cancelled (299)" />
        <deal Ticket="78522723" OpenTime="2009-10-28 20:01:00" DealType="-1" Lots="0.10" Symbol="EURUSD" Open="1.4721" SL="1.4813" TP="0.5000" CloseTime="2009-10-29 14:00:00" Close="1.4749" Swap="0.00" Profit="-28.00" Comment="sell only (300)" />
        <deal Ticket="78522729" OpenTime="2009-10-28 20:01:00" DealType="-1" Lots="0.10" Symbol="EURUSD" Open="1.4721" SL="1.4834" TP="0.5000" CloseTime="2009-10-29 14:00:00" Close="1.4750" Swap="0.00" Profit="-29.00" Comment="sell only (301)" />
        <deal Ticket="78547056" OpenTime="2009-10-29 09:39:00" DealType="1" Lots="0.10" Symbol="EURUSD" Open="1.4722" SL="1.4611" TP="1.4743" CloseTime="2009-10-29 10:48:00" Close="1.4743" Swap="0.00" Profit="21.00" Comment="andryuha77@rambler.ru[tp] (302)" />
        <deal Ticket="78478230" OpenTime="2009-10-28 05:59:00" DealType="1" Lots="0.10" Symbol="EURUSD" Open="1.4805" SL="1.4686" TP="1.4841" CloseTime="2009-10-29 03:22:00" Close="1.4686" Swap="0.00" Profit="-119.00" Comment="andryuha77@rambler.ru[sl] (303)" />
        <deal Ticket="78531847" OpenTime="2009-10-29 00:47:00" DealType="-1" Lots="0.20" Symbol="EURUSD" Open="1.4722" SL="1.4841" TP="1.4672" CloseTime="2009-10-29 01:58:00" Close="1.4715" Swap="0.00" Profit="14.00" Comment=" (304)" />
        <deal Ticket="78525927" OpenTime="2009-10-28 21:15:00" DealType="1" Lots="0.10" Symbol="EURUSD" Open="1.4731" SL="1.4848" TP="1.4697" CloseTime="2009-10-29 00:31:00" Close="1.4713" Swap="0.00" Profit="0.00" Comment="cancelled (305)" />
        <deal Ticket="78529317" OpenTime="2009-10-28 23:23:00" DealType="1" Lots="0.20" Symbol="EURUSD" Open="1.4702" SL="1.4670" TP="1.4752" CloseTime="2009-10-28 23:37:00" Close="1.4712" Swap="0.00" Profit="20.00" Comment=" (306)" />
        <deal Ticket="78499827" OpenTime="2009-10-28 14:15:00" DealType="1" Lots="0.10" Symbol="EURUSD" Open="1.4789" SL="1.4903" TP="1.4763" CloseTime="2009-10-28 15:15:00" Close="1.4788" Swap="0.00" Profit="0.00" Comment="cancelled (307)" />
        <deal Ticket="78463162" OpenTime="2009-10-27 20:00:00" DealType="-1" Lots="0.10" Symbol="EURUSD" Open="1.4785" SL="1.4875" TP="0.5000" CloseTime="2009-10-28 14:00:00" Close="1.4791" Swap="0.00" Profit="-6.00" Comment="sell only (308)" />
        <deal Ticket="78458363" OpenTime="2009-10-27 18:00:00" DealType="-1" Lots="0.10" Symbol="EURUSD" Open="1.4816" SL="1.4929" TP="0.5000" CloseTime="2009-10-28 14:00:00" Close="1.4790" Swap="0.00" Profit="26.00" Comment="sell only (309)" />
        <deal Ticket="78473511" OpenTime="2009-10-28 03:33:00" DealType="1" Lots="0.10" Symbol="EURUSD" Open="1.4812" SL="1.4702" TP="1.4829" CloseTime="2009-10-28 09:50:00" Close="1.4829" Swap="0.00" Profit="17.00" Comment="andryuha77@rambler.ru[tp] (310)" />
        <deal Ticket="78470024" OpenTime="2009-10-28 00:11:00" DealType="-1" Lots="0.20" Symbol="EURUSD" Open="1.4809" SL="1.4928" TP="1.4759" CloseTime="2009-10-28 01:49:00" Close="1.4808" Swap="0.00" Profit="2.00" Comment=" (311)" />
        <deal Ticket="78461938" OpenTime="2009-10-27 19:30:00" DealType="1" Lots="0.10" Symbol="EURUSD" Open="1.4813" SL="1.4938" TP="1.4764" CloseTime="2009-10-27 21:27:00" Close="1.4803" Swap="0.00" Profit="0.00" Comment="cancelled (312)" />
    </deals>
    <balances>
        <balance Ticket="78455393" Amount="1000.00" Date="2009-10-27 17:17:00" />
    </balances>
</account>