﻿<?xml version="1.0" encoding="utf-8"?>
<account Id="14348" Broker="" Account="" Trader="" Login="" InitBalance="1000.00">
    <deals>
        <deal Ticket="8721321" OpenTime="2010-02-16 18:15:00" DealType="1" Lots="0.30" Symbol="EURUSD" Open="1.3763" SL="0.0000" TP="1.3783" CloseTime="2010-02-17 09:06:00" Close="1.3783" Swap="0.00" Profit="60.00" Comment=" (1)" />
        <deal Ticket="8712453" OpenTime="2010-02-16 16:49:00" DealType="1" Lots="0.40" Symbol="EURUSD" Open="1.3714" SL="1.3748" TP="1.3780" CloseTime="2010-02-17 07:40:00" Close="1.3748" Swap="0.00" Profit="136.00" Comment=" (2)" />
        <deal Ticket="8720906" OpenTime="2010-02-16 18:00:00" DealType="1" Lots="0.60" Symbol="EURUSD" Open="1.3741" SL="0.0000" TP="1.3761" CloseTime="2010-02-16 18:06:00" Close="1.3761" Swap="0.00" Profit="120.00" Comment=" (3)" />
        <deal Ticket="8712399" OpenTime="2010-02-16 16:33:00" DealType="1" Lots="0.40" Symbol="EURUSD" Open="1.3685" SL="1.3691" TP="1.3710" CloseTime="2010-02-16 16:49:00" Close="1.3710" Swap="0.00" Profit="100.00" Comment=" (4)" />
        <deal Ticket="8700380" OpenTime="2010-02-16 05:38:00" DealType="1" Lots="0.30" Symbol="EURUSD" Open="1.3644" SL="1.3651" TP="1.3680" CloseTime="2010-02-16 09:17:00" Close="1.3680" Swap="0.00" Profit="108.00" Comment=" (5)" />
        <deal Ticket="8698118" OpenTime="2010-02-12 18:00:00" DealType="1" Lots="0.40" Symbol="EURUSD" Open="1.3645" SL="0.0000" TP="0.0000" CloseTime="2010-02-12 21:38:00" Close="1.3605" Swap="0.00" Profit="0.00" Comment=" (6)" />
        <deal Ticket="8697407" OpenTime="2010-02-12 17:00:00" DealType="-1" Lots="0.40" Symbol="EURUSD" Open="1.3606" SL="0.0000" TP="1.3587" CloseTime="2010-02-12 21:38:00" Close="1.3606" Swap="0.00" Profit="0.00" Comment=" (7)" />
        <deal Ticket="8696484" OpenTime="2010-02-12 16:11:00" DealType="-1" Lots="0.40" Symbol="EURUSD" Open="1.3628" SL="0.0000" TP="1.3607" CloseTime="2010-02-12 16:56:00" Close="1.3607" Swap="0.00" Profit="84.00" Comment=" (8)" />
        <deal Ticket="8632641" OpenTime="2010-02-09 09:19:00" DealType="1" Lots="0.30" Symbol="EURUSD" Open="1.3802" SL="0.0000" TP="0.0000" CloseTime="2010-02-12 10:18:00" Close="1.3630" Swap="0.00" Profit="0.00" Comment=" (9)" />
        <deal Ticket="8675732" OpenTime="2010-02-11 16:00:00" DealType="-1" Lots="0.40" Symbol="EURUSD" Open="1.3649" SL="0.0000" TP="1.3629" CloseTime="2010-02-11 16:33:00" Close="1.3629" Swap="0.00" Profit="80.00" Comment=" (10)" />
        <deal Ticket="8674021" OpenTime="2010-02-11 15:00:00" DealType="-1" Lots="0.40" Symbol="EURUSD" Open="1.3693" SL="0.0000" TP="1.3675" CloseTime="2010-02-11 15:08:00" Close="1.3675" Swap="0.00" Profit="72.00" Comment=" (11)" />
        <deal Ticket="8672827" OpenTime="2010-02-11 14:00:00" DealType="-1" Lots="0.40" Symbol="EURUSD" Open="1.3726" SL="0.0000" TP="1.3705" CloseTime="2010-02-11 14:33:00" Close="1.3705" Swap="0.00" Profit="84.00" Comment=" (12)" />
        <deal Ticket="8671885" OpenTime="2010-02-11 13:00:00" DealType="-1" Lots="0.40" Symbol="EURUSD" Open="1.3735" SL="0.0000" TP="1.3717" CloseTime="2010-02-11 13:17:00" Close="1.3717" Swap="0.00" Profit="72.00" Comment=" (13)" />
        <deal Ticket="8665574" OpenTime="2010-02-11 02:00:00" DealType="-1" Lots="0.40" Symbol="EURUSD" Open="1.3766" SL="0.0000" TP="1.3729" CloseTime="2010-02-11 12:19:00" Close="1.3729" Swap="0.00" Profit="148.00" Comment=" (14)" />
        <deal Ticket="8660347" OpenTime="2010-02-10 17:00:00" DealType="-1" Lots="0.40" Symbol="EURUSD" Open="1.3696" SL="0.0000" TP="1.3729" CloseTime="2010-02-11 12:19:00" Close="1.3729" Swap="0.00" Profit="-132.00" Comment=" (15)" />
        <deal Ticket="8643552" OpenTime="2010-02-09 18:16:00" DealType="1" Lots="0.20" Symbol="EURUSD" Open="1.3842" SL="0.0000" TP="0.0000" CloseTime="2010-02-10 19:16:00" Close="1.3744" Swap="0.00" Profit="0.00" Comment=" (16)" />
        <deal Ticket="8631253" OpenTime="2010-02-09 08:00:00" DealType="-1" Lots="0.25" Symbol="EURUSD" Open="1.3721" SL="0.0000" TP="1.3687" CloseTime="2010-02-10 16:15:00" Close="1.3687" Swap="0.00" Profit="85.00" Comment=" (17)" />
        <deal Ticket="8619477" OpenTime="2010-02-08 13:00:00" DealType="-1" Lots="0.25" Symbol="EURUSD" Open="1.3658" SL="0.0000" TP="1.3687" CloseTime="2010-02-10 16:15:00" Close="1.3687" Swap="0.00" Profit="-72.50" Comment=" (18)" />
        <deal Ticket="8632258" OpenTime="2010-02-09 17:50:00" DealType="1" Lots="0.20" Symbol="EURUSD" Open="1.3787" SL="0.0000" TP="1.3822" CloseTime="2010-02-09 18:13:00" Close="1.3822" Swap="0.00" Profit="70.00" Comment=" (19)" />
        <deal Ticket="8609309" OpenTime="2010-02-09 13:37:00" DealType="1" Lots="0.20" Symbol="EURUSD" Open="1.3748" SL="1.3748" TP="1.3765" CloseTime="2010-02-09 13:45:00" Close="1.3765" Swap="0.00" Profit="34.00" Comment=" (20)" />
        <deal Ticket="8633478" OpenTime="2010-02-09 13:37:00" DealType="1" Lots="0.20" Symbol="EURUSD" Open="1.3748" SL="0.0000" TP="1.3765" CloseTime="2010-02-09 13:45:00" Close="1.3765" Swap="0.00" Profit="34.00" Comment=" (21)" />
        <deal Ticket="8620865" OpenTime="2010-02-09 06:38:00" DealType="1" Lots="0.20" Symbol="EURUSD" Open="1.3717" SL="0.0000" TP="1.3765" CloseTime="2010-02-09 10:09:00" Close="1.3724" Swap="0.00" Profit="14.00" Comment=" (22)" />
        <deal Ticket="8612262" OpenTime="2010-02-08 09:19:00" DealType="1" Lots="0.20" Symbol="EURUSD" Open="1.3682" SL="0.0000" TP="0.0000" CloseTime="2010-02-09 08:21:00" Close="1.3715" Swap="0.00" Profit="66.00" Comment=" (23)" />
        <deal Ticket="8616550" OpenTime="2010-02-08 10:00:00" DealType="-1" Lots="0.25" Symbol="EURUSD" Open="1.3700" SL="0.0000" TP="1.3662" CloseTime="2010-02-08 12:51:00" Close="1.3662" Swap="0.00" Profit="95.00" Comment=" (24)" />
        <deal Ticket="8612695" OpenTime="2010-02-08 04:00:00" DealType="-1" Lots="0.25" Symbol="EURUSD" Open="1.3630" SL="0.0000" TP="1.3662" CloseTime="2010-02-08 12:51:00" Close="1.3662" Swap="0.00" Profit="-80.00" Comment=" (25)" />
        <deal Ticket="8612054" OpenTime="2010-02-08 01:01:00" DealType="-1" Lots="0.25" Symbol="EURUSD" Open="1.3644" SL="0.0000" TP="1.3623" CloseTime="2010-02-08 03:14:00" Close="1.3623" Swap="0.00" Profit="52.50" Comment=" (26)" />
        <deal Ticket="8609844" OpenTime="2010-02-05 20:41:00" DealType="1" Lots="0.20" Symbol="EURUSD" Open="1.3626" SL="0.0000" TP="0.0000" CloseTime="2010-02-05 20:55:00" Close="1.3632" Swap="0.00" Profit="12.00" Comment=" (27)" />
        <deal Ticket="8568088" OpenTime="2010-02-04 09:22:00" DealType="1" Lots="0.20" Symbol="EURUSD" Open="1.3897" SL="0.0000" TP="0.0000" CloseTime="2010-02-04 18:23:00" Close="1.3759" Swap="0.00" Profit="0.00" Comment=" (28)" />
        <deal Ticket="8578571" OpenTime="2010-02-04 17:00:00" DealType="-1" Lots="0.35" Symbol="EURUSD" Open="1.3776" SL="0.0000" TP="1.3758" CloseTime="2010-02-04 17:32:00" Close="1.3758" Swap="0.00" Profit="63.00" Comment=" (29)" />
        <deal Ticket="8574584" OpenTime="2010-02-04 15:00:00" DealType="-1" Lots="0.35" Symbol="EURUSD" Open="1.3821" SL="0.0000" TP="1.3799" CloseTime="2010-02-04 16:05:00" Close="1.3799" Swap="0.00" Profit="77.00" Comment=" (30)" />
        <deal Ticket="8570258" OpenTime="2010-02-04 11:00:00" DealType="-1" Lots="0.35" Symbol="EURUSD" Open="1.3843" SL="0.0000" TP="1.3821" CloseTime="2010-02-04 14:58:00" Close="1.3821" Swap="0.00" Profit="77.00" Comment=" (31)" />
        <deal Ticket="8550375" OpenTime="2010-02-03 10:05:00" DealType="1" Lots="0.20" Symbol="EURUSD" Open="1.4036" SL="0.0000" TP="0.0000" CloseTime="2010-02-04 11:05:00" Close="1.3833" Swap="0.00" Profit="0.00" Comment=" (32)" />
        <deal Ticket="8567563" OpenTime="2010-02-04 09:00:00" DealType="-1" Lots="0.35" Symbol="EURUSD" Open="1.3853" SL="0.0000" TP="1.3834" CloseTime="2010-02-04 10:04:00" Close="1.3834" Swap="0.00" Profit="66.50" Comment=" (33)" />
        <deal Ticket="8548763" OpenTime="2010-02-03 08:43:00" DealType="1" Lots="0.20" Symbol="EURUSD" Open="1.4029" SL="0.0000" TP="0.0000" CloseTime="2010-02-04 09:42:00" Close="1.3851" Swap="0.00" Profit="0.00" Comment=" (34)" />
        <deal Ticket="8564826" OpenTime="2010-02-04 03:00:00" DealType="-1" Lots="0.35" Symbol="EURUSD" Open="1.3882" SL="0.0000" TP="1.3860" CloseTime="2010-02-04 08:41:00" Close="1.3860" Swap="0.00" Profit="77.00" Comment=" (35)" />
        <deal Ticket="8564252" OpenTime="2010-02-04 01:00:00" DealType="-1" Lots="0.35" Symbol="EURUSD" Open="1.3896" SL="0.0000" TP="1.3876" CloseTime="2010-02-04 02:02:00" Close="1.3876" Swap="0.00" Profit="70.00" Comment=" (36)" />
        <deal Ticket="8561903" OpenTime="2010-02-03 21:00:00" DealType="-1" Lots="0.35" Symbol="EURUSD" Open="1.3901" SL="0.0000" TP="1.3882" CloseTime="2010-02-04 00:13:00" Close="1.3882" Swap="0.00" Profit="66.50" Comment=" (37)" />
        <deal Ticket="8558362" OpenTime="2010-02-03 17:00:00" DealType="-1" Lots="0.35" Symbol="EURUSD" Open="1.3910" SL="0.0000" TP="1.3892" CloseTime="2010-02-03 20:25:00" Close="1.3892" Swap="0.00" Profit="63.00" Comment=" (38)" />
        <deal Ticket="8542731" OpenTime="2010-02-02 19:00:00" DealType="-1" Lots="0.20" Symbol="EURUSD" Open="1.3957" SL="0.0000" TP="1.3922" CloseTime="2010-02-03 16:27:00" Close="1.3922" Swap="0.00" Profit="70.00" Comment=" (39)" />
        <deal Ticket="8529903" OpenTime="2010-02-02 05:00:00" DealType="-1" Lots="0.20" Symbol="EURUSD" Open="1.3895" SL="0.0000" TP="1.3922" CloseTime="2010-02-03 16:27:00" Close="1.3922" Swap="0.00" Profit="-54.00" Comment=" (40)" />
        <deal Ticket="8550126" OpenTime="2010-02-03 10:00:00" DealType="1" Lots="0.15" Symbol="EURUSD" Open="1.4008" SL="0.0000" TP="1.4025" CloseTime="2010-02-03 11:03:00" Close="1.4009" Swap="0.00" Profit="1.50" Comment=" (41)" />
        <deal Ticket="8543759" OpenTime="2010-02-03 09:38:00" DealType="1" Lots="0.20" Symbol="EURUSD" Open="1.3990" SL="0.0000" TP="1.4012" CloseTime="2010-02-03 10:02:00" Close="1.4012" Swap="0.00" Profit="44.00" Comment=" (42)" />
        <deal Ticket="8537222" OpenTime="2010-02-03 08:34:00" DealType="1" Lots="0.20" Symbol="EURUSD" Open="1.3987" SL="0.0000" TP="1.4001" CloseTime="2010-02-03 09:55:00" Close="1.4001" Swap="0.00" Profit="28.00" Comment=" (43)" />
        <deal Ticket="8531520" OpenTime="2010-02-02 08:39:00" DealType="1" Lots="0.15" Symbol="EURUSD" Open="1.3943" SL="0.0000" TP="1.3968" CloseTime="2010-02-02 18:29:00" Close="1.3968" Swap="0.00" Profit="37.50" Comment=" (44)" />
        <deal Ticket="8529197" OpenTime="2010-02-02 03:00:00" DealType="-1" Lots="0.20" Symbol="EURUSD" Open="1.3907" SL="0.0000" TP="1.3887" CloseTime="2010-02-02 04:43:00" Close="1.3887" Swap="0.00" Profit="40.00" Comment=" (45)" />
        <deal Ticket="8528000" OpenTime="2010-02-01 23:00:00" DealType="-1" Lots="0.20" Symbol="EURUSD" Open="1.3928" SL="0.0000" TP="1.3908" CloseTime="2010-02-02 02:18:00" Close="1.3908" Swap="0.00" Profit="40.00" Comment=" (46)" />
        <deal Ticket="8493215" OpenTime="2010-01-29 02:00:00" DealType="-1" Lots="0.20" Symbol="EURUSD" Open="1.3928" SL="0.0000" TP="1.3909" CloseTime="2010-01-29 02:21:00" Close="1.3927" Swap="0.00" Profit="2.00" Comment=" (47)" />
        <deal Ticket="8487136" OpenTime="2010-01-28 17:50:00" DealType="1" Lots="0.35" Symbol="EURUSD" Open="1.4052" SL="0.0000" TP="0.0000" CloseTime="2010-01-29 02:21:00" Close="1.3926" Swap="0.00" Profit="0.00" Comment=" (48)" />
        <deal Ticket="8486690" OpenTime="2010-01-28 17:36:00" DealType="-1" Lots="0.20" Symbol="EURUSD" Open="1.3953" SL="0.0000" TP="1.3932" CloseTime="2010-01-29 01:28:00" Close="1.3932" Swap="0.00" Profit="42.00" Comment=" (49)" />
        <deal Ticket="8465617" OpenTime="2010-01-27 20:21:00" DealType="1" Lots="0.35" Symbol="EURUSD" Open="1.4090" SL="0.0000" TP="0.0000" CloseTime="2010-01-28 14:54:00" Close="1.3993" Swap="0.00" Profit="0.00" Comment=" (50)" />
        <deal Ticket="8472232" OpenTime="2010-01-28 04:00:00" DealType="-1" Lots="0.20" Symbol="EURUSD" Open="1.4005" SL="0.0000" TP="1.3984" CloseTime="2010-01-28 14:31:00" Close="1.3984" Swap="0.00" Profit="42.00" Comment=" (51)" />
        <deal Ticket="8471521" OpenTime="2010-01-28 03:00:00" DealType="-1" Lots="0.20" Symbol="EURUSD" Open="1.3976" SL="0.0000" TP="1.3956" CloseTime="2010-01-28 03:08:00" Close="1.3956" Swap="0.00" Profit="40.00" Comment=" (52)" />
        <deal Ticket="8470703" OpenTime="2010-01-28 02:00:00" DealType="-1" Lots="0.20" Symbol="EURUSD" Open="1.4002" SL="0.0000" TP="1.3982" CloseTime="2010-01-28 02:45:00" Close="1.3982" Swap="0.00" Profit="40.00" Comment=" (53)" />
        <deal Ticket="8469233" OpenTime="2010-01-27 22:00:00" DealType="-1" Lots="0.20" Symbol="EURUSD" Open="1.4017" SL="0.0000" TP="1.3997" CloseTime="2010-01-28 01:52:00" Close="1.3997" Swap="0.00" Profit="40.00" Comment=" (54)" />
        <deal Ticket="8467370" OpenTime="2010-01-27 21:00:00" DealType="-1" Lots="0.20" Symbol="EURUSD" Open="1.4031" SL="0.0000" TP="1.4011" CloseTime="2010-01-27 21:10:00" Close="1.4011" Swap="0.00" Profit="40.00" Comment=" (55)" />
        <deal Ticket="8465267" OpenTime="2010-01-27 20:18:00" DealType="-1" Lots="0.20" Symbol="EURUSD" Open="1.4023" SL="0.0000" TP="1.4003" CloseTime="2010-01-27 20:26:00" Close="1.4003" Swap="0.00" Profit="40.00" Comment=" (56)" />
        <deal Ticket="8459067" OpenTime="2010-01-27 15:00:00" DealType="-1" Lots="0.35" Symbol="EURUSD" Open="1.4045" SL="0.0000" TP="1.4025" CloseTime="2010-01-27 15:08:00" Close="1.4039" Swap="0.00" Profit="21.00" Comment=" (57)" />
        <deal Ticket="8453047" OpenTime="2010-01-27 10:01:00" DealType="1" Lots="0.35" Symbol="EURUSD" Open="1.4100" SL="0.0000" TP="0.0000" CloseTime="2010-01-27 15:06:00" Close="1.4038" Swap="0.00" Profit="0.00" Comment=" (58)" />
        <deal Ticket="8440965" OpenTime="2010-01-27 09:47:00" DealType="-1" Lots="0.35" Symbol="EURUSD" Open="1.4024" SL="0.0000" TP="0.0000" CloseTime="2010-01-27 15:06:00" Close="1.4038" Swap="0.00" Profit="-49.00" Comment=" (59)" />
        <deal Ticket="8457817" OpenTime="2010-01-27 14:00:00" DealType="-1" Lots="0.35" Symbol="EURUSD" Open="1.4077" SL="0.0000" TP="1.4056" CloseTime="2010-01-27 14:46:00" Close="1.4056" Swap="0.00" Profit="73.50" Comment=" (60)" />
        <deal Ticket="8448361" OpenTime="2010-01-27 02:00:00" DealType="-1" Lots="0.15" Symbol="EURUSD" Open="1.4068" SL="0.0000" TP="1.4048" CloseTime="2010-01-27 08:14:00" Close="1.4048" Swap="0.00" Profit="30.00" Comment=" (61)" />
        <deal Ticket="8445926" OpenTime="2010-01-26 21:00:00" DealType="-1" Lots="0.15" Symbol="EURUSD" Open="1.4083" SL="0.0000" TP="1.4064" CloseTime="2010-01-27 01:10:00" Close="1.4064" Swap="0.00" Profit="28.50" Comment=" (62)" />
        <deal Ticket="8439835" OpenTime="2010-01-26 15:14:00" DealType="-1" Lots="0.35" Symbol="EURUSD" Open="1.4057" SL="0.0000" TP="1.4034" CloseTime="2010-01-26 15:41:00" Close="1.4057" Swap="0.00" Profit="0.00" Comment=" (63)" />
        <deal Ticket="8430397" OpenTime="2010-01-26 07:45:00" DealType="-1" Lots="0.35" Symbol="EURUSD" Open="1.4072" SL="0.0000" TP="1.4054" CloseTime="2010-01-26 08:20:00" Close="1.4080" Swap="0.00" Profit="-28.00" Comment=" (64)" />
        <deal Ticket="8428850" OpenTime="2010-01-26 06:00:00" DealType="-1" Lots="0.35" Symbol="EURUSD" Open="1.4089" SL="0.0000" TP="1.4069" CloseTime="2010-01-26 08:20:00" Close="1.4077" Swap="0.00" Profit="42.00" Comment=" (65)" />
        <deal Ticket="8428241" OpenTime="2010-01-26 05:00:00" DealType="1" Lots="0.20" Symbol="EURUSD" Open="1.4114" SL="0.0000" TP="1.4155" CloseTime="2010-01-26 08:20:00" Close="1.4079" Swap="0.00" Profit="-70.00" Comment=" (66)" />
        <deal Ticket="8425670" OpenTime="2010-01-25 22:40:00" DealType="1" Lots="0.35" Symbol="EURUSD" Open="1.4196" SL="0.0000" TP="0.0000" CloseTime="2010-01-26 08:20:00" Close="1.4081" Swap="0.00" Profit="0.00" Comment=" (67)" />
        <deal Ticket="8415937" OpenTime="2010-01-25 11:45:00" DealType="1" Lots="0.20" Symbol="EURUSD" Open="1.4189" SL="0.0000" TP="1.4155" CloseTime="2010-01-26 08:20:00" Close="1.4078" Swap="0.00" Profit="-222.00" Comment=" (68)" />
        <deal Ticket="8429374" OpenTime="2010-01-26 06:30:00" DealType="-1" Lots="0.35" Symbol="EURUSD" Open="1.4093" SL="0.0000" TP="1.4072" CloseTime="2010-01-26 07:36:00" Close="1.4072" Swap="0.00" Profit="73.50" Comment=" (69)" />
        <deal Ticket="8428404" OpenTime="2010-01-26 05:15:00" DealType="-1" Lots="0.35" Symbol="EURUSD" Open="1.4102" SL="0.0000" TP="1.4083" CloseTime="2010-01-26 06:16:00" Close="1.4083" Swap="0.00" Profit="66.50" Comment=" (70)" />
        <deal Ticket="8428236" OpenTime="2010-01-26 05:00:00" DealType="-1" Lots="0.35" Symbol="EURUSD" Open="1.4112" SL="0.0000" TP="1.4092" CloseTime="2010-01-26 05:52:00" Close="1.4092" Swap="0.00" Profit="70.00" Comment=" (71)" />
        <deal Ticket="8404643" OpenTime="2010-01-22 17:00:00" DealType="-1" Lots="0.35" Symbol="EURUSD" Open="1.4129" SL="0.0000" TP="1.4104" CloseTime="2010-01-26 05:00:00" Close="1.4104" Swap="0.00" Profit="87.50" Comment=" (72)" />
        <deal Ticket="8418988" OpenTime="2010-01-25 15:00:00" DealType="-1" Lots="0.35" Symbol="EURUSD" Open="1.4141" SL="0.0000" TP="1.4120" CloseTime="2010-01-26 04:25:00" Close="1.4120" Swap="0.00" Profit="73.50" Comment=" (73)" />
        <deal Ticket="8385811" OpenTime="2010-01-21 18:39:00" DealType="1" Lots="0.35" Symbol="EURUSD" Open="1.4026" SL="0.0000" TP="0.0000" CloseTime="2010-01-25 19:39:00" Close="1.4148" Swap="0.00" Profit="0.00" Comment=" (74)" />
        <deal Ticket="8416238" OpenTime="2010-01-25 12:00:00" DealType="-1" Lots="0.35" Symbol="EURUSD" Open="1.4189" SL="0.0000" TP="1.4154" CloseTime="2010-01-25 14:06:00" Close="1.4154" Swap="0.00" Profit="122.50" Comment=" (75)" />
        <deal Ticket="8404623" OpenTime="2010-01-22 17:00:00" DealType="-1" Lots="0.35" Symbol="EURUSD" Open="1.4124" SL="0.0000" TP="1.4154" CloseTime="2010-01-25 14:06:00" Close="1.4154" Swap="0.00" Profit="-105.00" Comment=" (76)" />
        <deal Ticket="8384460" OpenTime="2010-01-21 18:14:00" DealType="1" Lots="0.35" Symbol="EURUSD" Open="1.4142" SL="1.4154" TP="1.4190" CloseTime="2010-01-25 11:59:00" Close="1.4190" Swap="0.00" Profit="168.00" Comment=" (77)" />
        <deal Ticket="8409641" OpenTime="2010-01-25 00:15:00" DealType="1" Lots="0.20" Symbol="EURUSD" Open="1.4156" SL="0.0000" TP="1.4176" CloseTime="2010-01-25 11:37:00" Close="1.4176" Swap="0.00" Profit="40.00" Comment=" (78)" />
        <deal Ticket="8390418" OpenTime="2010-01-22 00:10:00" DealType="1" Lots="0.35" Symbol="EURUSD" Open="1.4020" SL="0.0000" TP="0.0000" CloseTime="2010-01-25 01:10:00" Close="1.4141" Swap="0.00" Profit="0.00" Comment=" (79)" />
        <deal Ticket="8384018" OpenTime="2010-01-21 18:12:00" DealType="1" Lots="0.35" Symbol="EURUSD" Open="1.4137" SL="0.0000" TP="1.4185" CloseTime="2010-01-22 19:34:00" Close="1.4153" Swap="0.00" Profit="56.00" Comment=" (80)" />
        <deal Ticket="8399018" OpenTime="2010-01-22 13:00:00" DealType="-1" Lots="0.35" Symbol="EURUSD" Open="1.4108" SL="0.0000" TP="1.4088" CloseTime="2010-01-22 16:10:00" Close="1.4088" Swap="0.00" Profit="70.00" Comment=" (81)" />
        <deal Ticket="8399007" OpenTime="2010-01-22 13:00:00" DealType="-1" Lots="0.35" Symbol="EURUSD" Open="1.4109" SL="0.0000" TP="1.4089" CloseTime="2010-01-22 16:10:00" Close="1.4089" Swap="0.00" Profit="70.00" Comment=" (82)" />
        <deal Ticket="8394581" OpenTime="2010-01-22 09:00:00" DealType="-1" Lots="0.20" Symbol="EURUSD" Open="1.4148" SL="0.0000" TP="1.4112" CloseTime="2010-01-22 12:50:00" Close="1.4112" Swap="0.00" Profit="72.00" Comment=" (83)" />
        <deal Ticket="8389630" OpenTime="2010-01-21 23:00:00" DealType="-1" Lots="0.20" Symbol="EURUSD" Open="1.4084" SL="0.0000" TP="1.4112" CloseTime="2010-01-22 12:50:00" Close="1.4112" Swap="0.00" Profit="-56.00" Comment=" (84)" />
        <deal Ticket="8396896" OpenTime="2010-01-22 11:00:00" DealType="-1" Lots="0.35" Symbol="EURUSD" Open="1.4155" SL="0.0000" TP="1.4120" CloseTime="2010-01-22 12:40:00" Close="1.4120" Swap="0.00" Profit="122.50" Comment=" (85)" />
        <deal Ticket="8390867" OpenTime="2010-01-22 01:01:00" DealType="-1" Lots="0.35" Symbol="EURUSD" Open="1.4090" SL="0.0000" TP="1.4120" CloseTime="2010-01-22 12:40:00" Close="1.4120" Swap="0.00" Profit="-105.00" Comment=" (86)" />
        <deal Ticket="8384543" OpenTime="2010-01-21 18:00:00" DealType="-1" Lots="0.25" Symbol="EURUSD" Open="1.4105" SL="0.0000" TP="1.4069" CloseTime="2010-01-22 00:09:00" Close="1.4069" Swap="0.00" Profit="90.00" Comment=" (87)" />
        <deal Ticket="8374832" OpenTime="2010-01-21 12:00:00" DealType="-1" Lots="0.25" Symbol="EURUSD" Open="1.4039" SL="0.0000" TP="1.4069" CloseTime="2010-01-22 00:09:00" Close="1.4069" Swap="0.00" Profit="-75.00" Comment=" (88)" />
        <deal Ticket="8386271" OpenTime="2010-01-21 19:00:00" DealType="-1" Lots="0.20" Symbol="EURUSD" Open="1.4101" SL="0.0000" TP="1.4080" CloseTime="2010-01-21 22:49:00" Close="1.4080" Swap="0.00" Profit="42.00" Comment=" (89)" />
        <deal Ticket="8385200" OpenTime="2010-01-21 18:15:00" DealType="-1" Lots="0.20" Symbol="EURUSD" Open="1.4136" SL="0.0000" TP="1.4088" CloseTime="2010-01-21 18:49:00" Close="1.4088" Swap="0.00" Profit="96.00" Comment=" (90)" />
        <deal Ticket="8380337" OpenTime="2010-01-21 16:30:00" DealType="-1" Lots="0.20" Symbol="EURUSD" Open="1.4048" SL="0.0000" TP="1.4088" CloseTime="2010-01-21 18:49:00" Close="1.4088" Swap="0.00" Profit="-80.00" Comment=" (91)" />
        <deal Ticket="8378996" OpenTime="2010-01-21 15:45:00" DealType="-1" Lots="0.20" Symbol="EURUSD" Open="1.4101" SL="0.0000" TP="1.4066" CloseTime="2010-01-21 16:24:00" Close="1.4066" Swap="0.00" Profit="70.00" Comment=" (92)" />
        <deal Ticket="8374812" OpenTime="2010-01-21 12:00:00" DealType="-1" Lots="0.20" Symbol="EURUSD" Open="1.4038" SL="0.0000" TP="1.4066" CloseTime="2010-01-21 16:24:00" Close="1.4066" Swap="0.00" Profit="-56.00" Comment=" (93)" />
        <deal Ticket="8373727" OpenTime="2010-01-21 11:00:00" DealType="-1" Lots="0.25" Symbol="EURUSD" Open="1.4054" SL="0.0000" TP="1.4035" CloseTime="2010-01-21 11:45:00" Close="1.4035" Swap="0.00" Profit="47.50" Comment=" (94)" />
        <deal Ticket="8372940" OpenTime="2010-01-21 10:30:00" DealType="-1" Lots="0.20" Symbol="EURUSD" Open="1.4054" SL="0.0000" TP="1.4035" CloseTime="2010-01-21 11:45:00" Close="1.4035" Swap="0.00" Profit="38.00" Comment=" (95)" />
        <deal Ticket="8368268" OpenTime="2010-01-21 04:00:00" DealType="-1" Lots="0.20" Symbol="EURUSD" Open="1.4080" SL="0.0000" TP="1.4061" CloseTime="2010-01-21 10:06:00" Close="1.4061" Swap="0.00" Profit="38.00" Comment=" (96)" />
        <deal Ticket="8364123" OpenTime="2010-01-20 19:00:00" DealType="-1" Lots="0.20" Symbol="EURUSD" Open="1.4113" SL="0.0000" TP="1.4093" CloseTime="2010-01-21 03:00:00" Close="1.4093" Swap="0.00" Profit="40.00" Comment=" (97)" />
        <deal Ticket="8363304" OpenTime="2010-01-20 18:00:00" DealType="-1" Lots="0.35" Symbol="EURUSD" Open="1.4090" SL="0.0000" TP="1.4071" CloseTime="2010-01-20 18:08:00" Close="1.4089" Swap="0.00" Profit="3.50" Comment=" (98)" />
        <deal Ticket="8362911" OpenTime="2010-01-20 17:36:00" DealType="-1" Lots="0.15" Symbol="EURUSD" Open="1.4098" SL="0.0000" TP="1.4078" CloseTime="2010-01-20 18:08:00" Close="1.4089" Swap="0.00" Profit="13.50" Comment=" (99)" />
        <deal Ticket="8362028" OpenTime="2010-01-20 17:00:00" DealType="-1" Lots="0.35" Symbol="EURUSD" Open="1.4113" SL="0.0000" TP="1.4093" CloseTime="2010-01-20 17:58:00" Close="1.4093" Swap="0.00" Profit="70.00" Comment=" (100)" />
        <deal Ticket="8361413" OpenTime="2010-01-20 16:30:00" DealType="-1" Lots="0.15" Symbol="EURUSD" Open="1.4114" SL="0.0000" TP="1.4095" CloseTime="2010-01-20 17:25:00" Close="1.4095" Swap="0.00" Profit="28.50" Comment=" (101)" />
        <deal Ticket="8360433" OpenTime="2010-01-20 16:00:00" DealType="-1" Lots="0.35" Symbol="EURUSD" Open="1.4132" SL="0.0000" TP="1.4112" CloseTime="2010-01-20 16:25:00" Close="1.4112" Swap="0.00" Profit="70.00" Comment=" (102)" />
        <deal Ticket="8356468" OpenTime="2010-01-20 13:00:00" DealType="-1" Lots="0.35" Symbol="EURUSD" Open="1.4145" SL="0.0000" TP="1.4125" CloseTime="2010-01-20 15:31:00" Close="1.4125" Swap="0.00" Profit="70.00" Comment=" (103)" />
        <deal Ticket="8355196" OpenTime="2010-01-20 12:00:00" DealType="-1" Lots="0.30" Symbol="EURUSD" Open="1.4175" SL="0.0000" TP="1.4155" CloseTime="2010-01-20 12:12:00" Close="1.4155" Swap="0.00" Profit="60.00" Comment=" (104)" />
        <deal Ticket="8351875" OpenTime="2010-01-20 09:00:00" DealType="-1" Lots="0.20" Symbol="EURUSD" Open="1.4192" SL="1.4188" TP="1.4172" CloseTime="2010-01-20 11:53:00" Close="1.4172" Swap="0.00" Profit="40.00" Comment=" (105)" />
        <deal Ticket="8350010" OpenTime="2010-01-20 07:00:00" DealType="-1" Lots="0.30" Symbol="EURUSD" Open="1.4185" SL="0.0000" TP="1.4165" CloseTime="2010-01-20 08:53:00" Close="1.4201" Swap="0.00" Profit="-48.00" Comment=" (106)" />
        <deal Ticket="8349765" OpenTime="2010-01-20 06:45:00" DealType="-1" Lots="0.30" Symbol="EURUSD" Open="1.4180" SL="0.0000" TP="1.4162" CloseTime="2010-01-20 08:53:00" Close="1.4200" Swap="0.00" Profit="-60.00" Comment=" (107)" />
        <deal Ticket="8339371" OpenTime="2010-01-20 02:18:00" DealType="-1" Lots="0.50" Symbol="EURUSD" Open="1.4211" SL="0.0000" TP="0.0000" CloseTime="2010-01-20 08:53:00" Close="1.4201" Swap="0.00" Profit="50.00" Comment=" (108)" />
        <deal Ticket="8334620" OpenTime="2010-01-19 11:30:00" DealType="1" Lots="0.25" Symbol="EURUSD" Open="1.4334" SL="0.0000" TP="1.4370" CloseTime="2010-01-20 08:53:00" Close="1.4198" Swap="0.00" Profit="-340.00" Comment=" (109)" />
        <deal Ticket="8319554" OpenTime="2010-01-18 16:35:00" DealType="1" Lots="0.25" Symbol="EURUSD" Open="1.4393" SL="0.0000" TP="1.4370" CloseTime="2010-01-20 08:53:00" Close="1.4198" Swap="0.00" Profit="-487.50" Comment=" (110)" />
        <deal Ticket="8348115" OpenTime="2010-01-20 03:15:00" DealType="-1" Lots="0.30" Symbol="EURUSD" Open="1.4206" SL="0.0000" TP="1.4185" CloseTime="2010-01-20 06:43:00" Close="1.4185" Swap="0.00" Profit="63.00" Comment=" (111)" />
        <deal Ticket="8349192" OpenTime="2010-01-20 06:00:00" DealType="-1" Lots="0.30" Symbol="EURUSD" Open="1.4210" SL="0.0000" TP="1.4190" CloseTime="2010-01-20 06:42:00" Close="1.4190" Swap="0.00" Profit="60.00" Comment=" (112)" />
        <deal Ticket="8348382" OpenTime="2010-01-20 04:00:00" DealType="-1" Lots="0.30" Symbol="EURUSD" Open="1.4218" SL="0.0000" TP="1.4197" CloseTime="2010-01-20 05:12:00" Close="1.4197" Swap="0.00" Profit="63.00" Comment=" (113)" />
        <deal Ticket="8347884" OpenTime="2010-01-20 03:00:00" DealType="-1" Lots="0.30" Symbol="EURUSD" Open="1.4212" SL="0.0000" TP="1.4191" CloseTime="2010-01-20 03:17:00" Close="1.4191" Swap="0.00" Profit="63.00" Comment=" (114)" />
        <deal Ticket="8347646" OpenTime="2010-01-20 02:30:00" DealType="-1" Lots="0.30" Symbol="EURUSD" Open="1.4223" SL="0.0000" TP="1.4203" CloseTime="2010-01-20 03:01:00" Close="1.4203" Swap="0.00" Profit="60.00" Comment=" (115)" />
        <deal Ticket="8346913" OpenTime="2010-01-20 02:17:00" DealType="-1" Lots="0.25" Symbol="EURUSD" Open="1.4252" SL="0.0000" TP="0.0000" CloseTime="2010-01-20 02:23:00" Close="1.4219" Swap="0.00" Profit="82.50" Comment=" (116)" />
        <deal Ticket="8337883" OpenTime="2010-01-19 14:00:00" DealType="-1" Lots="0.25" Symbol="EURUSD" Open="1.4271" SL="0.0000" TP="1.4250" CloseTime="2010-01-20 02:17:00" Close="1.4250" Swap="0.00" Profit="52.50" Comment=" (117)" />
        <deal Ticket="8337617" OpenTime="2010-01-19 13:45:00" DealType="-1" Lots="0.25" Symbol="EURUSD" Open="1.4271" SL="0.0000" TP="1.4251" CloseTime="2010-01-20 02:17:00" Close="1.4251" Swap="0.00" Profit="50.00" Comment=" (118)" />
        <deal Ticket="8336518" OpenTime="2010-01-19 13:00:00" DealType="-1" Lots="0.25" Symbol="EURUSD" Open="1.4298" SL="0.0000" TP="1.4277" CloseTime="2010-01-19 13:35:00" Close="1.4277" Swap="0.00" Profit="52.50" Comment=" (119)" />
        <deal Ticket="8336504" OpenTime="2010-01-19 13:00:00" DealType="-1" Lots="0.25" Symbol="EURUSD" Open="1.4298" SL="0.0000" TP="1.4277" CloseTime="2010-01-19 13:35:00" Close="1.4277" Swap="0.00" Profit="52.50" Comment=" (120)" />
        <deal Ticket="8335176" OpenTime="2010-01-19 12:00:00" DealType="-1" Lots="0.25" Symbol="EURUSD" Open="1.4310" SL="0.0000" TP="1.4289" CloseTime="2010-01-19 12:55:00" Close="1.4289" Swap="0.00" Profit="52.50" Comment=" (121)" />
        <deal Ticket="8334183" OpenTime="2010-01-19 11:12:00" DealType="-1" Lots="0.25" Symbol="EURUSD" Open="1.4321" SL="0.0000" TP="1.4301" CloseTime="2010-01-19 12:47:00" Close="1.4301" Swap="0.00" Profit="50.00" Comment=" (122)" />
        <deal Ticket="8333583" OpenTime="2010-01-19 11:00:00" DealType="-1" Lots="0.25" Symbol="EURUSD" Open="1.4347" SL="0.0000" TP="1.4327" CloseTime="2010-01-19 11:07:00" Close="1.4327" Swap="0.00" Profit="50.00" Comment=" (123)" />
        <deal Ticket="8333548" OpenTime="2010-01-19 11:00:00" DealType="-1" Lots="0.20" Symbol="EURUSD" Open="1.4342" SL="0.0000" TP="1.4332" CloseTime="2010-01-19 11:07:00" Close="1.4332" Swap="0.00" Profit="20.00" Comment=" (124)" />
        <deal Ticket="8318412" OpenTime="2010-01-18 09:00:00" DealType="-1" Lots="0.20" Symbol="EURUSD" Open="1.4381" SL="0.0000" TP="1.4361" CloseTime="2010-01-19 10:49:00" Close="1.4361" Swap="0.00" Profit="40.00" Comment=" (125)" />
        <deal Ticket="8328791" OpenTime="2010-01-19 03:00:00" DealType="-1" Lots="0.20" Symbol="EURUSD" Open="1.4403" SL="0.0000" TP="1.4369" CloseTime="2010-01-19 10:42:00" Close="1.4369" Swap="0.00" Profit="68.00" Comment=" (126)" />
        <deal Ticket="8315382" OpenTime="2010-01-18 02:00:00" DealType="-1" Lots="0.20" Symbol="EURUSD" Open="1.4343" SL="0.0000" TP="1.4369" CloseTime="2010-01-19 10:42:00" Close="1.4369" Swap="0.00" Profit="-52.00" Comment=" (127)" />
        <deal Ticket="8315057" OpenTime="2010-01-18 01:01:00" DealType="-1" Lots="0.20" Symbol="EURUSD" Open="1.4369" SL="0.0000" TP="1.4349" CloseTime="2010-01-18 01:54:00" Close="1.4349" Swap="0.00" Profit="40.00" Comment=" (128)" />
        <deal Ticket="8308578" OpenTime="2010-01-15 15:00:00" DealType="-1" Lots="0.20" Symbol="EURUSD" Open="1.4373" SL="0.0000" TP="1.4353" CloseTime="2010-01-15 20:10:00" Close="1.4369" Swap="0.00" Profit="8.00" Comment=" (129)" />
        <deal Ticket="8306060" OpenTime="2010-01-15 12:30:00" DealType="-1" Lots="0.45" Symbol="EURUSD" Open="1.4373" SL="0.0000" TP="1.4354" CloseTime="2010-01-15 20:10:00" Close="1.4370" Swap="0.00" Profit="13.50" Comment=" (130)" />
        <deal Ticket="8305485" OpenTime="2010-01-15 11:59:00" DealType="1" Lots="0.15" Symbol="EURUSD" Open="1.4388" SL="0.0000" TP="1.4480" CloseTime="2010-01-15 20:10:00" Close="1.4368" Swap="0.00" Profit="-30.00" Comment=" (131)" />
        <deal Ticket="8287097" OpenTime="2010-01-14 13:00:00" DealType="1" Lots="0.15" Symbol="EURUSD" Open="1.4492" SL="0.0000" TP="1.4480" CloseTime="2010-01-15 20:10:00" Close="1.4368" Swap="0.00" Profit="-186.00" Comment=" (132)" />
        <deal Ticket="8281993" OpenTime="2010-01-14 07:00:00" DealType="1" Lots="0.15" Symbol="EURUSD" Open="1.4550" SL="0.0000" TP="1.4480" CloseTime="2010-01-15 20:10:00" Close="1.4369" Swap="0.00" Profit="-271.50" Comment=" (133)" />
        <deal Ticket="8305493" OpenTime="2010-01-15 11:59:00" DealType="-1" Lots="0.20" Symbol="EURUSD" Open="1.4386" SL="0.0000" TP="1.4366" CloseTime="2010-01-15 14:35:00" Close="1.4366" Swap="0.00" Profit="40.00" Comment=" (134)" />
        <deal Ticket="8302901" OpenTime="2010-01-15 09:15:00" DealType="-1" Lots="0.50" Symbol="EURUSD" Open="1.4396" SL="0.0000" TP="1.4375" CloseTime="2010-01-15 12:24:00" Close="1.4375" Swap="0.00" Profit="105.00" Comment=" (135)" />
        <deal Ticket="8303656" OpenTime="2010-01-15 10:00:00" DealType="-1" Lots="0.20" Symbol="EURUSD" Open="1.4407" SL="0.0000" TP="1.4386" CloseTime="2010-01-15 11:34:00" Close="1.4386" Swap="0.00" Profit="42.00" Comment=" (136)" />
        <deal Ticket="8299448" OpenTime="2010-01-15 04:00:00" DealType="-1" Lots="0.45" Symbol="EURUSD" Open="1.4424" SL="0.0000" TP="1.4404" CloseTime="2010-01-15 09:00:00" Close="1.4404" Swap="0.00" Profit="90.00" Comment=" (137)" />
        <deal Ticket="8262844" OpenTime="2010-01-14 17:11:00" DealType="-1" Lots="0.50" Symbol="EURUSD" Open="1.4447" SL="0.0000" TP="0.0000" CloseTime="2010-01-15 07:06:00" Close="1.4428" Swap="0.00" Profit="95.00" Comment=" (138)" />
        <deal Ticket="8298923" OpenTime="2010-01-15 03:00:00" DealType="-1" Lots="0.45" Symbol="EURUSD" Open="1.4435" SL="0.0000" TP="1.4416" CloseTime="2010-01-15 03:21:00" Close="1.4416" Swap="0.00" Profit="85.50" Comment=" (139)" />
        <deal Ticket="8294164" OpenTime="2010-01-14 18:00:00" DealType="-1" Lots="0.20" Symbol="EURUSD" Open="1.4477" SL="0.0000" TP="1.4456" CloseTime="2010-01-15 02:53:00" Close="1.4456" Swap="0.00" Profit="42.00" Comment=" (140)" />
        <deal Ticket="8291732" OpenTime="2010-01-14 16:00:00" DealType="-1" Lots="0.35" Symbol="EURUSD" Open="1.4472" SL="0.0000" TP="1.4451" CloseTime="2010-01-14 17:11:00" Close="1.4451" Swap="0.00" Profit="73.50" Comment=" (141)" />
        <deal Ticket="8287839" OpenTime="2010-01-14 13:45:00" DealType="-1" Lots="0.35" Symbol="EURUSD" Open="1.4485" SL="0.0000" TP="1.4464" CloseTime="2010-01-14 15:57:00" Close="1.4464" Swap="0.00" Profit="73.50" Comment=" (142)" />
        <deal Ticket="8276766" OpenTime="2010-01-13 18:32:00" DealType="-1" Lots="0.30" Symbol="EURUSD" Open="1.4499" SL="0.0000" TP="1.4480" CloseTime="2010-01-14 13:33:00" Close="1.4480" Swap="0.00" Profit="57.00" Comment=" (143)" />
        <deal Ticket="8280635" OpenTime="2010-01-14 02:00:00" DealType="1" Lots="0.15" Symbol="EURUSD" Open="1.4533" SL="0.0000" TP="1.4553" CloseTime="2010-01-14 06:43:00" Close="1.4553" Swap="0.00" Profit="30.00" Comment=" (144)" />
        <deal Ticket="8277306" OpenTime="2010-01-13 19:00:00" DealType="1" Lots="0.15" Symbol="EURUSD" Open="1.4505" SL="0.0000" TP="1.4526" CloseTime="2010-01-14 01:04:00" Close="1.4526" Swap="0.00" Profit="31.50" Comment=" (145)" />
        <deal Ticket="8275434" OpenTime="2010-01-13 17:30:00" DealType="-1" Lots="0.30" Symbol="EURUSD" Open="1.4491" SL="0.0000" TP="1.4472" CloseTime="2010-01-13 17:49:00" Close="1.4478" Swap="0.00" Profit="39.00" Comment=" (146)" />
        <deal Ticket="8273252" OpenTime="2010-01-13 16:20:00" DealType="-1" Lots="0.30" Symbol="EURUSD" Open="1.4509" SL="0.0000" TP="1.4489" CloseTime="2010-01-13 17:16:00" Close="1.4489" Swap="0.00" Profit="60.00" Comment=" (147)" />
        <deal Ticket="8272765" OpenTime="2010-01-13 16:06:00" DealType="-1" Lots="0.30" Symbol="EURUSD" Open="1.4532" SL="0.0000" TP="1.4513" CloseTime="2010-01-13 16:17:00" Close="1.4513" Swap="0.00" Profit="57.00" Comment=" (148)" />
        <deal Ticket="8255911" OpenTime="2010-01-13 13:07:00" DealType="1" Lots="0.20" Symbol="EURUSD" Open="1.4556" SL="0.0000" TP="0.0000" CloseTime="2010-01-13 13:14:00" Close="1.4566" Swap="0.00" Profit="20.00" Comment=" (149)" />
        <deal Ticket="8261228" OpenTime="2010-01-13 01:01:00" DealType="1" Lots="0.20" Symbol="EURUSD" Open="1.4474" SL="0.0000" TP="1.4510" CloseTime="2010-01-13 08:02:00" Close="1.4510" Swap="0.00" Profit="72.00" Comment=" (150)" />
        <deal Ticket="8256130" OpenTime="2010-01-12 17:00:00" DealType="1" Lots="0.20" Symbol="EURUSD" Open="1.4538" SL="0.0000" TP="1.4510" CloseTime="2010-01-13 08:02:00" Close="1.4510" Swap="0.00" Profit="-56.00" Comment=" (151)" />
        <deal Ticket="8261966" OpenTime="2010-01-13 03:00:00" DealType="1" Lots="0.40" Symbol="EURUSD" Open="1.4477" SL="0.0000" TP="1.4497" CloseTime="2010-01-13 06:05:00" Close="1.4485" Swap="0.00" Profit="32.00" Comment=" (152)" />
        <deal Ticket="8244242" OpenTime="2010-01-12 05:15:00" DealType="-1" Lots="0.20" Symbol="EURUSD" Open="1.4480" SL="0.0000" TP="1.4459" CloseTime="2010-01-13 02:16:00" Close="1.4459" Swap="0.00" Profit="42.00" Comment=" (153)" />
        <deal Ticket="8244963" OpenTime="2010-01-12 07:31:00" DealType="1" Lots="0.20" Symbol="EURUSD" Open="1.4512" SL="1.4512" TP="1.4530" CloseTime="2010-01-12 16:33:00" Close="1.4530" Swap="0.00" Profit="36.00" Comment=" (154)" />
        <deal Ticket="8214991" OpenTime="2010-01-08 14:12:00" DealType="1" Lots="0.40" Symbol="EURUSD" Open="1.4255" SL="0.0000" TP="1.4235" CloseTime="2010-01-08 14:35:00" Close="1.4335" Swap="0.00" Profit="0.00" Comment=" (155)" />
        <deal Ticket="8200952" OpenTime="2010-01-08 06:54:00" DealType="1" Lots="0.40" Symbol="EURUSD" Open="1.4297" SL="0.0000" TP="1.4375" CloseTime="2010-01-08 14:35:00" Close="1.4339" Swap="0.00" Profit="168.00" Comment=" (156)" />
        <deal Ticket="8199453" OpenTime="2010-01-07 11:14:00" DealType="1" Lots="0.50" Symbol="EURUSD" Open="1.4217" SL="0.0000" TP="0.0000" CloseTime="2010-01-08 14:35:00" Close="1.4338" Swap="0.00" Profit="0.00" Comment=" (157)" />
        <deal Ticket="8198479" OpenTime="2010-01-07 10:00:00" DealType="1" Lots="0.35" Symbol="EURUSD" Open="1.4365" SL="0.0000" TP="1.4397" CloseTime="2010-01-08 14:35:00" Close="1.4340" Swap="0.00" Profit="-87.50" Comment=" (158)" />
        <deal Ticket="8194301" OpenTime="2010-01-07 02:00:00" DealType="1" Lots="0.35" Symbol="EURUSD" Open="1.4424" SL="0.0000" TP="1.4397" CloseTime="2010-01-08 14:35:00" Close="1.4343" Swap="0.00" Profit="-283.50" Comment=" (159)" />
        <deal Ticket="8190348" OpenTime="2010-01-06 20:03:00" DealType="1" Lots="0.40" Symbol="EURUSD" Open="1.4420" SL="0.0000" TP="1.4375" CloseTime="2010-01-08 14:35:00" Close="1.4343" Swap="0.00" Profit="-308.00" Comment=" (160)" />
        <deal Ticket="8209574" OpenTime="2010-01-08 07:00:00" DealType="-1" Lots="0.55" Symbol="EURUSD" Open="1.4293" SL="0.0000" TP="1.4271" CloseTime="2010-01-08 14:09:00" Close="1.4271" Swap="0.00" Profit="121.00" Comment=" (161)" />
        <deal Ticket="8203738" OpenTime="2010-01-07 16:00:00" DealType="-1" Lots="0.15" Symbol="EURUSD" Open="1.4318" SL="0.0000" TP="1.4296" CloseTime="2010-01-08 06:54:00" Close="1.4296" Swap="0.00" Profit="33.00" Comment=" (162)" />
        <deal Ticket="8201572" OpenTime="2010-01-07 14:00:00" DealType="-1" Lots="0.30" Symbol="EURUSD" Open="1.4316" SL="0.0000" TP="1.4296" CloseTime="2010-01-07 17:41:00" Close="1.4313" Swap="0.00" Profit="9.00" Comment=" (163)" />
        <deal Ticket="8200818" OpenTime="2010-01-07 13:02:00" DealType="-1" Lots="0.15" Symbol="EURUSD" Open="1.4334" SL="0.0000" TP="1.4314" CloseTime="2010-01-07 14:03:00" Close="1.4314" Swap="0.00" Profit="30.00" Comment=" (164)" />
        <deal Ticket="8199996" OpenTime="2010-01-07 12:00:00" DealType="-1" Lots="0.45" Symbol="EURUSD" Open="1.4349" SL="0.0000" TP="1.4327" CloseTime="2010-01-07 13:04:00" Close="1.4327" Swap="0.00" Profit="99.00" Comment=" (165)" />
        <deal Ticket="8196279" OpenTime="2010-01-07 08:00:00" DealType="-1" Lots="0.30" Symbol="EURUSD" Open="1.4364" SL="0.0000" TP="1.4343" CloseTime="2010-01-07 11:15:00" Close="1.4343" Swap="0.00" Profit="63.00" Comment=" (166)" />
        <deal Ticket="8196264" OpenTime="2010-01-07 08:00:00" DealType="-1" Lots="0.20" Symbol="EURUSD" Open="1.4363" SL="0.0000" TP="1.4345" CloseTime="2010-01-07 11:15:00" Close="1.4345" Swap="0.00" Profit="36.00" Comment=" (167)" />
        <deal Ticket="8189066" OpenTime="2010-01-06 17:03:00" DealType="-1" Lots="0.30" Symbol="EURUSD" Open="1.4395" SL="0.0000" TP="1.4359" CloseTime="2010-01-07 07:55:00" Close="1.4359" Swap="0.00" Profit="108.00" Comment=" (168)" />
        <deal Ticket="8181182" OpenTime="2010-01-06 09:00:00" DealType="-1" Lots="0.30" Symbol="EURUSD" Open="1.4327" SL="0.0000" TP="1.4359" CloseTime="2010-01-07 07:55:00" Close="1.4359" Swap="0.00" Profit="-96.00" Comment=" (169)" />
        <deal Ticket="8192994" OpenTime="2010-01-06 22:00:00" DealType="-1" Lots="0.20" Symbol="EURUSD" Open="1.4410" SL="0.0000" TP="1.4375" CloseTime="2010-01-07 07:15:00" Close="1.4375" Swap="0.00" Profit="70.00" Comment=" (170)" />
        <deal Ticket="8184851" OpenTime="2010-01-06 13:00:00" DealType="-1" Lots="0.20" Symbol="EURUSD" Open="1.4348" SL="0.0000" TP="1.4375" CloseTime="2010-01-07 07:15:00" Close="1.4375" Swap="0.00" Profit="-54.00" Comment=" (171)" />
        <deal Ticket="8192478" OpenTime="2010-01-06 21:00:00" DealType="1" Lots="0.35" Symbol="EURUSD" Open="1.4410" SL="0.0000" TP="1.4429" CloseTime="2010-01-07 01:13:00" Close="1.4429" Swap="0.00" Profit="66.50" Comment=" (172)" />
        <deal Ticket="8189060" OpenTime="2010-01-06 17:03:00" DealType="1" Lots="0.35" Symbol="EURUSD" Open="1.4397" SL="0.0000" TP="1.4416" CloseTime="2010-01-06 20:03:00" Close="1.4416" Swap="0.00" Profit="66.50" Comment=" (173)" />
        <deal Ticket="8187981" OpenTime="2010-01-06 17:03:00" DealType="1" Lots="0.40" Symbol="EURUSD" Open="1.4394" SL="0.0000" TP="1.4495" CloseTime="2010-01-06 18:01:00" Close="1.4398" Swap="0.00" Profit="16.00" Comment=" (174)" />
        <deal Ticket="8183236" OpenTime="2010-01-06 11:00:00" DealType="1" Lots="0.20" Symbol="EURUSD" Open="1.4379" SL="0.0000" TP="1.4399" CloseTime="2010-01-06 16:15:00" Close="1.4383" Swap="0.00" Profit="8.00" Comment=" (175)" />
        <deal Ticket="8164501" OpenTime="2010-01-05 08:06:00" DealType="1" Lots="0.90" Symbol="EURUSD" Open="1.4547" SL="0.0000" TP="0.0000" CloseTime="2010-01-06 09:06:00" Close="1.4332" Swap="0.00" Profit="0.00" Comment=" (176)" />
        <deal Ticket="8180076" OpenTime="2010-01-06 08:00:00" DealType="-1" Lots="0.30" Symbol="EURUSD" Open="1.4310" SL="0.0000" TP="1.4290" CloseTime="2010-01-06 08:08:00" Close="1.4290" Swap="0.00" Profit="60.00" Comment=" (177)" />
        <deal Ticket="8178136" OpenTime="2010-01-06 02:00:00" DealType="-1" Lots="0.30" Symbol="EURUSD" Open="1.4347" SL="0.0000" TP="1.4327" CloseTime="2010-01-06 07:45:00" Close="1.4327" Swap="0.00" Profit="60.00" Comment=" (178)" />
        <deal Ticket="8175878" OpenTime="2010-01-05 20:00:00" DealType="-1" Lots="0.30" Symbol="EURUSD" Open="1.4360" SL="0.0000" TP="1.4341" CloseTime="2010-01-06 01:39:00" Close="1.4341" Swap="0.00" Profit="57.00" Comment=" (179)" />
        <deal Ticket="8163667" OpenTime="2010-01-05 07:00:00" DealType="-1" Lots="0.30" Symbol="EURUSD" Open="1.4462" SL="0.0000" TP="1.4355" CloseTime="2010-01-05 19:45:00" Close="1.4355" Swap="0.00" Profit="321.00" Comment=" (180)" />
        <deal Ticket="8148729" OpenTime="2010-01-04 10:00:00" DealType="-1" Lots="0.30" Symbol="EURUSD" Open="1.4339" SL="0.0000" TP="1.4355" CloseTime="2010-01-05 19:45:00" Close="1.4355" Swap="0.00" Profit="-48.00" Comment=" (181)" />
        <deal Ticket="8136178" OpenTime="2010-01-04 03:00:00" DealType="-1" Lots="0.30" Symbol="EURUSD" Open="1.4270" SL="0.0000" TP="1.4355" CloseTime="2010-01-05 19:45:00" Close="1.4355" Swap="0.00" Profit="-255.00" Comment=" (182)" />
        <deal Ticket="8163659" OpenTime="2010-01-05 07:00:00" DealType="1" Lots="0.10" Symbol="EURUSD" Open="1.4464" SL="0.0000" TP="1.4485" CloseTime="2010-01-05 08:03:00" Close="1.4477" Swap="0.00" Profit="13.00" Comment=" (183)" />
        <deal Ticket="8154391" OpenTime="2010-01-05 06:49:00" DealType="1" Lots="0.60" Symbol="EURUSD" Open="1.4462" SL="0.0000" TP="1.4475" CloseTime="2010-01-05 07:59:00" Close="1.4475" Swap="0.00" Profit="78.00" Comment=" (184)" />
        <deal Ticket="8161703" OpenTime="2010-01-05 01:01:00" DealType="1" Lots="0.10" Symbol="EURUSD" Open="1.4427" SL="0.0000" TP="1.4447" CloseTime="2010-01-05 06:46:00" Close="1.4447" Swap="0.00" Profit="20.00" Comment=" (185)" />
        <deal Ticket="8154475" OpenTime="2010-01-04 15:03:00" DealType="1" Lots="0.30" Symbol="EURUSD" Open="1.4432" SL="0.0000" TP="1.4452" CloseTime="2010-01-04 16:53:00" Close="1.4452" Swap="0.00" Profit="60.00" Comment=" (186)" />
        <deal Ticket="8152244" OpenTime="2010-01-04 13:00:00" DealType="1" Lots="0.30" Symbol="EURUSD" Open="1.4394" SL="0.0000" TP="1.4414" CloseTime="2010-01-04 13:55:00" Close="1.4395" Swap="0.00" Profit="3.00" Comment=" (187)" />
        <deal Ticket="8150287" OpenTime="2010-01-04 11:00:00" DealType="1" Lots="0.30" Symbol="EURUSD" Open="1.4395" SL="0.0000" TP="1.4414" CloseTime="2010-01-04 12:23:00" Close="1.4414" Swap="0.00" Profit="57.00" Comment=" (188)" />
        <deal Ticket="8149339" OpenTime="2010-01-04 10:20:00" DealType="1" Lots="0.30" Symbol="EURUSD" Open="1.4345" SL="0.0000" TP="1.4365" CloseTime="2010-01-04 10:32:00" Close="1.4365" Swap="0.00" Profit="60.00" Comment=" (189)" />
        <deal Ticket="8133633" OpenTime="2010-01-04 01:01:00" DealType="-1" Lots="0.30" Symbol="EURUSD" Open="1.4306" SL="0.0000" TP="1.4287" CloseTime="2010-01-04 02:00:00" Close="1.4287" Swap="0.00" Profit="57.00" Comment=" (190)" />
        <deal Ticket="8133305" OpenTime="2010-01-04 00:15:00" DealType="-1" Lots="0.30" Symbol="EURUSD" Open="1.4329" SL="0.0000" TP="1.4310" CloseTime="2010-01-04 01:01:00" Close="1.4310" Swap="0.00" Profit="57.00" Comment=" (191)" />
        <deal Ticket="8112219" OpenTime="2009-12-29 18:00:00" DealType="-1" Lots="0.20" Symbol="EURUSD" Open="1.4353" SL="0.0000" TP="1.4334" CloseTime="2009-12-29 18:59:00" Close="1.4346" Swap="0.00" Profit="14.00" Comment=" (192)" />
        <deal Ticket="8084634" OpenTime="2009-12-23 20:53:00" DealType="-1" Lots="0.10" Symbol="EURUSD" Open="1.4336" SL="0.0000" TP="1.4317" CloseTime="2009-12-23 21:16:00" Close="1.4329" Swap="0.00" Profit="7.00" Comment=" (193)" />
        <deal Ticket="8070822" OpenTime="2009-12-22 21:00:00" DealType="-1" Lots="0.10" Symbol="EURUSD" Open="1.4251" SL="0.0000" TP="1.4232" CloseTime="2009-12-23 09:43:00" Close="1.4246" Swap="0.00" Profit="5.00" Comment=" (194)" />
        <deal Ticket="8067601" OpenTime="2009-12-22 17:00:00" DealType="-1" Lots="0.10" Symbol="EURUSD" Open="1.4228" SL="0.0000" TP="1.4208" CloseTime="2009-12-22 17:04:00" Close="1.4222" Swap="0.00" Profit="6.00" Comment=" (195)" />
        <deal Ticket="8067541" OpenTime="2009-12-22 16:58:00" DealType="-1" Lots="0.10" Symbol="EURUSD" Open="1.4232" SL="0.0000" TP="1.4212" CloseTime="2009-12-22 17:00:00" Close="1.4229" Swap="0.00" Profit="3.00" Comment=" (196)" />
        <deal Ticket="8062937" OpenTime="2009-12-22 16:46:00" DealType="-1" Lots="0.20" Symbol="EURUSD" Open="1.4257" SL="1.4253" TP="1.4235" CloseTime="2009-12-22 16:46:00" Close="1.4235" Swap="0.00" Profit="44.00" Comment=" (197)" />
        <deal Ticket="8062966" OpenTime="2009-12-22 14:00:00" DealType="-1" Lots="0.10" Symbol="EURUSD" Open="1.4269" SL="0.0000" TP="1.4250" CloseTime="2009-12-22 14:00:00" Close="1.4272" Swap="0.00" Profit="-3.00" Comment=" (198)" />
        <deal Ticket="8062965" OpenTime="2009-12-22 14:00:00" DealType="-1" Lots="0.35" Symbol="EURUSD" Open="1.4270" SL="0.0000" TP="1.4250" CloseTime="2009-12-22 14:00:00" Close="1.4270" Swap="0.00" Profit="0.00" Comment=" (199)" />
        <deal Ticket="8062113" OpenTime="2009-12-22 13:05:00" DealType="1" Lots="0.20" Symbol="EURUSD" Open="1.4342" SL="0.0000" TP="0.0000" CloseTime="2009-12-22 13:57:00" Close="1.4274" Swap="0.00" Profit="0.00" Comment=" (200)" />
        <deal Ticket="8062029" OpenTime="2009-12-22 13:00:00" DealType="-1" Lots="0.10" Symbol="EURUSD" Open="1.4280" SL="0.0000" TP="1.4259" CloseTime="2009-12-22 13:57:00" Close="1.4273" Swap="0.00" Profit="7.00" Comment=" (201)" />
        <deal Ticket="8054327" OpenTime="2009-12-21 21:21:00" DealType="1" Lots="0.20" Symbol="EURUSD" Open="1.4374" SL="0.0000" TP="0.0000" CloseTime="2009-12-22 13:57:00" Close="1.4273" Swap="0.00" Profit="0.00" Comment=" (202)" />
        <deal Ticket="8054273" OpenTime="2009-12-21 21:18:00" DealType="-1" Lots="0.20" Symbol="EURUSD" Open="1.4270" SL="0.0000" TP="1.4251" CloseTime="2009-12-22 13:57:00" Close="1.4273" Swap="0.00" Profit="-6.00" Comment=" (203)" />
        <deal Ticket="8060826" OpenTime="2009-12-22 11:30:00" DealType="-1" Lots="0.10" Symbol="EURUSD" Open="1.4310" SL="0.0000" TP="1.4290" CloseTime="2009-12-22 12:41:00" Close="1.4290" Swap="0.00" Profit="20.00" Comment=" (204)" />
        <deal Ticket="8052794" OpenTime="2009-12-21 19:09:00" DealType="1" Lots="0.20" Symbol="EURUSD" Open="1.4374" SL="0.0000" TP="0.0000" CloseTime="2009-12-21 19:25:00" Close="1.4301" Swap="0.00" Profit="0.00" Comment=" (205)" />
        <deal Ticket="8052778" OpenTime="2009-12-21 19:07:00" DealType="-1" Lots="0.20" Symbol="EURUSD" Open="1.4306" SL="0.0000" TP="1.4286" CloseTime="2009-12-21 19:24:00" Close="1.4296" Swap="0.00" Profit="20.00" Comment=" (206)" />
        <deal Ticket="8052069" OpenTime="2009-12-21 18:04:00" DealType="1" Lots="0.20" Symbol="EURUSD" Open="1.4373" SL="0.0000" TP="1.4398" CloseTime="2009-12-21 18:54:00" Close="1.4309" Swap="0.00" Profit="0.00" Comment=" (207)" />
        <deal Ticket="8049270" OpenTime="2009-12-21 15:28:00" DealType="1" Lots="0.15" Symbol="EURUSD" Open="1.4414" SL="0.0000" TP="0.0000" CloseTime="2009-12-21 18:54:00" Close="1.4309" Swap="0.00" Profit="0.00" Comment=" (208)" />
        <deal Ticket="8051109" OpenTime="2009-12-21 17:00:00" DealType="-1" Lots="0.20" Symbol="EURUSD" Open="1.4312" SL="0.0000" TP="1.4292" CloseTime="2009-12-21 18:53:00" Close="1.4309" Swap="0.00" Profit="6.00" Comment=" (209)" />
        <deal Ticket="8049244" OpenTime="2009-12-21 15:26:00" DealType="-1" Lots="0.20" Symbol="EURUSD" Open="1.4346" SL="0.0000" TP="1.4326" CloseTime="2009-12-21 16:12:00" Close="1.4326" Swap="0.00" Profit="40.00" Comment=" (210)" />
        <deal Ticket="8048263" OpenTime="2009-12-21 14:13:00" DealType="1" Lots="1.00" Symbol="EURUSD" Open="1.4254" SL="0.0000" TP="0.0000" CloseTime="2009-12-21 14:14:00" Close="1.4369" Swap="0.00" Profit="0.00" Comment=" (211)" />
        <deal Ticket="8032121" OpenTime="2009-12-18 14:18:00" DealType="1" Lots="0.20" Symbol="EURUSD" Open="1.4418" SL="0.0000" TP="0.0000" CloseTime="2009-12-18 16:51:00" Close="1.4271" Swap="0.00" Profit="0.00" Comment=" (212)" />
        <deal Ticket="8027636" OpenTime="2009-12-18 09:32:00" DealType="1" Lots="0.10" Symbol="EURUSD" Open="1.4482" SL="0.0000" TP="0.0000" CloseTime="2009-12-18 16:51:00" Close="1.4272" Swap="0.00" Profit="0.00" Comment=" (213)" />
        <deal Ticket="8027231" OpenTime="2009-12-18 09:10:00" DealType="1" Lots="0.10" Symbol="EURUSD" Open="1.4414" SL="0.0000" TP="1.4450" CloseTime="2009-12-18 16:51:00" Close="1.4272" Swap="0.00" Profit="0.00" Comment=" (214)" />
        <deal Ticket="8024301" OpenTime="2009-12-18 05:16:00" DealType="1" Lots="0.20" Symbol="EURUSD" Open="1.4486" SL="0.0000" TP="0.0000" CloseTime="2009-12-18 16:51:00" Close="1.4273" Swap="0.00" Profit="0.00" Comment=" (215)" />
        <deal Ticket="8024245" OpenTime="2009-12-18 05:05:00" DealType="1" Lots="0.20" Symbol="EURUSD" Open="1.4412" SL="0.0000" TP="1.4440" CloseTime="2009-12-18 16:51:00" Close="1.4272" Swap="0.00" Profit="0.00" Comment=" (216)" />
        <deal Ticket="8035086" OpenTime="2009-12-18 16:42:00" DealType="-1" Lots="0.40" Symbol="EURUSD" Open="1.4300" SL="0.0000" TP="1.4273" CloseTime="2009-12-18 16:50:00" Close="1.4273" Swap="0.00" Profit="108.00" Comment=" (217)" />
        <deal Ticket="8035413" OpenTime="2009-12-18 16:45:00" DealType="-1" Lots="0.15" Symbol="EURUSD" Open="1.4302" SL="0.0000" TP="1.4281" CloseTime="2009-12-18 16:49:00" Close="1.4281" Swap="0.00" Profit="31.50" Comment=" (218)" />
        <deal Ticket="8032801" OpenTime="2009-12-18 15:00:00" DealType="-1" Lots="0.25" Symbol="EURUSD" Open="1.4316" SL="0.0000" TP="1.4296" CloseTime="2009-12-18 16:40:00" Close="1.4313" Swap="0.00" Profit="7.50" Comment=" (219)" />
        <deal Ticket="8032818" OpenTime="2009-12-18 15:00:00" DealType="-1" Lots="0.15" Symbol="EURUSD" Open="1.4316" SL="0.0000" TP="1.4297" CloseTime="2009-12-18 16:40:00" Close="1.4313" Swap="0.00" Profit="4.50" Comment=" (220)" />
        <deal Ticket="8032809" OpenTime="2009-12-18 15:00:00" DealType="-1" Lots="0.05" Symbol="EURUSD" Open="1.4317" SL="0.0000" TP="1.4296" CloseTime="2009-12-18 16:38:00" Close="1.4317" Swap="0.00" Profit="0.00" Comment=" (221)" />
        <deal Ticket="8031497" OpenTime="2009-12-18 13:45:00" DealType="-1" Lots="0.15" Symbol="EURUSD" Open="1.4347" SL="0.0000" TP="1.4327" CloseTime="2009-12-18 14:58:00" Close="1.4327" Swap="0.00" Profit="30.00" Comment=" (222)" />
        <deal Ticket="8022774" OpenTime="2009-12-18 02:00:00" DealType="-1" Lots="0.05" Symbol="EURUSD" Open="1.4343" SL="0.0000" TP="1.4324" CloseTime="2009-12-18 14:58:00" Close="1.4324" Swap="0.00" Profit="9.50" Comment=" (223)" />
        <deal Ticket="8023858" OpenTime="2009-12-18 04:00:00" DealType="-1" Lots="0.05" Symbol="EURUSD" Open="1.4377" SL="0.0000" TP="1.4332" CloseTime="2009-12-18 14:40:00" Close="1.4332" Swap="0.00" Profit="22.50" Comment=" (224)" />
        <deal Ticket="8017271" OpenTime="2009-12-17 18:00:00" DealType="-1" Lots="0.05" Symbol="EURUSD" Open="1.4316" SL="0.0000" TP="1.4332" CloseTime="2009-12-18 14:40:00" Close="1.4332" Swap="0.00" Profit="-8.00" Comment=" (225)" />
        <deal Ticket="8023498" OpenTime="2009-12-18 03:16:00" DealType="-1" Lots="0.05" Symbol="EURUSD" Open="1.4398" SL="0.0000" TP="1.4342" CloseTime="2009-12-18 13:35:00" Close="1.4342" Swap="0.00" Profit="28.00" Comment=" (226)" />
        <deal Ticket="8017265" OpenTime="2009-12-17 18:00:00" DealType="-1" Lots="0.05" Symbol="EURUSD" Open="1.4316" SL="0.0000" TP="1.4342" CloseTime="2009-12-18 13:35:00" Close="1.4342" Swap="0.00" Profit="-13.00" Comment=" (227)" />
        <deal Ticket="8020222" OpenTime="2009-12-18 03:05:00" DealType="1" Lots="0.20" Symbol="EURUSD" Open="1.4372" SL="0.0000" TP="0.0000" CloseTime="2009-12-18 05:02:00" Close="1.4386" Swap="0.00" Profit="28.00" Comment=" (228)" />
        <deal Ticket="8022115" OpenTime="2009-12-18 01:01:00" DealType="-1" Lots="0.05" Symbol="EURUSD" Open="1.4342" SL="0.0000" TP="1.4322" CloseTime="2009-12-18 01:32:00" Close="1.4322" Swap="0.00" Profit="10.00" Comment=" (229)" />
        <deal Ticket="8019982" OpenTime="2009-12-17 21:15:00" DealType="-1" Lots="0.10" Symbol="EURUSD" Open="1.4345" SL="0.0000" TP="1.4325" CloseTime="2009-12-18 00:11:00" Close="1.4325" Swap="0.00" Profit="20.00" Comment=" (230)" />
        <deal Ticket="8015377" OpenTime="2009-12-17 16:41:00" DealType="1" Lots="0.25" Symbol="EURUSD" Open="1.4376" SL="0.0000" TP="0.0000" CloseTime="2009-12-17 20:49:00" Close="1.4352" Swap="0.00" Profit="0.00" Comment=" (231)" />
        <deal Ticket="8009606" OpenTime="2009-12-17 11:45:00" DealType="-1" Lots="0.10" Symbol="EURUSD" Open="1.4336" SL="0.0000" TP="1.4315" CloseTime="2009-12-17 17:58:00" Close="1.4315" Swap="0.00" Profit="21.00" Comment=" (232)" />
        <deal Ticket="8010022" OpenTime="2009-12-17 12:00:00" DealType="-1" Lots="0.20" Symbol="EURUSD" Open="1.4342" SL="0.0000" TP="1.4322" CloseTime="2009-12-17 17:42:00" Close="1.4322" Swap="0.00" Profit="40.00" Comment=" (233)" />
        <deal Ticket="8010360" OpenTime="2009-12-17 13:29:00" DealType="1" Lots="0.20" Symbol="EURUSD" Open="1.4366" SL="1.4366" TP="1.4387" CloseTime="2009-12-17 15:53:00" Close="1.4366" Swap="0.00" Profit="0.00" Comment=" (234)" />
        <deal Ticket="8011715" OpenTime="2009-12-17 13:59:00" DealType="1" Lots="0.20" Symbol="EURUSD" Open="1.4292" SL="0.0000" TP="1.4337" CloseTime="2009-12-17 15:41:00" Close="1.4374" Swap="0.00" Profit="0.00" Comment=" (235)" />
        <deal Ticket="8010312" OpenTime="2009-12-17 12:12:00" DealType="1" Lots="2.00" Symbol="EURUSD" Open="1.4375" SL="0.0000" TP="0.0000" CloseTime="2009-12-17 12:14:00" Close="1.4356" Swap="0.00" Profit="0.00" Comment=" (236)" />
        <deal Ticket="8008423" OpenTime="2009-12-17 11:00:00" DealType="-1" Lots="0.20" Symbol="EURUSD" Open="1.4365" SL="0.0000" TP="1.4344" CloseTime="2009-12-17 11:39:00" Close="1.4344" Swap="0.00" Profit="42.00" Comment=" (237)" />
        <deal Ticket="8008437" OpenTime="2009-12-17 11:00:00" DealType="-1" Lots="0.10" Symbol="EURUSD" Open="1.4366" SL="0.0000" TP="1.4344" CloseTime="2009-12-17 11:39:00" Close="1.4344" Swap="0.00" Profit="22.00" Comment=" (238)" />
        <deal Ticket="8002567" OpenTime="2009-12-17 06:00:00" DealType="-1" Lots="0.20" Symbol="EURUSD" Open="1.4388" SL="0.0000" TP="1.4368" CloseTime="2009-12-17 10:45:00" Close="1.4368" Swap="0.00" Profit="40.00" Comment=" (239)" />
        <deal Ticket="8002332" OpenTime="2009-12-17 05:45:00" DealType="-1" Lots="0.10" Symbol="EURUSD" Open="1.4377" SL="0.0000" TP="1.4357" CloseTime="2009-12-17 10:45:00" Close="1.4357" Swap="0.00" Profit="20.00" Comment=" (240)" />
        <deal Ticket="7997686" OpenTime="2009-12-16 21:14:00" DealType="1" Lots="0.12" Symbol="EURUSD" Open="1.4595" SL="0.0000" TP="0.0000" CloseTime="2009-12-17 10:19:00" Close="1.4393" Swap="0.00" Profit="0.00" Comment=" (241)" />
        <deal Ticket="7997253" OpenTime="2009-12-16 20:49:00" DealType="1" Lots="0.12" Symbol="EURUSD" Open="1.4593" SL="0.0000" TP="1.4613" CloseTime="2009-12-17 10:19:00" Close="1.4393" Swap="0.00" Profit="0.00" Comment=" (242)" />
        <deal Ticket="8001032" OpenTime="2009-12-17 04:15:00" DealType="-1" Lots="0.10" Symbol="EURUSD" Open="1.4389" SL="0.0000" TP="1.4370" CloseTime="2009-12-17 05:43:00" Close="1.4370" Swap="0.00" Profit="19.00" Comment=" (243)" />
        <deal Ticket="8001621" OpenTime="2009-12-17 05:00:00" DealType="-1" Lots="0.20" Symbol="EURUSD" Open="1.4419" SL="0.0000" TP="1.4399" CloseTime="2009-12-17 05:25:00" Close="1.4399" Swap="0.00" Profit="40.00" Comment=" (244)" />
        <deal Ticket="8000631" OpenTime="2009-12-17 04:00:00" DealType="-1" Lots="0.10" Symbol="EURUSD" Open="1.4429" SL="0.0000" TP="1.4410" CloseTime="2009-12-17 04:06:00" Close="1.4410" Swap="0.00" Profit="19.00" Comment=" (245)" />
        <deal Ticket="8000624" OpenTime="2009-12-17 04:00:00" DealType="-1" Lots="0.20" Symbol="EURUSD" Open="1.4433" SL="0.0000" TP="1.4410" CloseTime="2009-12-17 04:06:00" Close="1.4410" Swap="0.00" Profit="46.00" Comment=" (246)" />
        <deal Ticket="7999720" OpenTime="2009-12-17 03:00:00" DealType="-1" Lots="0.20" Symbol="EURUSD" Open="1.4469" SL="0.0000" TP="1.4448" CloseTime="2009-12-17 03:47:00" Close="1.4448" Swap="0.00" Profit="42.00" Comment=" (247)" />
        <deal Ticket="7999710" OpenTime="2009-12-17 03:00:00" DealType="-1" Lots="0.10" Symbol="EURUSD" Open="1.4468" SL="0.0000" TP="1.4448" CloseTime="2009-12-17 03:47:00" Close="1.4448" Swap="0.00" Profit="20.00" Comment=" (248)" />
        <deal Ticket="7999398" OpenTime="2009-12-17 02:45:00" DealType="-1" Lots="0.10" Symbol="EURUSD" Open="1.4487" SL="0.0000" TP="1.4468" CloseTime="2009-12-17 02:49:00" Close="1.4468" Swap="0.00" Profit="19.00" Comment=" (249)" />
        <deal Ticket="7997442" OpenTime="2009-12-16 21:00:00" DealType="-1" Lots="0.05" Symbol="EURUSD" Open="1.4512" SL="0.0000" TP="1.4495" CloseTime="2009-12-17 02:44:00" Close="1.4495" Swap="0.00" Profit="8.50" Comment=" (250)" />
        <deal Ticket="7996737" OpenTime="2009-12-16 20:30:00" DealType="-1" Lots="0.05" Symbol="EURUSD" Open="1.4513" SL="0.0000" TP="1.4497" CloseTime="2009-12-17 02:44:00" Close="1.4497" Swap="0.00" Profit="8.00" Comment=" (251)" />
        <deal Ticket="7994122" OpenTime="2009-12-16 18:57:00" DealType="1" Lots="0.25" Symbol="EURUSD" Open="1.4593" SL="0.0000" TP="0.0000" CloseTime="2009-12-16 20:24:00" Close="1.4513" Swap="0.00" Profit="0.00" Comment=" (252)" />
        <deal Ticket="7994167" OpenTime="2009-12-16 19:00:00" DealType="-1" Lots="0.15" Symbol="EURUSD" Open="1.4536" SL="0.0000" TP="1.4516" CloseTime="2009-12-16 20:23:00" Close="1.4516" Swap="0.00" Profit="30.00" Comment=" (253)" />
        <deal Ticket="7994162" OpenTime="2009-12-16 19:00:00" DealType="-1" Lots="0.25" Symbol="EURUSD" Open="1.4536" SL="0.0000" TP="1.4517" CloseTime="2009-12-16 20:17:00" Close="1.4517" Swap="0.00" Profit="47.50" Comment=" (254)" />
        <deal Ticket="7994594" OpenTime="2009-12-16 19:27:00" DealType="1" Lots="0.10" Symbol="EURUSD" Open="1.4552" SL="0.0000" TP="1.4569" CloseTime="2009-12-16 20:16:00" Close="1.4569" Swap="0.00" Profit="17.00" Comment=" (255)" />
        <deal Ticket="7994196" OpenTime="2009-12-16 19:01:00" DealType="1" Lots="0.25" Symbol="EURUSD" Open="1.4596" SL="0.0000" TP="0.0000" CloseTime="2009-12-16 19:28:00" Close="1.4549" Swap="0.00" Profit="0.00" Comment=" (256)" />
        <deal Ticket="7986985" OpenTime="2009-12-16 13:25:00" DealType="1" Lots="0.25" Symbol="EURUSD" Open="1.4617" SL="0.0000" TP="0.0000" CloseTime="2009-12-16 18:44:00" Close="1.4546" Swap="0.00" Profit="0.00" Comment=" (257)" />
        <deal Ticket="7986458" OpenTime="2009-12-16 13:03:00" DealType="1" Lots="0.25" Symbol="EURUSD" Open="1.4598" SL="0.0000" TP="0.0000" CloseTime="2009-12-16 18:44:00" Close="1.4546" Swap="0.00" Profit="0.00" Comment=" (258)" />
        <deal Ticket="7991043" OpenTime="2009-12-16 16:00:00" DealType="1" Lots="0.05" Symbol="EURUSD" Open="1.4578" SL="0.0000" TP="1.4632" CloseTime="2009-12-16 18:43:00" Close="1.4542" Swap="0.00" Profit="-18.00" Comment=" (259)" />
        <deal Ticket="7989624" OpenTime="2009-12-16 15:52:00" DealType="1" Lots="0.25" Symbol="EURUSD" Open="1.4587" SL="0.0000" TP="0.0000" CloseTime="2009-12-16 18:43:00" Close="1.4543" Swap="0.00" Profit="-110.00" Comment=" (260)" />
        <deal Ticket="7989392" OpenTime="2009-12-16 14:45:00" DealType="-1" Lots="0.15" Symbol="EURUSD" Open="1.4539" SL="0.0000" TP="1.4517" CloseTime="2009-12-16 18:43:00" Close="1.4545" Swap="0.00" Profit="-9.00" Comment=" (261)" />
        <deal Ticket="7984101" OpenTime="2009-12-16 11:07:00" DealType="1" Lots="0.25" Symbol="EURUSD" Open="1.4595" SL="0.0000" TP="0.0000" CloseTime="2009-12-16 18:43:00" Close="1.4545" Swap="0.00" Profit="0.00" Comment=" (262)" />
        <deal Ticket="7976056" OpenTime="2009-12-15 19:00:00" DealType="-1" Lots="0.15" Symbol="EURUSD" Open="1.4520" SL="0.0000" TP="1.4498" CloseTime="2009-12-16 18:43:00" Close="1.4545" Swap="0.00" Profit="-37.50" Comment=" (263)" />
        <deal Ticket="7955792" OpenTime="2009-12-14 16:55:00" DealType="1" Lots="0.05" Symbol="EURUSD" Open="1.4655" SL="0.0000" TP="1.4632" CloseTime="2009-12-16 18:43:00" Close="1.4543" Swap="0.00" Profit="-56.00" Comment=" (264)" />
        <deal Ticket="7991031" OpenTime="2009-12-16 16:00:00" DealType="-1" Lots="0.25" Symbol="EURUSD" Open="1.4576" SL="0.0000" TP="1.4542" CloseTime="2009-12-16 18:42:00" Close="1.4542" Swap="0.00" Profit="85.00" Comment=" (265)" />
        <deal Ticket="7975099" OpenTime="2009-12-15 18:00:00" DealType="-1" Lots="0.25" Symbol="EURUSD" Open="1.4513" SL="0.0000" TP="1.4542" CloseTime="2009-12-16 18:42:00" Close="1.4542" Swap="0.00" Profit="-72.50" Comment=" (266)" />
        <deal Ticket="7964595" OpenTime="2009-12-15 10:00:00" DealType="1" Lots="0.05" Symbol="EURUSD" Open="1.4567" SL="0.0000" TP="1.4626" CloseTime="2009-12-16 15:51:00" Close="1.4576" Swap="0.00" Profit="4.50" Comment=" (267)" />
        <deal Ticket="7986767" OpenTime="2009-12-16 13:15:00" DealType="-1" Lots="0.15" Symbol="EURUSD" Open="1.4577" SL="0.0000" TP="1.4540" CloseTime="2009-12-16 14:39:00" Close="1.4540" Swap="0.00" Profit="55.50" Comment=" (268)" />
        <deal Ticket="7975092" OpenTime="2009-12-15 18:00:00" DealType="-1" Lots="0.15" Symbol="EURUSD" Open="1.4513" SL="0.0000" TP="1.4540" CloseTime="2009-12-16 14:39:00" Close="1.4540" Swap="0.00" Profit="-40.50" Comment=" (269)" />
        <deal Ticket="7971739" OpenTime="2009-12-15 16:24:00" DealType="1" Lots="0.20" Symbol="EURUSD" Open="1.4570" SL="0.0000" TP="1.4580" CloseTime="2009-12-16 12:53:00" Close="1.4563" Swap="0.00" Profit="-14.00" Comment=" (270)" />
        <deal Ticket="7975998" OpenTime="2009-12-15 18:54:00" DealType="1" Lots="0.20" Symbol="EURUSD" Open="1.4511" SL="1.4528" TP="1.4550" CloseTime="2009-12-16 02:01:00" Close="1.4528" Swap="0.00" Profit="34.00" Comment=" (271)" />
        <deal Ticket="7973590" OpenTime="2009-12-15 17:30:00" DealType="-1" Lots="0.20" Symbol="EURUSD" Open="1.4517" SL="0.0000" TP="0.0000" CloseTime="2009-12-15 17:56:00" Close="1.4518" Swap="0.00" Profit="-2.00" Comment=" (272)" />
        <deal Ticket="7968528" OpenTime="2009-12-15 13:31:00" DealType="-1" Lots="0.10" Symbol="EURUSD" Open="1.4524" SL="0.0000" TP="0.0000" CloseTime="2009-12-15 17:56:00" Close="1.4517" Swap="0.00" Profit="7.00" Comment=" (273)" />
        <deal Ticket="7970429" OpenTime="2009-12-15 14:45:00" DealType="-1" Lots="0.10" Symbol="EURUSD" Open="1.4529" SL="0.0000" TP="1.4509" CloseTime="2009-12-15 17:46:00" Close="1.4509" Swap="0.00" Profit="20.00" Comment=" (274)" />
        <deal Ticket="7973957" OpenTime="2009-12-15 17:24:00" DealType="1" Lots="0.20" Symbol="EURUSD" Open="1.4543" SL="0.0000" TP="0.0000" CloseTime="2009-12-15 17:31:00" Close="1.4518" Swap="0.00" Profit="0.00" Comment=" (275)" />
        <deal Ticket="7959427" OpenTime="2009-12-14 23:52:00" DealType="1" Lots="0.10" Symbol="EURUSD" Open="1.4688" SL="0.0000" TP="0.0000" CloseTime="2009-12-15 17:31:00" Close="1.4519" Swap="0.00" Profit="0.00" Comment=" (276)" />
        <deal Ticket="7966177" OpenTime="2009-12-15 11:00:00" DealType="-1" Lots="0.15" Symbol="EURUSD" Open="1.4539" SL="0.0000" TP="1.4522" CloseTime="2009-12-15 17:28:00" Close="1.4522" Swap="0.00" Profit="25.50" Comment=" (277)" />
        <deal Ticket="7969004" OpenTime="2009-12-15 15:19:00" DealType="1" Lots="0.20" Symbol="EURUSD" Open="1.4556" SL="0.0000" TP="0.0000" CloseTime="2009-12-15 15:47:00" Close="1.4558" Swap="0.00" Profit="4.00" Comment=" (278)" />
        <deal Ticket="7965770" OpenTime="2009-12-15 10:45:00" DealType="-1" Lots="0.10" Symbol="EURUSD" Open="1.4545" SL="0.0000" TP="1.4524" CloseTime="2009-12-15 14:41:00" Close="1.4524" Swap="0.00" Profit="21.00" Comment=" (279)" />
        <deal Ticket="7942944" OpenTime="2009-12-15 09:15:00" DealType="-1" Lots="0.10" Symbol="EURUSD" Open="1.4581" SL="1.4552" TP="1.4512" CloseTime="2009-12-15 12:41:00" Close="1.4552" Swap="0.00" Profit="29.00" Comment=" (280)" />
        <deal Ticket="7963433" OpenTime="2009-12-15 09:16:00" DealType="-1" Lots="0.20" Symbol="EURUSD" Open="1.4570" SL="0.0000" TP="1.4512" CloseTime="2009-12-15 10:32:00" Close="1.4542" Swap="0.00" Profit="56.00" Comment=" (281)" />
        <deal Ticket="7964602" OpenTime="2009-12-15 10:00:00" DealType="-1" Lots="0.10" Symbol="EURUSD" Open="1.4564" SL="0.0000" TP="1.4545" CloseTime="2009-12-15 10:29:00" Close="1.4545" Swap="0.00" Profit="19.00" Comment=" (282)" />
        <deal Ticket="7948497" OpenTime="2009-12-14 09:01:00" DealType="1" Lots="0.10" Symbol="EURUSD" Open="1.4686" SL="0.0000" TP="1.4725" CloseTime="2009-12-15 10:02:00" Close="1.4568" Swap="0.00" Profit="0.00" Comment=" (283)" />
        <deal Ticket="7963313" OpenTime="2009-12-15 09:15:00" DealType="-1" Lots="0.10" Symbol="EURUSD" Open="1.4591" SL="0.0000" TP="1.4572" CloseTime="2009-12-15 09:16:00" Close="1.4572" Swap="0.00" Profit="19.00" Comment=" (284)" />
        <deal Ticket="7962738" OpenTime="2009-12-15 09:00:00" DealType="-1" Lots="0.20" Symbol="EURUSD" Open="1.4608" SL="1.4604" TP="1.4588" CloseTime="2009-12-15 09:15:00" Close="1.4588" Swap="0.00" Profit="40.00" Comment=" (285)" />
        <deal Ticket="7951422" OpenTime="2009-12-14 12:00:00" DealType="-1" Lots="0.10" Symbol="EURUSD" Open="1.4626" SL="0.0000" TP="1.4605" CloseTime="2009-12-15 09:01:00" Close="1.4605" Swap="0.00" Profit="21.00" Comment=" (286)" />
        <deal Ticket="7951413" OpenTime="2009-12-14 12:00:00" DealType="-1" Lots="0.10" Symbol="EURUSD" Open="1.4625" SL="0.0000" TP="1.4605" CloseTime="2009-12-15 09:01:00" Close="1.4605" Swap="0.00" Profit="20.00" Comment=" (287)" />
        <deal Ticket="7952345" OpenTime="2009-12-14 13:00:00" DealType="-1" Lots="0.10" Symbol="EURUSD" Open="1.4631" SL="0.0000" TP="1.4610" CloseTime="2009-12-15 08:51:00" Close="1.4610" Swap="0.00" Profit="21.00" Comment=" (288)" />
        <deal Ticket="7943578" OpenTime="2009-12-14 01:05:00" DealType="1" Lots="0.30" Symbol="EURUSD" Open="1.4722" SL="0.0000" TP="0.0000" CloseTime="2009-12-14 23:41:00" Close="1.4649" Swap="0.00" Profit="0.00" Comment=" (289)" />
        <deal Ticket="7945809" OpenTime="2009-12-14 06:00:00" DealType="-1" Lots="0.10" Symbol="EURUSD" Open="1.4659" SL="0.0000" TP="1.4621" CloseTime="2009-12-14 12:36:00" Close="1.4621" Swap="0.00" Profit="38.00" Comment=" (290)" />
        <deal Ticket="7938604" OpenTime="2009-12-11 18:00:00" DealType="-1" Lots="0.10" Symbol="EURUSD" Open="1.4598" SL="0.0000" TP="1.4621" CloseTime="2009-12-14 12:36:00" Close="1.4621" Swap="0.00" Profit="-23.00" Comment=" (291)" />
        <deal Ticket="7945671" OpenTime="2009-12-14 05:45:00" DealType="-1" Lots="0.10" Symbol="EURUSD" Open="1.4673" SL="0.0000" TP="1.4629" CloseTime="2009-12-14 11:54:00" Close="1.4629" Swap="0.00" Profit="44.00" Comment=" (292)" />
        <deal Ticket="7937505" OpenTime="2009-12-11 17:15:00" DealType="-1" Lots="0.10" Symbol="EURUSD" Open="1.4599" SL="0.0000" TP="1.4629" CloseTime="2009-12-14 11:54:00" Close="1.4629" Swap="0.00" Profit="-30.00" Comment=" (293)" />
        <deal Ticket="7945814" OpenTime="2009-12-14 06:00:00" DealType="-1" Lots="0.10" Symbol="EURUSD" Open="1.4658" SL="0.0000" TP="1.4639" CloseTime="2009-12-14 11:45:00" Close="1.4639" Swap="0.00" Profit="19.00" Comment=" (294)" />
        <deal Ticket="7940494" OpenTime="2009-12-11 21:59:00" DealType="1" Lots="0.08" Symbol="EURUSD" Open="1.4629" SL="0.0000" TP="1.4649" CloseTime="2009-12-14 05:21:00" Close="1.4649" Swap="0.00" Profit="16.00" Comment=" (295)" />
        <deal Ticket="7929290" OpenTime="2009-12-11 11:36:00" DealType="1" Lots="0.10" Symbol="EURUSD" Open="1.4765" SL="0.0000" TP="0.0000" CloseTime="2009-12-12 12:35:00" Close="1.4614" Swap="0.00" Profit="0.00" Comment=" (296)" />
        <deal Ticket="7919424" OpenTime="2009-12-11 15:28:00" DealType="-1" Lots="0.10" Symbol="EURUSD" Open="1.4665" SL="1.4609" TP="1.4525" CloseTime="2009-12-11 18:02:00" Close="1.4609" Swap="0.00" Profit="56.00" Comment=" (297)" />
        <deal Ticket="7924045" OpenTime="2009-12-11 15:28:00" DealType="-1" Lots="0.10" Symbol="EURUSD" Open="1.4665" SL="1.4607" TP="1.4550" CloseTime="2009-12-11 17:44:00" Close="1.4607" Swap="0.00" Profit="58.00" Comment=" (298)" />
        <deal Ticket="7937200" OpenTime="2009-12-11 17:00:00" DealType="-1" Lots="0.20" Symbol="EURUSD" Open="1.4619" SL="0.0000" TP="1.4599" CloseTime="2009-12-11 17:21:00" Close="1.4599" Swap="0.00" Profit="40.00" Comment=" (299)" />
        <deal Ticket="7937188" OpenTime="2009-12-11 17:00:00" DealType="-1" Lots="0.10" Symbol="EURUSD" Open="1.4621" SL="0.0000" TP="1.4601" CloseTime="2009-12-11 17:14:00" Close="1.4601" Swap="0.00" Profit="20.00" Comment=" (300)" />
        <deal Ticket="7935755" OpenTime="2009-12-11 16:15:00" DealType="-1" Lots="0.10" Symbol="EURUSD" Open="1.4628" SL="0.0000" TP="1.4607" CloseTime="2009-12-11 16:45:00" Close="1.4607" Swap="0.00" Profit="21.00" Comment=" (301)" />
        <deal Ticket="7916146" OpenTime="2009-12-10 15:22:00" DealType="1" Lots="0.10" Symbol="EURUSD" Open="1.4775" SL="0.0000" TP="0.0000" CloseTime="2009-12-11 16:20:00" Close="1.4615" Swap="0.00" Profit="0.00" Comment=" (302)" />
        <deal Ticket="7935148" OpenTime="2009-12-11 16:00:00" DealType="-1" Lots="0.20" Symbol="EURUSD" Open="1.4653" SL="0.0000" TP="1.4633" CloseTime="2009-12-11 16:05:00" Close="1.4633" Swap="0.00" Profit="40.00" Comment=" (303)" />
        <deal Ticket="7935156" OpenTime="2009-12-11 16:00:00" DealType="-1" Lots="0.10" Symbol="EURUSD" Open="1.4654" SL="0.0000" TP="1.4634" CloseTime="2009-12-11 16:05:00" Close="1.4634" Swap="0.00" Profit="20.00" Comment=" (304)" />
        <deal Ticket="7933975" OpenTime="2009-12-11 15:30:00" DealType="-1" Lots="0.05" Symbol="EURUSD" Open="1.4657" SL="0.0000" TP="1.4637" CloseTime="2009-12-11 15:55:00" Close="1.4637" Swap="0.00" Profit="10.00" Comment=" (305)" />
        <deal Ticket="7933350" OpenTime="2009-12-11 15:15:00" DealType="-1" Lots="0.05" Symbol="EURUSD" Open="1.4679" SL="0.0000" TP="1.4661" CloseTime="2009-12-11 15:29:00" Close="1.4661" Swap="0.00" Profit="9.00" Comment=" (306)" />
        <deal Ticket="7932582" OpenTime="2009-12-11 15:00:00" DealType="-1" Lots="0.05" Symbol="EURUSD" Open="1.4707" SL="0.0000" TP="1.4688" CloseTime="2009-12-11 15:04:00" Close="1.4688" Swap="0.00" Profit="9.50" Comment=" (307)" />
        <deal Ticket="7921989" OpenTime="2009-12-10 20:00:00" DealType="-1" Lots="0.10" Symbol="EURUSD" Open="1.4714" SL="0.0000" TP="1.4694" CloseTime="2009-12-11 15:04:00" Close="1.4694" Swap="0.00" Profit="20.00" Comment=" (308)" />
        <deal Ticket="7909241" OpenTime="2009-12-10 12:01:00" DealType="1" Lots="0.10" Symbol="EURUSD" Open="1.4746" SL="0.0000" TP="1.4760" CloseTime="2009-12-11 10:17:00" Close="1.4752" Swap="0.00" Profit="6.00" Comment=" (309)" />
        <deal Ticket="7909624" OpenTime="2009-12-10 10:00:00" DealType="-1" Lots="0.10" Symbol="EURUSD" Open="1.4717" SL="0.0000" TP="1.4697" CloseTime="2009-12-10 19:02:00" Close="1.4697" Swap="0.00" Profit="20.00" Comment=" (310)" />
        <deal Ticket="7919466" OpenTime="2009-12-10 16:55:00" DealType="1" Lots="0.10" Symbol="EURUSD" Open="1.4665" SL="0.0000" TP="0.0000" CloseTime="2009-12-10 17:55:00" Close="1.4716" Swap="0.00" Profit="0.00" Comment=" (311)" />
        <deal Ticket="7905825" OpenTime="2009-12-10 06:00:00" DealType="-1" Lots="0.10" Symbol="EURUSD" Open="1.4711" SL="0.0000" TP="1.4691" CloseTime="2009-12-10 09:33:00" Close="1.4691" Swap="0.00" Profit="20.00" Comment=" (312)" />
        <deal Ticket="7904626" OpenTime="2009-12-10 01:45:00" DealType="-1" Lots="0.02" Symbol="EURUSD" Open="1.4754" SL="0.0000" TP="1.4705" CloseTime="2009-12-10 05:36:00" Close="1.4705" Swap="0.00" Profit="9.80" Comment=" (313)" />
        <deal Ticket="7901351" OpenTime="2009-12-09 20:00:00" DealType="-1" Lots="0.02" Symbol="EURUSD" Open="1.4680" SL="0.0000" TP="1.4705" CloseTime="2009-12-10 05:36:00" Close="1.4705" Swap="0.00" Profit="-5.00" Comment=" (314)" />
        <deal Ticket="7900183" OpenTime="2009-12-09 19:00:00" DealType="-1" Lots="0.02" Symbol="EURUSD" Open="1.4693" SL="0.0000" TP="1.4674" CloseTime="2009-12-09 19:06:00" Close="1.4674" Swap="0.00" Profit="3.80" Comment=" (315)" />
        <deal Ticket="7898960" OpenTime="2009-12-09 18:00:00" DealType="-1" Lots="0.02" Symbol="EURUSD" Open="1.4723" SL="0.0000" TP="1.4703" CloseTime="2009-12-09 18:14:00" Close="1.4703" Swap="0.00" Profit="4.00" Comment=" (316)" />
        <deal Ticket="7897902" OpenTime="2009-12-09 17:00:00" DealType="1" Lots="0.25" Symbol="EURUSD" Open="1.4745" SL="0.0000" TP="1.4765" CloseTime="2009-12-09 17:32:00" Close="1.4720" Swap="0.00" Profit="-62.50" Comment=" (317)" />
        <deal Ticket="7896235" OpenTime="2009-12-09 16:00:00" DealType="-1" Lots="0.20" Symbol="EURUSD" Open="1.4714" SL="0.0000" TP="1.4694" CloseTime="2009-12-09 17:32:00" Close="1.4723" Swap="0.00" Profit="-18.00" Comment=" (318)" />
        <deal Ticket="7896218" OpenTime="2009-12-09 15:59:00" DealType="1" Lots="0.20" Symbol="EURUSD" Open="1.4718" SL="0.0000" TP="1.4755" CloseTime="2009-12-09 17:32:00" Close="1.4721" Swap="0.00" Profit="6.00" Comment=" (319)" />
        <deal Ticket="7893257" OpenTime="2009-12-09 14:14:00" DealType="1" Lots="0.30" Symbol="EURUSD" Open="1.4876" SL="0.0000" TP="0.0000" CloseTime="2009-12-09 17:32:00" Close="1.4723" Swap="0.00" Profit="0.00" Comment=" (320)" />
        <deal Ticket="7893224" OpenTime="2009-12-09 14:13:00" DealType="1" Lots="0.20" Symbol="EURUSD" Open="1.4766" SL="0.0000" TP="1.4755" CloseTime="2009-12-09 17:32:00" Close="1.4721" Swap="0.00" Profit="-90.00" Comment=" (321)" />
        <deal Ticket="7891925" OpenTime="2009-12-09 13:12:00" DealType="1" Lots="0.20" Symbol="EURUSD" Open="1.4781" SL="0.0000" TP="0.0000" CloseTime="2009-12-09 17:32:00" Close="1.4723" Swap="0.00" Profit="0.00" Comment=" (322)" />
        <deal Ticket="7882288" OpenTime="2009-12-09 09:23:00" DealType="-1" Lots="0.30" Symbol="EURUSD" Open="1.4737" SL="0.0000" TP="1.4695" CloseTime="2009-12-09 17:32:00" Close="1.4724" Swap="0.00" Profit="39.00" Comment=" (323)" />
        <deal Ticket="7883944" OpenTime="2009-12-09 06:15:00" DealType="1" Lots="0.30" Symbol="EURUSD" Open="1.4664" SL="0.0000" TP="0.0000" CloseTime="2009-12-09 17:32:00" Close="1.4722" Swap="0.00" Profit="0.00" Comment=" (324)" />
        <deal Ticket="7883369" OpenTime="2009-12-09 04:00:00" DealType="1" Lots="0.30" Symbol="EURUSD" Open="1.4838" SL="0.0000" TP="0.0000" CloseTime="2009-12-09 17:32:00" Close="1.4721" Swap="0.00" Profit="0.00" Comment=" (325)" />
        <deal Ticket="7880851" OpenTime="2009-12-09 00:31:00" DealType="-1" Lots="0.10" Symbol="EURUSD" Open="1.4676" SL="0.0000" TP="1.4695" CloseTime="2009-12-09 17:32:00" Close="1.4724" Swap="0.00" Profit="-48.00" Comment=" (326)" />
        <deal Ticket="7880848" OpenTime="2009-12-09 00:31:00" DealType="-1" Lots="0.10" Symbol="EURUSD" Open="1.4676" SL="0.0000" TP="1.4695" CloseTime="2009-12-09 17:32:00" Close="1.4724" Swap="0.00" Profit="-48.00" Comment=" (327)" />
        <deal Ticket="7880589" OpenTime="2009-12-09 00:31:00" DealType="-1" Lots="0.10" Symbol="EURUSD" Open="1.4676" SL="0.0000" TP="1.4695" CloseTime="2009-12-09 17:32:00" Close="1.4724" Swap="0.00" Profit="-48.00" Comment=" (328)" />
        <deal Ticket="7881161" OpenTime="2009-12-08 22:10:00" DealType="1" Lots="0.30" Symbol="EURUSD" Open="1.4634" SL="0.0000" TP="0.0000" CloseTime="2009-12-09 17:32:00" Close="1.4723" Swap="0.00" Profit="0.00" Comment=" (329)" />
        <deal Ticket="7895043" OpenTime="2009-12-09 15:15:00" DealType="1" Lots="0.20" Symbol="EURUSD" Open="1.4711" SL="0.0000" TP="1.4745" CloseTime="2009-12-09 16:50:00" Close="1.4745" Swap="0.00" Profit="68.00" Comment=" (330)" />
        <deal Ticket="7890605" OpenTime="2009-12-09 11:45:00" DealType="1" Lots="0.20" Symbol="EURUSD" Open="1.4771" SL="0.0000" TP="1.4745" CloseTime="2009-12-09 16:50:00" Close="1.4745" Swap="0.00" Profit="-52.00" Comment=" (331)" />
        <deal Ticket="7888447" OpenTime="2009-12-09 10:00:00" DealType="-1" Lots="0.10" Symbol="EURUSD" Open="1.4742" SL="0.0000" TP="1.4701" CloseTime="2009-12-09 15:10:00" Close="1.4701" Swap="0.00" Profit="41.00" Comment=" (332)" />
        <deal Ticket="7882280" OpenTime="2009-12-09 00:35:00" DealType="-1" Lots="0.10" Symbol="EURUSD" Open="1.4675" SL="0.0000" TP="1.4701" CloseTime="2009-12-09 15:10:00" Close="1.4701" Swap="0.00" Profit="-26.00" Comment=" (333)" />
        <deal Ticket="7893579" OpenTime="2009-12-09 15:02:00" DealType="-1" Lots="0.10" Symbol="EURUSD" Open="1.4716" SL="0.0000" TP="1.4711" CloseTime="2009-12-09 15:04:00" Close="1.4711" Swap="0.00" Profit="5.00" Comment=" (334)" />
        <deal Ticket="7892749" OpenTime="2009-12-09 14:01:00" DealType="1" Lots="0.20" Symbol="EURUSD" Open="1.4746" SL="0.0000" TP="1.4835" CloseTime="2009-12-09 14:12:00" Close="1.4750" Swap="0.00" Profit="8.00" Comment=" (335)" />
        <deal Ticket="7880520" OpenTime="2009-12-08 21:00:00" DealType="1" Lots="0.15" Symbol="EURUSD" Open="1.4684" SL="0.0000" TP="1.4780" CloseTime="2009-12-09 11:41:00" Close="1.4780" Swap="0.00" Profit="144.00" Comment=" (336)" />
        <deal Ticket="7870423" OpenTime="2009-12-08 13:00:00" DealType="1" Lots="0.15" Symbol="EURUSD" Open="1.4793" SL="0.0000" TP="1.4780" CloseTime="2009-12-09 11:41:00" Close="1.4780" Swap="0.00" Profit="-19.50" Comment=" (337)" />
        <deal Ticket="7868304" OpenTime="2009-12-08 11:15:00" DealType="1" Lots="0.15" Symbol="EURUSD" Open="1.4854" SL="0.0000" TP="1.4780" CloseTime="2009-12-09 11:41:00" Close="1.4780" Swap="0.00" Profit="-111.00" Comment=" (338)" />
        <deal Ticket="7877958" OpenTime="2009-12-08 18:34:00" DealType="1" Lots="0.10" Symbol="EURUSD" Open="1.4727" SL="1.4734" TP="0.0000" CloseTime="2009-12-09 10:06:00" Close="1.4733" Swap="0.00" Profit="6.00" Comment=" (339)" />
        <deal Ticket="7878285" OpenTime="2009-12-08 18:54:00" DealType="1" Lots="0.10" Symbol="EURUSD" Open="1.4659" SL="0.0000" TP="0.0000" CloseTime="2009-12-09 04:26:00" Close="1.4735" Swap="0.00" Profit="0.00" Comment=" (340)" />
        <deal Ticket="7865115" OpenTime="2009-12-08 08:57:00" DealType="1" Lots="0.20" Symbol="EURUSD" Open="1.4890" SL="0.0000" TP="0.0000" CloseTime="2009-12-09 04:26:00" Close="1.4736" Swap="0.00" Profit="0.00" Comment=" (341)" />
        <deal Ticket="7879603" OpenTime="2009-12-08 20:04:00" DealType="-1" Lots="0.10" Symbol="EURUSD" Open="1.4692" SL="0.0000" TP="1.4670" CloseTime="2009-12-09 00:31:00" Close="1.4670" Swap="0.00" Profit="22.00" Comment=" (342)" />
        <deal Ticket="7879070" OpenTime="2009-12-08 19:30:00" DealType="-1" Lots="0.10" Symbol="EURUSD" Open="1.4698" SL="0.0000" TP="1.4679" CloseTime="2009-12-09 00:31:00" Close="1.4679" Swap="0.00" Profit="19.00" Comment=" (343)" />
        <deal Ticket="7877698" OpenTime="2009-12-08 18:53:00" DealType="-1" Lots="0.20" Symbol="EURUSD" Open="1.4714" SL="1.4706" TP="1.4659" CloseTime="2009-12-08 21:26:00" Close="1.4698" Swap="0.00" Profit="32.00" Comment=" (344)" />
        <deal Ticket="7878332" OpenTime="2009-12-08 18:57:00" DealType="-1" Lots="0.10" Symbol="EURUSD" Open="1.4712" SL="0.0000" TP="1.4693" CloseTime="2009-12-08 20:02:00" Close="1.4693" Swap="0.00" Profit="19.00" Comment=" (345)" />
        <deal Ticket="7856290" OpenTime="2009-12-07 18:46:00" DealType="1" Lots="0.20" Symbol="EURUSD" Open="1.4908" SL="0.0000" TP="0.0000" CloseTime="2009-12-08 19:46:00" Close="1.4702" Swap="0.00" Profit="0.00" Comment=" (346)" />
        <deal Ticket="7878400" OpenTime="2009-12-08 19:00:00" DealType="-1" Lots="0.10" Symbol="EURUSD" Open="1.4718" SL="0.0000" TP="1.4698" CloseTime="2009-12-08 19:24:00" Close="1.4698" Swap="0.00" Profit="20.00" Comment=" (347)" />
        <deal Ticket="7876512" OpenTime="2009-12-08 17:00:00" DealType="-1" Lots="0.20" Symbol="EURUSD" Open="1.4734" SL="0.0000" TP="1.4714" CloseTime="2009-12-08 18:56:00" Close="1.4714" Swap="0.00" Profit="40.00" Comment=" (348)" />
        <deal Ticket="7876508" OpenTime="2009-12-08 17:00:00" DealType="-1" Lots="0.20" Symbol="EURUSD" Open="1.4734" SL="0.0000" TP="1.4714" CloseTime="2009-12-08 18:56:00" Close="1.4714" Swap="0.00" Profit="40.00" Comment=" (349)" />
        <deal Ticket="7857908" OpenTime="2009-12-08 14:25:00" DealType="-1" Lots="0.20" Symbol="EURUSD" Open="1.4754" SL="0.0000" TP="0.0000" CloseTime="2009-12-08 17:53:00" Close="1.4745" Swap="0.00" Profit="18.00" Comment=" (350)" />
        <deal Ticket="7873824" OpenTime="2009-12-08 15:00:00" DealType="-1" Lots="0.10" Symbol="EURUSD" Open="1.4752" SL="0.0000" TP="1.4733" CloseTime="2009-12-08 16:56:00" Close="1.4733" Swap="0.00" Profit="19.00" Comment=" (351)" />
        <deal Ticket="7873815" OpenTime="2009-12-08 15:00:00" DealType="-1" Lots="0.18" Symbol="EURUSD" Open="1.4753" SL="0.0000" TP="1.4735" CloseTime="2009-12-08 16:54:00" Close="1.4735" Swap="0.00" Profit="32.40" Comment=" (352)" />
        <deal Ticket="7870416" OpenTime="2009-12-08 13:00:00" DealType="-1" Lots="0.18" Symbol="EURUSD" Open="1.4790" SL="0.0000" TP="1.4772" CloseTime="2009-12-08 14:16:00" Close="1.4772" Swap="0.00" Profit="32.40" Comment=" (353)" />
        <deal Ticket="7865222" OpenTime="2009-12-08 09:00:00" DealType="-1" Lots="0.10" Symbol="EURUSD" Open="1.4791" SL="0.0000" TP="1.4772" CloseTime="2009-12-08 14:16:00" Close="1.4772" Swap="0.00" Profit="19.00" Comment=" (354)" />
        <deal Ticket="7866707" OpenTime="2009-12-08 10:00:00" DealType="-1" Lots="0.18" Symbol="EURUSD" Open="1.4819" SL="0.0000" TP="1.4799" CloseTime="2009-12-08 12:41:00" Close="1.4799" Swap="0.00" Profit="36.00" Comment=" (355)" />
        <deal Ticket="7867509" OpenTime="2009-12-08 10:36:00" DealType="1" Lots="0.10" Symbol="EURUSD" Open="1.4841" SL="0.0000" TP="1.4860" CloseTime="2009-12-08 11:02:00" Close="1.4860" Swap="0.00" Profit="19.00" Comment=" (356)" />
        <deal Ticket="7865200" OpenTime="2009-12-08 09:00:00" DealType="1" Lots="0.10" Symbol="EURUSD" Open="1.4794" SL="0.0000" TP="1.4835" CloseTime="2009-12-08 10:20:00" Close="1.4835" Swap="0.00" Profit="41.00" Comment=" (357)" />
        <deal Ticket="7861320" OpenTime="2009-12-08 01:45:00" DealType="1" Lots="0.10" Symbol="EURUSD" Open="1.4860" SL="0.0000" TP="1.4835" CloseTime="2009-12-08 10:20:00" Close="1.4835" Swap="0.00" Profit="-25.00" Comment=" (358)" />
        <deal Ticket="7853692" OpenTime="2009-12-07 17:00:00" DealType="-1" Lots="0.10" Symbol="EURUSD" Open="1.4826" SL="0.0000" TP="1.4788" CloseTime="2009-12-08 09:01:00" Close="1.4788" Swap="0.00" Profit="38.00" Comment=" (359)" />
        <deal Ticket="7845612" OpenTime="2009-12-07 10:00:00" DealType="-1" Lots="0.10" Symbol="EURUSD" Open="1.4765" SL="0.0000" TP="1.4788" CloseTime="2009-12-08 09:01:00" Close="1.4788" Swap="0.00" Profit="-23.00" Comment=" (360)" />
        <deal Ticket="7859226" OpenTime="2009-12-07 21:00:00" DealType="-1" Lots="0.10" Symbol="EURUSD" Open="1.4820" SL="0.0000" TP="1.4799" CloseTime="2009-12-08 08:54:00" Close="1.4799" Swap="0.00" Profit="21.00" Comment=" (361)" />
        <deal Ticket="7859233" OpenTime="2009-12-07 21:00:00" DealType="1" Lots="0.20" Symbol="EURUSD" Open="1.4824" SL="0.0000" TP="1.4858" CloseTime="2009-12-08 01:44:00" Close="1.4858" Swap="0.00" Profit="68.00" Comment=" (362)" />
        <deal Ticket="7857362" OpenTime="2009-12-07 19:23:00" DealType="1" Lots="0.20" Symbol="EURUSD" Open="1.4885" SL="0.0000" TP="1.4858" CloseTime="2009-12-08 01:44:00" Close="1.4858" Swap="0.00" Profit="-54.00" Comment=" (363)" />
        <deal Ticket="7856729" OpenTime="2009-12-07 19:00:00" DealType="-1" Lots="0.05" Symbol="EURUSD" Open="1.4846" SL="0.0000" TP="1.4827" CloseTime="2009-12-07 20:35:00" Close="1.4827" Swap="0.00" Profit="9.50" Comment=" (364)" />
        <deal Ticket="7853471" OpenTime="2009-12-07 16:45:00" DealType="1" Lots="0.05" Symbol="EURUSD" Open="1.4832" SL="0.0000" TP="1.4851" CloseTime="2009-12-07 18:36:00" Close="1.4851" Swap="0.00" Profit="9.50" Comment=" (365)" />
        <deal Ticket="7850102" OpenTime="2009-12-07 16:29:00" DealType="1" Lots="0.10" Symbol="EURUSD" Open="1.4828" SL="1.4841" TP="1.4850" CloseTime="2009-12-07 18:36:00" Close="1.4850" Swap="0.00" Profit="22.00" Comment=" (366)" />
        <deal Ticket="7850419" OpenTime="2009-12-07 14:44:00" DealType="1" Lots="0.05" Symbol="EURUSD" Open="1.4810" SL="0.0000" TP="1.4828" CloseTime="2009-12-07 16:30:00" Close="1.4828" Swap="0.00" Profit="9.00" Comment=" (367)" />
        <deal Ticket="7842006" OpenTime="2009-12-07 07:47:00" DealType="1" Lots="0.10" Symbol="EURUSD" Open="1.4909" SL="0.0000" TP="0.0000" CloseTime="2009-12-07 09:55:00" Close="1.4774" Swap="0.00" Profit="0.00" Comment=" (368)" />
        <deal Ticket="7838771" OpenTime="2009-12-07 00:05:00" DealType="-1" Lots="0.10" Symbol="EURUSD" Open="1.4865" SL="0.0000" TP="1.4846" CloseTime="2009-12-07 09:20:00" Close="1.4846" Swap="0.00" Profit="19.00" Comment=" (369)" />
        <deal Ticket="7840058" OpenTime="2009-12-07 02:00:00" DealType="-1" Lots="0.02" Symbol="EURUSD" Open="1.4877" SL="0.0000" TP="1.4857" CloseTime="2009-12-07 09:05:00" Close="1.4857" Swap="0.00" Profit="4.00" Comment=" (370)" />
        <deal Ticket="7838696" OpenTime="2009-12-07 00:02:00" DealType="1" Lots="0.05" Symbol="EURUSD" Open="1.4869" SL="0.0000" TP="1.4888" CloseTime="2009-12-07 01:39:00" Close="1.4888" Swap="0.00" Profit="9.50" Comment=" (371)" />
        <deal Ticket="7809000" OpenTime="2009-12-03 15:29:00" DealType="-1" Lots="0.15" Symbol="EURUSD" Open="1.5065" SL="0.0000" TP="1.5043" CloseTime="2009-12-03 21:10:00" Close="1.5095" Swap="0.00" Profit="-45.00" Comment=" (372)" />
        <deal Ticket="7807893" OpenTime="2009-12-03 15:00:00" DealType="1" Lots="0.10" Symbol="EURUSD" Open="1.5093" SL="0.0000" TP="1.5111" CloseTime="2009-12-03 21:10:00" Close="1.5093" Swap="0.00" Profit="0.00" Comment=" (373)" />
        <deal Ticket="7802785" OpenTime="2009-12-03 10:13:00" DealType="1" Lots="0.10" Symbol="EURUSD" Open="1.5029" SL="0.0000" TP="1.4986" CloseTime="2009-12-03 21:10:00" Close="1.5093" Swap="0.00" Profit="0.00" Comment=" (374)" />
        <deal Ticket="7800133" OpenTime="2009-12-03 08:22:00" DealType="1" Lots="0.10" Symbol="EURUSD" Open="1.5118" SL="0.0000" TP="1.5175" CloseTime="2009-12-03 21:10:00" Close="1.5093" Swap="0.00" Profit="-25.00" Comment=" (375)" />
        <deal Ticket="7800496" OpenTime="2009-12-03 08:00:00" DealType="-1" Lots="0.10" Symbol="EURUSD" Open="1.5105" SL="0.0000" TP="1.5066" CloseTime="2009-12-03 15:27:00" Close="1.5066" Swap="0.00" Profit="39.00" Comment=" (376)" />
        <deal Ticket="7796859" OpenTime="2009-12-02 21:45:00" DealType="-1" Lots="0.10" Symbol="EURUSD" Open="1.5041" SL="0.0000" TP="1.5066" CloseTime="2009-12-03 15:27:00" Close="1.5066" Swap="0.00" Profit="-25.00" Comment=" (377)" />
        <deal Ticket="7806947" OpenTime="2009-12-03 14:40:00" DealType="1" Lots="0.10" Symbol="EURUSD" Open="1.5176" SL="0.0000" TP="0.0000" CloseTime="2009-12-03 15:01:00" Close="1.5088" Swap="0.00" Profit="0.00" Comment=" (378)" />
        <deal Ticket="7801637" OpenTime="2009-12-03 09:00:00" DealType="1" Lots="0.15" Symbol="EURUSD" Open="1.5117" SL="0.0000" TP="1.5138" CloseTime="2009-12-03 14:38:00" Close="1.5138" Swap="0.00" Profit="31.50" Comment=" (379)" />
        <deal Ticket="7800511" OpenTime="2009-12-03 08:00:00" DealType="1" Lots="0.15" Symbol="EURUSD" Open="1.5107" SL="0.0000" TP="1.5127" CloseTime="2009-12-03 08:31:00" Close="1.5127" Swap="0.00" Profit="30.00" Comment=" (380)" />
        <deal Ticket="7798913" OpenTime="2009-12-03 04:00:00" DealType="1" Lots="0.10" Symbol="EURUSD" Open="1.5089" SL="0.0000" TP="1.5108" CloseTime="2009-12-03 07:56:00" Close="1.5108" Swap="0.00" Profit="19.00" Comment=" (381)" />
        <deal Ticket="7798093" OpenTime="2009-12-03 01:01:00" DealType="1" Lots="0.15" Symbol="EURUSD" Open="1.5067" SL="0.0000" TP="1.5087" CloseTime="2009-12-03 03:46:00" Close="1.5087" Swap="0.00" Profit="30.00" Comment=" (382)" />
        <deal Ticket="7796830" OpenTime="2009-12-02 21:41:00" DealType="1" Lots="0.10" Symbol="EURUSD" Open="1.5043" SL="0.0000" TP="1.5062" CloseTime="2009-12-03 00:08:00" Close="1.5062" Swap="0.00" Profit="19.00" Comment=" (383)" />
    </deals>
    <balances>
        <balance Ticket="7790263" Amount="1000.00" Date="2009-12-02 15:00:00" />
        <balance Ticket="7788062" Amount="1000.00" Date="2009-12-02 11:57:00" />
    </balances>
</account>