﻿<?xml version="1.0" encoding="utf-8"?>
<account Id="13046" Broker="" Account="" Trader="" Login="" InitBalance="5144.73">
    <deals>
        <deal Ticket="27476251" OpenTime="2010-01-25 18:07:00" DealType="-1" Lots="1.00" Symbol="EURUSD" Open="1.4141" SL="1.4136" TP="0.0000" CloseTime="2010-01-29 06:48:00" Close="1.3939" Swap="0.00" Profit="2020.00" Comment=" (1)" />
        <deal Ticket="27359272" OpenTime="2010-01-19 20:21:00" DealType="1" Lots="0.50" Symbol="USDCAD" Open="1.0324" SL="1.0329" TP="0.0000" CloseTime="2010-01-29 06:48:00" Close="1.0682" Swap="0.00" Profit="1675.72" Comment=" (2)" />
        <deal Ticket="26871464" OpenTime="2009-12-21 10:54:00" DealType="-1" Lots="0.50" Symbol="EURUSD" Open="1.4289" SL="1.4204" TP="0.0000" CloseTime="2010-01-29 06:48:00" Close="1.3940" Swap="0.00" Profit="1745.00" Comment=" (3)" />
        <deal Ticket="25639667" OpenTime="2009-11-17 16:08:00" DealType="1" Lots="0.50" Symbol="AUDUSD" Open="0.9287" SL="0.0000" TP="0.0000" CloseTime="2010-01-29 06:48:00" Close="0.8912" Swap="0.00" Profit="-1875.00" Comment=" (4)" />
        <deal Ticket="21544144" OpenTime="2009-08-11 14:04:00" DealType="1" Lots="0.01" Symbol="EURCHF" Open="1.5335" SL="0.0000" TP="0.0000" CloseTime="2010-01-29 06:48:00" Close="1.4665" Swap="0.00" Profit="-63.66" Comment=" (5)" />
        <deal Ticket="21501212" OpenTime="2009-08-10 16:00:00" DealType="1" Lots="0.01" Symbol="EURCHF" Open="1.5354" SL="0.0000" TP="0.0000" CloseTime="2010-01-29 06:47:00" Close="1.4665" Swap="0.00" Profit="-65.46" Comment=" (6)" />
        <deal Ticket="21497317" OpenTime="2009-08-10 14:54:00" DealType="1" Lots="0.10" Symbol="EURCHF" Open="1.5360" SL="0.0000" TP="0.0000" CloseTime="2010-01-29 06:47:00" Close="1.4665" Swap="0.00" Profit="-660.39" Comment=" (7)" />
        <deal Ticket="27425000" OpenTime="2010-01-21 22:03:00" DealType="1" Lots="0.50" Symbol="AUDUSD" Open="0.9038" SL="0.8901" TP="0.9088" CloseTime="2010-01-29 02:28:00" Close="0.8901" Swap="0.00" Profit="-685.00" Comment=" (8)" />
        <deal Ticket="27412982" OpenTime="2010-01-21 17:33:00" DealType="-1" Lots="0.50" Symbol="AUDUSD" Open="0.9076" SL="0.9073" TP="0.8946" CloseTime="2010-01-21 18:51:00" Close="0.9073" Swap="0.00" Profit="15.00" Comment=" (9)" />
        <deal Ticket="25540710" OpenTime="2009-11-16 09:15:00" DealType="-1" Lots="1.00" Symbol="USDCAD" Open="1.0462" SL="1.0454" TP="1.0020" CloseTime="2010-01-20 15:14:00" Close="1.0454" Swap="0.00" Profit="76.53" Comment=" (10)" />
        <deal Ticket="26838093" OpenTime="2009-12-18 10:47:00" DealType="1" Lots="0.38" Symbol="GBPJPY" Open="146.34" SL="145.20" TP="0.00" CloseTime="2009-12-18 18:38:00" Close="145.20" Swap="0.00" Profit="-479.31" Comment=" (12)" />
        <deal Ticket="26728342" OpenTime="2009-12-14 08:41:00" DealType="1" Lots="0.30" Symbol="GBPJPY" Open="144.31" SL="144.33" TP="0.00" CloseTime="2009-12-18 01:19:00" Close="144.33" Swap="0.00" Profit="6.68" Comment=" (13)" />
        <deal Ticket="26735292" OpenTime="2009-12-14 13:36:00" DealType="-1" Lots="0.30" Symbol="GBPJPY" Open="143.48" SL="144.80" TP="0.00" CloseTime="2009-12-15 02:10:00" Close="144.80" Swap="0.00" Profit="-446.10" Comment=" (14)" />
        <deal Ticket="25399814" OpenTime="2009-11-11 20:16:00" DealType="1" Lots="1.00" Symbol="AUDUSD" Open="0.9292" SL="0.9293" TP="0.0000" CloseTime="2009-11-17 11:08:00" Close="0.9293" Swap="0.00" Profit="10.00" Comment=" (15)" />
        <deal Ticket="25194018" OpenTime="2009-11-06 10:41:00" DealType="1" Lots="0.50" Symbol="AUDUSD" Open="0.9173" SL="0.9293" TP="0.0000" CloseTime="2009-11-17 11:08:00" Close="0.9293" Swap="0.00" Profit="600.00" Comment=" (16)" />
        <deal Ticket="25557623" OpenTime="2009-11-16 15:39:00" DealType="-1" Lots="0.50" Symbol="EURJPY" Open="133.73" SL="133.65" TP="0.00" CloseTime="2009-11-16 19:36:00" Close="133.65" Swap="0.00" Profit="44.71" Comment=" (17)" />
        <deal Ticket="24944538" OpenTime="2009-11-02 10:22:00" DealType="-1" Lots="0.50" Symbol="AUDUSD" Open="0.9036" SL="0.0000" TP="0.0000" CloseTime="2009-11-12 15:07:00" Close="0.9290" Swap="0.00" Profit="-1270.00" Comment=" (18)" />
        <deal Ticket="25190798" OpenTime="2009-11-06 09:03:00" DealType="1" Lots="0.50" Symbol="GBPJPY" Open="150.26" SL="0.00" TP="0.00" CloseTime="2009-11-06 15:30:00" Close="149.26" Swap="0.00" Profit="-554.20" Comment=" (19)" />
        <deal Ticket="24873893" OpenTime="2009-10-30 12:48:00" DealType="1" Lots="0.20" Symbol="GBPJPY" Open="150.12" SL="0.00" TP="0.00" CloseTime="2009-10-30 16:22:00" Close="150.33" Swap="0.00" Profit="0.00" Comment=" (20)" />
        <deal Ticket="24752112" OpenTime="2009-10-28 12:54:00" DealType="1" Lots="0.20" Symbol="GBPJPY" Open="148.77" SL="148.78" TP="0.00" CloseTime="2009-10-28 18:37:00" Close="148.78" Swap="0.00" Profit="2.20" Comment=" (21)" />
        <deal Ticket="24565074" OpenTime="2009-10-23 14:20:00" DealType="1" Lots="0.20" Symbol="GBPJPY" Open="150.07" SL="0.00" TP="0.00" CloseTime="2009-10-28 07:12:00" Close="149.21" Swap="0.00" Profit="-188.58" Comment=" (22)" />
        <deal Ticket="24564805" OpenTime="2009-10-23 12:02:00" DealType="1" Lots="0.20" Symbol="GBPJPY" Open="151.06" SL="0.00" TP="0.00" CloseTime="2009-10-28 07:12:00" Close="149.21" Swap="0.00" Profit="-405.66" Comment=" (23)" />
        <deal Ticket="24551015" OpenTime="2009-10-23 08:54:00" DealType="1" Lots="0.20" Symbol="GBPJPY" Open="152.52" SL="0.00" TP="0.00" CloseTime="2009-10-28 07:12:00" Close="149.21" Swap="0.00" Profit="-725.80" Comment=" (24)" />
        <deal Ticket="24526581" OpenTime="2009-10-22 18:04:00" DealType="1" Lots="1.00" Symbol="GBPJPY" Open="151.56" SL="0.00" TP="0.00" CloseTime="2009-10-22 19:04:00" Close="151.65" Swap="0.00" Profit="0.00" Comment=" (25)" />
        <deal Ticket="24496901" OpenTime="2009-10-22 10:01:00" DealType="-1" Lots="1.00" Symbol="AUDUSD" Open="0.9213" SL="0.0000" TP="0.0000" CloseTime="2009-10-22 17:07:00" Close="0.9208" Swap="0.00" Profit="50.00" Comment=" (26)" />
        <deal Ticket="24499848" OpenTime="2009-10-22 11:00:00" DealType="-1" Lots="0.05" Symbol="AUDUSD" Open="0.9229" SL="0.9228" TP="0.0000" CloseTime="2009-10-22 13:02:00" Close="0.9228" Swap="0.00" Profit="0.50" Comment=" (27)" />
        <deal Ticket="24467035" OpenTime="2009-10-21 19:49:00" DealType="1" Lots="0.30" Symbol="EURAUD" Open="1.6113" SL="1.5772" TP="0.0000" CloseTime="2009-10-22 09:14:00" Close="1.6236" Swap="0.00" Profit="0.00" Comment=" (28)" />
        <deal Ticket="24384243" OpenTime="2009-10-20 14:40:00" DealType="1" Lots="1.00" Symbol="EURAUD" Open="1.5991" SL="1.5795" TP="0.0000" CloseTime="2009-10-22 09:14:00" Close="1.6236" Swap="0.00" Profit="0.00" Comment=" (29)" />
        <deal Ticket="24490192" OpenTime="2009-10-22 07:35:00" DealType="1" Lots="0.30" Symbol="GBPJPY" Open="151.36" SL="0.00" TP="0.00" CloseTime="2009-10-22 08:23:00" Close="151.51" Swap="0.00" Profit="49.36" Comment=" (30)" />
        <deal Ticket="24445613" OpenTime="2009-10-21 15:06:00" DealType="1" Lots="0.30" Symbol="EURAUD" Open="1.6189" SL="1.5812" TP="1.6235" CloseTime="2009-10-21 21:06:00" Close="1.6144" Swap="0.00" Profit="-125.73" Comment=" (31)" />
        <deal Ticket="23772946" OpenTime="2009-10-07 10:53:00" DealType="1" Lots="0.20" Symbol="EURAUD" Open="1.6479" SL="1.5756" TP="0.0000" CloseTime="2009-10-21 21:06:00" Close="1.6145" Swap="0.00" Profit="-622.11" Comment=" (32)" />
        <deal Ticket="24464378" OpenTime="2009-10-21 18:44:00" DealType="1" Lots="0.30" Symbol="EURAUD" Open="1.6153" SL="1.6212" TP="1.6113" CloseTime="2009-10-21 19:46:00" Close="1.6168" Swap="0.00" Profit="0.00" Comment=" (33)" />
        <deal Ticket="24446063" OpenTime="2009-10-21 15:18:00" DealType="1" Lots="0.30" Symbol="EURAUD" Open="1.6144" SL="1.6095" TP="1.6235" CloseTime="2009-10-21 19:46:00" Close="1.6177" Swap="0.00" Profit="0.00" Comment=" (34)" />
        <deal Ticket="24445746" OpenTime="2009-10-21 15:09:00" DealType="1" Lots="0.30" Symbol="EURAUD" Open="1.6174" SL="0.0000" TP="0.0000" CloseTime="2009-10-21 15:15:00" Close="1.6178" Swap="0.00" Profit="0.00" Comment=" (35)" />
        <deal Ticket="24429482" OpenTime="2009-10-21 10:05:00" DealType="1" Lots="1.00" Symbol="GBPJPY" Open="149.02" SL="149.03" TP="150.00" CloseTime="2009-10-21 11:34:00" Close="150.00" Swap="0.00" Profit="1080.36" Comment=" (36)" />
        <deal Ticket="23773127" OpenTime="2009-10-06 10:50:00" DealType="1" Lots="0.20" Symbol="EURAUD" Open="1.6602" SL="1.5756" TP="0.0000" CloseTime="2009-10-21 11:34:00" Close="1.6131" Swap="0.00" Profit="-872.58" Comment=" (37)" />
        <deal Ticket="24432957" OpenTime="2009-10-21 11:21:00" DealType="1" Lots="0.30" Symbol="GBPJPY" Open="149.22" SL="0.00" TP="0.00" CloseTime="2009-10-21 11:33:00" Close="149.95" Swap="0.00" Profit="0.00" Comment=" (38)" />
        <deal Ticket="24432924" OpenTime="2009-10-21 11:20:00" DealType="1" Lots="0.30" Symbol="GBPJPY" Open="149.29" SL="0.00" TP="0.00" CloseTime="2009-10-21 11:33:00" Close="150.00" Swap="0.00" Profit="0.00" Comment=" (39)" />
        <deal Ticket="24384232" OpenTime="2009-10-20 16:10:00" DealType="1" Lots="1.00" Symbol="EURAUD" Open="1.6113" SL="1.6166" TP="0.0000" CloseTime="2009-10-20 22:07:00" Close="1.6166" Swap="0.00" Profit="489.13" Comment=" (40)" />
        <deal Ticket="23842505" OpenTime="2009-10-07 13:14:00" DealType="1" Lots="0.20" Symbol="EURUSD" Open="1.4729" SL="0.0000" TP="1.4762" CloseTime="2009-10-08 05:46:00" Close="1.4762" Swap="0.00" Profit="66.00" Comment=" (41)" />
        <deal Ticket="23716769" OpenTime="2009-10-05 08:01:00" DealType="1" Lots="0.20" Symbol="GBPJPY" Open="143.75" SL="145.77" TP="137.50" CloseTime="2009-10-05 08:02:00" Close="143.47" Swap="0.00" Profit="0.00" Comment=" (42)" />
        <deal Ticket="23687894" OpenTime="2009-10-02 17:40:00" DealType="1" Lots="0.20" Symbol="AUDUSD" Open="0.8723" SL="0.9061" TP="0.8599" CloseTime="2009-10-02 22:13:00" Close="0.8651" Swap="0.00" Profit="0.00" Comment=" (43)" />
        <deal Ticket="23678318" OpenTime="2009-10-02 16:48:00" DealType="-1" Lots="0.20" Symbol="AUDUSD" Open="0.8659" SL="0.9061" TP="0.8599" CloseTime="2009-10-02 22:13:00" Close="0.8655" Swap="0.00" Profit="8.00" Comment=" (44)" />
        <deal Ticket="23647003" OpenTime="2009-10-02 09:24:00" DealType="-1" Lots="0.20" Symbol="AUDUSD" Open="0.8708" SL="0.8707" TP="0.8599" CloseTime="2009-10-02 15:30:00" Close="0.8599" Swap="0.00" Profit="218.00" Comment=" (45)" />
        <deal Ticket="23531997" OpenTime="2009-09-30 09:30:00" DealType="-1" Lots="0.20" Symbol="AUDUSD" Open="0.8789" SL="0.8788" TP="0.8599" CloseTime="2009-10-02 15:30:00" Close="0.8599" Swap="0.00" Profit="380.00" Comment=" (46)" />
        <deal Ticket="23532044" OpenTime="2009-09-30 09:09:00" DealType="1" Lots="0.20" Symbol="AUDUSD" Open="0.8911" SL="0.9069" TP="0.0000" CloseTime="2009-10-02 11:08:00" Close="0.8659" Swap="0.00" Profit="0.00" Comment=" (47)" />
        <deal Ticket="23530432" OpenTime="2009-09-30 12:00:00" DealType="-1" Lots="0.20" Symbol="AUDUSD" Open="0.8820" SL="0.8819" TP="0.0000" CloseTime="2009-09-30 17:50:00" Close="0.8819" Swap="0.00" Profit="2.00" Comment=" (48)" />
        <deal Ticket="23422912" OpenTime="2009-09-28 06:34:00" DealType="-1" Lots="0.58" Symbol="EURUSD" Open="1.4584" SL="1.4580" TP="1.4559" CloseTime="2009-09-29 13:01:00" Close="1.4580" Swap="0.00" Profit="23.20" Comment=" (49)" />
        <deal Ticket="23402329" OpenTime="2009-09-25 20:55:00" DealType="1" Lots="0.54" Symbol="EURUSD" Open="1.4665" SL="1.4315" TP="1.4690" CloseTime="2009-09-25 23:53:00" Close="1.4690" Swap="0.00" Profit="135.00" Comment=" (50)" />
        <deal Ticket="23402330" OpenTime="2009-09-25 20:55:00" DealType="1" Lots="0.50" Symbol="EURUSD" Open="1.4665" SL="1.4315" TP="1.4690" CloseTime="2009-09-25 23:53:00" Close="1.4690" Swap="0.00" Profit="125.00" Comment=" (51)" />
        <deal Ticket="23402332" OpenTime="2009-09-25 20:55:00" DealType="1" Lots="0.46" Symbol="EURUSD" Open="1.4664" SL="1.4314" TP="1.4689" CloseTime="2009-09-25 23:49:00" Close="1.4689" Swap="0.00" Profit="115.00" Comment=" (52)" />
        <deal Ticket="23402340" OpenTime="2009-09-25 20:55:00" DealType="1" Lots="0.38" Symbol="EURUSD" Open="1.4664" SL="1.4314" TP="1.4689" CloseTime="2009-09-25 23:49:00" Close="1.4689" Swap="0.00" Profit="95.00" Comment=" (53)" />
        <deal Ticket="23402334" OpenTime="2009-09-25 20:55:00" DealType="1" Lots="0.42" Symbol="EURUSD" Open="1.4663" SL="1.4313" TP="1.4688" CloseTime="2009-09-25 23:49:00" Close="1.4688" Swap="0.00" Profit="105.00" Comment=" (54)" />
        <deal Ticket="23307339" OpenTime="2009-09-24 11:05:00" DealType="-1" Lots="0.37" Symbol="EURUSD" Open="1.4752" SL="1.5102" TP="1.4742" CloseTime="2009-09-24 11:09:00" Close="1.4742" Swap="0.00" Profit="37.00" Comment=" (55)" />
        <deal Ticket="23307337" OpenTime="2009-09-24 11:05:00" DealType="-1" Lots="0.41" Symbol="EURUSD" Open="1.4751" SL="1.5101" TP="1.4741" CloseTime="2009-09-24 11:09:00" Close="1.4741" Swap="0.00" Profit="41.00" Comment=" (56)" />
        <deal Ticket="23307329" OpenTime="2009-09-24 11:05:00" DealType="-1" Lots="0.45" Symbol="EURUSD" Open="1.4752" SL="1.5102" TP="1.4742" CloseTime="2009-09-24 11:09:00" Close="1.4742" Swap="0.00" Profit="45.00" Comment=" (57)" />
        <deal Ticket="23307327" OpenTime="2009-09-24 11:05:00" DealType="-1" Lots="0.49" Symbol="EURUSD" Open="1.4752" SL="1.5102" TP="1.4742" CloseTime="2009-09-24 11:09:00" Close="1.4742" Swap="0.00" Profit="49.00" Comment=" (58)" />
        <deal Ticket="23307316" OpenTime="2009-09-24 11:05:00" DealType="-1" Lots="0.53" Symbol="EURUSD" Open="1.4751" SL="1.5101" TP="1.4741" CloseTime="2009-09-24 11:09:00" Close="1.4741" Swap="0.00" Profit="53.00" Comment=" (59)" />
        <deal Ticket="23234302" OpenTime="2009-09-23 08:01:00" DealType="1" Lots="0.36" Symbol="EURUSD" Open="1.4820" SL="1.4470" TP="1.4835" CloseTime="2009-09-23 21:20:00" Close="1.4835" Swap="0.00" Profit="54.00" Comment=" (60)" />
        <deal Ticket="23234297" OpenTime="2009-09-23 08:01:00" DealType="1" Lots="0.47" Symbol="EURUSD" Open="1.4819" SL="1.4469" TP="1.4834" CloseTime="2009-09-23 21:19:00" Close="1.4834" Swap="0.00" Profit="70.50" Comment=" (61)" />
        <deal Ticket="23234298" OpenTime="2009-09-23 08:01:00" DealType="1" Lots="0.43" Symbol="EURUSD" Open="1.4819" SL="1.4469" TP="1.4834" CloseTime="2009-09-23 21:19:00" Close="1.4834" Swap="0.00" Profit="64.50" Comment=" (62)" />
        <deal Ticket="23234294" OpenTime="2009-09-23 08:01:00" DealType="1" Lots="0.52" Symbol="EURUSD" Open="1.4819" SL="1.4469" TP="1.4834" CloseTime="2009-09-23 21:19:00" Close="1.4834" Swap="0.00" Profit="78.00" Comment=" (63)" />
        <deal Ticket="23234301" OpenTime="2009-09-23 08:01:00" DealType="1" Lots="0.39" Symbol="EURUSD" Open="1.4819" SL="1.4469" TP="1.4834" CloseTime="2009-09-23 21:19:00" Close="1.4834" Swap="0.00" Profit="58.50" Comment=" (64)" />
        <deal Ticket="23225561" OpenTime="2009-09-23 01:46:00" DealType="1" Lots="0.35" Symbol="EURUSD" Open="1.4796" SL="1.4446" TP="1.4809" CloseTime="2009-09-23 02:23:00" Close="1.4809" Swap="0.00" Profit="45.50" Comment=" (65)" />
        <deal Ticket="23225533" OpenTime="2009-09-23 01:45:00" DealType="1" Lots="0.50" Symbol="EURUSD" Open="1.4795" SL="1.4445" TP="1.4808" CloseTime="2009-09-23 02:23:00" Close="1.4808" Swap="0.00" Profit="65.00" Comment=" (66)" />
        <deal Ticket="23225557" OpenTime="2009-09-23 01:45:00" DealType="1" Lots="0.38" Symbol="EURUSD" Open="1.4796" SL="1.4446" TP="1.4809" CloseTime="2009-09-23 02:23:00" Close="1.4809" Swap="0.00" Profit="49.40" Comment=" (67)" />
        <deal Ticket="23225544" OpenTime="2009-09-23 01:45:00" DealType="1" Lots="0.42" Symbol="EURUSD" Open="1.4796" SL="1.4446" TP="1.4809" CloseTime="2009-09-23 02:23:00" Close="1.4809" Swap="0.00" Profit="54.60" Comment=" (68)" />
        <deal Ticket="23225540" OpenTime="2009-09-23 01:45:00" DealType="1" Lots="0.46" Symbol="EURUSD" Open="1.4795" SL="1.4445" TP="1.4808" CloseTime="2009-09-23 02:23:00" Close="1.4808" Swap="0.00" Profit="59.80" Comment=" (69)" />
        <deal Ticket="22953620" OpenTime="2009-09-15 17:29:00" DealType="-1" Lots="1.00" Symbol="AUDCHF" Open="0.8918" SL="0.8915" TP="0.0000" CloseTime="2009-09-21 09:37:00" Close="0.8915" Swap="0.00" Profit="29.00" Comment=" (70)" />
        <deal Ticket="23104496" OpenTime="2009-09-18 13:51:00" DealType="-1" Lots="0.29" Symbol="EURUSD" Open="1.4702" SL="1.5052" TP="1.4692" CloseTime="2009-09-18 17:11:00" Close="1.4692" Swap="0.00" Profit="29.00" Comment=" (71)" />
        <deal Ticket="23104494" OpenTime="2009-09-18 13:51:00" DealType="-1" Lots="0.32" Symbol="EURUSD" Open="1.4702" SL="1.5052" TP="1.4692" CloseTime="2009-09-18 17:11:00" Close="1.4692" Swap="0.00" Profit="32.00" Comment=" (72)" />
        <deal Ticket="23104484" OpenTime="2009-09-18 13:50:00" DealType="-1" Lots="0.41" Symbol="EURUSD" Open="1.4704" SL="1.5054" TP="1.4694" CloseTime="2009-09-18 17:11:00" Close="1.4694" Swap="0.00" Profit="41.00" Comment=" (73)" />
        <deal Ticket="23104489" OpenTime="2009-09-18 13:50:00" DealType="-1" Lots="0.38" Symbol="EURUSD" Open="1.4704" SL="1.5054" TP="1.4694" CloseTime="2009-09-18 17:11:00" Close="1.4694" Swap="0.00" Profit="38.00" Comment=" (74)" />
        <deal Ticket="23104491" OpenTime="2009-09-18 13:50:00" DealType="-1" Lots="0.35" Symbol="EURUSD" Open="1.4702" SL="1.5052" TP="1.4692" CloseTime="2009-09-18 17:11:00" Close="1.4692" Swap="0.00" Profit="35.00" Comment=" (75)" />
        <deal Ticket="23031470" OpenTime="2009-09-17 03:23:00" DealType="1" Lots="0.38" Symbol="EURUSD" Open="1.4714" SL="1.4364" TP="1.4731" CloseTime="2009-09-17 06:25:00" Close="1.4731" Swap="0.00" Profit="64.60" Comment=" (76)" />
        <deal Ticket="22620370" OpenTime="2009-09-07 07:02:00" DealType="1" Lots="1.00" Symbol="GBPJPY" Open="152.65" SL="152.81" TP="0.00" CloseTime="2009-09-10 17:14:00" Close="152.81" Swap="0.00" Profit="174.12" Comment=" (77)" />
        <deal Ticket="21680648" OpenTime="2009-08-13 17:33:00" DealType="1" Lots="0.01" Symbol="GBPUSD" Open="1.6602" SL="1.6621" TP="0.0000" CloseTime="2009-09-10 15:04:00" Close="1.6621" Swap="0.00" Profit="1.90" Comment=" (78)" />
        <deal Ticket="22642327" OpenTime="2009-09-07 19:24:00" DealType="1" Lots="1.00" Symbol="GBPJPY" Open="151.86" SL="152.54" TP="0.00" CloseTime="2009-09-10 14:12:00" Close="152.54" Swap="0.00" Profit="737.92" Comment=" (79)" />
        <deal Ticket="22552217" OpenTime="2009-09-03 20:45:00" DealType="-1" Lots="1.00" Symbol="EURUSD" Open="1.4248" SL="1.4247" TP="1.4225" CloseTime="2009-09-04 15:44:00" Close="1.4247" Swap="0.00" Profit="10.00" Comment=" (80)" />
        <deal Ticket="22418038" OpenTime="2009-09-01 19:00:00" DealType="1" Lots="1.00" Symbol="AUDUSD" Open="0.8301" SL="0.8227" TP="0.0000" CloseTime="2009-09-02 19:55:00" Close="0.8364" Swap="0.00" Profit="630.00" Comment=" (81)" />
        <deal Ticket="22367671" OpenTime="2009-09-01 08:08:00" DealType="1" Lots="1.00" Symbol="AUDUSD" Open="0.8417" SL="0.8227" TP="0.0000" CloseTime="2009-09-02 19:55:00" Close="0.8365" Swap="0.00" Profit="-520.00" Comment=" (82)" />
        <deal Ticket="22217328" OpenTime="2009-08-27 16:16:00" DealType="1" Lots="1.00" Symbol="USDCAD" Open="1.0927" SL="1.0995" TP="0.0000" CloseTime="2009-08-27 18:27:00" Close="1.0995" Swap="0.00" Profit="618.46" Comment=" (83)" />
        <deal Ticket="22202708" OpenTime="2009-08-27 10:59:00" DealType="1" Lots="1.00" Symbol="USDCAD" Open="1.0994" SL="1.0995" TP="1.1165" CloseTime="2009-08-27 18:27:00" Close="1.0995" Swap="0.00" Profit="9.10" Comment=" (84)" />
        <deal Ticket="22140730" OpenTime="2009-08-26 09:12:00" DealType="1" Lots="1.00" Symbol="AUDCAD" Open="0.9084" SL="0.8960" TP="0.9267" CloseTime="2009-08-26 19:39:00" Close="0.9086" Swap="0.00" Profit="18.21" Comment=" (85)" />
        <deal Ticket="22159625" OpenTime="2009-08-26 15:26:00" DealType="1" Lots="0.30" Symbol="AUDCAD" Open="0.9064" SL="0.8960" TP="0.9267" CloseTime="2009-08-26 19:38:00" Close="0.9085" Swap="0.00" Profit="57.37" Comment=" (86)" />
        <deal Ticket="22159391" OpenTime="2009-08-26 15:30:00" DealType="-1" Lots="0.30" Symbol="NZDUSD" Open="0.6866" SL="0.6811" TP="0.0000" CloseTime="2009-08-26 16:45:00" Close="0.6797" Swap="0.00" Profit="207.00" Comment=" (87)" />
        <deal Ticket="22159339" OpenTime="2009-08-26 14:51:00" DealType="-1" Lots="0.30" Symbol="NZDUSD" Open="0.6836" SL="0.6812" TP="0.0000" CloseTime="2009-08-26 16:45:00" Close="0.6797" Swap="0.00" Profit="117.00" Comment=" (88)" />
        <deal Ticket="22143043" OpenTime="2009-08-26 10:03:00" DealType="1" Lots="0.30" Symbol="USDCAD" Open="1.0866" SL="0.0000" TP="1.0982" CloseTime="2009-08-26 16:45:00" Close="1.0982" Swap="0.00" Profit="316.88" Comment=" (89)" />
        <deal Ticket="22105283" OpenTime="2009-08-25 15:10:00" DealType="-1" Lots="0.30" Symbol="CADJPY" Open="87.51" SL="87.50" TP="0.00" CloseTime="2009-08-25 21:04:00" Close="86.66" Swap="0.00" Profit="271.16" Comment=" (90)" />
        <deal Ticket="22102608" OpenTime="2009-08-25 15:03:00" DealType="1" Lots="1.00" Symbol="AUDCAD" Open="0.9033" SL="0.9034" TP="0.0000" CloseTime="2009-08-25 21:04:00" Close="0.9065" Swap="0.00" Profit="294.88" Comment=" (91)" />
        <deal Ticket="21821787" OpenTime="2009-08-19 02:53:00" DealType="1" Lots="0.01" Symbol="EURUSD" Open="1.4160" SL="1.4161" TP="0.0000" CloseTime="2009-08-25 21:04:00" Close="1.4306" Swap="0.00" Profit="14.60" Comment=" (92)" />
        <deal Ticket="22106175" OpenTime="2009-08-25 15:40:00" DealType="1" Lots="0.30" Symbol="USDCAD" Open="1.0742" SL="1.0743" TP="1.0861" CloseTime="2009-08-25 20:56:00" Close="1.0861" Swap="0.00" Profit="328.70" Comment=" (93)" />
        <deal Ticket="21815110" OpenTime="2009-08-18 15:30:00" DealType="1" Lots="0.01" Symbol="CHFJPY" Open="87.91" SL="87.92" TP="0.00" CloseTime="2009-08-21 06:30:00" Close="87.92" Swap="0.00" Profit="0.11" Comment=" (94)" />
        <deal Ticket="21691084" OpenTime="2009-08-13 20:52:00" DealType="-1" Lots="0.01" Symbol="CADJPY" Open="87.50" SL="86.12" TP="0.00" CloseTime="2009-08-20 11:06:00" Close="86.12" Swap="0.00" Profit="14.63" Comment=" (95)" />
        <deal Ticket="21684955" OpenTime="2009-08-13 19:11:00" DealType="-1" Lots="0.01" Symbol="AUDCAD" Open="0.9155" SL="0.9128" TP="0.0000" CloseTime="2009-08-20 09:45:00" Close="0.9128" Swap="0.00" Profit="2.47" Comment=" (96)" />
        <deal Ticket="21821797" OpenTime="2009-08-18 15:17:00" DealType="1" Lots="0.01" Symbol="EURUSD" Open="1.4099" SL="1.4100" TP="0.0000" CloseTime="2009-08-19 11:53:00" Close="1.4100" Swap="0.00" Profit="0.10" Comment=" (97)" />
        <deal Ticket="21794562" OpenTime="2009-08-17 19:58:00" DealType="1" Lots="0.01" Symbol="USDCAD" Open="1.1073" SL="1.0900" TP="0.0000" CloseTime="2009-08-18 16:57:00" Close="1.1089" Swap="0.00" Profit="1.44" Comment=" (98)" />
        <deal Ticket="21605782" OpenTime="2009-08-12 16:47:00" DealType="1" Lots="0.01" Symbol="USDCAD" Open="1.0983" SL="1.1037" TP="0.0000" CloseTime="2009-08-17 22:06:00" Close="1.1037" Swap="0.00" Profit="4.89" Comment=" (99)" />
        <deal Ticket="21347335" OpenTime="2009-08-05 17:23:00" DealType="1" Lots="0.01" Symbol="USDCAD" Open="1.0762" SL="1.1037" TP="0.0000" CloseTime="2009-08-17 22:06:00" Close="1.1037" Swap="0.00" Profit="24.92" Comment=" (100)" />
        <deal Ticket="21587473" OpenTime="2009-08-12 11:46:00" DealType="1" Lots="0.01" Symbol="USDCAD" Open="1.1037" SL="1.1056" TP="0.0000" CloseTime="2009-08-17 21:17:00" Close="1.1056" Swap="0.00" Profit="1.72" Comment=" (101)" />
        <deal Ticket="21790816" OpenTime="2009-08-17 16:30:00" DealType="1" Lots="0.50" Symbol="USDCAD" Open="1.1077" SL="1.1088" TP="0.0000" CloseTime="2009-08-17 16:57:00" Close="1.1088" Swap="0.00" Profit="49.60" Comment=" (102)" />
        <deal Ticket="21597497" OpenTime="2009-08-12 14:36:00" DealType="-1" Lots="0.01" Symbol="AUDUSD" Open="0.8223" SL="0.8221" TP="0.0000" CloseTime="2009-08-17 16:00:00" Close="0.8221" Swap="0.00" Profit="0.20" Comment=" (103)" />
        <deal Ticket="21680176" OpenTime="2009-08-17 02:59:00" DealType="1" Lots="0.01" Symbol="GBPUSD" Open="1.6479" SL="1.6323" TP="0.0000" CloseTime="2009-08-17 12:28:00" Close="1.6323" Swap="0.00" Profit="-15.60" Comment=" (104)" />
        <deal Ticket="21676719" OpenTime="2009-08-13 16:08:00" DealType="1" Lots="0.01" Symbol="GBPUSD" Open="1.6633" SL="1.6324" TP="0.0000" CloseTime="2009-08-17 12:28:00" Close="1.6324" Swap="0.00" Profit="-30.90" Comment=" (105)" />
        <deal Ticket="21684947" OpenTime="2009-08-14 03:18:00" DealType="-1" Lots="0.01" Symbol="AUDCAD" Open="0.9186" SL="0.9226" TP="0.0000" CloseTime="2009-08-14 09:59:00" Close="0.9175" Swap="0.00" Profit="1.01" Comment=" (106)" />
        <deal Ticket="21547359" OpenTime="2009-08-12 06:08:00" DealType="1" Lots="0.02" Symbol="AUDCAD" Open="0.9090" SL="0.8943" TP="0.9155" CloseTime="2009-08-13 19:11:00" Close="0.9155" Swap="0.00" Profit="11.96" Comment=" (107)" />
        <deal Ticket="21547323" OpenTime="2009-08-11 19:00:00" DealType="1" Lots="0.02" Symbol="AUDCAD" Open="0.9119" SL="0.8943" TP="0.9155" CloseTime="2009-08-13 19:11:00" Close="0.9155" Swap="0.00" Profit="6.63" Comment=" (108)" />
        <deal Ticket="21658380" OpenTime="2009-08-13 12:17:00" DealType="1" Lots="0.50" Symbol="USDCAD" Open="1.0838" SL="1.0839" TP="0.0000" CloseTime="2009-08-13 16:49:00" Close="1.0858" Swap="0.00" Profit="92.10" Comment=" (109)" />
        <deal Ticket="21653370" OpenTime="2009-08-13 09:42:00" DealType="1" Lots="0.50" Symbol="USDCAD" Open="1.0872" SL="1.0455" TP="0.0000" CloseTime="2009-08-13 16:46:00" Close="1.0854" Swap="0.00" Profit="-82.92" Comment=" (110)" />
        <deal Ticket="21594978" OpenTime="2009-08-12 16:35:00" DealType="-1" Lots="0.01" Symbol="EURJPY" Open="135.90" SL="137.64" TP="0.00" CloseTime="2009-08-13 12:03:00" Close="137.64" Swap="0.00" Profit="-18.04" Comment=" (111)" />
        <deal Ticket="21497159" OpenTime="2009-08-10 14:48:00" DealType="-1" Lots="0.05" Symbol="SILVER" Open="14.4175" SL="14.4170" TP="0.0000" CloseTime="2009-08-12 16:45:00" Close="14.4170" Swap="0.00" Profit="0.13" Comment=" (112)" />
        <deal Ticket="21532230" OpenTime="2009-08-11 09:22:00" DealType="-1" Lots="0.02" Symbol="EURUSD" Open="1.4147" SL="1.4146" TP="0.0000" CloseTime="2009-08-12 13:03:00" Close="1.4146" Swap="0.00" Profit="0.20" Comment=" (113)" />
        <deal Ticket="21582042" OpenTime="2009-08-12 10:46:00" DealType="1" Lots="0.01" Symbol="GBPJPY" Open="156.23" SL="156.87" TP="0.00" CloseTime="2009-08-12 12:33:00" Close="156.87" Swap="0.00" Profit="6.69" Comment=" (114)" />
        <deal Ticket="21580639" OpenTime="2009-08-12 10:06:00" DealType="1" Lots="0.25" Symbol="GBPJPY" Open="156.86" SL="156.87" TP="0.00" CloseTime="2009-08-12 12:33:00" Close="156.87" Swap="0.00" Profit="2.62" Comment=" (115)" />
        <deal Ticket="21530411" OpenTime="2009-08-11 07:03:00" DealType="-1" Lots="0.02" Symbol="GBPUSD" Open="1.6487" SL="1.6673" TP="0.0000" CloseTime="2009-08-12 10:34:00" Close="1.6431" Swap="0.00" Profit="11.20" Comment=" (116)" />
        <deal Ticket="21580671" OpenTime="2009-08-12 10:07:00" DealType="1" Lots="0.25" Symbol="AUDUSD" Open="0.8197" SL="0.0000" TP="0.0000" CloseTime="2009-08-12 10:33:00" Close="0.8197" Swap="0.00" Profit="0.00" Comment=" (117)" />
        <deal Ticket="21580587" OpenTime="2009-08-12 09:11:00" DealType="-1" Lots="0.25" Symbol="AUDUSD" Open="0.8225" SL="0.8224" TP="0.0000" CloseTime="2009-08-12 10:07:00" Close="0.8197" Swap="0.00" Profit="70.00" Comment=" (118)" />
        <deal Ticket="21576723" OpenTime="2009-08-12 09:11:00" DealType="-1" Lots="0.25" Symbol="AUDUSD" Open="0.8225" SL="0.8224" TP="0.0000" CloseTime="2009-08-12 10:04:00" Close="0.8198" Swap="0.00" Profit="67.50" Comment=" (119)" />
        <deal Ticket="21504578" OpenTime="2009-08-10 18:24:00" DealType="1" Lots="0.10" Symbol="AUDCAD" Open="0.9069" SL="0.9070" TP="0.0000" CloseTime="2009-08-12 09:00:00" Close="0.9070" Swap="0.00" Profit="0.91" Comment=" (120)" />
        <deal Ticket="21349313" OpenTime="2009-08-05 18:00:00" DealType="1" Lots="0.01" Symbol="AUDCAD" Open="0.8992" SL="0.9070" TP="0.0000" CloseTime="2009-08-12 09:00:00" Close="0.9070" Swap="0.00" Profit="7.08" Comment=" (121)" />
        <deal Ticket="21349221" OpenTime="2009-08-05 17:54:00" DealType="1" Lots="0.01" Symbol="AUDCAD" Open="0.9009" SL="0.9070" TP="0.0000" CloseTime="2009-08-12 09:00:00" Close="0.9070" Swap="0.00" Profit="5.54" Comment=" (122)" />
        <deal Ticket="21530011" OpenTime="2009-08-11 10:05:00" DealType="1" Lots="0.10" Symbol="GBPCHF" Open="1.7851" SL="1.7750" TP="1.7859" CloseTime="2009-08-11 17:01:00" Close="1.7859" Swap="0.00" Profit="7.38" Comment=" (123)" />
        <deal Ticket="21215878" OpenTime="2009-08-03 09:22:00" DealType="-1" Lots="0.10" Symbol="CADJPY" Open="87.77" SL="87.65" TP="0.00" CloseTime="2009-08-11 16:18:00" Close="87.65" Swap="0.00" Profit="12.45" Comment=" (124)" />
        <deal Ticket="21538077" OpenTime="2009-08-11 11:07:00" DealType="1" Lots="0.01" Symbol="GBPCHF" Open="1.7836" SL="1.7750" TP="1.7844" CloseTime="2009-08-11 15:45:00" Close="1.7844" Swap="0.00" Profit="0.74" Comment=" (125)" />
        <deal Ticket="21436512" OpenTime="2009-08-07 15:38:00" DealType="-1" Lots="0.05" Symbol="GBPCHF" Open="1.7871" SL="1.7868" TP="0.0000" CloseTime="2009-08-10 20:19:00" Close="1.7868" Swap="0.00" Profit="1.38" Comment=" (126)" />
        <deal Ticket="21482686" OpenTime="2009-08-10 08:02:00" DealType="-1" Lots="0.05" Symbol="AUDNZD" Open="1.2446" SL="1.2409" TP="0.0000" CloseTime="2009-08-10 19:53:00" Close="1.2409" Swap="0.00" Profit="12.50" Comment=" (127)" />
        <deal Ticket="21454085" OpenTime="2009-08-07 17:01:00" DealType="-1" Lots="0.05" Symbol="CADJPY" Open="89.31" SL="90.90" TP="0.00" CloseTime="2009-08-10 19:47:00" Close="89.29" Swap="0.00" Profit="1.03" Comment=" (128)" />
        <deal Ticket="21449917" OpenTime="2009-08-07 16:24:00" DealType="-1" Lots="0.05" Symbol="GBPCHF" Open="1.7953" SL="1.8099" TP="0.0000" CloseTime="2009-08-10 16:36:00" Close="1.7949" Swap="0.00" Profit="1.84" Comment=" (129)" />
        <deal Ticket="21441054" OpenTime="2009-08-07 15:44:00" DealType="-1" Lots="0.05" Symbol="GBPJPY" Open="161.61" SL="166.00" TP="0.00" CloseTime="2009-08-10 13:57:00" Close="161.58" Swap="0.00" Profit="1.54" Comment=" (130)" />
        <deal Ticket="21449868" OpenTime="2009-08-07 16:33:00" DealType="-1" Lots="0.05" Symbol="GBPJPY" Open="162.40" SL="166.00" TP="0.00" CloseTime="2009-08-10 07:46:00" Close="162.38" Swap="0.00" Profit="1.03" Comment=" (131)" />
        <deal Ticket="21441091" OpenTime="2009-08-07 15:44:00" DealType="-1" Lots="0.05" Symbol="EURJPY" Open="138.26" SL="140.90" TP="0.00" CloseTime="2009-08-10 06:38:00" Close="138.09" Swap="0.00" Profit="8.74" Comment=" (132)" />
        <deal Ticket="21432080" OpenTime="2009-08-07 15:27:00" DealType="-1" Lots="0.05" Symbol="GBPUSD" Open="1.6779" SL="1.6775" TP="0.0000" CloseTime="2009-08-07 16:32:00" Close="1.6775" Swap="0.00" Profit="2.00" Comment=" (133)" />
        <deal Ticket="21419825" OpenTime="2009-08-07 09:09:00" DealType="-1" Lots="0.05" Symbol="GBPCHF" Open="1.7876" SL="1.7876" TP="0.0000" CloseTime="2009-08-07 15:38:00" Close="1.7876" Swap="0.00" Profit="0.00" Comment=" (134)" />
        <deal Ticket="21429458" OpenTime="2009-08-07 15:09:00" DealType="-1" Lots="0.05" Symbol="GBPJPY" Open="159.86" SL="161.14" TP="0.00" CloseTime="2009-08-07 15:30:00" Close="161.14" Swap="0.00" Profit="-66.86" Comment=" (135)" />
        <deal Ticket="21412063" OpenTime="2009-08-06 23:14:00" DealType="1" Lots="0.01" Symbol="EURCHF" Open="1.5293" SL="1.5255" TP="0.0000" CloseTime="2009-08-07 15:30:00" Close="1.5255" Swap="0.00" Profit="-3.59" Comment=" (136)" />
        <deal Ticket="21324787" OpenTime="2009-08-05 11:05:00" DealType="1" Lots="0.01" Symbol="EURJPY" Open="136.86" SL="135.56" TP="0.00" CloseTime="2009-08-07 08:21:00" Close="136.93" Swap="0.00" Profit="0.74" Comment=" (137)" />
        <deal Ticket="21347346" OpenTime="2009-08-05 17:23:00" DealType="1" Lots="0.01" Symbol="EURJPY" Open="136.48" SL="135.56" TP="0.00" CloseTime="2009-08-07 08:20:00" Close="136.93" Swap="0.00" Profit="4.72" Comment=" (138)" />
        <deal Ticket="21331272" OpenTime="2009-08-05 13:36:00" DealType="-1" Lots="0.01" Symbol="CADJPY" Open="88.54" SL="0.00" TP="0.00" CloseTime="2009-08-05 17:22:00" Close="88.25" Swap="0.00" Profit="3.05" Comment=" (139)" />
        <deal Ticket="21322709" OpenTime="2009-08-05 10:02:00" DealType="1" Lots="0.01" Symbol="USDCAD" Open="1.0756" SL="1.0610" TP="0.0000" CloseTime="2009-08-05 17:22:00" Close="1.0759" Swap="0.00" Profit="0.28" Comment=" (140)" />
        <deal Ticket="21271815" OpenTime="2009-08-04 08:14:00" DealType="1" Lots="0.10" Symbol="SILVER" Open="14.2175" SL="13.2213" TP="0.0000" CloseTime="2009-08-04 16:34:00" Close="14.3225" Swap="0.00" Profit="52.50" Comment=" (141)" />
        <deal Ticket="21251070" OpenTime="2009-08-03 17:42:00" DealType="1" Lots="0.10" Symbol="GBPCHF" Open="1.7890" SL="1.7677" TP="0.0000" CloseTime="2009-08-04 16:34:00" Close="1.7982" Swap="0.00" Profit="86.57" Comment=" (142)" />
        <deal Ticket="21128950" OpenTime="2009-07-31 04:34:00" DealType="1" Lots="0.10" Symbol="GBPCHF" Open="1.7927" SL="1.7678" TP="0.0000" CloseTime="2009-08-04 16:34:00" Close="1.7982" Swap="0.00" Profit="51.75" Comment=" (143)" />
        <deal Ticket="21130479" OpenTime="2009-07-30 19:14:00" DealType="1" Lots="0.10" Symbol="GBPCHF" Open="1.7966" SL="1.7678" TP="0.0000" CloseTime="2009-08-04 16:34:00" Close="1.7982" Swap="0.00" Profit="15.06" Comment=" (144)" />
        <deal Ticket="19854959" OpenTime="2009-06-30 13:27:00" DealType="1" Lots="0.01" Symbol="GBPCHF" Open="1.7905" SL="1.7678" TP="0.0000" CloseTime="2009-08-04 16:34:00" Close="1.7982" Swap="0.00" Profit="7.25" Comment=" (145)" />
        <deal Ticket="19851571" OpenTime="2009-06-30 12:51:00" DealType="1" Lots="0.01" Symbol="GBPCHF" Open="1.7944" SL="1.7678" TP="0.0000" CloseTime="2009-08-04 16:34:00" Close="1.7982" Swap="0.00" Profit="3.58" Comment=" (146)" />
        <deal Ticket="21240748" OpenTime="2009-08-03 16:08:00" DealType="-1" Lots="0.10" Symbol="SILVER" Open="14.3875" SL="14.3838" TP="0.0000" CloseTime="2009-08-03 19:39:00" Close="14.3838" Swap="0.00" Profit="1.85" Comment=" (147)" />
        <deal Ticket="21214111" OpenTime="2009-08-03 14:01:00" DealType="-1" Lots="0.10" Symbol="SILVER" Open="14.2400" SL="14.5030" TP="13.8627" CloseTime="2009-08-03 15:44:00" Close="14.5030" Swap="0.00" Profit="-131.50" Comment=" (148)" />
        <deal Ticket="21211981" OpenTime="2009-08-03 06:21:00" DealType="-1" Lots="0.10" Symbol="SILVER" Open="14.0663" SL="14.5029" TP="13.8627" CloseTime="2009-08-03 15:44:00" Close="14.5029" Swap="0.00" Profit="-218.30" Comment=" (149)" />
        <deal Ticket="21197167" OpenTime="2009-07-31 20:05:00" DealType="-1" Lots="0.10" Symbol="SILVER" Open="13.9225" SL="14.5030" TP="13.8627" CloseTime="2009-08-03 15:44:00" Close="14.5030" Swap="0.00" Profit="-290.25" Comment=" (150)" />
        <deal Ticket="21181199" OpenTime="2009-07-31 17:33:00" DealType="1" Lots="0.10" Symbol="GBPCHF" Open="1.7835" SL="0.0000" TP="0.0000" CloseTime="2009-08-03 08:21:00" Close="1.7914" Swap="0.00" Profit="73.75" Comment=" (151)" />
        <deal Ticket="21170799" OpenTime="2009-07-31 16:01:00" DealType="1" Lots="0.10" Symbol="GBPCHF" Open="1.7891" SL="1.7678" TP="0.0000" CloseTime="2009-08-03 08:21:00" Close="1.7914" Swap="0.00" Profit="21.47" Comment=" (152)" />
        <deal Ticket="21196233" OpenTime="2009-07-31 19:42:00" DealType="-1" Lots="0.10" Symbol="GBPUSD" Open="1.6704" SL="0.0000" TP="0.0000" CloseTime="2009-07-31 21:55:00" Close="1.6690" Swap="0.00" Profit="14.00" Comment=" (153)" />
        <deal Ticket="21169899" OpenTime="2009-07-31 15:50:00" DealType="1" Lots="0.10" Symbol="GBPJPY" Open="157.49" SL="0.00" TP="0.00" CloseTime="2009-07-31 21:55:00" Close="158.09" Swap="0.00" Profit="63.32" Comment=" (154)" />
        <deal Ticket="21133674" OpenTime="2009-07-30 20:55:00" DealType="1" Lots="0.10" Symbol="GBPJPY" Open="157.93" SL="155.83" TP="159.26" CloseTime="2009-07-31 21:55:00" Close="158.08" Swap="0.00" Profit="15.84" Comment=" (155)" />
        <deal Ticket="21081299" OpenTime="2009-07-29 20:52:00" DealType="1" Lots="0.50" Symbol="GBPCAD" Open="1.7869" SL="1.7680" TP="0.0000" CloseTime="2009-07-31 19:39:00" Close="1.8019" Swap="0.00" Profit="695.09" Comment=" (156)" />
        <deal Ticket="21173335" OpenTime="2009-07-31 16:22:00" DealType="1" Lots="0.10" Symbol="GBPUSD" Open="1.6489" SL="1.6409" TP="1.6597" CloseTime="2009-07-31 18:14:00" Close="1.6597" Swap="0.00" Profit="108.00" Comment=" (157)" />
        <deal Ticket="20798719" OpenTime="2009-07-23 09:15:00" DealType="1" Lots="0.50" Symbol="GBPUSD" Open="1.6513" SL="1.6533" TP="1.6596" CloseTime="2009-07-31 08:36:00" Close="1.6533" Swap="0.00" Profit="100.00" Comment=" (158)" />
        <deal Ticket="19806354" OpenTime="2009-06-29 15:36:00" DealType="1" Lots="0.01" Symbol="GBPCHF" Open="1.7959" SL="1.7977" TP="1.8540" CloseTime="2009-07-30 16:38:00" Close="1.7977" Swap="0.00" Profit="1.65" Comment=" (159)" />
        <deal Ticket="21095889" OpenTime="2009-07-30 08:34:00" DealType="-1" Lots="0.01" Symbol="AUDUSD" Open="0.8186" SL="0.8331" TP="0.0000" CloseTime="2009-07-30 12:07:00" Close="0.8226" Swap="0.00" Profit="-4.00" Comment=" (160)" />
        <deal Ticket="21039176" OpenTime="2009-07-29 10:57:00" DealType="-1" Lots="0.50" Symbol="CADJPY" Open="86.99" SL="90.85" TP="84.45" CloseTime="2009-07-30 11:33:00" Close="87.35" Swap="0.00" Profit="-189.40" Comment=" (161)" />
        <deal Ticket="21034362" OpenTime="2009-07-29 09:44:00" DealType="-1" Lots="0.10" Symbol="CADJPY" Open="86.43" SL="90.85" TP="84.45" CloseTime="2009-07-30 11:33:00" Close="87.36" Swap="0.00" Profit="-97.84" Comment=" (162)" />
        <deal Ticket="20871595" OpenTime="2009-07-24 11:41:00" DealType="1" Lots="0.01" Symbol="GBPJPY" Open="156.35" SL="156.40" TP="162.35" CloseTime="2009-07-30 10:13:00" Close="156.40" Swap="0.00" Profit="0.53" Comment=" (163)" />
        <deal Ticket="20945571" OpenTime="2009-07-27 18:28:00" DealType="1" Lots="0.01" Symbol="EURUSD" Open="1.4228" SL="1.4030" TP="1.4636" CloseTime="2009-07-29 18:17:00" Close="1.4030" Swap="0.00" Profit="-19.80" Comment=" (164)" />
        <deal Ticket="21057794" OpenTime="2009-07-29 15:59:00" DealType="-1" Lots="0.01" Symbol="GBPJPY" Open="155.45" SL="0.00" TP="0.00" CloseTime="2009-07-29 16:08:00" Close="155.98" Swap="0.00" Profit="-5.59" Comment=" (165)" />
        <deal Ticket="21057420" OpenTime="2009-07-29 15:50:00" DealType="-1" Lots="0.50" Symbol="GBPJPY" Open="155.29" SL="155.65" TP="0.00" CloseTime="2009-07-29 16:01:00" Close="155.65" Swap="0.00" Profit="-189.84" Comment=" (166)" />
        <deal Ticket="21054772" OpenTime="2009-07-29 15:30:00" DealType="-1" Lots="0.10" Symbol="GBPJPY" Open="155.66" SL="155.65" TP="0.00" CloseTime="2009-07-29 16:01:00" Close="155.65" Swap="0.00" Profit="1.06" Comment=" (167)" />
        <deal Ticket="21053739" OpenTime="2009-07-29 15:11:00" DealType="-1" Lots="0.10" Symbol="GBPJPY" Open="155.42" SL="155.90" TP="154.69" CloseTime="2009-07-29 15:36:00" Close="155.32" Swap="0.00" Profit="10.56" Comment=" (168)" />
        <deal Ticket="21051136" OpenTime="2009-07-29 14:35:00" DealType="-1" Lots="0.10" Symbol="GBPJPY" Open="155.57" SL="155.56" TP="155.08" CloseTime="2009-07-29 15:06:00" Close="155.56" Swap="0.00" Profit="1.05" Comment=" (169)" />
        <deal Ticket="21049315" OpenTime="2009-07-29 14:23:00" DealType="-1" Lots="0.10" Symbol="GBPJPY" Open="155.66" SL="0.00" TP="0.00" CloseTime="2009-07-29 14:30:00" Close="155.50" Swap="0.00" Profit="16.83" Comment=" (170)" />
        <deal Ticket="21048022" OpenTime="2009-07-29 13:52:00" DealType="-1" Lots="0.10" Symbol="GBPJPY" Open="155.53" SL="155.90" TP="155.08" CloseTime="2009-07-29 14:30:00" Close="155.53" Swap="0.00" Profit="0.00" Comment=" (171)" />
        <deal Ticket="21040115" OpenTime="2009-07-29 11:18:00" DealType="-1" Lots="0.10" Symbol="GBPJPY" Open="154.69" SL="155.55" TP="153.55" CloseTime="2009-07-29 13:49:00" Close="155.55" Swap="0.00" Profit="-90.62" Comment=" (172)" />
        <deal Ticket="20999362" OpenTime="2009-07-28 18:20:00" DealType="1" Lots="0.10" Symbol="GBPJPY" Open="155.07" SL="150.10" TP="162.50" CloseTime="2009-07-29 13:44:00" Close="155.26" Swap="0.00" Profit="20.06" Comment=" (173)" />
        <deal Ticket="20858796" OpenTime="2009-07-24 05:43:00" DealType="1" Lots="0.01" Symbol="EURUSD" Open="1.4152" SL="1.4030" TP="1.4640" CloseTime="2009-07-29 10:51:00" Close="1.4163" Swap="0.00" Profit="1.10" Comment=" (174)" />
        <deal Ticket="20999240" OpenTime="2009-07-28 18:20:00" DealType="1" Lots="0.10" Symbol="EURJPY" Open="133.50" SL="130.29" TP="137.50" CloseTime="2009-07-29 10:50:00" Close="133.55" Swap="0.00" Profit="5.30" Comment=" (175)" />
        <deal Ticket="21016300" OpenTime="2009-07-28 22:22:00" DealType="-1" Lots="0.10" Symbol="CADJPY" Open="87.14" SL="86.67" TP="0.00" CloseTime="2009-07-29 09:29:00" Close="86.67" Swap="0.00" Profit="49.90" Comment=" (176)" />
        <deal Ticket="20873647" OpenTime="2009-07-24 13:10:00" DealType="1" Lots="0.01" Symbol="GBPCHF" Open="1.7580" SL="1.7327" TP="0.0000" CloseTime="2009-07-28 20:06:00" Close="1.7662" Swap="0.00" Profit="7.61" Comment=" (177)" />
        <deal Ticket="20807248" OpenTime="2009-07-23 12:13:00" DealType="1" Lots="0.01" Symbol="GBPCHF" Open="1.7651" SL="1.7327" TP="1.8540" CloseTime="2009-07-28 20:06:00" Close="1.7662" Swap="0.00" Profit="1.02" Comment=" (178)" />
        <deal Ticket="20976224" OpenTime="2009-07-28 14:48:00" DealType="1" Lots="0.10" Symbol="EURJPY" Open="134.82" SL="133.20" TP="137.50" CloseTime="2009-07-28 18:29:00" Close="133.20" Swap="0.00" Profit="-171.88" Comment=" (179)" />
        <deal Ticket="20720072" OpenTime="2009-07-21 19:28:00" DealType="1" Lots="0.01" Symbol="GBPJPY" Open="153.36" SL="155.00" TP="162.35" CloseTime="2009-07-28 18:20:00" Close="155.00" Swap="0.00" Profit="17.37" Comment=" (180)" />
        <deal Ticket="20693426" OpenTime="2009-07-21 13:06:00" DealType="1" Lots="0.10" Symbol="GBPJPY" Open="154.91" SL="155.00" TP="162.35" CloseTime="2009-07-28 18:20:00" Close="155.00" Swap="0.00" Profit="9.53" Comment=" (181)" />
        <deal Ticket="20646869" OpenTime="2009-07-20 11:37:00" DealType="-1" Lots="0.10" Symbol="USDCAD" Open="1.1063" SL="1.1054" TP="1.0755" CloseTime="2009-07-28 10:02:00" Close="1.0755" Swap="0.00" Profit="286.38" Comment=" (182)" />
        <deal Ticket="20786840" OpenTime="2009-07-22 23:16:00" DealType="-1" Lots="0.74" Symbol="EURCHF" Open="1.5155" SL="1.5309" TP="1.5110" CloseTime="2009-07-27 06:35:00" Close="1.5236" Swap="0.00" Profit="-559.76" Comment=" (183)" />
        <deal Ticket="20633537" OpenTime="2009-07-20 07:54:00" DealType="-1" Lots="0.10" Symbol="EURUSD" Open="1.4155" SL="1.4136" TP="1.3916" CloseTime="2009-07-23 23:21:00" Close="1.4136" Swap="0.00" Profit="19.00" Comment=" (184)" />
        <deal Ticket="20743692" OpenTime="2009-07-22 10:14:00" DealType="-1" Lots="0.01" Symbol="DJI" Open="8892.00000000" SL="9074.00000000" TP="8445.00000000" CloseTime="2009-07-22 21:26:00" Close="8893.00000000" Swap="0.00" Profit="-0.10" Comment=" (185)" />
        <deal Ticket="20727442" OpenTime="2009-07-21 22:02:00" DealType="-1" Lots="0.73" Symbol="EURCHF" Open="1.5161" SL="1.5328" TP="1.5117" CloseTime="2009-07-22 21:24:00" Close="1.5161" Swap="0.00" Profit="0.00" Comment=" (186)" />
        <deal Ticket="20652959" OpenTime="2009-07-20 13:58:00" DealType="-1" Lots="0.10" Symbol="EURJPY" Open="134.32" SL="134.41" TP="131.57" CloseTime="2009-07-21 15:37:00" Close="134.31" Swap="0.00" Profit="1.06" Comment=" (187)" />
        <deal Ticket="20653071" OpenTime="2009-07-20 14:00:00" DealType="-1" Lots="0.10" Symbol="EURUSD" Open="1.4213" SL="1.4206" TP="1.4038" CloseTime="2009-07-21 04:37:00" Close="1.4206" Swap="0.00" Profit="7.00" Comment=" (188)" />
        <deal Ticket="20673351" OpenTime="2009-07-20 22:00:00" DealType="-1" Lots="0.74" Symbol="EURCHF" Open="1.5199" SL="1.5357" TP="1.5151" CloseTime="2009-07-21 00:38:00" Close="1.5199" Swap="0.00" Profit="0.00" Comment=" (189)" />
        <deal Ticket="19961888" OpenTime="2009-07-02 13:54:00" DealType="-1" Lots="0.10" Symbol="USDCAD" Open="1.1536" SL="1.1841" TP="1.1480" CloseTime="2009-07-14 11:26:00" Close="1.1480" Swap="0.00" Profit="48.78" Comment=" (190)" />
        <deal Ticket="19956300" OpenTime="2009-07-02 11:21:00" DealType="-1" Lots="0.01" Symbol="USDCAD" Open="1.1506" SL="1.1841" TP="1.1480" CloseTime="2009-07-14 11:26:00" Close="1.1480" Swap="0.00" Profit="2.26" Comment=" (191)" />
        <deal Ticket="19952040" OpenTime="2009-07-02 10:07:00" DealType="-1" Lots="0.05" Symbol="DJI" Open="8478.00000000" SL="8475.00000000" TP="8203.00000000" CloseTime="2009-07-07 22:01:00" Close="8203.00000000" Swap="0.00" Profit="137.50" Comment=" (192)" />
        <deal Ticket="20004270" OpenTime="2009-07-03 08:48:00" DealType="-1" Lots="0.50" Symbol="USDCAD" Open="1.1591" SL="1.1645" TP="1.1480" CloseTime="2009-07-06 10:04:00" Close="1.1645" Swap="0.00" Profit="-231.86" Comment=" (193)" />
        <deal Ticket="20013881" OpenTime="2009-07-03 12:55:00" DealType="-1" Lots="0.10" Symbol="EURJPY" Open="134.19" SL="136.10" TP="132.81" CloseTime="2009-07-06 09:43:00" Close="132.81" Swap="0.00" Profit="144.96" Comment=" (194)" />
        <deal Ticket="19993711" OpenTime="2009-07-02 23:20:00" DealType="-1" Lots="0.79" Symbol="EURCHF" Open="1.5181" SL="1.5336" TP="1.5132" CloseTime="2009-07-03 03:26:00" Close="1.5185" Swap="0.00" Profit="-29.05" Comment=" (195)" />
        <deal Ticket="19911152" OpenTime="2009-07-01 15:00:00" DealType="1" Lots="0.01" Symbol="USDCAD" Open="1.1546" SL="0.0000" TP="0.0000" CloseTime="2009-07-02 16:39:00" Close="1.1553" Swap="0.00" Profit="0.61" Comment=" (196)" />
        <deal Ticket="19958519" OpenTime="2009-07-02 12:28:00" DealType="-1" Lots="0.05" Symbol="GBPJPY" Open="158.07" SL="160.16" TP="156.25" CloseTime="2009-07-02 15:39:00" Close="157.76" Swap="0.00" Profit="16.07" Comment=" (197)" />
        <deal Ticket="19967244" OpenTime="2009-07-02 15:27:00" DealType="-1" Lots="0.50" Symbol="GBPJPY" Open="158.76" SL="0.00" TP="156.25" CloseTime="2009-07-02 15:30:00" Close="158.34" Swap="0.00" Profit="217.37" Comment=" (198)" />
        <deal Ticket="19908026" OpenTime="2009-07-01 13:26:00" DealType="1" Lots="0.05" Symbol="GBPCHF" Open="1.7824" SL="1.7750" TP="0.0000" CloseTime="2009-07-01 18:22:00" Close="1.7750" Swap="0.00" Profit="-34.36" Comment=" (199)" />
        <deal Ticket="19915994" OpenTime="2009-07-01 10:30:00" DealType="-1" Lots="0.05" Symbol="EURJPY" Open="136.24" SL="136.90" TP="0.00" CloseTime="2009-07-01 17:27:00" Close="136.90" Swap="0.00" Profit="-34.12" Comment=" (200)" />
        <deal Ticket="19901691" OpenTime="2009-07-01 10:30:00" DealType="-1" Lots="0.05" Symbol="EURJPY" Open="136.24" SL="136.90" TP="0.00" CloseTime="2009-07-01 15:33:00" Close="136.45" Swap="0.00" Profit="-10.87" Comment=" (201)" />
        <deal Ticket="19801193" OpenTime="2009-06-29 13:35:00" DealType="1" Lots="0.50" Symbol="EURUSD" Open="1.4033" SL="1.3600" TP="1.4620" CloseTime="2009-07-01 15:33:00" Close="1.4115" Swap="0.00" Profit="410.00" Comment=" (202)" />
        <deal Ticket="19906950" OpenTime="2009-07-01 11:53:00" DealType="1" Lots="0.02" Symbol="GBPCHF" Open="1.7806" SL="1.7807" TP="0.0000" CloseTime="2009-07-01 12:55:00" Close="1.7807" Swap="0.00" Profit="0.18" Comment=" (203)" />
        <deal Ticket="19905446" OpenTime="2009-07-01 11:53:00" DealType="1" Lots="0.03" Symbol="GBPCHF" Open="1.7806" SL="1.7750" TP="0.0000" CloseTime="2009-07-01 12:39:00" Close="1.7822" Swap="0.00" Profit="4.42" Comment=" (204)" />
        <deal Ticket="19885750" OpenTime="2009-06-30 22:08:00" DealType="-1" Lots="0.63" Symbol="EURCHF" Open="1.5242" SL="1.5404" TP="1.5195" CloseTime="2009-07-01 02:20:00" Close="1.5246" Swap="0.00" Profit="-23.21" Comment=" (205)" />
        <deal Ticket="19858217" OpenTime="2009-06-30 14:46:00" DealType="-1" Lots="0.01" Symbol="GBPUSD" Open="1.6603" SL="1.6694" TP="1.6538" CloseTime="2009-06-30 16:02:00" Close="1.6538" Swap="0.00" Profit="6.50" Comment=" (206)" />
        <deal Ticket="19825734" OpenTime="2009-06-29 22:04:00" DealType="-1" Lots="0.68" Symbol="EURCHF" Open="1.5246" SL="1.5398" TP="1.5191" CloseTime="2009-06-30 00:03:00" Close="1.5243" Swap="0.00" Profit="18.84" Comment=" (207)" />
        <deal Ticket="19790243" OpenTime="2009-06-29 10:19:00" DealType="-1" Lots="0.01" Symbol="GBPUSD" Open="1.6498" SL="1.6618" TP="1.6375" CloseTime="2009-06-29 12:24:00" Close="1.6485" Swap="0.00" Profit="1.30" Comment=" (208)" />
        <deal Ticket="19787163" OpenTime="2009-06-29 09:21:00" DealType="-1" Lots="0.01" Symbol="GBPUSD" Open="1.6443" SL="1.6541" TP="1.6376" CloseTime="2009-06-29 10:32:00" Close="1.6541" Swap="0.00" Profit="-9.80" Comment=" (209)" />
        <deal Ticket="19649040" OpenTime="2009-06-24 19:26:00" DealType="1" Lots="0.01" Symbol="NZDUSD" Open="0.6444" SL="0.6317" TP="0.6592" CloseTime="2009-06-26 15:59:00" Close="0.6451" Swap="0.00" Profit="0.70" Comment=" (210)" />
        <deal Ticket="19645101" OpenTime="2009-06-24 19:05:00" DealType="1" Lots="0.01" Symbol="GBPJPY" Open="157.28" SL="153.13" TP="159.38" CloseTime="2009-06-26 07:59:00" Close="157.29" Swap="0.00" Profit="0.10" Comment=" (211)" />
        <deal Ticket="19725526" OpenTime="2009-06-25 23:03:00" DealType="1" Lots="0.01" Symbol="GBPUSD" Open="1.6373" SL="1.6235" TP="1.6479" CloseTime="2009-06-26 07:57:00" Close="1.6414" Swap="0.00" Profit="4.10" Comment=" (212)" />
        <deal Ticket="19724058" OpenTime="2009-06-25 22:00:00" DealType="-1" Lots="0.74" Symbol="EURCHF" Open="1.5307" SL="1.5467" TP="1.5263" CloseTime="2009-06-26 00:00:00" Close="1.5302" Swap="0.00" Profit="33.82" Comment=" (213)" />
        <deal Ticket="19703483" OpenTime="2009-06-25 16:46:00" DealType="1" Lots="0.01" Symbol="USDCAD" Open="1.1583" SL="1.1598" TP="1.1658" CloseTime="2009-06-25 18:29:00" Close="1.1598" Swap="0.00" Profit="1.29" Comment=" (214)" />
        <deal Ticket="19697741" OpenTime="2009-06-25 15:29:00" DealType="1" Lots="0.01" Symbol="USDCAD" Open="1.1597" SL="1.1598" TP="1.1658" CloseTime="2009-06-25 18:29:00" Close="1.1598" Swap="0.00" Profit="0.09" Comment=" (215)" />
        <deal Ticket="19689609" OpenTime="2009-06-25 12:15:00" DealType="1" Lots="0.01" Symbol="USDCAD" Open="1.1548" SL="1.1598" TP="1.1658" CloseTime="2009-06-25 18:29:00" Close="1.1598" Swap="0.00" Profit="4.31" Comment=" (216)" />
        <deal Ticket="19701725" OpenTime="2009-06-25 16:52:00" DealType="-1" Lots="0.01" Symbol="EURJPY" Open="133.98" SL="134.77" TP="132.81" CloseTime="2009-06-25 17:55:00" Close="133.87" Swap="0.00" Profit="1.14" Comment=" (217)" />
        <deal Ticket="19611325" OpenTime="2009-06-24 11:47:00" DealType="1" Lots="0.10" Symbol="GBPJPY" Open="157.81" SL="156.25" TP="159.38" CloseTime="2009-06-25 15:43:00" Close="156.25" Swap="0.00" Profit="-162.18" Comment=" (218)" />
        <deal Ticket="19589902" OpenTime="2009-06-24 01:48:00" DealType="1" Lots="0.01" Symbol="GBPJPY" Open="156.25" SL="156.26" TP="159.38" CloseTime="2009-06-25 15:43:00" Close="156.26" Swap="0.00" Profit="0.10" Comment=" (219)" />
        <deal Ticket="19559044" OpenTime="2009-06-23 14:14:00" DealType="-1" Lots="0.01" Symbol="GBPAUD" Open="2.0691" SL="2.0688" TP="0.0000" CloseTime="2009-06-24 22:13:00" Close="2.0688" Swap="0.00" Profit="0.24" Comment=" (220)" />
        <deal Ticket="19611390" OpenTime="2009-06-24 11:51:00" DealType="1" Lots="0.10" Symbol="AUDUSD" Open="0.7996" SL="0.7935" TP="0.0000" CloseTime="2009-06-24 21:37:00" Close="0.7935" Swap="0.00" Profit="-61.00" Comment=" (221)" />
        <deal Ticket="19589767" OpenTime="2009-06-23 21:02:00" DealType="1" Lots="0.01" Symbol="AUDUSD" Open="0.7935" SL="0.7936" TP="0.0000" CloseTime="2009-06-24 21:37:00" Close="0.7936" Swap="0.00" Profit="0.10" Comment=" (222)" />
        <deal Ticket="19569193" OpenTime="2009-06-23 17:15:00" DealType="1" Lots="0.01" Symbol="AUDUSD" Open="0.7888" SL="0.7936" TP="0.0000" CloseTime="2009-06-24 21:37:00" Close="0.7936" Swap="0.00" Profit="4.80" Comment=" (223)" />
        <deal Ticket="19416037" OpenTime="2009-06-19 07:01:00" DealType="1" Lots="0.01" Symbol="NZDUSD" Open="0.6396" SL="0.6397" TP="0.6592" CloseTime="2009-06-24 21:33:00" Close="0.6397" Swap="0.00" Profit="0.10" Comment=" (224)" />
        <deal Ticket="19643915" OpenTime="2009-06-24 18:55:00" DealType="-1" Lots="0.10" Symbol="GBPAUD" Open="2.0508" SL="2.0630" TP="0.0000" CloseTime="2009-06-24 21:29:00" Close="2.0630" Swap="0.00" Profit="-97.26" Comment=" (225)" />
        <deal Ticket="19611353" OpenTime="2009-06-24 12:02:00" DealType="1" Lots="0.10" Symbol="NZDUSD" Open="0.6439" SL="0.6378" TP="0.6470" CloseTime="2009-06-24 15:55:00" Close="0.6470" Swap="0.00" Profit="31.00" Comment=" (226)" />
        <deal Ticket="19589783" OpenTime="2009-06-23 21:03:00" DealType="1" Lots="0.10" Symbol="NZDUSD" Open="0.6394" SL="0.6397" TP="0.6470" CloseTime="2009-06-24 15:55:00" Close="0.6470" Swap="0.00" Profit="76.00" Comment=" (227)" />
        <deal Ticket="19569004" OpenTime="2009-06-23 16:17:00" DealType="1" Lots="0.10" Symbol="GBPJPY" Open="156.34" SL="154.61" TP="157.81" CloseTime="2009-06-23 20:35:00" Close="156.50" Swap="0.00" Profit="16.82" Comment=" (228)" />
        <deal Ticket="19544803" OpenTime="2009-06-23 10:47:00" DealType="-1" Lots="0.05" Symbol="GBPJPY" Open="155.40" SL="157.03" TP="153.13" CloseTime="2009-06-23 18:16:00" Close="155.16" Swap="0.00" Profit="12.62" Comment=" (229)" />
        <deal Ticket="19535025" OpenTime="2009-06-23 08:18:00" DealType="-1" Lots="0.05" Symbol="GBPJPY" Open="155.24" SL="157.03" TP="153.13" CloseTime="2009-06-23 18:16:00" Close="155.18" Swap="0.00" Profit="3.15" Comment=" (230)" />
        <deal Ticket="19553664" OpenTime="2009-06-23 12:52:00" DealType="1" Lots="0.01" Symbol="NZDUSD" Open="0.6319" SL="0.6256" TP="0.6409" CloseTime="2009-06-23 14:57:00" Close="0.6334" Swap="0.00" Profit="1.50" Comment=" (231)" />
        <deal Ticket="19547610" OpenTime="2009-06-23 11:18:00" DealType="1" Lots="0.05" Symbol="GBPAUD" Open="2.0808" SL="0.0000" TP="0.0000" CloseTime="2009-06-23 13:31:00" Close="2.0625" Swap="0.00" Profit="-72.02" Comment=" (232)" />
        <deal Ticket="19534550" OpenTime="2009-06-23 07:57:00" DealType="1" Lots="0.05" Symbol="GBPAUD" Open="2.0872" SL="2.0630" TP="0.0000" CloseTime="2009-06-23 13:20:00" Close="2.0630" Swap="0.00" Profit="-95.29" Comment=" (233)" />
        <deal Ticket="19515290" OpenTime="2009-06-22 19:16:00" DealType="-1" Lots="0.05" Symbol="GBPCHF" Open="1.7778" SL="1.7837" TP="1.7700" CloseTime="2009-06-23 05:39:00" Close="1.7700" Swap="0.00" Profit="35.85" Comment=" (234)" />
        <deal Ticket="19510563" OpenTime="2009-06-22 18:00:00" DealType="-1" Lots="0.01" Symbol="GBPJPY" Open="157.26" SL="157.25" TP="156.25" CloseTime="2009-06-23 02:27:00" Close="156.25" Swap="0.00" Profit="10.55" Comment=" (235)" />
        <deal Ticket="19504776" OpenTime="2009-06-22 12:17:00" DealType="-1" Lots="0.03" Symbol="GBPJPY" Open="158.13" SL="157.81" TP="156.25" CloseTime="2009-06-23 02:27:00" Close="156.25" Swap="0.00" Profit="58.92" Comment=" (236)" />
        <deal Ticket="19522064" OpenTime="2009-06-22 22:03:00" DealType="-1" Lots="0.76" Symbol="EURCHF" Open="1.5061" SL="1.5224" TP="1.5003" CloseTime="2009-06-23 00:28:00" Close="1.5061" Swap="0.00" Profit="0.00" Comment=" (237)" />
        <deal Ticket="19415809" OpenTime="2009-06-19 06:49:00" DealType="1" Lots="0.01" Symbol="AUDCAD" Open="0.9066" SL="0.9070" TP="0.9155" CloseTime="2009-06-22 23:09:00" Close="0.9070" Swap="0.00" Profit="0.34" Comment=" (238)" />
        <deal Ticket="19484949" OpenTime="2009-06-22 12:13:00" DealType="-1" Lots="0.05" Symbol="GBPJPY" Open="158.01" SL="157.81" TP="156.25" CloseTime="2009-06-22 17:09:00" Close="156.96" Swap="0.00" Profit="54.82" Comment=" (239)" />
        <deal Ticket="19473254" OpenTime="2009-06-22 07:08:00" DealType="-1" Lots="0.02" Symbol="GBPJPY" Open="157.87" SL="157.81" TP="156.25" CloseTime="2009-06-22 17:08:00" Close="156.95" Swap="0.00" Profit="19.22" Comment=" (240)" />
        <deal Ticket="19488241" OpenTime="2009-06-22 12:17:00" DealType="-1" Lots="0.02" Symbol="GBPJPY" Open="158.13" SL="157.81" TP="156.25" CloseTime="2009-06-22 17:04:00" Close="156.97" Swap="0.00" Profit="24.20" Comment=" (241)" />
        <deal Ticket="19438751" OpenTime="2009-06-19 17:14:00" DealType="1" Lots="0.01" Symbol="GBPJPY" Open="158.59" SL="157.03" TP="160.94" CloseTime="2009-06-22 16:17:00" Close="157.03" Swap="0.00" Profit="-16.28" Comment=" (242)" />
        <deal Ticket="19451537" OpenTime="2009-06-19 18:15:00" DealType="1" Lots="0.01" Symbol="CADJPY" Open="85.12" SL="83.59" TP="87.50" CloseTime="2009-06-22 15:25:00" Close="83.59" Swap="0.00" Profit="-15.94" Comment=" (243)" />
        <deal Ticket="19438885" OpenTime="2009-06-19 15:52:00" DealType="1" Lots="0.01" Symbol="CADJPY" Open="85.63" SL="83.59" TP="87.50" CloseTime="2009-06-22 15:25:00" Close="83.59" Swap="0.00" Profit="-21.25" Comment=" (244)" />
        <deal Ticket="19407715" OpenTime="2009-06-18 22:00:00" DealType="1" Lots="0.77" Symbol="EURCHF" Open="1.5103" SL="1.4937" TP="1.5144" CloseTime="2009-06-19 02:10:00" Close="1.5099" Swap="0.00" Profit="-28.37" Comment=" (245)" />
    </deals>
    <balances>
        <balance Ticket="26861921" Amount="114.35" Date="2009-12-20 22:23:00" />
        <balance Ticket="19382003" Amount="5144.73" Date="2009-06-18 15:41:00" />
    </balances>
</account>