﻿<?xml version="1.0" encoding="utf-8"?>
<account Id="1320" Broker="" Account="" Trader="" Login="" InitBalance="1535.00">
    <deals>
        <deal Ticket="37533950" OpenTime="2009-09-30 03:26:00" DealType="-1" Lots="0.20" Symbol="EURUSD" Open="1.4600" SL="0.0000" TP="1.4580" CloseTime="2009-10-01 07:20:00" Close="1.4626" Swap="0.00" Profit="-52.00" Comment=" (4)" />
        <deal Ticket="37533942" OpenTime="2009-09-30 02:47:00" DealType="-1" Lots="0.10" Symbol="EURUSD" Open="1.4590" SL="0.0000" TP="1.4580" CloseTime="2009-10-01 07:20:00" Close="1.4626" Swap="0.00" Profit="-36.00" Comment=" (5)" />
        <deal Ticket="37533935" OpenTime="2009-09-29 23:47:00" DealType="-1" Lots="0.10" Symbol="EURUSD" Open="1.4581" SL="0.0000" TP="1.4580" CloseTime="2009-10-01 07:20:00" Close="1.4626" Swap="0.00" Profit="-45.00" Comment=" (6)" />
        <deal Ticket="37533305" OpenTime="2009-09-29 22:39:00" DealType="-1" Lots="0.10" Symbol="EURUSD" Open="1.4576" SL="0.0000" TP="1.4580" CloseTime="2009-10-01 07:20:00" Close="1.4626" Swap="0.00" Profit="-50.00" Comment=" (7)" />
        <deal Ticket="37533244" OpenTime="2009-09-29 22:33:00" DealType="-1" Lots="0.10" Symbol="EURUSD" Open="1.4573" SL="0.0000" TP="1.4580" CloseTime="2009-10-01 07:20:00" Close="1.4626" Swap="0.00" Profit="-53.00" Comment=" (8)" />
        <deal Ticket="37569748" OpenTime="2009-09-30 19:31:00" DealType="-1" Lots="3.00" Symbol="EURUSD" Open="1.4656" SL="0.0000" TP="1.4580" CloseTime="2009-10-01 07:19:00" Close="1.4626" Swap="0.00" Profit="900.00" Comment=" (9)" />
        <deal Ticket="37569425" OpenTime="2009-09-30 19:26:00" DealType="-1" Lots="0.10" Symbol="EURUSD" Open="1.4649" SL="0.0000" TP="1.4580" CloseTime="2009-10-01 07:19:00" Close="1.4626" Swap="0.00" Profit="23.00" Comment=" (10)" />
        <deal Ticket="37567499" OpenTime="2009-09-30 18:25:00" DealType="-1" Lots="0.10" Symbol="EURUSD" Open="1.4629" SL="0.0000" TP="1.4580" CloseTime="2009-10-01 07:19:00" Close="1.4626" Swap="0.00" Profit="3.00" Comment=" (11)" />
        <deal Ticket="37566829" OpenTime="2009-09-30 18:05:00" DealType="-1" Lots="2.00" Symbol="EURUSD" Open="1.4622" SL="0.0000" TP="1.4580" CloseTime="2009-10-01 07:19:00" Close="1.4626" Swap="0.00" Profit="-80.00" Comment=" (12)" />
        <deal Ticket="37554345" OpenTime="2009-09-30 14:31:00" DealType="-1" Lots="0.10" Symbol="EURUSD" Open="1.4660" SL="0.0000" TP="1.4580" CloseTime="2009-10-01 07:19:00" Close="1.4626" Swap="0.00" Profit="34.00" Comment=" (13)" />
        <deal Ticket="37553251" OpenTime="2009-09-30 13:47:00" DealType="-1" Lots="0.10" Symbol="EURUSD" Open="1.4659" SL="0.0000" TP="1.4580" CloseTime="2009-10-01 07:19:00" Close="1.4626" Swap="0.00" Profit="33.00" Comment=" (14)" />
        <deal Ticket="37553261" OpenTime="2009-09-30 13:47:00" DealType="-1" Lots="0.10" Symbol="EURUSD" Open="1.4660" SL="0.0000" TP="1.4580" CloseTime="2009-10-01 07:19:00" Close="1.4626" Swap="0.00" Profit="34.00" Comment=" (15)" />
        <deal Ticket="37553243" OpenTime="2009-09-30 13:46:00" DealType="-1" Lots="0.10" Symbol="EURUSD" Open="1.4659" SL="0.0000" TP="1.4580" CloseTime="2009-10-01 07:19:00" Close="1.4626" Swap="0.00" Profit="33.00" Comment=" (16)" />
        <deal Ticket="37547209" OpenTime="2009-09-30 12:22:00" DealType="-1" Lots="1.00" Symbol="EURUSD" Open="1.4641" SL="0.0000" TP="1.4580" CloseTime="2009-10-01 07:19:00" Close="1.4626" Swap="0.00" Profit="150.00" Comment=" (17)" />
        <deal Ticket="37541244" OpenTime="2009-09-30 06:11:00" DealType="-1" Lots="0.50" Symbol="EURUSD" Open="1.4621" SL="0.0000" TP="1.4580" CloseTime="2009-10-01 07:19:00" Close="1.4626" Swap="0.00" Profit="-25.00" Comment=" (18)" />
        <deal Ticket="37568142" OpenTime="2009-09-30 18:52:00" DealType="1" Lots="4.60" Symbol="EURUSD" Open="1.4618" SL="0.0000" TP="0.0000" CloseTime="2009-09-30 18:54:00" Close="1.4626" Swap="0.00" Profit="0.00" Comment=" (20)" />
        <deal Ticket="37554629" OpenTime="2009-09-30 14:43:00" DealType="-1" Lots="0.10" Symbol="EURUSD" Open="1.4664" SL="0.0000" TP="0.0000" CloseTime="2009-09-30 18:08:00" Close="1.4628" Swap="0.00" Profit="36.00" Comment=" (21)" />
        <deal Ticket="37547246" OpenTime="2009-09-30 10:50:00" DealType="1" Lots="4.00" Symbol="EURUSD" Open="1.4750" SL="0.0000" TP="0.0000" CloseTime="2009-09-30 18:08:00" Close="1.4625" Swap="0.00" Profit="0.00" Comment=" (22)" />
        <deal Ticket="37547232" OpenTime="2009-09-30 10:49:00" DealType="1" Lots="2.00" Symbol="EURUSD" Open="1.4700" SL="0.0000" TP="0.0000" CloseTime="2009-09-30 18:08:00" Close="1.4625" Swap="0.00" Profit="0.00" Comment=" (23)" />
        <deal Ticket="37559769" OpenTime="2009-09-30 15:47:00" DealType="1" Lots="0.50" Symbol="EURUSD" Open="1.4593" SL="0.0000" TP="0.0000" CloseTime="2009-09-30 18:07:00" Close="1.4627" Swap="0.00" Profit="170.00" Comment=" (24)" />
        <deal Ticket="37559299" OpenTime="2009-09-30 15:44:00" DealType="1" Lots="0.50" Symbol="EURUSD" Open="1.4606" SL="0.0000" TP="0.0000" CloseTime="2009-09-30 18:07:00" Close="1.4626" Swap="0.00" Profit="100.00" Comment=" (25)" />
        <deal Ticket="37558996" OpenTime="2009-09-30 15:42:00" DealType="1" Lots="0.50" Symbol="EURUSD" Open="1.4611" SL="0.0000" TP="0.0000" CloseTime="2009-09-30 18:07:00" Close="1.4627" Swap="0.00" Profit="80.00" Comment=" (26)" />
        <deal Ticket="37558846" OpenTime="2009-09-30 15:40:00" DealType="1" Lots="3.00" Symbol="EURUSD" Open="1.4620" SL="0.0000" TP="0.0000" CloseTime="2009-09-30 18:06:00" Close="1.4629" Swap="0.00" Profit="270.00" Comment=" (27)" />
        <deal Ticket="37532158" OpenTime="2009-09-29 20:55:00" DealType="-1" Lots="0.10" Symbol="EURUSD" Open="1.4581" SL="0.0000" TP="0.0000" CloseTime="2009-09-29 22:13:00" Close="1.4576" Swap="0.00" Profit="5.00" Comment=" (28)" />
        <deal Ticket="37532149" OpenTime="2009-09-29 20:55:00" DealType="-1" Lots="0.10" Symbol="EURUSD" Open="1.4578" SL="0.0000" TP="0.0000" CloseTime="2009-09-29 22:13:00" Close="1.4576" Swap="0.00" Profit="2.00" Comment=" (29)" />
        <deal Ticket="37531999" OpenTime="2009-09-29 20:50:00" DealType="-1" Lots="0.10" Symbol="EURUSD" Open="1.4577" SL="0.0000" TP="0.0000" CloseTime="2009-09-29 22:13:00" Close="1.4575" Swap="0.00" Profit="2.00" Comment=" (30)" />
        <deal Ticket="37532004" OpenTime="2009-09-29 20:50:00" DealType="-1" Lots="0.10" Symbol="EURUSD" Open="1.4577" SL="0.0000" TP="0.0000" CloseTime="2009-09-29 22:13:00" Close="1.4576" Swap="0.00" Profit="1.00" Comment=" (31)" />
        <deal Ticket="37531550" OpenTime="2009-09-29 20:24:00" DealType="-1" Lots="0.10" Symbol="EURUSD" Open="1.4570" SL="0.0000" TP="0.0000" CloseTime="2009-09-29 22:13:00" Close="1.4575" Swap="0.00" Profit="-5.00" Comment=" (32)" />
        <deal Ticket="37503662" OpenTime="2009-09-29 08:07:00" DealType="-1" Lots="0.10" Symbol="EURUSD" Open="1.4627" SL="0.0000" TP="0.0000" CloseTime="2009-09-29 13:05:00" Close="1.4587" Swap="0.00" Profit="40.00" Comment=" (33)" />
        <deal Ticket="37492022" OpenTime="2009-09-28 21:29:00" DealType="-1" Lots="0.10" Symbol="EURUSD" Open="1.4613" SL="0.0000" TP="0.0000" CloseTime="2009-09-28 21:32:00" Close="1.4611" Swap="0.00" Profit="2.00" Comment=" (34)" />
        <deal Ticket="37480931" OpenTime="2009-09-28 16:03:00" DealType="-1" Lots="0.10" Symbol="EURUSD" Open="1.4646" SL="0.0000" TP="0.0000" CloseTime="2009-09-28 16:19:00" Close="1.4643" Swap="0.00" Profit="3.00" Comment=" (35)" />
        <deal Ticket="37475761" OpenTime="2009-09-28 13:09:00" DealType="-1" Lots="1.00" Symbol="EURUSD" Open="1.4624" SL="0.0000" TP="0.0000" CloseTime="2009-09-28 14:11:00" Close="1.4641" Swap="0.00" Profit="-170.00" Comment=" (36)" />
        <deal Ticket="37476078" OpenTime="2009-09-28 13:20:00" DealType="-1" Lots="2.00" Symbol="EURUSD" Open="1.4633" SL="0.0000" TP="0.0000" CloseTime="2009-09-28 14:10:00" Close="1.4642" Swap="0.00" Profit="-180.00" Comment=" (37)" />
        <deal Ticket="37474584" OpenTime="2009-09-28 12:24:00" DealType="-1" Lots="0.10" Symbol="EURUSD" Open="1.4630" SL="0.0000" TP="1.4629" CloseTime="2009-09-28 13:06:00" Close="1.4629" Swap="0.00" Profit="1.00" Comment=" (38)" />
        <deal Ticket="37438898" OpenTime="2009-09-25 16:49:00" DealType="-1" Lots="0.10" Symbol="EURUSD" Open="1.4661" SL="0.0000" TP="1.4553" CloseTime="2009-09-28 04:40:00" Close="1.4589" Swap="0.00" Profit="72.00" Comment=" (39)" />
        <deal Ticket="37438543" OpenTime="2009-09-25 16:37:00" DealType="-1" Lots="0.10" Symbol="EURUSD" Open="1.4653" SL="0.0000" TP="1.4553" CloseTime="2009-09-28 04:40:00" Close="1.4595" Swap="0.00" Profit="58.00" Comment=" (40)" />
        <deal Ticket="37439844" OpenTime="2009-09-25 17:06:00" DealType="-1" Lots="1.00" Symbol="EURUSD" Open="1.4700" SL="0.0000" TP="1.4553" CloseTime="2009-09-28 04:39:00" Close="1.4609" Swap="0.00" Profit="910.00" Comment=" (41)" />
        <deal Ticket="37439577" OpenTime="2009-09-25 17:03:00" DealType="-1" Lots="0.50" Symbol="EURUSD" Open="1.4686" SL="0.0000" TP="1.4553" CloseTime="2009-09-28 04:39:00" Close="1.4594" Swap="0.00" Profit="460.00" Comment=" (42)" />
        <deal Ticket="37439134" OpenTime="2009-09-25 16:56:00" DealType="-1" Lots="0.10" Symbol="EURUSD" Open="1.4672" SL="0.0000" TP="1.4553" CloseTime="2009-09-28 04:39:00" Close="1.4594" Swap="0.00" Profit="78.00" Comment=" (43)" />
        <deal Ticket="37437248" OpenTime="2009-09-25 15:52:00" DealType="1" Lots="0.10" Symbol="EURUSD" Open="1.4636" SL="0.0000" TP="0.0000" CloseTime="2009-09-25 16:07:00" Close="1.4649" Swap="0.00" Profit="13.00" Comment=" (44)" />
        <deal Ticket="37406004" OpenTime="2009-09-24 18:43:00" DealType="1" Lots="0.50" Symbol="EURUSD" Open="1.4683" SL="1.4650" TP="1.4700" CloseTime="2009-09-24 18:58:00" Close="1.4689" Swap="0.00" Profit="30.00" Comment=" (45)" />
        <deal Ticket="37405564" OpenTime="2009-09-24 18:24:00" DealType="1" Lots="0.20" Symbol="EURUSD" Open="1.4694" SL="1.4650" TP="1.4700" CloseTime="2009-09-24 18:58:00" Close="1.4688" Swap="0.00" Profit="-12.00" Comment=" (46)" />
        <deal Ticket="37405163" OpenTime="2009-09-24 18:11:00" DealType="1" Lots="0.10" Symbol="EURUSD" Open="1.4699" SL="1.4650" TP="1.4700" CloseTime="2009-09-24 18:58:00" Close="1.4689" Swap="0.00" Profit="-10.00" Comment=" (47)" />
        <deal Ticket="37355526" OpenTime="2009-09-23 14:55:00" DealType="-1" Lots="0.10" Symbol="EURUSD" Open="1.4782" SL="0.0000" TP="0.0000" CloseTime="2009-09-23 16:02:00" Close="1.4781" Swap="0.00" Profit="1.00" Comment=" (48)" />
        <deal Ticket="37354649" OpenTime="2009-09-23 14:05:00" DealType="1" Lots="0.50" Symbol="EURUSD" Open="1.4769" SL="0.0000" TP="0.0000" CloseTime="2009-09-23 14:38:00" Close="1.4779" Swap="0.00" Profit="50.00" Comment=" (49)" />
        <deal Ticket="37352600" OpenTime="2009-09-23 12:57:00" DealType="1" Lots="0.20" Symbol="EURUSD" Open="1.4781" SL="0.0000" TP="0.0000" CloseTime="2009-09-23 14:38:00" Close="1.4779" Swap="0.00" Profit="-4.00" Comment=" (50)" />
        <deal Ticket="37352097" OpenTime="2009-09-23 12:29:00" DealType="1" Lots="0.10" Symbol="EURUSD" Open="1.4791" SL="0.0000" TP="0.0000" CloseTime="2009-09-23 14:38:00" Close="1.4780" Swap="0.00" Profit="-11.00" Comment=" (51)" />
        <deal Ticket="37334706" OpenTime="2009-09-22 18:20:00" DealType="-1" Lots="0.20" Symbol="EURUSD" Open="1.4804" SL="1.4830" TP="1.4645" CloseTime="2009-09-22 20:52:00" Close="1.4790" Swap="0.00" Profit="28.00" Comment=" (52)" />
        <deal Ticket="37334564" OpenTime="2009-09-22 18:18:00" DealType="-1" Lots="0.10" Symbol="EURUSD" Open="1.4796" SL="1.4830" TP="1.4645" CloseTime="2009-09-22 20:52:00" Close="1.4790" Swap="0.00" Profit="6.00" Comment=" (53)" />
        <deal Ticket="32067581" OpenTime="2009-03-30 05:44:00" DealType="1" Lots="0.10" Symbol="GBPJPY" Open="139.40" SL="0.00" TP="142.07" CloseTime="2009-03-30 07:12:00" Close="138.33" Swap="0.00" Profit="-109.92" Comment=" (55)" />
        <deal Ticket="32067559" OpenTime="2009-03-30 05:16:00" DealType="1" Lots="0.10" Symbol="GBPJPY" Open="139.60" SL="0.00" TP="142.07" CloseTime="2009-03-30 07:11:00" Close="138.38" Swap="0.00" Profit="-125.28" Comment=" (56)" />
        <deal Ticket="32067523" OpenTime="2009-03-30 01:01:00" DealType="1" Lots="0.10" Symbol="GBPJPY" Open="139.80" SL="0.00" TP="142.07" CloseTime="2009-03-30 07:11:00" Close="138.41" Swap="0.00" Profit="-142.74" Comment=" (57)" />
        <deal Ticket="32067493" OpenTime="2009-03-30 01:00:00" DealType="1" Lots="0.10" Symbol="GBPJPY" Open="140.00" SL="0.00" TP="142.07" CloseTime="2009-03-30 07:11:00" Close="138.41" Swap="0.00" Profit="-163.28" Comment=" (58)" />
        <deal Ticket="32067469" OpenTime="2009-03-27 19:00:00" DealType="1" Lots="0.10" Symbol="GBPJPY" Open="140.20" SL="0.00" TP="142.07" CloseTime="2009-03-30 07:11:00" Close="138.41" Swap="0.00" Profit="-183.82" Comment=" (59)" />
        <deal Ticket="32067451" OpenTime="2009-03-27 17:55:00" DealType="1" Lots="0.10" Symbol="GBPJPY" Open="140.40" SL="0.00" TP="142.07" CloseTime="2009-03-30 07:11:00" Close="138.45" Swap="0.00" Profit="-200.20" Comment=" (60)" />
        <deal Ticket="32067424" OpenTime="2009-03-27 17:27:00" DealType="1" Lots="0.10" Symbol="GBPJPY" Open="140.60" SL="0.00" TP="142.07" CloseTime="2009-03-30 07:11:00" Close="138.46" Swap="0.00" Profit="-219.71" Comment=" (61)" />
        <deal Ticket="32067692" OpenTime="2009-03-27 17:37:00" DealType="1" Lots="0.10" Symbol="GBPJPY" Open="139.00" SL="0.00" TP="142.07" CloseTime="2009-03-30 07:08:00" Close="138.99" Swap="0.00" Profit="0.00" Comment=" (62)" />
        <deal Ticket="32067687" OpenTime="2009-03-27 17:36:00" DealType="1" Lots="0.10" Symbol="GBPJPY" Open="139.20" SL="0.00" TP="142.07" CloseTime="2009-03-30 06:34:00" Close="139.20" Swap="0.00" Profit="0.00" Comment=" (63)" />
        <deal Ticket="32045728" OpenTime="2009-03-27 12:05:00" DealType="1" Lots="0.20" Symbol="EURUSD" Open="1.3450" SL="0.0000" TP="0.0000" CloseTime="2009-03-27 13:58:00" Close="1.3314" Swap="0.00" Profit="-272.00" Comment=" (66)" />
        <deal Ticket="32045582" OpenTime="2009-03-27 11:59:00" DealType="1" Lots="0.10" Symbol="EURUSD" Open="1.3465" SL="0.0000" TP="0.0000" CloseTime="2009-03-27 13:58:00" Close="1.3294" Swap="0.00" Profit="-171.00" Comment=" (67)" />
        <deal Ticket="32045755" OpenTime="2009-03-27 12:10:00" DealType="1" Lots="0.40" Symbol="EURUSD" Open="1.3435" SL="0.0000" TP="0.0000" CloseTime="2009-03-27 13:57:00" Close="1.3321" Swap="0.00" Profit="-456.00" Comment=" (68)" />
        <deal Ticket="32051787" OpenTime="2009-03-27 13:05:00" DealType="1" Lots="0.80" Symbol="EURUSD" Open="1.3399" SL="0.0000" TP="0.0000" CloseTime="2009-03-27 13:56:00" Close="1.3330" Swap="0.00" Profit="-552.00" Comment=" (69)" />
        <deal Ticket="32045691" OpenTime="2009-03-27 12:00:00" DealType="1" Lots="0.10" Symbol="EURUSD" Open="1.3450" SL="0.0000" TP="0.0000" CloseTime="2009-03-27 12:00:00" Close="1.3465" Swap="0.00" Profit="0.00" Comment=" (71)" />
        <deal Ticket="32013703" OpenTime="2009-03-26 19:07:00" DealType="-1" Lots="0.50" Symbol="EURUSD" Open="1.3548" SL="0.0000" TP="0.0000" CloseTime="2009-03-26 19:44:00" Close="1.3554" Swap="0.00" Profit="-30.00" Comment=" (72)" />
        <deal Ticket="32013905" OpenTime="2009-03-26 19:10:00" DealType="-1" Lots="0.30" Symbol="EURUSD" Open="1.3558" SL="0.0000" TP="0.0000" CloseTime="2009-03-26 19:43:00" Close="1.3548" Swap="0.00" Profit="30.00" Comment=" (73)" />
        <deal Ticket="32013178" OpenTime="2009-03-26 18:57:00" DealType="1" Lots="0.10" Symbol="EURUSD" Open="1.3527" SL="0.0000" TP="0.0000" CloseTime="2009-03-26 18:58:00" Close="1.3538" Swap="0.00" Profit="11.00" Comment=" (74)" />
        <deal Ticket="31908456" OpenTime="2009-03-24 21:55:00" DealType="-1" Lots="0.10" Symbol="GBPJPY" Open="143.54" SL="143.49" TP="142.60" CloseTime="2009-03-24 22:19:00" Close="143.49" Swap="0.00" Profit="5.12" Comment=" (75)" />
        <deal Ticket="31603348" OpenTime="2009-03-17 17:12:00" DealType="1" Lots="0.20" Symbol="GBPJPY" Open="138.08" SL="0.00" TP="138.40" CloseTime="2009-03-17 17:57:00" Close="138.50" Swap="0.00" Profit="0.00" Comment=" (76)" />
        <deal Ticket="31594455" OpenTime="2009-03-17 14:17:00" DealType="1" Lots="0.20" Symbol="GBPJPY" Open="138.11" SL="138.42" TP="0.00" CloseTime="2009-03-17 14:41:00" Close="138.42" Swap="0.00" Profit="62.70" Comment=" (77)" />
        <deal Ticket="31590223" OpenTime="2009-03-17 12:56:00" DealType="-1" Lots="0.10" Symbol="GBPJPY" Open="138.87" SL="138.86" TP="138.68" CloseTime="2009-03-17 13:10:00" Close="138.68" Swap="0.00" Profit="19.26" Comment=" (78)" />
        <deal Ticket="27577465" OpenTime="2008-12-05 15:39:00" DealType="-1" Lots="0.20" Symbol="XAUUSD" Open="759.42" SL="0.00" TP="0.00" CloseTime="2008-12-05 15:39:00" Close="762.07" Swap="0.00" Profit="-53.00" Comment=" (81)" />
        <deal Ticket="27575990" OpenTime="2008-12-05 15:31:00" DealType="1" Lots="0.10" Symbol="XAUUSD" Open="764.07" SL="0.00" TP="0.00" CloseTime="2008-12-05 15:35:00" Close="766.41" Swap="0.00" Profit="23.40" Comment=" (82)" />
        <deal Ticket="27536775" OpenTime="2008-12-04 22:08:00" DealType="1" Lots="0.50" Symbol="XAUUSD" Open="763.41" SL="0.00" TP="778.29" CloseTime="2008-12-05 15:20:00" Close="758.95" Swap="0.00" Profit="-223.00" Comment=" (83)" />
        <deal Ticket="27532464" OpenTime="2008-12-04 20:32:00" DealType="1" Lots="0.50" Symbol="XAUUSD" Open="764.57" SL="0.00" TP="778.29" CloseTime="2008-12-05 15:20:00" Close="758.95" Swap="0.00" Profit="-281.00" Comment=" (84)" />
        <deal Ticket="27532308" OpenTime="2008-12-04 20:29:00" DealType="1" Lots="0.50" Symbol="XAUUSD" Open="765.42" SL="0.00" TP="778.29" CloseTime="2008-12-05 15:20:00" Close="758.95" Swap="0.00" Profit="-323.50" Comment=" (85)" />
        <deal Ticket="27532272" OpenTime="2008-12-04 20:28:00" DealType="1" Lots="0.50" Symbol="XAUUSD" Open="766.17" SL="0.00" TP="778.29" CloseTime="2008-12-05 15:20:00" Close="758.95" Swap="0.00" Profit="-361.00" Comment=" (86)" />
        <deal Ticket="27465084" OpenTime="2008-12-03 20:46:00" DealType="1" Lots="0.50" Symbol="XAUUSD" Open="767.97" SL="0.00" TP="0.00" CloseTime="2008-12-03 21:23:00" Close="770.85" Swap="0.00" Profit="144.00" Comment=" (87)" />
        <deal Ticket="27464519" OpenTime="2008-12-03 20:37:00" DealType="1" Lots="0.50" Symbol="XAUUSD" Open="768.69" SL="0.00" TP="0.00" CloseTime="2008-12-03 21:23:00" Close="770.85" Swap="0.00" Profit="108.00" Comment=" (88)" />
        <deal Ticket="27438577" OpenTime="2008-12-03 12:42:00" DealType="1" Lots="0.10" Symbol="XAUUSD" Open="775.47" SL="405.47" TP="777.97" CloseTime="2008-12-03 15:16:00" Close="766.53" Swap="0.00" Profit="-89.40" Comment=" (90)" />
        <deal Ticket="27434068" OpenTime="2008-12-03 11:20:00" DealType="1" Lots="0.10" Symbol="XAUUSD" Open="775.88" SL="405.88" TP="778.38" CloseTime="2008-12-03 15:15:00" Close="768.58" Swap="0.00" Profit="-73.00" Comment=" (91)" />
        <deal Ticket="27438980" OpenTime="2008-12-03 12:52:00" DealType="1" Lots="0.10" Symbol="XAUUSD" Open="776.12" SL="406.12" TP="778.62" CloseTime="2008-12-03 15:13:00" Close="769.40" Swap="0.00" Profit="-67.20" Comment=" (92)" />
        <deal Ticket="27440437" OpenTime="2008-12-03 13:31:00" DealType="1" Lots="0.10" Symbol="XAUUSD" Open="776.32" SL="406.32" TP="778.82" CloseTime="2008-12-03 15:10:00" Close="769.95" Swap="0.00" Profit="-63.70" Comment=" (93)" />
        <deal Ticket="27441471" OpenTime="2008-12-03 13:52:00" DealType="1" Lots="0.10" Symbol="XAUUSD" Open="777.69" SL="407.69" TP="780.19" CloseTime="2008-12-03 15:09:00" Close="772.00" Swap="0.00" Profit="-56.90" Comment=" (94)" />
        <deal Ticket="27441018" OpenTime="2008-12-03 13:42:00" DealType="1" Lots="0.10" Symbol="XAUUSD" Open="777.14" SL="407.14" TP="779.64" CloseTime="2008-12-03 15:09:00" Close="771.80" Swap="0.00" Profit="-53.40" Comment=" (95)" />
        <deal Ticket="27440454" OpenTime="2008-12-03 13:31:00" DealType="-1" Lots="0.10" Symbol="XAUUSD" Open="775.97" SL="1145.97" TP="773.47" CloseTime="2008-12-03 15:09:00" Close="773.47" Swap="0.00" Profit="25.00" Comment=" (96)" />
        <deal Ticket="27439289" OpenTime="2008-12-03 13:02:00" DealType="-1" Lots="0.10" Symbol="XAUUSD" Open="774.92" SL="1144.92" TP="772.42" CloseTime="2008-12-03 15:09:00" Close="772.42" Swap="0.00" Profit="25.00" Comment=" (97)" />
        <deal Ticket="27438968" OpenTime="2008-12-03 12:52:00" DealType="-1" Lots="0.10" Symbol="XAUUSD" Open="775.39" SL="1145.39" TP="772.89" CloseTime="2008-12-03 15:09:00" Close="772.89" Swap="0.00" Profit="25.00" Comment=" (98)" />
        <deal Ticket="27438565" OpenTime="2008-12-03 12:42:00" DealType="-1" Lots="0.10" Symbol="XAUUSD" Open="774.92" SL="1144.92" TP="772.42" CloseTime="2008-12-03 15:09:00" Close="772.42" Swap="0.00" Profit="25.00" Comment=" (99)" />
        <deal Ticket="27437508" OpenTime="2008-12-03 12:21:00" DealType="-1" Lots="0.10" Symbol="XAUUSD" Open="773.52" SL="1143.52" TP="771.02" CloseTime="2008-12-03 15:09:00" Close="771.02" Swap="0.00" Profit="25.00" Comment=" (100)" />
        <deal Ticket="27434662" OpenTime="2008-12-03 11:30:00" DealType="1" Lots="0.10" Symbol="XAUUSD" Open="776.87" SL="406.87" TP="779.37" CloseTime="2008-12-03 15:09:00" Close="771.25" Swap="0.00" Profit="-56.20" Comment=" (101)" />
        <deal Ticket="27432899" OpenTime="2008-12-03 11:09:00" DealType="1" Lots="0.10" Symbol="XAUUSD" Open="776.85" SL="406.82" TP="779.32" CloseTime="2008-12-03 15:09:00" Close="771.00" Swap="0.00" Profit="-58.50" Comment=" (102)" />
        <deal Ticket="27432336" OpenTime="2008-12-03 10:59:00" DealType="1" Lots="0.10" Symbol="XAUUSD" Open="777.04" SL="407.04" TP="779.54" CloseTime="2008-12-03 15:09:00" Close="771.67" Swap="0.00" Profit="-53.70" Comment=" (103)" />
        <deal Ticket="27431749" OpenTime="2008-12-03 10:49:00" DealType="1" Lots="0.10" Symbol="XAUUSD" Open="776.49" SL="406.49" TP="778.99" CloseTime="2008-12-03 15:09:00" Close="770.40" Swap="0.00" Profit="-60.90" Comment=" (104)" />
        <deal Ticket="27430744" OpenTime="2008-12-03 10:39:00" DealType="1" Lots="0.10" Symbol="XAUUSD" Open="778.19" SL="408.19" TP="780.69" CloseTime="2008-12-03 15:09:00" Close="772.00" Swap="0.00" Profit="-61.90" Comment=" (105)" />
        <deal Ticket="27442725" OpenTime="2008-12-03 14:26:00" DealType="-1" Lots="0.10" Symbol="XAUUSD" Open="777.02" SL="1147.02" TP="774.52" CloseTime="2008-12-03 14:48:00" Close="774.52" Swap="0.00" Profit="25.00" Comment=" (106)" />
        <deal Ticket="27441388" OpenTime="2008-12-03 13:49:00" DealType="-1" Lots="0.10" Symbol="XAUUSD" Open="776.76" SL="1146.76" TP="774.26" CloseTime="2008-12-03 14:48:00" Close="774.26" Swap="0.00" Profit="25.00" Comment=" (107)" />
        <deal Ticket="27438048" OpenTime="2008-12-03 12:30:00" DealType="1" Lots="0.10" Symbol="XAUUSD" Open="774.67" SL="404.67" TP="777.17" CloseTime="2008-12-03 13:52:00" Close="777.17" Swap="0.00" Profit="25.00" Comment=" (108)" />
        <deal Ticket="27437240" OpenTime="2008-12-03 12:15:00" DealType="1" Lots="0.10" Symbol="XAUUSD" Open="774.27" SL="404.27" TP="776.77" CloseTime="2008-12-03 12:54:00" Close="776.77" Swap="0.00" Profit="25.00" Comment=" (109)" />
        <deal Ticket="27429665" OpenTime="2008-12-03 10:29:00" DealType="1" Lots="0.10" Symbol="XAUUSD" Open="779.83" SL="409.83" TP="782.33" CloseTime="2008-12-03 12:19:00" Close="771.67" Swap="0.00" Profit="-81.60" Comment=" (110)" />
        <deal Ticket="27435318" OpenTime="2008-12-03 11:39:00" DealType="-1" Lots="0.10" Symbol="XAUUSD" Open="775.18" SL="1145.18" TP="772.68" CloseTime="2008-12-03 12:14:00" Close="772.68" Swap="0.00" Profit="25.00" Comment=" (111)" />
        <deal Ticket="27433914" OpenTime="2008-12-03 11:18:00" DealType="-1" Lots="0.10" Symbol="XAUUSD" Open="775.64" SL="1145.67" TP="773.17" CloseTime="2008-12-03 12:13:00" Close="773.17" Swap="0.00" Profit="24.70" Comment=" (112)" />
        <deal Ticket="27432806" OpenTime="2008-12-03 11:08:00" DealType="-1" Lots="0.10" Symbol="XAUUSD" Open="776.02" SL="1146.02" TP="773.52" CloseTime="2008-12-03 12:13:00" Close="773.52" Swap="0.00" Profit="25.00" Comment=" (113)" />
        <deal Ticket="27431681" OpenTime="2008-12-03 10:48:00" DealType="-1" Lots="0.10" Symbol="XAUUSD" Open="775.87" SL="1145.87" TP="773.37" CloseTime="2008-12-03 12:13:00" Close="773.37" Swap="0.00" Profit="25.00" Comment=" (114)" />
        <deal Ticket="27434597" OpenTime="2008-12-03 11:28:00" DealType="-1" Lots="0.10" Symbol="XAUUSD" Open="776.43" SL="1146.43" TP="773.93" CloseTime="2008-12-03 11:59:00" Close="773.93" Swap="0.00" Profit="25.00" Comment=" (115)" />
        <deal Ticket="27432221" OpenTime="2008-12-03 10:58:00" DealType="-1" Lots="0.10" Symbol="XAUUSD" Open="776.56" SL="1146.56" TP="774.06" CloseTime="2008-12-03 11:59:00" Close="774.06" Swap="0.00" Profit="25.00" Comment=" (116)" />
        <deal Ticket="27415008" OpenTime="2008-12-03 03:32:00" DealType="-1" Lots="0.10" Symbol="XAUUSD" Open="776.74" SL="1146.74" TP="774.24" CloseTime="2008-12-03 11:54:00" Close="774.24" Swap="0.00" Profit="25.00" Comment=" (117)" />
        <deal Ticket="27430563" OpenTime="2008-12-03 10:38:00" DealType="-1" Lots="0.10" Symbol="XAUUSD" Open="777.77" SL="1147.77" TP="775.27" CloseTime="2008-12-03 11:16:00" Close="775.27" Swap="0.00" Profit="25.00" Comment=" (118)" />
        <deal Ticket="27425428" OpenTime="2008-12-03 08:45:00" DealType="-1" Lots="0.10" Symbol="XAUUSD" Open="777.77" SL="1147.77" TP="775.27" CloseTime="2008-12-03 11:16:00" Close="775.27" Swap="0.00" Profit="25.00" Comment=" (119)" />
        <deal Ticket="27429378" OpenTime="2008-12-03 10:22:00" DealType="-1" Lots="0.10" Symbol="XAUUSD" Open="779.37" SL="1149.37" TP="776.87" CloseTime="2008-12-03 10:47:00" Close="776.87" Swap="0.00" Profit="25.00" Comment=" (120)" />
        <deal Ticket="27424761" OpenTime="2008-12-03 08:35:00" DealType="-1" Lots="0.10" Symbol="XAUUSD" Open="779.27" SL="1149.27" TP="776.77" CloseTime="2008-12-03 10:47:00" Close="776.77" Swap="0.00" Profit="25.00" Comment=" (121)" />
        <deal Ticket="27419334" OpenTime="2008-12-03 05:41:00" DealType="-1" Lots="0.10" Symbol="XAUUSD" Open="778.69" SL="1148.69" TP="776.19" CloseTime="2008-12-03 10:47:00" Close="776.19" Swap="0.00" Profit="25.00" Comment=" (122)" />
        <deal Ticket="27424874" OpenTime="2008-12-03 08:37:00" DealType="1" Lots="0.10" Symbol="XAUUSD" Open="779.77" SL="409.77" TP="782.27" CloseTime="2008-12-03 09:53:00" Close="782.27" Swap="0.00" Profit="25.00" Comment=" (123)" />
        <deal Ticket="27419333" OpenTime="2008-12-03 05:41:00" DealType="1" Lots="0.10" Symbol="XAUUSD" Open="779.27" SL="409.27" TP="781.77" CloseTime="2008-12-03 09:30:00" Close="781.77" Swap="0.00" Profit="25.00" Comment=" (124)" />
        <deal Ticket="27414780" OpenTime="2008-12-03 03:21:00" DealType="-1" Lots="0.10" Symbol="XAUUSD" Open="775.77" SL="1145.77" TP="773.27" CloseTime="2008-12-03 09:30:00" Close="782.30" Swap="0.00" Profit="-65.30" Comment=" (125)" />
        <deal Ticket="27412192" OpenTime="2008-12-03 02:22:00" DealType="-1" Lots="0.10" Symbol="XAUUSD" Open="774.13" SL="1144.13" TP="771.63" CloseTime="2008-12-03 09:30:00" Close="781.92" Swap="0.00" Profit="-77.90" Comment=" (126)" />
        <deal Ticket="27425629" OpenTime="2008-12-03 08:49:00" DealType="1" Lots="0.10" Symbol="XAUUSD" Open="778.19" SL="408.19" TP="780.69" CloseTime="2008-12-03 09:29:00" Close="780.69" Swap="0.00" Profit="25.00" Comment=" (127)" />
        <deal Ticket="27411053" OpenTime="2008-12-03 01:59:00" DealType="1" Lots="0.10" Symbol="XAUUSD" Open="777.72" SL="407.72" TP="780.22" CloseTime="2008-12-03 08:34:00" Close="780.22" Swap="0.00" Profit="25.00" Comment=" (128)" />
        <deal Ticket="27410675" OpenTime="2008-12-03 01:49:00" DealType="1" Lots="0.10" Symbol="XAUUSD" Open="777.74" SL="677.45" TP="780.21" CloseTime="2008-12-03 08:34:00" Close="780.21" Swap="0.00" Profit="24.70" Comment=" (129)" />
        <deal Ticket="27411513" OpenTime="2008-12-03 02:09:00" DealType="1" Lots="0.10" Symbol="XAUUSD" Open="777.47" SL="407.47" TP="779.97" CloseTime="2008-12-03 08:23:00" Close="779.97" Swap="0.00" Profit="25.00" Comment=" (130)" />
        <deal Ticket="27414769" OpenTime="2008-12-03 03:20:00" DealType="1" Lots="0.10" Symbol="XAUUSD" Open="776.17" SL="406.17" TP="778.67" CloseTime="2008-12-03 05:41:00" Close="778.67" Swap="0.00" Profit="25.00" Comment=" (131)" />
        <deal Ticket="27411511" OpenTime="2008-12-03 02:09:00" DealType="-1" Lots="0.10" Symbol="XAUUSD" Open="777.09" SL="1147.09" TP="774.59" CloseTime="2008-12-03 02:22:00" Close="774.59" Swap="0.00" Profit="25.00" Comment=" (132)" />
        <deal Ticket="27411049" OpenTime="2008-12-03 01:59:00" DealType="-1" Lots="0.10" Symbol="XAUUSD" Open="777.26" SL="1147.26" TP="774.76" CloseTime="2008-12-03 02:22:00" Close="774.76" Swap="0.00" Profit="25.00" Comment=" (133)" />
        <deal Ticket="27410673" OpenTime="2008-12-03 01:49:00" DealType="-1" Lots="0.10" Symbol="XAUUSD" Open="777.16" SL="878.14" TP="774.66" CloseTime="2008-12-03 02:22:00" Close="774.66" Swap="0.00" Profit="25.00" Comment=" (134)" />
        <deal Ticket="27410112" OpenTime="2008-12-03 01:38:00" DealType="1" Lots="0.10" Symbol="XAUUSD" Open="781.12" SL="777.42" TP="783.62" CloseTime="2008-12-03 01:48:00" Close="777.42" Swap="0.00" Profit="-37.00" Comment=" (135)" />
        <deal Ticket="27410110" OpenTime="2008-12-03 01:38:00" DealType="-1" Lots="0.10" Symbol="XAUUSD" Open="780.62" SL="783.92" TP="778.12" CloseTime="2008-12-03 01:48:00" Close="778.12" Swap="0.00" Profit="25.00" Comment=" (136)" />
        <deal Ticket="27404766" OpenTime="2008-12-02 23:54:00" DealType="1" Lots="0.50" Symbol="XAUUSD" Open="782.97" SL="0.00" TP="0.00" CloseTime="2008-12-02 23:56:00" Close="783.17" Swap="0.00" Profit="0.00" Comment=" (137)" />
        <deal Ticket="27404342" OpenTime="2008-12-02 23:35:00" DealType="1" Lots="0.50" Symbol="XAUUSD" Open="783.47" SL="0.00" TP="0.00" CloseTime="2008-12-02 23:48:00" Close="781.82" Swap="0.00" Profit="0.00" Comment=" (138)" />
        <deal Ticket="27402163" OpenTime="2008-12-02 22:37:00" DealType="-1" Lots="0.90" Symbol="XAUUSD" Open="780.19" SL="0.00" TP="0.00" CloseTime="2008-12-02 23:07:00" Close="782.47" Swap="0.00" Profit="-205.20" Comment=" (139)" />
        <deal Ticket="27401815" OpenTime="2008-12-02 22:28:00" DealType="-1" Lots="2.00" Symbol="XAUUSD" Open="779.15" SL="0.00" TP="0.00" CloseTime="2008-12-02 22:36:00" Close="781.32" Swap="0.00" Profit="-434.00" Comment=" (140)" />
        <deal Ticket="27400615" OpenTime="2008-12-02 22:05:00" DealType="1" Lots="1.70" Symbol="XAUUSD" Open="777.67" SL="778.44" TP="0.00" CloseTime="2008-12-02 22:21:00" Close="778.44" Swap="0.00" Profit="130.90" Comment=" (141)" />
        <deal Ticket="27398544" OpenTime="2008-12-02 21:26:00" DealType="1" Lots="0.90" Symbol="XAUUSD" Open="775.12" SL="0.00" TP="0.00" CloseTime="2008-12-02 22:01:00" Close="778.40" Swap="0.00" Profit="295.20" Comment=" (142)" />
        <deal Ticket="27398309" OpenTime="2008-12-02 21:22:00" DealType="1" Lots="2.00" Symbol="XAUUSD" Open="778.35" SL="0.00" TP="0.00" CloseTime="2008-12-02 21:24:00" Close="775.46" Swap="0.00" Profit="-578.00" Comment=" (143)" />
        <deal Ticket="27397854" OpenTime="2008-12-02 21:17:00" DealType="1" Lots="5.00" Symbol="XAUUSD" Open="779.57" SL="0.00" TP="0.00" CloseTime="2008-12-02 21:21:00" Close="777.50" Swap="0.00" Profit="-1035.00" Comment=" (144)" />
        <deal Ticket="27396195" OpenTime="2008-12-02 20:48:00" DealType="1" Lots="6.00" Symbol="XAUUSD" Open="781.70" SL="0.00" TP="781.71" CloseTime="2008-12-02 20:53:00" Close="780.72" Swap="0.00" Profit="-588.00" Comment=" (145)" />
        <deal Ticket="27393582" OpenTime="2008-12-02 19:31:00" DealType="-1" Lots="5.00" Symbol="XAUUSD" Open="783.24" SL="782.64" TP="0.00" CloseTime="2008-12-02 19:34:00" Close="782.64" Swap="0.00" Profit="300.00" Comment=" (146)" />
        <deal Ticket="27393269" OpenTime="2008-12-02 19:23:00" DealType="-1" Lots="3.00" Symbol="XAUUSD" Open="782.24" SL="0.00" TP="780.67" CloseTime="2008-12-02 19:26:00" Close="782.90" Swap="0.00" Profit="-198.00" Comment=" (147)" />
        <deal Ticket="27392711" OpenTime="2008-12-02 19:12:00" DealType="1" Lots="3.00" Symbol="XAUUSD" Open="779.12" SL="782.40" TP="784.62" CloseTime="2008-12-02 19:22:00" Close="782.40" Swap="0.00" Profit="984.00" Comment=" (148)" />
        <deal Ticket="27392655" OpenTime="2008-12-02 19:08:00" DealType="1" Lots="1.00" Symbol="XAUUSD" Open="779.12" SL="0.00" TP="0.00" CloseTime="2008-12-02 19:10:00" Close="780.30" Swap="0.00" Profit="0.00" Comment=" (149)" />
        <deal Ticket="27390530" OpenTime="2008-12-02 18:25:00" DealType="1" Lots="1.00" Symbol="XAUUSD" Open="778.37" SL="0.00" TP="0.00" CloseTime="2008-12-02 19:05:00" Close="778.99" Swap="0.00" Profit="62.00" Comment=" (150)" />
        <deal Ticket="27390423" OpenTime="2008-12-02 18:23:00" DealType="1" Lots="1.00" Symbol="XAUUSD" Open="778.97" SL="0.00" TP="0.00" CloseTime="2008-12-02 19:05:00" Close="778.72" Swap="0.00" Profit="-25.00" Comment=" (151)" />
        <deal Ticket="27337573" OpenTime="2008-12-01 23:32:00" DealType="1" Lots="0.10" Symbol="EURJPY" Open="117.51" SL="0.00" TP="118.50" CloseTime="2008-12-02 14:54:00" Close="118.50" Swap="0.00" Profit="106.12" Comment=" (152)" />
        <deal Ticket="27337558" OpenTime="2008-12-01 23:31:00" DealType="1" Lots="0.10" Symbol="EURJPY" Open="117.52" SL="0.00" TP="118.50" CloseTime="2008-12-02 14:54:00" Close="118.50" Swap="0.00" Profit="105.05" Comment=" (153)" />
        <deal Ticket="27337495" OpenTime="2008-12-01 23:30:00" DealType="1" Lots="0.10" Symbol="EURJPY" Open="117.64" SL="0.00" TP="118.50" CloseTime="2008-12-02 14:54:00" Close="118.50" Swap="0.00" Profit="92.19" Comment=" (154)" />
        <deal Ticket="27332478" OpenTime="2008-12-01 22:08:00" DealType="1" Lots="3.00" Symbol="EURJPY" Open="118.17" SL="0.00" TP="118.50" CloseTime="2008-12-02 10:10:00" Close="117.15" Swap="0.00" Profit="-3288.21" Comment=" (155)" />
        <deal Ticket="27331877" OpenTime="2008-12-01 22:01:00" DealType="1" Lots="3.00" Symbol="EURJPY" Open="118.34" SL="0.00" TP="118.52" CloseTime="2008-12-01 22:54:00" Close="117.38" Swap="0.00" Profit="-3094.78" Comment=" (156)" />
        <deal Ticket="27332124" OpenTime="2008-12-01 22:03:00" DealType="-1" Lots="6.00" Symbol="EURJPY" Open="118.11" SL="0.00" TP="118.09" CloseTime="2008-12-01 22:06:00" Close="118.21" Swap="0.00" Profit="-642.74" Comment=" (157)" />
        <deal Ticket="27331847" OpenTime="2008-12-01 22:00:00" DealType="1" Lots="3.00" Symbol="EURJPY" Open="118.28" SL="0.00" TP="118.31" CloseTime="2008-12-01 22:00:00" Close="118.31" Swap="0.00" Profit="96.40" Comment=" (158)" />
        <deal Ticket="27331409" OpenTime="2008-12-01 21:56:00" DealType="-1" Lots="3.00" Symbol="EURJPY" Open="118.41" SL="0.00" TP="117.93" CloseTime="2008-12-01 21:59:00" Close="118.31" Swap="0.00" Profit="321.41" Comment=" (159)" />
        <deal Ticket="27324238" OpenTime="2008-12-01 19:28:00" DealType="1" Lots="1.00" Symbol="EURJPY" Open="118.01" SL="0.00" TP="118.27" CloseTime="2008-12-01 21:54:00" Close="118.27" Swap="0.00" Profit="278.46" Comment=" (160)" />
        <deal Ticket="27324001" OpenTime="2008-12-01 19:25:00" DealType="1" Lots="5.00" Symbol="EURJPY" Open="118.17" SL="0.00" TP="118.28" CloseTime="2008-12-01 21:54:00" Close="118.28" Swap="0.00" Profit="589.05" Comment=" (161)" />
        <deal Ticket="27327155" OpenTime="2008-12-01 20:29:00" DealType="1" Lots="1.00" Symbol="EURJPY" Open="117.90" SL="0.00" TP="118.53" CloseTime="2008-12-01 21:53:00" Close="118.22" Swap="0.00" Profit="342.69" Comment=" (162)" />
        <deal Ticket="27323568" OpenTime="2008-12-01 19:14:00" DealType="1" Lots="0.10" Symbol="XAUUSD" Open="775.29" SL="776.29" TP="774.79" CloseTime="2008-12-01 19:22:00" Close="773.94" Swap="0.00" Profit="0.00" Comment=" (163)" />
        <deal Ticket="27322473" OpenTime="2008-12-01 18:57:00" DealType="-1" Lots="3.00" Symbol="EURJPY" Open="118.33" SL="0.00" TP="118.32" CloseTime="2008-12-01 19:09:00" Close="118.32" Swap="0.00" Profit="32.03" Comment=" (164)" />
        <deal Ticket="27322655" OpenTime="2008-12-01 19:00:00" DealType="-1" Lots="3.00" Symbol="EURJPY" Open="118.45" SL="0.00" TP="118.38" CloseTime="2008-12-01 19:08:00" Close="118.38" Swap="0.00" Profit="224.17" Comment=" (165)" />
        <deal Ticket="27311796" OpenTime="2008-12-01 16:38:00" DealType="-1" Lots="0.50" Symbol="EURJPY" Open="118.83" SL="0.00" TP="118.40" CloseTime="2008-12-01 16:54:00" Close="118.40" Swap="0.00" Profit="229.19" Comment=" (166)" />
        <deal Ticket="27310908" OpenTime="2008-12-01 16:23:00" DealType="-1" Lots="0.50" Symbol="EURJPY" Open="118.74" SL="0.00" TP="118.40" CloseTime="2008-12-01 16:54:00" Close="118.40" Swap="0.00" Profit="181.22" Comment=" (167)" />
        <deal Ticket="27310790" OpenTime="2008-12-01 16:20:00" DealType="-1" Lots="1.00" Symbol="EURJPY" Open="118.61" SL="0.00" TP="118.40" CloseTime="2008-12-01 16:54:00" Close="118.40" Swap="0.00" Profit="223.85" Comment=" (168)" />
        <deal Ticket="27308863" OpenTime="2008-12-01 15:52:00" DealType="-1" Lots="1.00" Symbol="EURJPY" Open="118.45" SL="0.00" TP="118.35" CloseTime="2008-12-01 15:56:00" Close="118.35" Swap="0.00" Profit="106.34" Comment=" (170)" />
        <deal Ticket="27308350" OpenTime="2008-12-01 15:47:00" DealType="-1" Lots="1.00" Symbol="EURJPY" Open="118.58" SL="0.00" TP="118.22" CloseTime="2008-12-01 15:51:00" Close="118.44" Swap="0.00" Profit="148.98" Comment=" (171)" />
        <deal Ticket="27260977" OpenTime="2008-11-28 18:36:00" DealType="1" Lots="0.20" Symbol="EURJPY" Open="120.58" SL="0.00" TP="121.25" CloseTime="2008-11-28 19:03:00" Close="121.25" Swap="0.00" Profit="140.36" Comment=" (172)" />
        <deal Ticket="27259987" OpenTime="2008-11-28 18:21:00" DealType="1" Lots="3.00" Symbol="EURJPY" Open="120.63" SL="0.00" TP="121.25" CloseTime="2008-11-28 19:03:00" Close="121.25" Swap="0.00" Profit="1948.25" Comment=" (173)" />
        <deal Ticket="27259372" OpenTime="2008-11-28 18:14:00" DealType="1" Lots="3.00" Symbol="GBPJPY" Open="145.93" SL="0.00" TP="146.09" CloseTime="2008-11-28 18:19:00" Close="146.09" Swap="0.00" Profit="503.88" Comment=" (174)" />
        <deal Ticket="27259301" OpenTime="2008-11-28 18:12:00" DealType="1" Lots="3.00" Symbol="GBPJPY" Open="146.09" SL="0.00" TP="146.09" CloseTime="2008-11-28 18:19:00" Close="146.09" Swap="0.00" Profit="0.00" Comment=" (175)" />
        <deal Ticket="27257163" OpenTime="2008-11-28 17:47:00" DealType="-1" Lots="0.10" Symbol="GBPUSD" Open="1.5354" SL="0.0000" TP="1.5272" CloseTime="2008-11-28 18:10:00" Close="1.5326" Swap="0.00" Profit="28.00" Comment=" (176)" />
        <deal Ticket="27256501" OpenTime="2008-11-28 17:40:00" DealType="-1" Lots="0.20" Symbol="GBPUSD" Open="1.5347" SL="0.0000" TP="1.5272" CloseTime="2008-11-28 18:10:00" Close="1.5325" Swap="0.00" Profit="44.00" Comment=" (177)" />
        <deal Ticket="27256351" OpenTime="2008-11-28 17:38:00" DealType="-1" Lots="0.20" Symbol="GBPUSD" Open="1.5329" SL="0.0000" TP="1.5272" CloseTime="2008-11-28 18:10:00" Close="1.5325" Swap="0.00" Profit="8.00" Comment=" (178)" />
        <deal Ticket="27256287" OpenTime="2008-11-28 17:38:00" DealType="-1" Lots="0.20" Symbol="GBPUSD" Open="1.5322" SL="0.0000" TP="1.5272" CloseTime="2008-11-28 18:10:00" Close="1.5324" Swap="0.00" Profit="-4.00" Comment=" (179)" />
        <deal Ticket="27256044" OpenTime="2008-11-28 17:32:00" DealType="-1" Lots="0.20" Symbol="GBPUSD" Open="1.5310" SL="0.0000" TP="1.5272" CloseTime="2008-11-28 18:10:00" Close="1.5325" Swap="0.00" Profit="-30.00" Comment=" (180)" />
        <deal Ticket="27255830" OpenTime="2008-11-28 17:27:00" DealType="-1" Lots="0.10" Symbol="GBPUSD" Open="1.5316" SL="0.0000" TP="1.5272" CloseTime="2008-11-28 18:10:00" Close="1.5325" Swap="0.00" Profit="-9.00" Comment=" (181)" />
        <deal Ticket="27255418" OpenTime="2008-11-28 17:21:00" DealType="-1" Lots="0.10" Symbol="GBPUSD" Open="1.5309" SL="0.0000" TP="1.5272" CloseTime="2008-11-28 18:10:00" Close="1.5326" Swap="0.00" Profit="-17.00" Comment=" (182)" />
        <deal Ticket="27255291" OpenTime="2008-11-28 17:18:00" DealType="-1" Lots="1.00" Symbol="GBPUSD" Open="1.5305" SL="0.0000" TP="1.5272" CloseTime="2008-11-28 18:10:00" Close="1.5326" Swap="0.00" Profit="-210.00" Comment=" (183)" />
        <deal Ticket="27254703" OpenTime="2008-11-28 17:08:00" DealType="-1" Lots="3.00" Symbol="GBPUSD" Open="1.5289" SL="0.0000" TP="1.5272" CloseTime="2008-11-28 18:10:00" Close="1.5326" Swap="0.00" Profit="-1110.00" Comment=" (184)" />
        <deal Ticket="27257181" OpenTime="2008-11-28 17:48:00" DealType="-1" Lots="0.10" Symbol="GBPUSD" Open="1.5360" SL="0.0000" TP="1.5272" CloseTime="2008-11-28 18:09:00" Close="1.5326" Swap="0.00" Profit="34.00" Comment=" (185)" />
        <deal Ticket="27255748" OpenTime="2008-11-28 17:26:00" DealType="1" Lots="0.10" Symbol="USDCHF" Open="1.21480000" SL="0.00000000" TP="1.21510000" CloseTime="2008-11-28 17:30:00" Close="1.21510000" Swap="0.00" Profit="2.47" Comment=" (186)" />
        <deal Ticket="27192774" OpenTime="2008-11-27 13:03:00" DealType="-1" Lots="0.10" Symbol="GBPUSD" Open="1.5492" SL="1.5550" TP="1.5320" CloseTime="2008-11-28 14:17:00" Close="1.5320" Swap="0.00" Profit="172.00" Comment=" (187)" />
        <deal Ticket="27192626" OpenTime="2008-11-27 12:54:00" DealType="-1" Lots="0.10" Symbol="GBPUSD" Open="1.5477" SL="1.5550" TP="1.5320" CloseTime="2008-11-28 14:17:00" Close="1.5320" Swap="0.00" Profit="157.00" Comment=" (188)" />
        <deal Ticket="27192466" OpenTime="2008-11-27 12:50:00" DealType="-1" Lots="0.10" Symbol="GBPUSD" Open="1.5454" SL="1.5550" TP="1.5320" CloseTime="2008-11-28 14:17:00" Close="1.5320" Swap="0.00" Profit="134.00" Comment=" (189)" />
        <deal Ticket="27191496" OpenTime="2008-11-27 12:27:00" DealType="-1" Lots="0.10" Symbol="GBPUSD" Open="1.5467" SL="1.5550" TP="1.5320" CloseTime="2008-11-28 14:17:00" Close="1.5320" Swap="0.00" Profit="147.00" Comment=" (190)" />
        <deal Ticket="27191387" OpenTime="2008-11-27 12:25:00" DealType="-1" Lots="0.20" Symbol="GBPUSD" Open="1.5462" SL="1.5550" TP="1.5320" CloseTime="2008-11-28 14:17:00" Close="1.5320" Swap="0.00" Profit="284.00" Comment=" (191)" />
        <deal Ticket="27187411" OpenTime="2008-11-27 11:01:00" DealType="-1" Lots="1.00" Symbol="GBPUSD" Open="1.5418" SL="1.5550" TP="1.5320" CloseTime="2008-11-28 14:17:00" Close="1.5320" Swap="0.00" Profit="980.00" Comment=" (192)" />
        <deal Ticket="27162508" OpenTime="2008-11-27 01:19:00" DealType="-1" Lots="1.00" Symbol="GBPUSD" Open="1.5332" SL="1.5550" TP="1.5320" CloseTime="2008-11-28 14:17:00" Close="1.5320" Swap="0.00" Profit="120.00" Comment=" (193)" />
        <deal Ticket="27124599" OpenTime="2008-11-26 12:21:00" DealType="-1" Lots="0.10" Symbol="GBPUSD" Open="1.5386" SL="1.5550" TP="1.5320" CloseTime="2008-11-28 14:17:00" Close="1.5320" Swap="0.00" Profit="66.00" Comment=" (194)" />
        <deal Ticket="27124994" OpenTime="2008-11-26 12:32:00" DealType="-1" Lots="0.50" Symbol="EURJPY" Open="123.41" SL="0.00" TP="123.12" CloseTime="2008-11-26 12:48:00" Close="123.34" Swap="0.00" Profit="36.80" Comment=" (196)" />
        <deal Ticket="27125056" OpenTime="2008-11-26 12:33:00" DealType="-1" Lots="0.50" Symbol="EURJPY" Open="123.52" SL="123.52" TP="123.12" CloseTime="2008-11-26 12:43:00" Close="123.52" Swap="0.00" Profit="0.00" Comment=" (197)" />
        <deal Ticket="27124897" OpenTime="2008-11-26 12:29:00" DealType="-1" Lots="0.10" Symbol="EURJPY" Open="123.49" SL="0.00" TP="123.48" CloseTime="2008-11-26 12:30:00" Close="123.48" Swap="0.00" Profit="1.05" Comment=" (198)" />
        <deal Ticket="27121684" OpenTime="2008-11-26 11:24:00" DealType="-1" Lots="1.00" Symbol="EURJPY" Open="123.77" SL="0.00" TP="122.70" CloseTime="2008-11-26 12:20:00" Close="123.39" Swap="0.00" Profit="399.58" Comment=" (199)" />
        <deal Ticket="27121366" OpenTime="2008-11-26 11:17:00" DealType="-1" Lots="0.50" Symbol="EURJPY" Open="123.47" SL="0.00" TP="122.70" CloseTime="2008-11-26 12:20:00" Close="123.39" Swap="0.00" Profit="42.05" Comment=" (200)" />
        <deal Ticket="27098744" OpenTime="2008-11-25 23:01:00" DealType="-1" Lots="0.50" Symbol="EURJPY" Open="124.73" SL="124.21" TP="123.61" CloseTime="2008-11-25 23:33:00" Close="124.21" Swap="0.00" Profit="273.40" Comment=" (201)" />
        <deal Ticket="27097612" OpenTime="2008-11-25 22:37:00" DealType="-1" Lots="1.00" Symbol="EURJPY" Open="124.99" SL="0.00" TP="124.50" CloseTime="2008-11-25 22:58:00" Close="124.70" Swap="0.00" Profit="303.95" Comment=" (202)" />
        <deal Ticket="27097413" OpenTime="2008-11-25 22:33:00" DealType="-1" Lots="1.00" Symbol="EURJPY" Open="124.77" SL="0.00" TP="124.50" CloseTime="2008-11-25 22:58:00" Close="124.71" Swap="0.00" Profit="62.87" Comment=" (203)" />
        <deal Ticket="27097135" OpenTime="2008-11-25 22:29:00" DealType="-1" Lots="0.50" Symbol="EURJPY" Open="124.73" SL="0.00" TP="124.50" CloseTime="2008-11-25 22:58:00" Close="124.71" Swap="0.00" Profit="10.48" Comment=" (204)" />
        <deal Ticket="27096987" OpenTime="2008-11-25 22:24:00" DealType="-1" Lots="0.50" Symbol="EURJPY" Open="124.50" SL="0.00" TP="124.50" CloseTime="2008-11-25 22:58:00" Close="124.71" Swap="0.00" Profit="-110.04" Comment=" (205)" />
        <deal Ticket="27096857" OpenTime="2008-11-25 22:22:00" DealType="1" Lots="0.50" Symbol="EURJPY" Open="124.72" SL="0.00" TP="124.72" CloseTime="2008-11-25 22:28:00" Close="124.72" Swap="0.00" Profit="0.00" Comment=" (206)" />
        <deal Ticket="27094906" OpenTime="2008-11-25 21:55:00" DealType="1" Lots="0.50" Symbol="EURJPY" Open="124.24" SL="0.00" TP="124.80" CloseTime="2008-11-25 22:08:00" Close="124.80" Swap="0.00" Profit="292.64" Comment=" (207)" />
        <deal Ticket="27049231" OpenTime="2008-11-25 09:47:00" DealType="-1" Lots="0.10" Symbol="EURJPY" Open="124.33" SL="0.00" TP="124.21" CloseTime="2008-11-25 10:00:00" Close="124.21" Swap="0.00" Profit="12.43" Comment=" (208)" />
        <deal Ticket="27049145" OpenTime="2008-11-25 09:45:00" DealType="-1" Lots="0.20" Symbol="EURJPY" Open="124.25" SL="0.00" TP="124.21" CloseTime="2008-11-25 10:00:00" Close="124.21" Swap="0.00" Profit="8.28" Comment=" (209)" />
        <deal Ticket="27049073" OpenTime="2008-11-25 09:43:00" DealType="-1" Lots="0.20" Symbol="EURJPY" Open="124.21" SL="0.00" TP="124.21" CloseTime="2008-11-25 10:00:00" Close="124.21" Swap="0.00" Profit="0.00" Comment=" (210)" />
        <deal Ticket="27048827" OpenTime="2008-11-25 09:39:00" DealType="1" Lots="0.10" Symbol="EURJPY" Open="124.39" SL="123.32" TP="125.31" CloseTime="2008-11-25 09:46:00" Close="124.14" Swap="0.00" Profit="-25.90" Comment=" (211)" />
        <deal Ticket="27046554" OpenTime="2008-11-25 08:48:00" DealType="-1" Lots="2.00" Symbol="EURJPY" Open="124.08000000" SL="0.00000000" TP="123.96000000" CloseTime="2008-11-25 08:58:00" Close="124.01000000" Swap="0.00" Profit="145.16" Comment=" (212)" />
        <deal Ticket="27046477" OpenTime="2008-11-25 08:45:00" DealType="-1" Lots="2.00" Symbol="EURJPY" Open="123.96000000" SL="0.00000000" TP="123.96000000" CloseTime="2008-11-25 08:58:00" Close="124.01000000" Swap="0.00" Profit="-103.70" Comment=" (213)" />
        <deal Ticket="27044796" OpenTime="2008-11-25 08:07:00" DealType="-1" Lots="2.00" Symbol="EURJPY" Open="124.12000000" SL="0.00000000" TP="123.31000000" CloseTime="2008-11-25 08:41:00" Close="124.05000000" Swap="0.00" Profit="145.11" Comment=" (214)" />
        <deal Ticket="27044294" OpenTime="2008-11-25 07:49:00" DealType="-1" Lots="1.00" Symbol="EURJPY" Open="123.95000000" SL="0.00000000" TP="123.32000000" CloseTime="2008-11-25 08:41:00" Close="124.05000000" Swap="0.00" Profit="-103.65" Comment=" (215)" />
        <deal Ticket="27043607" OpenTime="2008-11-25 07:24:00" DealType="-1" Lots="1.00" Symbol="EURJPY" Open="123.84000000" SL="0.00000000" TP="123.31000000" CloseTime="2008-11-25 08:41:00" Close="124.05000000" Swap="0.00" Profit="-217.69" Comment=" (216)" />
        <deal Ticket="27043822" OpenTime="2008-11-25 07:29:00" DealType="1" Lots="1.00" Symbol="EURJPY" Open="123.78000000" SL="0.00000000" TP="123.85000000" CloseTime="2008-11-25 07:52:00" Close="123.87000000" Swap="0.00" Profit="0.00" Comment=" (217)" />
        <deal Ticket="27043272" OpenTime="2008-11-25 07:18:00" DealType="1" Lots="1.00" Symbol="EURJPY" Open="124.02000000" SL="0.00000000" TP="0.00000000" CloseTime="2008-11-25 07:23:00" Close="123.89000000" Swap="0.00" Profit="-134.98" Comment=" (218)" />
        <deal Ticket="27042162" OpenTime="2008-11-25 06:46:00" DealType="1" Lots="1.00" Symbol="GBPJPY" Open="145.61000000" SL="0.00000000" TP="0.00000000" CloseTime="2008-11-25 06:57:00" Close="145.65000000" Swap="0.00" Profit="41.54" Comment=" (219)" />
        <deal Ticket="25435764" OpenTime="2008-10-16 17:59:00" DealType="1" Lots="0.10" Symbol="XAUUSD" Open="804.52000000" SL="0.00000000" TP="0.00000000" CloseTime="2008-10-16 18:30:00" Close="786.22000000" Swap="0.00" Profit="-183.00" Comment=" (221)" />
        <deal Ticket="25426597" OpenTime="2008-10-16 14:53:00" DealType="1" Lots="0.50" Symbol="XAUUSD" Open="831.75000000" SL="0.00000000" TP="0.00000000" CloseTime="2008-10-16 18:30:00" Close="786.22000000" Swap="0.00" Profit="-2276.50" Comment=" (222)" />
        <deal Ticket="25348414" OpenTime="2008-10-15 15:40:00" DealType="1" Lots="0.10" Symbol="XAUUSD" Open="831.57000000" SL="819.42000000" TP="1020.00000000" CloseTime="2008-10-16 16:37:00" Close="814.82000000" Swap="0.00" Profit="-167.50" Comment=" (223)" />
        <deal Ticket="25354668" OpenTime="2008-10-15 15:30:00" DealType="1" Lots="0.10" Symbol="XAUUSD" Open="835.72000000" SL="819.42000000" TP="1020.00000000" CloseTime="2008-10-16 16:37:00" Close="814.82000000" Swap="0.00" Profit="-209.00" Comment=" (224)" />
        <deal Ticket="25346030" OpenTime="2008-10-14 19:03:00" DealType="1" Lots="0.10" Symbol="XAUUSD" Open="838.23000000" SL="819.42000000" TP="1020.00000000" CloseTime="2008-10-16 16:37:00" Close="814.82000000" Swap="0.00" Profit="-234.10" Comment=" (225)" />
        <deal Ticket="25389165" OpenTime="2008-10-15 19:39:00" DealType="1" Lots="0.50" Symbol="EURUSD" Open="1.3538" SL="1.3426" TP="1.3830" CloseTime="2008-10-16 01:23:00" Close="1.3426" Swap="0.00" Profit="-560.00" Comment=" (226)" />
        <deal Ticket="25387034" OpenTime="2008-10-15 18:47:00" DealType="1" Lots="0.10" Symbol="EURUSD" Open="1.3567" SL="1.3426" TP="1.3837" CloseTime="2008-10-16 01:23:00" Close="1.3426" Swap="0.00" Profit="-141.00" Comment=" (227)" />
        <deal Ticket="25354776" OpenTime="2008-10-15 02:04:00" DealType="1" Lots="0.10" Symbol="EURUSD" Open="1.3612" SL="1.3426" TP="1.3837" CloseTime="2008-10-16 01:23:00" Close="1.3426" Swap="0.00" Profit="-186.00" Comment=" (228)" />
        <deal Ticket="25388541" OpenTime="2008-10-15 19:23:00" DealType="-1" Lots="0.20" Symbol="EURUSD" Open="1.3508" SL="0.0000" TP="0.0000" CloseTime="2008-10-15 19:27:00" Close="1.3525" Swap="0.00" Profit="-34.00" Comment=" (229)" />
        <deal Ticket="25386997" OpenTime="2008-10-15 18:46:00" DealType="1" Lots="0.10" Symbol="EURUSD" Open="1.3520" SL="1.3483" TP="1.3837" CloseTime="2008-10-15 18:47:00" Close="1.3567" Swap="0.00" Profit="0.00" Comment=" (230)" />
        <deal Ticket="25355002" OpenTime="2008-10-15 00:34:00" DealType="1" Lots="0.10" Symbol="USDCAD" Open="1.1485" SL="1.1305" TP="1.2303" CloseTime="2008-10-15 17:17:00" Close="1.1740" Swap="0.00" Profit="0.00" Comment=" (231)" />
        <deal Ticket="25354973" OpenTime="2008-10-15 00:33:00" DealType="-1" Lots="0.10" Symbol="USDCAD" Open="1.1617" SL="1.1680" TP="1.1200" CloseTime="2008-10-15 03:11:00" Close="1.1680" Swap="0.00" Profit="-53.93" Comment=" (232)" />
        <deal Ticket="25348396" OpenTime="2008-10-14 20:10:00" DealType="1" Lots="0.10" Symbol="XAUUSD" Open="837.72" SL="821.82" TP="1020.00" CloseTime="2008-10-14 20:15:00" Close="841.02" Swap="0.00" Profit="0.00" Comment=" (233)" />
        <deal Ticket="25295370" OpenTime="2008-10-13 18:23:00" DealType="1" Lots="0.10" Symbol="XAUUSD" Open="834.00000000" SL="838.49000000" TP="778.17000000" CloseTime="2008-10-13 19:22:00" Close="832.88000000" Swap="0.00" Profit="0.00" Comment=" (234)" />
        <deal Ticket="25288292" OpenTime="2008-10-13 16:17:00" DealType="-1" Lots="0.10" Symbol="XAUUSD" Open="854.75000000" SL="833.67000000" TP="770.15000000" CloseTime="2008-10-13 18:17:00" Close="833.67000000" Swap="0.00" Profit="210.80" Comment=" (235)" />
        <deal Ticket="25287836" OpenTime="2008-10-13 15:33:00" DealType="-1" Lots="0.10" Symbol="XAUUSD" Open="851.17000000" SL="833.67000000" TP="770.15000000" CloseTime="2008-10-13 18:17:00" Close="833.67000000" Swap="0.00" Profit="175.00" Comment=" (236)" />
    </deals>
    <balances>
        <balance Ticket="37598782" Amount="-8753.00" Date="2009-10-01 15:51:00" />
        <balance Ticket="37596577" Amount="8753.00" Date="2009-10-01 15:01:00" />
        <balance Ticket="37582501" Amount="-8753.00" Date="2009-10-01 07:51:00" />
        <balance Ticket="37569633" Amount="3000.00" Date="2009-09-30 19:29:00" />
        <balance Ticket="37334126" Amount="3000.00" Date="2009-09-22 18:00:00" />
        <balance Ticket="32067382" Amount="1150.00" Date="2009-03-27 17:26:00" />
        <balance Ticket="32063675" Amount="4.18" Date="2009-03-27 16:13:00" />
        <balance Ticket="32051682" Amount="800.00" Date="2009-03-27 13:03:00" />
        <balance Ticket="31512043" Amount="137.00" Date="2009-03-13 22:43:00" />
        <balance Ticket="31511951" Amount="380.00" Date="2009-03-13 22:30:00" />
        <balance Ticket="27463863" Amount="992.00" Date="2008-12-03 20:24:00" />
        <balance Ticket="27310759" Amount="-1750.00" Date="2008-12-01 16:20:00" />
        <balance Ticket="27190941" Amount="992.00" Date="2008-11-27 12:17:00" />
        <balance Ticket="27025293" Amount="1760.00" Date="2008-11-24 23:15:00" />
        <balance Ticket="25287652" Amount="3600.00" Date="2008-10-13 15:30:00" />
        <balance Ticket="14589591" Amount="-1656.99" Date="2007-12-31 23:59:00" />
        <balance Ticket="14622408" Amount="128.00" Date="2007-10-05 16:07:00" />
        <balance Ticket="14236451" Amount="1535.00" Date="2007-09-21 17:14:00" />
    </balances>
</account>