﻿<?xml version="1.0" encoding="utf-8"?>
<account Id="12607" Broker="" Account="" Trader="" Login="" InitBalance="600.00">
    <deals>
        <deal Ticket="2087162493" OpenTime="2010-02-16 10:30:00" DealType="1" Lots="0.20" Symbol="EURJPY" Open="123.00" SL="120.35" TP="124.81" CloseTime="2010-02-16 18:41:00" Close="124.31" Swap="0.00" Profit="289.79" Comment=" (1)" />
        <deal Ticket="2087162482" OpenTime="2010-02-16 06:50:00" DealType="-1" Lots="0.20" Symbol="USDCHF" Open="1.0740" SL="1.0860" TP="1.0597" CloseTime="2010-02-16 18:41:00" Close="1.0681" Swap="0.00" Profit="110.48" Comment=" (2)" />
        <deal Ticket="2087033987" OpenTime="2010-02-09 08:57:00" DealType="1" Lots="0.20" Symbol="EURUSD" Open="1.3730" SL="1.3500" TP="1.4047" CloseTime="2010-02-09 21:57:00" Close="1.3774" Swap="0.00" Profit="88.00" Comment=" (3)" />
        <deal Ticket="2087033958" OpenTime="2010-02-09 01:31:00" DealType="1" Lots="0.20" Symbol="USDCHF" Open="1.0670" SL="1.0900" TP="1.0476" CloseTime="2010-02-09 12:16:00" Close="1.0681" Swap="0.00" Profit="0.00" Comment="cancelled (4)" />
        <deal Ticket="2086770517" OpenTime="2010-01-27 04:22:00" DealType="1" Lots="0.20" Symbol="EURGBP" Open="0.8731" SL="0.8600" TP="0.8757" CloseTime="2010-02-05 18:11:00" Close="0.8734" Swap="0.00" Profit="9.38" Comment=" (5)" />
        <deal Ticket="2086093465" OpenTime="2009-12-21 01:49:00" DealType="1" Lots="0.20" Symbol="EURGBP" Open="0.8910" SL="0.8825" TP="0.9010" CloseTime="2009-12-21 13:35:00" Close="0.8897" Swap="0.00" Profit="0.00" Comment="cancelled (6)" />
        <deal Ticket="2086093456" OpenTime="2009-12-21 01:48:00" DealType="1" Lots="0.20" Symbol="USDCHF" Open="1.0370" SL="1.0555" TP="1.0206" CloseTime="2009-12-21 13:35:00" Close="1.0418" Swap="0.00" Profit="0.00" Comment="cancelled (7)" />
        <deal Ticket="2085922103" OpenTime="2009-12-15 00:15:00" DealType="1" Lots="0.20" Symbol="USDCHF" Open="1.0280" SL="1.0450" TP="1.0142" CloseTime="2009-12-15 23:10:00" Close="1.0404" Swap="0.00" Profit="0.00" Comment="cancelled (8)" />
        <deal Ticket="2085587682" OpenTime="2009-12-02 02:32:00" DealType="1" Lots="0.20" Symbol="AUDNZD" Open="1.2700" SL="1.2850" TP="1.2620" CloseTime="2009-12-03 02:53:00" Close="1.2796" Swap="0.00" Profit="0.00" Comment="cancelled (9)" />
        <deal Ticket="2085237390" OpenTime="2009-11-23 18:43:00" DealType="1" Lots="0.20" Symbol="USDJPY" Open="89.20" SL="87.85" TP="89.84" CloseTime="2009-11-25 11:17:00" Close="87.85" Swap="0.00" Profit="-307.34" Comment="complete (10)" />
        <deal Ticket="2085114483" OpenTime="2009-11-18 02:51:00" DealType="1" Lots="0.20" Symbol="USDJPY" Open="89.62" SL="88.00" TP="90.42" CloseTime="2009-11-20 08:28:00" Close="88.80" Swap="0.00" Profit="0.00" Comment="cancelled (11)" />
        <deal Ticket="2085114636" OpenTime="2009-11-18 18:14:00" DealType="-1" Lots="0.20" Symbol="GBPUSD" Open="1.6740" SL="1.7050" TP="1.6566" CloseTime="2009-11-19 10:53:00" Close="1.6673" Swap="0.00" Profit="134.00" Comment=" (12)" />
        <deal Ticket="2084959098" OpenTime="2009-11-12 11:15:00" DealType="1" Lots="0.20" Symbol="USDCHF" Open="1.0118" SL="1.0000" TP="1.0150" CloseTime="2009-11-12 17:12:00" Close="1.0150" Swap="0.00" Profit="63.05" Comment="complete (13)" />
        <deal Ticket="2084720987" OpenTime="2009-11-03 01:09:00" DealType="-1" Lots="0.10" Symbol="GBPCHF" Open="1.6747" SL="1.7000" TP="1.6712" CloseTime="2009-11-11 12:58:00" Close="1.6712" Swap="0.00" Profit="34.86" Comment="complete (14)" />
        <deal Ticket="2084696072" OpenTime="2009-11-02 10:07:00" DealType="-1" Lots="0.10" Symbol="GBPCHF" Open="1.6770" SL="1.6760" TP="1.6562" CloseTime="2009-11-02 18:11:00" Close="1.6697" Swap="0.00" Profit="71.66" Comment=" (15)" />
        <deal Ticket="2084696036" OpenTime="2009-11-02 10:07:00" DealType="1" Lots="0.10" Symbol="EURGBP" Open="0.9000" SL="0.8862" TP="0.9137" CloseTime="2009-11-02 14:15:00" Close="0.9030" Swap="0.00" Profit="49.09" Comment=" (16)" />
        <deal Ticket="2084506568" OpenTime="2009-10-26 18:58:00" DealType="1" Lots="0.10" Symbol="USDCHF" Open="1.0132" SL="1.0015" TP="1.0218" CloseTime="2009-10-27 13:55:00" Close="1.0178" Swap="0.00" Profit="45.20" Comment=" (17)" />
        <deal Ticket="2084506608" OpenTime="2009-10-23 11:30:00" DealType="1" Lots="0.10" Symbol="EURGBP" Open="0.9098" SL="0.8955" TP="0.9177" CloseTime="2009-10-23 12:43:00" Close="0.9177" Swap="0.00" Profit="129.50" Comment="complete (18)" />
        <deal Ticket="2084434679" OpenTime="2009-10-21 00:36:00" DealType="1" Lots="0.10" Symbol="EURJPY" Open="134.80" SL="136.50" TP="132.60" CloseTime="2009-10-23 00:14:00" Close="137.23" Swap="0.00" Profit="0.00" Comment="cancelled (19)" />
        <deal Ticket="2084228929" OpenTime="2009-10-12 10:02:00" DealType="-1" Lots="0.10" Symbol="AUDUSD" Open="0.9000" SL="0.9150" TP="0.8813" CloseTime="2009-10-14 09:10:00" Close="0.9150" Swap="0.00" Profit="-150.00" Comment="complete (20)" />
        <deal Ticket="2084228994" OpenTime="2009-10-12 08:27:00" DealType="1" Lots="0.10" Symbol="USDTRY" Open="1.4697" SL="1.4500" TP="1.4764" CloseTime="2009-10-14 08:41:00" Close="1.4500" Swap="0.00" Profit="-135.86" Comment="complete (21)" />
        <deal Ticket="2084201242" OpenTime="2009-10-09 02:56:00" DealType="1" Lots="0.10" Symbol="USDJPY" Open="88.80" SL="87.50" TP="90.27" CloseTime="2009-10-09 10:37:00" Close="89.29" Swap="0.00" Profit="54.88" Comment=" (22)" />
        <deal Ticket="2084201352" OpenTime="2009-10-09 02:16:00" DealType="1" Lots="0.10" Symbol="EURJPY" Open="131.00" SL="129.00" TP="132.42" CloseTime="2009-10-09 10:37:00" Close="131.60" Swap="0.00" Profit="67.19" Comment=" (23)" />
        <deal Ticket="2084201663" OpenTime="2009-10-09 00:05:00" DealType="1" Lots="0.10" Symbol="NZDUSD" Open="0.7428" SL="0.0000" TP="0.7450" CloseTime="2009-10-09 10:36:00" Close="0.7393" Swap="0.00" Profit="-35.00" Comment=" (24)" />
        <deal Ticket="2084201679" OpenTime="2009-10-09 00:06:00" DealType="1" Lots="0.10" Symbol="AUDJPY" Open="80.16" SL="0.00" TP="80.30" CloseTime="2009-10-09 04:12:00" Close="80.30" Swap="0.00" Profit="15.77" Comment="complete (25)" />
        <deal Ticket="2084168843" OpenTime="2009-10-07 22:28:00" DealType="1" Lots="0.10" Symbol="USDTRY" Open="1.4778" SL="1.4560" TP="1.4833" CloseTime="2009-10-08 14:25:00" Close="1.4627" Swap="0.00" Profit="0.00" Comment="cancelled (26)" />
        <deal Ticket="2084157092" OpenTime="2009-10-07 13:15:00" DealType="1" Lots="0.20" Symbol="EURUSD" Open="1.4732" SL="0.0000" TP="1.4760" CloseTime="2009-10-08 03:23:00" Close="1.4709" Swap="0.00" Profit="-46.00" Comment=" (27)" />
        <deal Ticket="2084156572" OpenTime="2009-10-07 12:55:00" DealType="1" Lots="0.20" Symbol="EURUSD" Open="1.4718" SL="0.0000" TP="1.4762" CloseTime="2009-10-07 12:58:00" Close="1.4720" Swap="0.00" Profit="4.00" Comment=" (28)" />
        <deal Ticket="2084142442" OpenTime="2009-10-06 23:52:00" DealType="1" Lots="0.20" Symbol="EURJPY" Open="131.65" SL="128.80" TP="132.76" CloseTime="2009-10-07 12:55:00" Close="129.91" Swap="0.00" Profit="0.00" Comment="cancelled (29)" />
        <deal Ticket="2084142435" OpenTime="2009-10-06 23:51:00" DealType="1" Lots="0.10" Symbol="EURJPY" Open="131.65" SL="128.80" TP="132.76" CloseTime="2009-10-06 23:51:00" Close="130.76" Swap="0.00" Profit="0.00" Comment="cancelled (30)" />
        <deal Ticket="2084111418" OpenTime="2009-10-06 08:43:00" DealType="-1" Lots="0.10" Symbol="USDMXN" Open="13.5795" SL="13.8150" TP="13.4370" CloseTime="2009-10-06 17:49:00" Close="13.5119" Swap="0.00" Profit="50.03" Comment=" (31)" />
        <deal Ticket="2084047282" OpenTime="2009-10-01 22:36:00" DealType="1" Lots="0.10" Symbol="USDJPY" Open="90.30" SL="88.15" TP="91.13" CloseTime="2009-10-02 15:39:00" Close="89.12" Swap="0.00" Profit="0.00" Comment="cancelled (32)" />
        <deal Ticket="2083975486" OpenTime="2009-09-30 00:02:00" DealType="1" Lots="0.10" Symbol="CHFJPY" Open="87.40" SL="85.85" TP="87.58" CloseTime="2009-09-30 16:34:00" Close="86.37" Swap="0.00" Profit="0.00" Comment="cancelled (33)" />
        <deal Ticket="2083726784" OpenTime="2009-09-21 12:46:00" DealType="1" Lots="0.10" Symbol="USDCHF" Open="1.0362" SL="1.0367" TP="1.0495" CloseTime="2009-09-29 16:36:00" Close="1.0367" Swap="0.00" Profit="4.82" Comment="complete (34)" />
        <deal Ticket="2083726761" OpenTime="2009-09-21 12:46:00" DealType="1" Lots="0.10" Symbol="USDCHF" Open="1.0362" SL="1.0250" TP="1.0389" CloseTime="2009-09-29 13:22:00" Close="1.0389" Swap="0.00" Profit="25.99" Comment="complete (35)" />
        <deal Ticket="2083529934" OpenTime="2009-09-15 18:59:00" DealType="-1" Lots="0.10" Symbol="AUDCAD" Open="0.9255" SL="0.9402" TP="0.9221" CloseTime="2009-09-18 19:08:00" Close="0.9301" Swap="0.00" Profit="-42.84" Comment=" (36)" />
        <deal Ticket="2083529937" OpenTime="2009-09-15 18:59:00" DealType="-1" Lots="0.10" Symbol="AUDCAD" Open="0.9255" SL="0.9402" TP="0.9045" CloseTime="2009-09-18 19:08:00" Close="0.9301" Swap="0.00" Profit="-42.84" Comment=" (37)" />
        <deal Ticket="2083590804" OpenTime="2009-09-15 05:37:00" DealType="1" Lots="0.10" Symbol="USDJPY" Open="91.22" SL="89.80" TP="92.44" CloseTime="2009-09-18 18:54:00" Close="91.27" Swap="0.00" Profit="5.48" Comment=" (38)" />
        <deal Ticket="2083590799" OpenTime="2009-09-15 05:37:00" DealType="1" Lots="0.10" Symbol="USDJPY" Open="91.22" SL="89.80" TP="92.43" CloseTime="2009-09-18 16:23:00" Close="91.24" Swap="0.00" Profit="2.19" Comment=" (39)" />
        <deal Ticket="2083565260" OpenTime="2009-09-14 03:55:00" DealType="-1" Lots="0.10" Symbol="EURUSD" Open="1.4532" SL="1.4660" TP="1.4344" CloseTime="2009-09-14 12:50:00" Close="1.4529" Swap="0.00" Profit="3.00" Comment=" (40)" />
        <deal Ticket="2083565296" OpenTime="2009-09-14 03:57:00" DealType="-1" Lots="0.10" Symbol="GBPUSD" Open="1.6616" SL="1.6750" TP="1.6419" CloseTime="2009-09-14 12:49:00" Close="1.6535" Swap="0.00" Profit="81.00" Comment=" (41)" />
        <deal Ticket="2083463225" OpenTime="2009-09-09 04:32:00" DealType="1" Lots="0.10" Symbol="EURAUD" Open="1.6835" SL="1.6750" TP="1.7033" CloseTime="2009-09-10 04:44:00" Close="1.6929" Swap="0.00" Profit="80.81" Comment=" (42)" />
        <deal Ticket="2083463230" OpenTime="2009-09-09 04:32:00" DealType="1" Lots="0.10" Symbol="EURAUD" Open="1.6835" SL="1.6838" TP="1.7311" CloseTime="2009-09-09 14:17:00" Close="1.6838" Swap="0.00" Profit="2.58" Comment="complete (43)" />
        <deal Ticket="2083433065" OpenTime="2009-09-08 01:31:00" DealType="1" Lots="0.10" Symbol="AUDCAD" Open="0.9180" SL="0.9299" TP="0.8974" CloseTime="2009-09-09 11:25:00" Close="0.9274" Swap="0.00" Profit="0.00" Comment="cancelled (44)" />
        <deal Ticket="2083409490" OpenTime="2009-09-04 21:31:00" DealType="1" Lots="0.10" Symbol="AUDCAD" Open="0.9180" SL="0.9299" TP="0.9130" CloseTime="2009-09-09 11:25:00" Close="0.9274" Swap="0.00" Profit="0.00" Comment="cancelled (45)" />
        <deal Ticket="2083433057" OpenTime="2009-09-08 01:30:00" DealType="1" Lots="0.10" Symbol="USDCAD" Open="0.9180" SL="0.9299" TP="0.9130" CloseTime="2009-09-08 01:30:00" Close="1.0776" Swap="0.00" Profit="0.00" Comment="cancelled (46)" />
        <deal Ticket="2083263985" OpenTime="2009-09-02 13:57:00" DealType="1" Lots="0.10" Symbol="GBPCHF" Open="1.7310" SL="1.7120" TP="1.7476" CloseTime="2009-09-07 13:36:00" Close="1.7373" Swap="0.00" Profit="59.58" Comment=" (47)" />
        <deal Ticket="2083413806" OpenTime="2009-09-07 01:25:00" DealType="1" Lots="0.10" Symbol="XAUUSD" Open="983.00" SL="1010.00" TP="952.55" CloseTime="2009-09-07 08:40:00" Close="991.95" Swap="0.00" Profit="0.00" Comment="cancelled (48)" />
        <deal Ticket="2083409606" OpenTime="2009-09-07 00:51:00" DealType="-1" Lots="0.10" Symbol="XAUUSD" Open="983.00" SL="1010.00" TP="952.55" CloseTime="2009-09-07 01:25:00" Close="983.00" Swap="0.00" Profit="0.00" Comment=" (49)" />
        <deal Ticket="2083369490" OpenTime="2009-09-03 16:07:00" DealType="-1" Lots="0.10" Symbol="USDTRY" Open="1.5052" SL="1.5120" TP="1.4987" CloseTime="2009-09-04 18:36:00" Close="1.4987" Swap="0.00" Profit="43.37" Comment="complete (50)" />
        <deal Ticket="2083378677" OpenTime="2009-09-04 10:47:00" DealType="-1" Lots="0.10" Symbol="EURCAD" Open="1.5686" SL="1.5859" TP="1.5581" CloseTime="2009-09-04 15:05:00" Close="1.5581" Swap="0.00" Profit="96.12" Comment="complete (51)" />
        <deal Ticket="2083242398" OpenTime="2009-09-02 13:57:00" DealType="-1" Lots="0.10" Symbol="EURGBP" Open="0.8763" SL="0.8840" TP="0.8674" CloseTime="2009-09-03 17:45:00" Close="0.8725" Swap="0.00" Profit="62.14" Comment=" (52)" />
        <deal Ticket="2083243209" OpenTime="2009-08-31 01:56:00" DealType="-1" Lots="0.10" Symbol="NZDUSD" Open="0.6824" SL="0.6816" TP="0.6773" CloseTime="2009-09-01 19:22:00" Close="0.6773" Swap="0.00" Profit="51.00" Comment="complete (53)" />
        <deal Ticket="2083230952" OpenTime="2009-08-28 12:17:00" DealType="1" Lots="0.10" Symbol="AUDNZD" Open="1.2306" SL="1.2200" TP="1.2323" CloseTime="2009-08-31 19:06:00" Close="1.2309" Swap="0.00" Profit="2.06" Comment=" (54)" />
        <deal Ticket="2083062789" OpenTime="2009-08-21 00:00:00" DealType="1" Lots="0.10" Symbol="EURCHF" Open="1.5155" SL="1.5160" TP="1.5258" CloseTime="2009-08-27 14:47:00" Close="1.5232" Swap="0.00" Profit="72.13" Comment=" (55)" />
        <deal Ticket="2083123914" OpenTime="2009-08-25 09:57:00" DealType="1" Lots="0.10" Symbol="USDCHF" Open="1.0640" SL="1.0538" TP="1.0701" CloseTime="2009-08-26 17:49:00" Close="1.0701" Swap="0.00" Profit="57.00" Comment="complete (56)" />
        <deal Ticket="2083062797" OpenTime="2009-08-21 00:01:00" DealType="1" Lots="0.10" Symbol="USDJPY" Open="94.21" SL="93.60" TP="95.24" CloseTime="2009-08-21 06:26:00" Close="93.60" Swap="0.00" Profit="-65.17" Comment="complete (57)" />
        <deal Ticket="2083062669" OpenTime="2009-08-21 00:00:00" DealType="1" Lots="0.10" Symbol="EURCAD" Open="1.5501" SL="1.5426" TP="1.5511" CloseTime="2009-08-21 00:03:00" Close="1.5506" Swap="0.00" Profit="4.60" Comment="0 (58)" />
        <deal Ticket="2083062497" OpenTime="2009-08-20 23:38:00" DealType="-1" Lots="0.10" Symbol="EURCAD" Open="1.5516" SL="1.5591" TP="1.5506" CloseTime="2009-08-20 23:58:00" Close="1.5510" Swap="0.00" Profit="5.52" Comment="0 (59)" />
        <deal Ticket="2083032621" OpenTime="2009-08-19 22:51:00" DealType="-1" Lots="0.10" Symbol="USDJPY" Open="94.01" SL="94.61" TP="93.95" CloseTime="2009-08-20 01:34:00" Close="94.10" Swap="0.00" Profit="-9.56" Comment="0 (60)" />
        <deal Ticket="2083034237" OpenTime="2009-08-20 00:01:00" DealType="1" Lots="0.10" Symbol="EURCAD" Open="1.5574" SL="1.5507" TP="1.5602" CloseTime="2009-08-20 00:25:00" Close="1.5584" Swap="0.00" Profit="9.13" Comment="1 (61)" />
        <deal Ticket="2083033852" OpenTime="2009-08-19 23:45:00" DealType="1" Lots="0.10" Symbol="EURCAD" Open="1.5582" SL="1.5507" TP="1.5602" CloseTime="2009-08-20 00:25:00" Close="1.5584" Swap="0.00" Profit="1.82" Comment="0 (62)" />
        <deal Ticket="2082996605" OpenTime="2009-08-18 23:14:00" DealType="-1" Lots="0.10" Symbol="USDJPY" Open="94.76" SL="95.36" TP="94.67" CloseTime="2009-08-18 23:33:00" Close="94.73" Swap="0.00" Profit="3.17" Comment="0 (63)" />
        <deal Ticket="2082996004" OpenTime="2009-08-18 22:29:00" DealType="1" Lots="0.10" Symbol="USDJPY" Open="94.62" SL="94.02" TP="94.69" CloseTime="2009-08-18 22:43:00" Close="94.67" Swap="0.00" Profit="5.28" Comment="0 (64)" />
        <deal Ticket="2082995753" OpenTime="2009-08-18 22:06:00" DealType="1" Lots="0.10" Symbol="USDJPY" Open="94.62" SL="94.02" TP="94.69" CloseTime="2009-08-18 22:16:00" Close="94.65" Swap="0.00" Profit="3.17" Comment="0 (65)" />
        <deal Ticket="2082964667" OpenTime="2009-08-17 23:25:00" DealType="-1" Lots="0.10" Symbol="USDJPY" Open="94.49" SL="95.09" TP="94.49" CloseTime="2009-08-18 00:31:00" Close="94.51" Swap="0.00" Profit="-2.12" Comment="0 (66)" />
        <deal Ticket="2082965042" OpenTime="2009-08-17 23:59:00" DealType="-1" Lots="0.10" Symbol="EURCAD" Open="1.5601" SL="1.5670" TP="1.5575" CloseTime="2009-08-18 00:24:00" Close="1.5596" Swap="0.00" Profit="4.51" Comment="1 (67)" />
        <deal Ticket="2082964952" OpenTime="2009-08-17 23:50:00" DealType="-1" Lots="0.10" Symbol="EURCAD" Open="1.5595" SL="1.5670" TP="1.5575" CloseTime="2009-08-18 00:24:00" Close="1.5596" Swap="0.00" Profit="-0.91" Comment="0 (68)" />
        <deal Ticket="2082964355" OpenTime="2009-08-17 22:55:00" DealType="-1" Lots="0.10" Symbol="USDJPY" Open="94.49" SL="95.09" TP="94.41" CloseTime="2009-08-17 23:01:00" Close="94.45" Swap="0.00" Profit="4.24" Comment="0 (69)" />
        <deal Ticket="2082964042" OpenTime="2009-08-17 22:02:00" DealType="-1" Lots="0.10" Symbol="USDJPY" Open="94.48" SL="95.08" TP="94.40" CloseTime="2009-08-17 22:22:00" Close="94.45" Swap="0.00" Profit="3.18" Comment="0 (70)" />
        <deal Ticket="2082909016" OpenTime="2009-08-13 23:55:00" DealType="1" Lots="0.10" Symbol="EURCAD" Open="1.5538" SL="1.5463" TP="1.5549" CloseTime="2009-08-14 00:56:00" Close="1.5529" Swap="0.00" Profit="-8.28" Comment="0 (71)" />
        <deal Ticket="2082909700" OpenTime="2009-08-14 00:11:00" DealType="1" Lots="0.10" Symbol="EURCAD" Open="1.5532" SL="1.5463" TP="1.5549" CloseTime="2009-08-14 00:55:00" Close="1.5529" Swap="0.00" Profit="-2.76" Comment="1 (72)" />
        <deal Ticket="2082908887" OpenTime="2009-08-13 23:46:00" DealType="-1" Lots="0.10" Symbol="USDJPY" Open="95.40" SL="96.00" TP="95.28" CloseTime="2009-08-14 00:54:00" Close="95.40" Swap="0.00" Profit="0.00" Comment="0 (73)" />
        <deal Ticket="2082908566" OpenTime="2009-08-13 23:13:00" DealType="-1" Lots="0.10" Symbol="USDJPY" Open="95.40" SL="96.00" TP="95.28" CloseTime="2009-08-13 23:33:00" Close="95.35" Swap="0.00" Profit="5.24" Comment="0 (74)" />
        <deal Ticket="2082907388" OpenTime="2009-08-13 22:00:00" DealType="1" Lots="0.10" Symbol="USDJPY" Open="95.12" SL="94.52" TP="95.27" CloseTime="2009-08-13 22:02:00" Close="95.18" Swap="0.00" Profit="6.30" Comment="0 (75)" />
        <deal Ticket="2082841869" OpenTime="2009-08-11 22:59:00" DealType="1" Lots="0.10" Symbol="USDJPY" Open="95.94" SL="95.34" TP="96.01" CloseTime="2009-08-11 23:51:00" Close="95.97" Swap="0.00" Profit="3.13" Comment="0 (76)" />
        <deal Ticket="2082841717" OpenTime="2009-08-11 22:32:00" DealType="1" Lots="0.10" Symbol="USDJPY" Open="95.93" SL="95.33" TP="96.00" CloseTime="2009-08-11 22:48:00" Close="95.94" Swap="0.00" Profit="1.04" Comment="0 (77)" />
        <deal Ticket="2082841291" OpenTime="2009-08-11 22:06:00" DealType="-1" Lots="0.10" Symbol="USDJPY" Open="96.08" SL="96.68" TP="95.97" CloseTime="2009-08-11 22:19:00" Close="96.04" Swap="0.00" Profit="4.16" Comment="0 (78)" />
        <deal Ticket="2082836500" OpenTime="2009-08-11 17:25:00" DealType="1" Lots="0.10" Symbol="EURUSD" Open="1.4128" SL="1.4133" TP="0.0000" CloseTime="2009-08-11 17:35:00" Close="1.4133" Swap="0.00" Profit="5.00" Comment="complete (79)" />
        <deal Ticket="2082830236" OpenTime="2009-08-11 13:21:00" DealType="-1" Lots="0.10" Symbol="EURJPY" Open="136.59" SL="137.02" TP="136.54" CloseTime="2009-08-11 15:56:00" Close="136.54" Swap="0.00" Profit="5.18" Comment="complete (80)" />
        <deal Ticket="2082831294" OpenTime="2009-08-11 14:18:00" DealType="-1" Lots="0.10" Symbol="EURCHF" Open="1.5310" SL="0.0000" TP="1.5303" CloseTime="2009-08-11 14:44:00" Close="1.5303" Swap="0.00" Profit="6.48" Comment="complete (81)" />
        <deal Ticket="2082829615" OpenTime="2009-08-11 13:00:00" DealType="-1" Lots="0.10" Symbol="GBPUSD" Open="1.6439" SL="1.6474" TP="1.6430" CloseTime="2009-08-11 13:47:00" Close="1.6471" Swap="0.00" Profit="-32.00" Comment=" (82)" />
        <deal Ticket="2082818181" OpenTime="2009-08-11 00:57:00" DealType="1" Lots="0.10" Symbol="USDJPY" Open="97.08" SL="96.48" TP="97.14" CloseTime="2009-08-11 01:03:00" Close="97.09" Swap="0.00" Profit="1.03" Comment="0 (83)" />
        <deal Ticket="2082817978" OpenTime="2009-08-11 00:43:00" DealType="1" Lots="0.10" Symbol="USDJPY" Open="97.08" SL="96.48" TP="97.14" CloseTime="2009-08-11 00:53:00" Close="97.14" Swap="0.00" Profit="6.18" Comment="0[complete] (84)" />
        <deal Ticket="2082815758" OpenTime="2009-08-10 23:46:00" DealType="-1" Lots="0.10" Symbol="USDJPY" Open="97.20" SL="97.80" TP="97.13" CloseTime="2009-08-10 23:59:00" Close="97.16" Swap="0.00" Profit="4.12" Comment="0 (85)" />
        <deal Ticket="2082815425" OpenTime="2009-08-10 23:14:00" DealType="-1" Lots="0.10" Symbol="USDJPY" Open="97.18" SL="97.78" TP="97.12" CloseTime="2009-08-10 23:44:00" Close="97.16" Swap="0.00" Profit="2.06" Comment="0 (86)" />
        <deal Ticket="2082806756" OpenTime="2009-08-10 16:45:00" DealType="-1" Lots="0.10" Symbol="EURUSD" Open="1.4159" SL="1.4184" TP="0.0000" CloseTime="2009-08-10 17:06:00" Close="1.4156" Swap="0.00" Profit="3.00" Comment=" (87)" />
        <deal Ticket="2082805046" OpenTime="2009-08-10 15:36:00" DealType="1" Lots="0.10" Symbol="USDCHF" Open="1.0826" SL="1.0800" TP="0.0000" CloseTime="2009-08-10 16:47:00" Close="1.0833" Swap="0.00" Profit="6.46" Comment=" (88)" />
        <deal Ticket="2082805942" OpenTime="2009-08-10 16:01:00" DealType="-1" Lots="0.10" Symbol="EURUSD" Open="1.4176" SL="1.4193" TP="0.0000" CloseTime="2009-08-10 16:36:00" Close="1.4169" Swap="0.00" Profit="7.00" Comment=" (89)" />
        <deal Ticket="2082804850" OpenTime="2009-08-10 15:31:00" DealType="-1" Lots="0.10" Symbol="EURUSD" Open="1.4183" SL="1.4178" TP="0.0000" CloseTime="2009-08-10 15:49:00" Close="1.4178" Swap="0.00" Profit="5.00" Comment="complete (90)" />
        <deal Ticket="2082804216" OpenTime="2009-08-10 14:45:00" DealType="-1" Lots="0.10" Symbol="GBPUSD" Open="1.6617" SL="1.6602" TP="0.0000" CloseTime="2009-08-10 15:41:00" Close="1.6594" Swap="0.00" Profit="23.00" Comment=" (91)" />
        <deal Ticket="2082803599" OpenTime="2009-08-10 14:01:00" DealType="-1" Lots="0.10" Symbol="GBPUSD" Open="1.6629" SL="1.6624" TP="0.0000" CloseTime="2009-08-10 14:41:00" Close="1.6624" Swap="0.00" Profit="5.00" Comment="complete (92)" />
        <deal Ticket="2082801841" OpenTime="2009-08-10 11:54:00" DealType="1" Lots="0.10" Symbol="GBPUSD" Open="1.6645" SL="1.6609" TP="0.0000" CloseTime="2009-08-10 14:01:00" Close="1.6628" Swap="0.00" Profit="-17.00" Comment=" (93)" />
        <deal Ticket="2082761367" OpenTime="2009-08-07 00:34:00" DealType="-1" Lots="0.10" Symbol="EURCAD" Open="1.5472" SL="1.5547" TP="1.5462" CloseTime="2009-08-07 00:51:00" Close="1.5464" Swap="0.00" Profit="7.42" Comment="0 (94)" />
        <deal Ticket="2082760613" OpenTime="2009-08-06 23:42:00" DealType="-1" Lots="0.10" Symbol="EURCAD" Open="1.5480" SL="1.5549" TP="1.5462" CloseTime="2009-08-06 23:56:00" Close="1.5471" Swap="0.00" Profit="8.35" Comment="1 (95)" />
        <deal Ticket="2082760588" OpenTime="2009-08-06 23:41:00" DealType="-1" Lots="0.10" Symbol="EURCAD" Open="1.5474" SL="1.5549" TP="1.5462" CloseTime="2009-08-06 23:55:00" Close="1.5473" Swap="0.00" Profit="0.93" Comment="0 (96)" />
        <deal Ticket="2082759194" OpenTime="2009-08-06 22:00:00" DealType="1" Lots="0.10" Symbol="USDJPY" Open="95.47" SL="94.87" TP="95.58" CloseTime="2009-08-06 23:55:00" Close="95.45" Swap="0.00" Profit="-2.10" Comment="0 (97)" />
        <deal Ticket="2082735446" OpenTime="2009-08-06 00:31:00" DealType="1" Lots="0.10" Symbol="USDJPY" Open="94.92" SL="94.32" TP="94.92" CloseTime="2009-08-06 01:21:00" Close="94.91" Swap="0.00" Profit="-1.05" Comment="0 (98)" />
        <deal Ticket="2082732012" OpenTime="2009-08-05 22:00:00" DealType="-1" Lots="0.10" Symbol="USDJPY" Open="94.95" SL="95.55" TP="94.94" CloseTime="2009-08-06 00:03:00" Close="94.94" Swap="0.00" Profit="1.05" Comment="0[complete] (99)" />
        <deal Ticket="2082708037" OpenTime="2009-08-05 00:17:00" DealType="1" Lots="0.10" Symbol="EURCAD" Open="1.5436" SL="1.5368" TP="1.5456" CloseTime="2009-08-05 00:29:00" Close="1.5447" Swap="0.00" Profit="10.25" Comment="1 (100)" />
        <deal Ticket="2082707946" OpenTime="2009-08-05 00:15:00" DealType="1" Lots="0.10" Symbol="EURCAD" Open="1.5443" SL="1.5368" TP="1.5456" CloseTime="2009-08-05 00:29:00" Close="1.5445" Swap="0.00" Profit="1.86" Comment="0 (101)" />
        <deal Ticket="2082706738" OpenTime="2009-08-04 23:23:00" DealType="1" Lots="0.10" Symbol="USDJPY" Open="95.22" SL="94.62" TP="95.29" CloseTime="2009-08-04 23:37:00" Close="95.26" Swap="0.00" Profit="4.20" Comment="0 (102)" />
        <deal Ticket="2082706039" OpenTime="2009-08-04 22:34:00" DealType="1" Lots="0.10" Symbol="USDJPY" Open="95.22" SL="94.62" TP="95.31" CloseTime="2009-08-04 22:54:00" Close="95.25" Swap="0.00" Profit="3.15" Comment="0 (103)" />
        <deal Ticket="2082705820" OpenTime="2009-08-04 22:16:00" DealType="1" Lots="0.10" Symbol="USDJPY" Open="95.22" SL="94.62" TP="95.31" CloseTime="2009-08-04 22:33:00" Close="95.25" Swap="0.00" Profit="3.15" Comment="0 (104)" />
        <deal Ticket="2082694869" OpenTime="2009-08-04 12:38:00" DealType="1" Lots="0.10" Symbol="EURCHF" Open="1.5315" SL="1.5271" TP="0.0000" CloseTime="2009-08-04 17:04:00" Close="1.5271" Swap="0.00" Profit="-41.54" Comment="complete (105)" />
        <deal Ticket="2082694505" OpenTime="2009-08-04 12:16:00" DealType="-1" Lots="0.10" Symbol="USDJPY" Open="94.67" SL="94.85" TP="0.00" CloseTime="2009-08-04 17:00:00" Close="94.86" Swap="0.00" Profit="-20.03" Comment="complete (106)" />
        <deal Ticket="2082694027" OpenTime="2009-08-04 12:00:00" DealType="-1" Lots="0.10" Symbol="USDJPY" Open="94.57" SL="94.85" TP="0.00" CloseTime="2009-08-04 17:00:00" Close="94.86" Swap="0.00" Profit="-30.57" Comment="complete (107)" />
        <deal Ticket="2082692015" OpenTime="2009-08-04 11:00:00" DealType="-1" Lots="0.10" Symbol="USDJPY" Open="94.96" SL="94.91" TP="0.00" CloseTime="2009-08-04 11:20:00" Close="94.86" Swap="0.00" Profit="10.54" Comment=" (108)" />
        <deal Ticket="2082689651" OpenTime="2009-08-04 09:31:00" DealType="1" Lots="0.10" Symbol="GBPUSD" Open="1.6976" SL="1.6977" TP="0.0000" CloseTime="2009-08-04 10:01:00" Close="1.6977" Swap="0.00" Profit="1.00" Comment="complete (109)" />
        <deal Ticket="2082680444" OpenTime="2009-08-04 00:43:00" DealType="1" Lots="0.10" Symbol="USDJPY" Open="95.25" SL="94.65" TP="95.33" CloseTime="2009-08-04 00:59:00" Close="95.27" Swap="0.00" Profit="2.10" Comment="0 (110)" />
        <deal Ticket="2082678750" OpenTime="2009-08-03 23:38:00" DealType="1" Lots="0.10" Symbol="USDJPY" Open="95.26" SL="94.66" TP="95.33" CloseTime="2009-08-04 00:17:00" Close="95.29" Swap="0.00" Profit="3.15" Comment="0 (111)" />
        <deal Ticket="2082677981" OpenTime="2009-08-03 22:27:00" DealType="-1" Lots="0.10" Symbol="USDJPY" Open="95.40" SL="96.00" TP="95.33" CloseTime="2009-08-03 22:48:00" Close="95.38" Swap="0.00" Profit="2.10" Comment="0 (112)" />
        <deal Ticket="2082666210" OpenTime="2009-08-03 15:05:00" DealType="1" Lots="0.10" Symbol="EURUSD" Open="1.4310" SL="1.4290" TP="1.4315" CloseTime="2009-08-03 15:25:00" Close="1.4315" Swap="0.00" Profit="5.00" Comment="complete (113)" />
        <deal Ticket="2082663456" OpenTime="2009-08-03 12:30:00" DealType="-1" Lots="0.10" Symbol="USDCHF" Open="1.0674" SL="1.0701" TP="1.0666" CloseTime="2009-08-03 13:38:00" Close="1.0666" Swap="0.00" Profit="7.50" Comment="complete (114)" />
        <deal Ticket="2082662753" OpenTime="2009-08-03 12:18:00" DealType="-1" Lots="0.10" Symbol="USDCHF" Open="1.0673" SL="0.0000" TP="1.0665" CloseTime="2009-08-03 12:22:00" Close="1.0665" Swap="0.00" Profit="7.50" Comment="complete (115)" />
        <deal Ticket="2082662297" OpenTime="2009-08-03 12:00:00" DealType="1" Lots="0.10" Symbol="GBPUSD" Open="1.6841" SL="0.0000" TP="1.6846" CloseTime="2009-08-03 12:16:00" Close="1.6846" Swap="0.00" Profit="5.00" Comment="complete (116)" />
        <deal Ticket="2082662280" OpenTime="2009-08-03 12:00:00" DealType="1" Lots="0.10" Symbol="EURJPY" Open="135.42" SL="0.00" TP="135.47" CloseTime="2009-08-03 12:03:00" Close="135.47" Swap="0.00" Profit="5.26" Comment="complete (117)" />
        <deal Ticket="2082659293" OpenTime="2009-08-03 11:08:00" DealType="1" Lots="0.10" Symbol="GBPUSD" Open="1.6790" SL="1.6752" TP="1.6796" CloseTime="2009-08-03 11:28:00" Close="1.6796" Swap="0.00" Profit="6.00" Comment="complete (118)" />
        <deal Ticket="2082656040" OpenTime="2009-08-03 09:34:00" DealType="-1" Lots="0.10" Symbol="EURCHF" Open="1.5236" SL="1.5249" TP="1.5227" CloseTime="2009-08-03 10:00:00" Close="1.5249" Swap="0.00" Profit="-12.12" Comment="complete (119)" />
        <deal Ticket="2082631316" OpenTime="2009-07-31 17:12:00" DealType="-1" Lots="0.10" Symbol="AUDUSD" Open="0.8280" SL="0.8304" TP="0.8246" CloseTime="2009-07-31 17:56:00" Close="0.8304" Swap="0.00" Profit="-24.00" Comment="complete (120)" />
        <deal Ticket="2082630989" OpenTime="2009-07-31 17:03:00" DealType="-1" Lots="0.10" Symbol="AUDUSD" Open="0.8263" SL="0.8304" TP="0.8246" CloseTime="2009-07-31 17:56:00" Close="0.8304" Swap="0.00" Profit="-41.00" Comment="complete (121)" />
        <deal Ticket="2082630928" OpenTime="2009-07-31 17:02:00" DealType="-1" Lots="0.10" Symbol="AUDUSD" Open="0.8254" SL="0.8304" TP="0.8246" CloseTime="2009-07-31 17:56:00" Close="0.8304" Swap="0.00" Profit="-50.00" Comment="complete (122)" />
        <deal Ticket="2082630961" OpenTime="2009-07-31 17:03:00" DealType="-1" Lots="0.10" Symbol="USDJPY" Open="95.36" SL="0.00" TP="95.28" CloseTime="2009-07-31 17:20:00" Close="95.28" Swap="0.00" Profit="8.40" Comment="complete (123)" />
        <deal Ticket="2082630849" OpenTime="2009-07-31 17:00:00" DealType="-1" Lots="0.10" Symbol="USDCHF" Open="1.0830" SL="0.0000" TP="1.0822" CloseTime="2009-07-31 17:11:00" Close="1.0822" Swap="0.00" Profit="7.39" Comment="complete (124)" />
        <deal Ticket="2082630204" OpenTime="2009-07-31 16:37:00" DealType="1" Lots="0.10" Symbol="EURUSD" Open="1.4143" SL="0.0000" TP="1.4148" CloseTime="2009-07-31 16:42:00" Close="1.4148" Swap="0.00" Profit="5.00" Comment="complete (125)" />
        <deal Ticket="2082629805" OpenTime="2009-07-31 16:29:00" DealType="-1" Lots="0.10" Symbol="USDCHF" Open="1.0835" SL="0.0000" TP="1.0830" CloseTime="2009-07-31 16:33:00" Close="1.0830" Swap="0.00" Profit="4.62" Comment="complete (126)" />
        <deal Ticket="2082628996" OpenTime="2009-07-31 16:07:00" DealType="-1" Lots="0.10" Symbol="USDJPY" Open="95.31" SL="0.00" TP="95.25" CloseTime="2009-07-31 16:23:00" Close="95.25" Swap="0.00" Profit="6.30" Comment="complete (127)" />
        <deal Ticket="2082628733" OpenTime="2009-07-31 16:02:00" DealType="-1" Lots="0.10" Symbol="AUDUSD" Open="0.8251" SL="0.0000" TP="0.8243" CloseTime="2009-07-31 16:07:00" Close="0.8245" Swap="0.00" Profit="6.00" Comment=" (128)" />
        <deal Ticket="2082626476" OpenTime="2009-07-31 15:00:00" DealType="-1" Lots="0.10" Symbol="USDCHF" Open="1.0839" SL="0.0000" TP="1.0831" CloseTime="2009-07-31 15:30:00" Close="1.0831" Swap="0.00" Profit="7.39" Comment="complete (129)" />
        <deal Ticket="2082626495" OpenTime="2009-07-31 15:01:00" DealType="1" Lots="0.10" Symbol="USDJPY" Open="95.74" SL="0.00" TP="95.79" CloseTime="2009-07-31 15:18:00" Close="95.79" Swap="0.00" Profit="5.22" Comment="complete (130)" />
        <deal Ticket="2082626484" OpenTime="2009-07-31 15:00:00" DealType="1" Lots="0.10" Symbol="EURUSD" Open="1.4133" SL="0.0000" TP="1.4138" CloseTime="2009-07-31 15:11:00" Close="1.4138" Swap="0.00" Profit="5.00" Comment="complete (131)" />
        <deal Ticket="2082625170" OpenTime="2009-07-31 13:37:00" DealType="1" Lots="0.10" Symbol="USDJPY" Open="95.61" SL="95.43" TP="95.75" CloseTime="2009-07-31 14:12:00" Close="95.70" Swap="0.00" Profit="9.40" Comment=" (132)" />
        <deal Ticket="2082624891" OpenTime="2009-07-31 13:02:00" DealType="1" Lots="0.10" Symbol="USDJPY" Open="95.70" SL="95.43" TP="95.75" CloseTime="2009-07-31 14:12:00" Close="95.70" Swap="0.00" Profit="0.00" Comment=" (133)" />
        <deal Ticket="2082625473" OpenTime="2009-07-31 14:01:00" DealType="-1" Lots="0.10" Symbol="USDCHF" Open="1.0842" SL="0.0000" TP="1.0835" CloseTime="2009-07-31 14:09:00" Close="1.0835" Swap="0.00" Profit="6.46" Comment="complete (134)" />
        <deal Ticket="2082625464" OpenTime="2009-07-31 14:00:00" DealType="1" Lots="0.10" Symbol="EURUSD" Open="1.4133" SL="0.0000" TP="0.0000" CloseTime="2009-07-31 14:01:00" Close="1.4138" Swap="0.00" Profit="5.00" Comment=" (135)" />
        <deal Ticket="2082624884" OpenTime="2009-07-31 13:01:00" DealType="1" Lots="0.10" Symbol="EURJPY" Open="134.99" SL="0.00" TP="135.04" CloseTime="2009-07-31 13:15:00" Close="135.04" Swap="0.00" Profit="5.22" Comment="complete (136)" />
        <deal Ticket="2082624880" OpenTime="2009-07-31 13:00:00" DealType="1" Lots="0.10" Symbol="EURJPY" Open="134.98" SL="0.00" TP="135.03" CloseTime="2009-07-31 13:13:00" Close="135.03" Swap="0.00" Profit="5.22" Comment="complete (137)" />
        <deal Ticket="2082624439" OpenTime="2009-07-31 12:23:00" DealType="1" Lots="0.10" Symbol="EURJPY" Open="134.81" SL="0.00" TP="134.93" CloseTime="2009-07-31 12:43:00" Close="134.93" Swap="0.00" Profit="12.55" Comment="complete (138)" />
        <deal Ticket="2082623535" OpenTime="2009-07-31 11:17:00" DealType="1" Lots="0.10" Symbol="EURJPY" Open="134.88" SL="134.50" TP="134.93" CloseTime="2009-07-31 12:43:00" Close="134.93" Swap="0.00" Profit="5.23" Comment="complete (139)" />
        <deal Ticket="2082623202" OpenTime="2009-07-31 11:00:00" DealType="1" Lots="0.10" Symbol="GBPUSD" Open="1.6558" SL="1.6520" TP="1.6563" CloseTime="2009-07-31 12:18:00" Close="1.6558" Swap="0.00" Profit="0.00" Comment=" (140)" />
        <deal Ticket="2082623298" OpenTime="2009-07-31 11:06:00" DealType="1" Lots="0.10" Symbol="GBPUSD" Open="1.6549" SL="1.6520" TP="1.6563" CloseTime="2009-07-31 12:16:00" Close="1.6556" Swap="0.00" Profit="7.00" Comment=" (141)" />
        <deal Ticket="2082623200" OpenTime="2009-07-31 11:00:00" DealType="1" Lots="0.10" Symbol="USDJPY" Open="95.63" SL="0.00" TP="95.68" CloseTime="2009-07-31 11:15:00" Close="95.68" Swap="0.00" Profit="5.23" Comment="complete (142)" />
        <deal Ticket="2082621193" OpenTime="2009-07-31 09:15:00" DealType="1" Lots="0.10" Symbol="AUDUSD" Open="0.8298" SL="0.0000" TP="0.8303" CloseTime="2009-07-31 09:17:00" Close="0.8303" Swap="0.00" Profit="5.00" Comment="complete (143)" />
        <deal Ticket="2082620997" OpenTime="2009-07-31 09:09:00" DealType="1" Lots="0.10" Symbol="GBPUSD" Open="1.6543" SL="0.0000" TP="1.6554" CloseTime="2009-07-31 09:13:00" Close="1.6554" Swap="0.00" Profit="11.00" Comment="complete (144)" />
        <deal Ticket="2082620890" OpenTime="2009-07-31 09:02:00" DealType="1" Lots="0.10" Symbol="GBPUSD" Open="1.6549" SL="0.0000" TP="1.6554" CloseTime="2009-07-31 09:13:00" Close="1.6554" Swap="0.00" Profit="5.00" Comment="complete (145)" />
        <deal Ticket="2082611931" OpenTime="2009-07-31 00:11:00" DealType="1" Lots="0.10" Symbol="USDJPY" Open="95.48" SL="94.88" TP="95.55" CloseTime="2009-07-31 00:18:00" Close="95.53" Swap="0.00" Profit="5.23" Comment="0 (146)" />
        <deal Ticket="2082610397" OpenTime="2009-07-30 22:31:00" DealType="1" Lots="0.10" Symbol="USDJPY" Open="95.58" SL="94.98" TP="95.59" CloseTime="2009-07-30 23:47:00" Close="95.59" Swap="0.00" Profit="1.05" Comment="0[complete] (147)" />
        <deal Ticket="2082602920" OpenTime="2009-07-30 16:01:00" DealType="1" Lots="0.10" Symbol="EURCHF" Open="1.5318" SL="1.5295" TP="1.5323" CloseTime="2009-07-30 16:36:00" Close="1.5323" Swap="0.00" Profit="4.59" Comment="complete (148)" />
        <deal Ticket="2082601458" OpenTime="2009-07-30 15:17:00" DealType="1" Lots="0.10" Symbol="USDCHF" Open="1.0891" SL="1.0864" TP="1.0903" CloseTime="2009-07-30 16:30:00" Close="1.0903" Swap="0.00" Profit="11.01" Comment="complete (149)" />
        <deal Ticket="2082601329" OpenTime="2009-07-30 15:12:00" DealType="1" Lots="0.10" Symbol="USDCHF" Open="1.0898" SL="1.0864" TP="1.0903" CloseTime="2009-07-30 16:30:00" Close="1.0903" Swap="0.00" Profit="4.59" Comment="complete (150)" />
        <deal Ticket="2082601159" OpenTime="2009-07-30 15:04:00" DealType="1" Lots="0.10" Symbol="USDJPY" Open="95.23" SL="0.00" TP="95.28" CloseTime="2009-07-30 15:12:00" Close="95.28" Swap="0.00" Profit="5.25" Comment="complete (151)" />
        <deal Ticket="2082599127" OpenTime="2009-07-30 13:03:00" DealType="1" Lots="0.10" Symbol="EURCHF" Open="1.5307" SL="1.5292" TP="1.5312" CloseTime="2009-07-30 15:12:00" Close="1.5312" Swap="0.00" Profit="4.59" Comment="complete (152)" />
        <deal Ticket="2082598505" OpenTime="2009-07-30 12:38:00" DealType="1" Lots="0.10" Symbol="GBPUSD" Open="1.6496" SL="0.0000" TP="1.6501" CloseTime="2009-07-30 12:45:00" Close="1.6496" Swap="0.00" Profit="0.00" Comment=" (153)" />
        <deal Ticket="2082597723" OpenTime="2009-07-30 12:00:00" DealType="1" Lots="0.10" Symbol="EURCHF" Open="1.5295" SL="1.5276" TP="1.5300" CloseTime="2009-07-30 12:32:00" Close="1.5300" Swap="0.00" Profit="4.60" Comment="complete (154)" />
        <deal Ticket="2082598137" OpenTime="2009-07-30 12:19:00" DealType="1" Lots="0.10" Symbol="GBPUSD" Open="1.6499" SL="0.0000" TP="0.0000" CloseTime="2009-07-30 12:19:00" Close="1.6504" Swap="0.00" Profit="5.00" Comment=" (155)" />
        <deal Ticket="2082596673" OpenTime="2009-07-30 10:59:00" DealType="1" Lots="0.10" Symbol="USDCHF" Open="1.0878" SL="1.0854" TP="1.0886" CloseTime="2009-07-30 11:30:00" Close="1.0884" Swap="0.00" Profit="5.51" Comment=" (156)" />
        <deal Ticket="2082581763" OpenTime="2009-07-29 23:11:00" DealType="-1" Lots="0.10" Symbol="USDJPY" Open="95.08" SL="95.68" TP="94.98" CloseTime="2009-07-29 23:54:00" Close="95.05" Swap="0.00" Profit="3.16" Comment="0 (157)" />
        <deal Ticket="2082511894" OpenTime="2009-07-27 23:00:00" DealType="1" Lots="0.10" Symbol="USDJPY" Open="95.17" SL="94.57" TP="95.23" CloseTime="2009-07-27 23:23:00" Close="95.20" Swap="0.00" Profit="3.15" Comment="0 (158)" />
        <deal Ticket="2082463909" OpenTime="2009-07-24 02:48:00" DealType="-1" Lots="0.10" Symbol="EURCAD" Open="1.5425" SL="1.5505" TP="1.5395" CloseTime="2009-07-24 08:36:00" Close="1.5474" Swap="0.00" Profit="-44.87" Comment=" (159)" />
        <deal Ticket="2082459551" OpenTime="2009-07-24 00:19:00" DealType="-1" Lots="0.10" Symbol="EURCAD" Open="1.5426" SL="1.5506" TP="1.5396" CloseTime="2009-07-24 00:53:00" Close="1.5426" Swap="0.00" Profit="0.00" Comment=" (160)" />
        <deal Ticket="2082458049" OpenTime="2009-07-23 23:43:00" DealType="-1" Lots="0.10" Symbol="EURCAD" Open="1.5430" SL="1.5510" TP="1.5400" CloseTime="2009-07-23 23:52:00" Close="1.5422" Swap="0.00" Profit="7.34" Comment=" (161)" />
        <deal Ticket="2082400193" OpenTime="2009-07-22 03:53:00" DealType="-1" Lots="0.10" Symbol="EURCAD" Open="1.5708" SL="1.5788" TP="1.5678" CloseTime="2009-07-22 04:08:00" Close="1.5704" Swap="0.00" Profit="3.61" Comment=" (162)" />
        <deal Ticket="2082395624" OpenTime="2009-07-22 00:37:00" DealType="-1" Lots="0.10" Symbol="EURCAD" Open="1.5700" SL="1.5780" TP="1.5700" CloseTime="2009-07-22 03:04:00" Close="1.5704" Swap="0.00" Profit="-3.62" Comment=" (163)" />
        <deal Ticket="2082394263" OpenTime="2009-07-21 23:56:00" DealType="-1" Lots="0.10" Symbol="EURCAD" Open="1.5714" SL="1.5794" TP="1.5684" CloseTime="2009-07-21 23:59:00" Close="1.5705" Swap="0.00" Profit="8.16" Comment=" (164)" />
        <deal Ticket="2082367355" OpenTime="2009-07-21 03:47:00" DealType="-1" Lots="0.10" Symbol="EURCAD" Open="1.5748" SL="1.5828" TP="1.5718" CloseTime="2009-07-21 04:18:00" Close="1.5744" Swap="0.00" Profit="3.61" Comment=" (165)" />
        <deal Ticket="2082303478" OpenTime="2009-07-16 23:38:00" DealType="-1" Lots="0.10" Symbol="EURCAD" Open="1.5814" SL="1.5894" TP="1.5784" CloseTime="2009-07-17 00:24:00" Close="1.5809" Swap="0.00" Profit="4.48" Comment=" (166)" />
        <deal Ticket="2082281710" OpenTime="2009-07-16 06:45:00" DealType="-1" Lots="0.10" Symbol="EURCAD" Open="1.5764" SL="1.5844" TP="1.5734" CloseTime="2009-07-16 08:06:00" Close="1.5768" Swap="0.00" Profit="-3.57" Comment=" (167)" />
        <deal Ticket="2082276446" OpenTime="2009-07-16 01:18:00" DealType="-1" Lots="0.10" Symbol="EURCAD" Open="1.5722" SL="1.5802" TP="1.5692" CloseTime="2009-07-16 06:18:00" Close="1.5752" Swap="0.00" Profit="-26.79" Comment=" (168)" />
        <deal Ticket="2082271415" OpenTime="2009-07-16 00:29:00" DealType="-1" Lots="0.10" Symbol="EURCAD" Open="1.5712" SL="1.5792" TP="1.5682" CloseTime="2009-07-16 00:42:00" Close="1.5704" Swap="0.00" Profit="7.18" Comment=" (169)" />
        <deal Ticket="2082242945" OpenTime="2009-07-15 02:38:00" DealType="-1" Lots="0.10" Symbol="EURCAD" Open="1.5840" SL="1.5920" TP="1.5810" CloseTime="2009-07-15 07:39:00" Close="1.5864" Swap="0.00" Profit="-21.15" Comment=" (170)" />
        <deal Ticket="2082241674" OpenTime="2009-07-15 00:56:00" DealType="-1" Lots="0.10" Symbol="EURCAD" Open="1.5838" SL="1.5918" TP="1.5808" CloseTime="2009-07-15 02:01:00" Close="1.5837" Swap="0.00" Profit="0.88" Comment=" (171)" />
        <deal Ticket="2082206919" OpenTime="2009-07-14 02:59:00" DealType="-1" Lots="0.10" Symbol="EURCAD" Open="1.6108" SL="1.6188" TP="1.6078" CloseTime="2009-07-14 03:46:00" Close="1.6107" Swap="0.00" Profit="0.87" Comment=" (172)" />
        <deal Ticket="2082135095" OpenTime="2009-07-10 01:58:00" DealType="-1" Lots="0.10" Symbol="EURCAD" Open="1.6294" SL="1.6374" TP="1.6264" CloseTime="2009-07-10 02:07:00" Close="1.6286" Swap="0.00" Profit="6.89" Comment=" (173)" />
        <deal Ticket="2082097529" OpenTime="2009-07-09 02:31:00" DealType="1" Lots="0.10" Symbol="EURCAD" Open="1.6184" SL="1.6104" TP="1.6214" CloseTime="2009-07-09 07:31:00" Close="1.6160" Swap="0.00" Profit="-20.64" Comment=" (174)" />
        <deal Ticket="2082095709" OpenTime="2009-07-09 00:54:00" DealType="1" Lots="0.10" Symbol="EURCAD" Open="1.6194" SL="1.6114" TP="1.6224" CloseTime="2009-07-09 01:23:00" Close="1.6194" Swap="0.00" Profit="0.00" Comment=" (175)" />
        <deal Ticket="2082058026" OpenTime="2009-07-08 06:08:00" DealType="1" Lots="0.10" Symbol="EURCAD" Open="1.6188" SL="1.6108" TP="1.6189" CloseTime="2009-07-08 06:56:00" Close="1.6182" Swap="0.00" Profit="-5.15" Comment=" (176)" />
        <deal Ticket="2082055914" OpenTime="2009-07-08 03:49:00" DealType="1" Lots="0.10" Symbol="EURCAD" Open="1.6207" SL="1.6127" TP="1.6237" CloseTime="2009-07-08 05:12:00" Close="1.6201" Swap="0.00" Profit="-5.14" Comment=" (177)" />
        <deal Ticket="2082010989" OpenTime="2009-07-07 00:06:00" DealType="-1" Lots="0.10" Symbol="EURCAD" Open="1.6218" SL="1.6298" TP="1.6188" CloseTime="2009-07-07 00:28:00" Close="1.6210" Swap="0.00" Profit="6.90" Comment=" (178)" />
        <deal Ticket="2081961480" OpenTime="2009-07-03 07:36:00" DealType="-1" Lots="0.10" Symbol="EURCAD" Open="1.6234" SL="1.6314" TP="1.6204" CloseTime="2009-07-03 07:51:00" Close="1.6226" Swap="0.00" Profit="6.89" Comment=" (179)" />
        <deal Ticket="2081960361" OpenTime="2009-07-03 05:29:00" DealType="-1" Lots="0.10" Symbol="EURCAD" Open="1.6225" SL="1.6305" TP="1.6195" CloseTime="2009-07-03 06:13:00" Close="1.6225" Swap="0.00" Profit="0.00" Comment=" (180)" />
        <deal Ticket="2081959915" OpenTime="2009-07-03 04:57:00" DealType="1" Lots="0.10" Symbol="EURCAD" Open="1.6227" SL="1.6147" TP="1.6257" CloseTime="2009-07-03 05:25:00" Close="1.6222" Swap="0.00" Profit="-4.32" Comment=" (181)" />
        <deal Ticket="2081950400" OpenTime="2009-07-03 00:24:00" DealType="1" Lots="0.10" Symbol="EURCAD" Open="1.6255" SL="1.6175" TP="1.6285" CloseTime="2009-07-03 01:57:00" Close="1.6238" Swap="0.00" Profit="-14.61" Comment=" (182)" />
        <deal Ticket="2081949368" OpenTime="2009-07-02 23:57:00" DealType="-1" Lots="0.10" Symbol="EURCAD" Open="1.6273" SL="1.6353" TP="1.6243" CloseTime="2009-07-03 00:18:00" Close="1.6264" Swap="0.00" Profit="7.75" Comment=" (183)" />
        <deal Ticket="2081920131" OpenTime="2009-07-02 04:50:00" DealType="-1" Lots="0.10" Symbol="EURCAD" Open="1.6239" SL="1.6319" TP="1.6209" CloseTime="2009-07-02 05:00:00" Close="1.6231" Swap="0.00" Profit="6.96" Comment=" (184)" />
        <deal Ticket="2081912289" OpenTime="2009-07-02 00:38:00" DealType="1" Lots="0.10" Symbol="EURCAD" Open="1.6251" SL="1.6171" TP="1.6281" CloseTime="2009-07-02 00:52:00" Close="1.6257" Swap="0.00" Profit="5.22" Comment=" (185)" />
        <deal Ticket="2081912030" OpenTime="2009-07-02 00:08:00" DealType="-1" Lots="0.10" Symbol="EURCAD" Open="1.6262" SL="1.6342" TP="1.6232" CloseTime="2009-07-02 00:36:00" Close="1.6256" Swap="0.00" Profit="5.22" Comment=" (186)" />
        <deal Ticket="2081911480" OpenTime="2009-07-01 23:42:00" DealType="1" Lots="0.10" Symbol="EURCAD" Open="1.6254" SL="1.6174" TP="1.6284" CloseTime="2009-07-02 00:06:00" Close="1.6259" Swap="0.00" Profit="4.35" Comment=" (187)" />
        <deal Ticket="2081885894" OpenTime="2009-07-01 06:23:00" DealType="-1" Lots="0.10" Symbol="EURCAD" Open="1.6307" SL="1.6387" TP="1.6277" CloseTime="2009-07-01 07:53:00" Close="1.6308" Swap="0.00" Profit="-0.86" Comment=" (188)" />
        <deal Ticket="2081884720" OpenTime="2009-07-01 04:46:00" DealType="-1" Lots="0.10" Symbol="EURCAD" Open="1.6319" SL="1.6399" TP="1.6289" CloseTime="2009-07-01 04:54:00" Close="1.6311" Swap="0.00" Profit="6.88" Comment=" (189)" />
        <deal Ticket="2081884308" OpenTime="2009-07-01 04:35:00" DealType="-1" Lots="0.10" Symbol="EURCAD" Open="1.6318" SL="1.6398" TP="1.6288" CloseTime="2009-07-01 04:39:00" Close="1.6312" Swap="0.00" Profit="5.15" Comment=" (190)" />
        <deal Ticket="2081882658" OpenTime="2009-07-01 03:58:00" DealType="-1" Lots="0.10" Symbol="EURCAD" Open="1.6319" SL="1.6399" TP="1.6289" CloseTime="2009-07-01 04:03:00" Close="1.6315" Swap="0.00" Profit="3.43" Comment=" (191)" />
        <deal Ticket="2081876411" OpenTime="2009-07-01 00:03:00" DealType="-1" Lots="0.10" Symbol="EURCAD" Open="1.6317" SL="1.6397" TP="1.6287" CloseTime="2009-07-01 00:59:00" Close="1.6319" Swap="0.00" Profit="-1.72" Comment=" (192)" />
        <deal Ticket="2081849177" OpenTime="2009-06-30 05:47:00" DealType="-1" Lots="0.10" Symbol="EURCAD" Open="1.6317" SL="1.6397" TP="1.6287" CloseTime="2009-06-30 06:07:00" Close="1.6309" Swap="0.00" Profit="6.93" Comment=" (193)" />
        <deal Ticket="2081846059" OpenTime="2009-06-30 03:10:00" DealType="-1" Lots="0.10" Symbol="EURCAD" Open="1.6308" SL="1.6388" TP="1.6278" CloseTime="2009-06-30 05:17:00" Close="1.6312" Swap="0.00" Profit="-3.46" Comment=" (194)" />
        <deal Ticket="2081784344" OpenTime="2009-06-26 07:49:00" DealType="-1" Lots="0.10" Symbol="EURCAD" Open="1.6183" SL="1.6263" TP="1.6153" CloseTime="2009-06-26 08:20:00" Close="1.6183" Swap="0.00" Profit="0.00" Comment=" (195)" />
        <deal Ticket="2081783069" OpenTime="2009-06-26 05:36:00" DealType="-1" Lots="0.10" Symbol="EURCAD" Open="1.6184" SL="1.6264" TP="1.6154" CloseTime="2009-06-26 06:39:00" Close="1.6182" Swap="0.00" Profit="1.74" Comment=" (196)" />
        <deal Ticket="2081779587" OpenTime="2009-06-26 02:51:00" DealType="-1" Lots="0.10" Symbol="EURCAD" Open="1.6174" SL="1.6254" TP="1.6144" CloseTime="2009-06-26 04:28:00" Close="1.6179" Swap="0.00" Profit="-4.33" Comment=" (197)" />
        <deal Ticket="2081778793" OpenTime="2009-06-26 02:22:00" DealType="-1" Lots="0.10" Symbol="EURCAD" Open="1.6175" SL="1.6255" TP="1.6145" CloseTime="2009-06-26 02:33:00" Close="1.6168" Swap="0.00" Profit="6.06" Comment=" (198)" />
        <deal Ticket="2081773484" OpenTime="2009-06-26 00:32:00" DealType="-1" Lots="0.10" Symbol="EURCAD" Open="1.6163" SL="1.6243" TP="1.6133" CloseTime="2009-06-26 01:52:00" Close="1.6161" Swap="0.00" Profit="1.73" Comment=" (199)" />
        <deal Ticket="2081772673" OpenTime="2009-06-25 23:33:00" DealType="1" Lots="0.10" Symbol="EURCAD" Open="1.6165" SL="1.6085" TP="1.6195" CloseTime="2009-06-26 00:31:00" Close="1.6161" Swap="0.00" Profit="-3.46" Comment=" (200)" />
        <deal Ticket="2081755653" OpenTime="2009-06-25 13:01:00" DealType="1" Lots="0.10" Symbol="GBPUSD" Open="1.6316" SL="0.0000" TP="0.0000" CloseTime="2009-06-25 13:43:00" Close="1.6279" Swap="0.00" Profit="-37.00" Comment=" (201)" />
        <deal Ticket="2081746829" OpenTime="2009-06-25 06:39:00" DealType="-1" Lots="0.10" Symbol="EURCAD" Open="1.6121" SL="1.6201" TP="1.6091" CloseTime="2009-06-25 07:13:00" Close="1.6117" Swap="0.00" Profit="3.46" Comment=" (202)" />
        <deal Ticket="2081746195" OpenTime="2009-06-25 05:54:00" DealType="-1" Lots="0.10" Symbol="EURCAD" Open="1.6118" SL="1.6198" TP="1.6088" CloseTime="2009-06-25 06:24:00" Close="1.6114" Swap="0.00" Profit="3.46" Comment=" (203)" />
        <deal Ticket="2081743306" OpenTime="2009-06-25 03:27:00" DealType="-1" Lots="0.10" Symbol="EURCAD" Open="1.6112" SL="1.6192" TP="1.6082" CloseTime="2009-06-25 04:43:00" Close="1.6112" Swap="0.00" Profit="0.00" Comment=" (204)" />
        <deal Ticket="2081705318" OpenTime="2009-06-24 07:34:00" DealType="-1" Lots="0.10" Symbol="EURCAD" Open="1.6169" SL="1.6249" TP="1.6139" CloseTime="2009-06-24 07:56:00" Close="1.6170" Swap="0.00" Profit="-0.88" Comment=" (205)" />
        <deal Ticket="2081702912" OpenTime="2009-06-24 04:28:00" DealType="-1" Lots="0.10" Symbol="EURCAD" Open="1.6173" SL="1.6253" TP="1.6143" CloseTime="2009-06-24 06:06:00" Close="1.6174" Swap="0.00" Profit="-0.87" Comment=" (206)" />
        <deal Ticket="2081701713" OpenTime="2009-06-24 03:14:00" DealType="1" Lots="0.10" Symbol="EURCAD" Open="1.6178" SL="1.6095" TP="1.6205" CloseTime="2009-06-24 04:28:00" Close="1.6172" Swap="0.00" Profit="-5.22" Comment=" (207)" />
        <deal Ticket="2081700139" OpenTime="2009-06-24 01:59:00" DealType="-1" Lots="0.10" Symbol="EURCAD" Open="1.6196" SL="1.6276" TP="1.6166" CloseTime="2009-06-24 02:26:00" Close="1.6189" Swap="0.00" Profit="6.09" Comment=" (208)" />
        <deal Ticket="2081698842" OpenTime="2009-06-24 00:36:00" DealType="1" Lots="0.10" Symbol="EURCAD" Open="1.6185" SL="1.6102" TP="1.6212" CloseTime="2009-06-24 00:39:00" Close="1.6194" Swap="0.00" Profit="7.82" Comment=" (209)" />
        <deal Ticket="2081661290" OpenTime="2009-06-23 06:47:00" DealType="-1" Lots="0.10" Symbol="EURCAD" Open="1.5998" SL="1.6078" TP="1.5968" CloseTime="2009-06-23 07:15:00" Close="1.5993" Swap="0.00" Profit="4.33" Comment=" (210)" />
        <deal Ticket="2081655498" OpenTime="2009-06-23 02:51:00" DealType="-1" Lots="0.10" Symbol="EURCAD" Open="1.5991" SL="1.6071" TP="1.5961" CloseTime="2009-06-23 03:27:00" Close="1.5987" Swap="0.00" Profit="3.46" Comment=" (211)" />
        <deal Ticket="2081648780" OpenTime="2009-06-22 23:33:00" DealType="-1" Lots="0.10" Symbol="EURCAD" Open="1.5994" SL="1.6074" TP="1.5964" CloseTime="2009-06-23 00:27:00" Close="1.5992" Swap="0.00" Profit="1.74" Comment=" (212)" />
        <deal Ticket="2081546778" OpenTime="2009-06-18 02:17:00" DealType="-1" Lots="0.10" Symbol="EURCAD" Open="1.5792" SL="1.5872" TP="1.5762" CloseTime="2009-06-18 02:24:00" Close="1.5784" Swap="0.00" Profit="7.07" Comment=" (213)" />
        <deal Ticket="2081539112" OpenTime="2009-06-17 23:32:00" DealType="-1" Lots="0.10" Symbol="EURCAD" Open="1.5783" SL="1.5867" TP="1.5757" CloseTime="2009-06-18 00:40:00" Close="1.5781" Swap="0.00" Profit="1.76" Comment=" (214)" />
        <deal Ticket="2081506890" OpenTime="2009-06-17 07:40:00" DealType="1" Lots="0.10" Symbol="EURCAD" Open="1.5691" SL="1.5602" TP="1.5701" CloseTime="2009-06-17 07:54:00" Close="1.5698" Swap="0.00" Profit="6.18" Comment=" (215)" />
        <deal Ticket="2081505262" OpenTime="2009-06-17 06:47:00" DealType="1" Lots="0.10" Symbol="EURCAD" Open="1.5691" SL="1.5602" TP="1.5701" CloseTime="2009-06-17 07:25:00" Close="1.5695" Swap="0.00" Profit="3.54" Comment=" (216)" />
        <deal Ticket="2081459288" OpenTime="2009-06-16 07:24:00" DealType="1" Lots="0.10" Symbol="EURCAD" Open="1.5660" SL="1.5571" TP="1.5670" CloseTime="2009-06-16 08:20:00" Close="1.5662" Swap="0.00" Profit="1.76" Comment=" (217)" />
        <deal Ticket="2081457902" OpenTime="2009-06-16 06:20:00" DealType="-1" Lots="0.10" Symbol="EURCAD" Open="1.5665" SL="1.5754" TP="1.5655" CloseTime="2009-06-16 07:04:00" Close="1.5661" Swap="0.00" Profit="3.53" Comment=" (218)" />
        <deal Ticket="2081444506" OpenTime="2009-06-15 23:59:00" DealType="-1" Lots="0.10" Symbol="EURCAD" Open="1.5633" SL="1.5701" TP="1.5615" CloseTime="2009-06-16 00:19:00" Close="1.5615" Swap="0.00" Profit="15.89" Comment="1[complete] (219)" />
        <deal Ticket="2081444401" OpenTime="2009-06-15 23:56:00" DealType="-1" Lots="0.10" Symbol="EURCAD" Open="1.5626" SL="1.5701" TP="1.5615" CloseTime="2009-06-16 00:19:00" Close="1.5615" Swap="0.00" Profit="9.71" Comment="0[complete] (220)" />
        <deal Ticket="2081375419" OpenTime="2009-06-12 05:48:00" DealType="-1" Lots="0.20" Symbol="EURCAD" Open="1.5585" SL="1.5661" TP="1.5566" CloseTime="2009-06-12 11:03:00" Close="1.5643" Swap="0.00" Profit="-104.37" Comment="1[complete] (221)" />
        <deal Ticket="2081375366" OpenTime="2009-06-12 05:46:00" DealType="-1" Lots="0.20" Symbol="EURCAD" Open="1.5581" SL="1.5670" TP="1.5571" CloseTime="2009-06-12 11:03:00" Close="1.5643" Swap="0.00" Profit="-111.57" Comment="complete (222)" />
        <deal Ticket="2081375334" OpenTime="2009-06-12 05:45:00" DealType="-1" Lots="0.20" Symbol="EURCAD" Open="1.5576" SL="1.5661" TP="1.5566" CloseTime="2009-06-12 11:03:00" Close="1.5643" Swap="0.00" Profit="-120.57" Comment="0[complete] (223)" />
        <deal Ticket="2081367816" OpenTime="2009-06-12 00:10:00" DealType="-1" Lots="0.20" Symbol="EURCAD" Open="1.5568" SL="1.5636" TP="1.5539" CloseTime="2009-06-12 00:27:00" Close="1.5554" Swap="0.00" Profit="25.40" Comment="1 (224)" />
        <deal Ticket="2081367519" OpenTime="2009-06-12 00:03:00" DealType="-1" Lots="0.20" Symbol="EURCAD" Open="1.5561" SL="1.5636" TP="1.5539" CloseTime="2009-06-12 00:27:00" Close="1.5556" Swap="0.00" Profit="9.07" Comment="0 (225)" />
        <deal Ticket="2081366392" OpenTime="2009-06-11 23:09:00" DealType="-1" Lots="0.20" Symbol="USDCHF" Open="1.0712" SL="1.0787" TP="1.0700" CloseTime="2009-06-11 23:25:00" Close="1.0706" Swap="0.00" Profit="11.21" Comment="1 (226)" />
        <deal Ticket="2081365933" OpenTime="2009-06-11 22:58:00" DealType="-1" Lots="0.20" Symbol="USDCHF" Open="1.0707" SL="1.0787" TP="1.0700" CloseTime="2009-06-11 23:25:00" Close="1.0706" Swap="0.00" Profit="1.87" Comment="0 (227)" />
        <deal Ticket="2081333458" OpenTime="2009-06-11 07:16:00" DealType="-1" Lots="0.20" Symbol="EURCAD" Open="1.5506" SL="1.5591" TP="1.5496" CloseTime="2009-06-11 08:13:00" Close="1.5509" Swap="0.00" Profit="-5.43" Comment="0 (228)" />
        <deal Ticket="2081333092" OpenTime="2009-06-11 06:49:00" DealType="-1" Lots="0.20" Symbol="EURCAD" Open="1.5504" SL="1.5593" TP="1.5494" CloseTime="2009-06-11 08:13:00" Close="1.5507" Swap="0.00" Profit="-5.44" Comment=" (229)" />
        <deal Ticket="2081331742" OpenTime="2009-06-11 05:36:00" DealType="-1" Lots="0.20" Symbol="EURCAD" Open="1.5501" SL="1.5590" TP="1.5491" CloseTime="2009-06-11 06:07:00" Close="1.5497" Swap="0.00" Profit="7.24" Comment=" (230)" />
        <deal Ticket="2081323131" OpenTime="2009-06-10 23:41:00" DealType="1" Lots="0.20" Symbol="EURCAD" Open="1.5495" SL="1.5426" TP="1.5500" CloseTime="2009-06-11 01:36:00" Close="1.5495" Swap="0.00" Profit="0.00" Comment="1 (231)" />
        <deal Ticket="2081323049" OpenTime="2009-06-10 23:36:00" DealType="1" Lots="0.20" Symbol="EURCAD" Open="1.5501" SL="1.5426" TP="1.5500" CloseTime="2009-06-11 01:36:00" Close="1.5495" Swap="0.00" Profit="-10.82" Comment="0 (232)" />
        <deal Ticket="2081322731" OpenTime="2009-06-10 23:21:00" DealType="1" Lots="0.20" Symbol="USDCHF" Open="1.0808" SL="1.0733" TP="1.0823" CloseTime="2009-06-11 00:05:00" Close="1.0818" Swap="0.00" Profit="18.49" Comment="1 (233)" />
        <deal Ticket="2081321706" OpenTime="2009-06-10 22:34:00" DealType="1" Lots="0.20" Symbol="USDCHF" Open="1.0813" SL="1.0733" TP="1.0823" CloseTime="2009-06-11 00:05:00" Close="1.0818" Swap="0.00" Profit="9.24" Comment="0 (234)" />
        <deal Ticket="2081283749" OpenTime="2009-06-10 05:52:00" DealType="1" Lots="0.20" Symbol="EURCAD" Open="1.5528" SL="1.5439" TP="1.5538" CloseTime="2009-06-10 06:51:00" Close="1.5530" Swap="0.00" Profit="3.63" Comment=" (235)" />
        <deal Ticket="2081275658" OpenTime="2009-06-10 00:34:00" DealType="-1" Lots="0.20" Symbol="EURCAD" Open="1.5542" SL="1.5617" TP="1.5518" CloseTime="2009-06-10 01:22:00" Close="1.5540" Swap="0.00" Profit="3.63" Comment="0 (236)" />
        <deal Ticket="2081272145" OpenTime="2009-06-09 22:37:00" DealType="1" Lots="0.20" Symbol="USDCHF" Open="1.0774" SL="1.0694" TP="1.0781" CloseTime="2009-06-09 22:46:00" Close="1.0778" Swap="0.00" Profit="7.42" Comment="0 (237)" />
        <deal Ticket="2081243777" OpenTime="2009-06-09 07:58:00" DealType="1" Lots="0.20" Symbol="EURCAD" Open="1.5509" SL="1.5426" TP="1.5515" CloseTime="2009-06-09 08:25:00" Close="1.5515" Swap="0.00" Profit="10.73" Comment="complete (238)" />
        <deal Ticket="2081243463" OpenTime="2009-06-09 07:32:00" DealType="1" Lots="0.20" Symbol="EURCAD" Open="1.5515" SL="1.5426" TP="1.5515" CloseTime="2009-06-09 08:25:00" Close="1.5515" Swap="0.00" Profit="0.00" Comment="complete (239)" />
        <deal Ticket="2081242069" OpenTime="2009-06-09 06:28:00" DealType="1" Lots="0.20" Symbol="EURCAD" Open="1.5507" SL="1.5418" TP="1.5517" CloseTime="2009-06-09 06:32:00" Close="1.5513" Swap="0.00" Profit="10.73" Comment=" (240)" />
        <deal Ticket="2081241047" OpenTime="2009-06-09 05:45:00" DealType="-1" Lots="0.20" Symbol="EURCAD" Open="1.5517" SL="1.5606" TP="1.5507" CloseTime="2009-06-09 06:18:00" Close="1.5511" Swap="0.00" Profit="10.72" Comment=" (241)" />
        <deal Ticket="2081240803" OpenTime="2009-06-09 05:30:00" DealType="1" Lots="0.20" Symbol="EURCAD" Open="1.5507" SL="1.5418" TP="1.5517" CloseTime="2009-06-09 05:35:00" Close="1.5513" Swap="0.00" Profit="10.74" Comment=" (242)" />
        <deal Ticket="2081235050" OpenTime="2009-06-09 00:54:00" DealType="1" Lots="0.20" Symbol="EURCAD" Open="1.5505" SL="1.5430" TP="1.5519" CloseTime="2009-06-09 00:59:00" Close="1.5510" Swap="0.00" Profit="8.96" Comment="0 (243)" />
        <deal Ticket="2081232903" OpenTime="2009-06-09 00:20:00" DealType="-1" Lots="0.20" Symbol="EURCAD" Open="1.5523" SL="1.5598" TP="1.5513" CloseTime="2009-06-09 00:53:00" Close="1.5516" Swap="0.00" Profit="12.54" Comment="0 (244)" />
        <deal Ticket="2081232205" OpenTime="2009-06-08 23:37:00" DealType="1" Lots="0.20" Symbol="EURCAD" Open="1.5508" SL="1.5439" TP="1.5535" CloseTime="2009-06-09 00:12:00" Close="1.5517" Swap="0.00" Profit="16.12" Comment="1 (245)" />
        <deal Ticket="2081232154" OpenTime="2009-06-08 23:32:00" DealType="1" Lots="0.20" Symbol="EURCAD" Open="1.5514" SL="1.5439" TP="1.5535" CloseTime="2009-06-09 00:12:00" Close="1.5517" Swap="0.00" Profit="5.37" Comment="0 (246)" />
        <deal Ticket="2081231063" OpenTime="2009-06-08 22:34:00" DealType="1" Lots="0.20" Symbol="USDCHF" Open="1.0898" SL="1.0823" TP="1.0918" CloseTime="2009-06-08 23:00:00" Close="1.0908" Swap="0.00" Profit="18.34" Comment="1 (247)" />
        <deal Ticket="2081230909" OpenTime="2009-06-08 22:31:00" DealType="1" Lots="0.20" Symbol="USDCHF" Open="1.0903" SL="1.0823" TP="1.0918" CloseTime="2009-06-08 23:00:00" Close="1.0910" Swap="0.00" Profit="12.83" Comment="0 (248)" />
        <deal Ticket="2081168116" OpenTime="2009-06-05 00:35:00" DealType="-1" Lots="0.20" Symbol="EURCAD" Open="1.5568" SL="1.5637" TP="1.5550" CloseTime="2009-06-05 01:30:00" Close="1.5567" Swap="0.00" Profit="1.82" Comment="1 (249)" />
        <deal Ticket="2081165963" OpenTime="2009-06-04 23:53:00" DealType="-1" Lots="0.20" Symbol="EURCAD" Open="1.5562" SL="1.5637" TP="1.5550" CloseTime="2009-06-05 01:30:00" Close="1.5567" Swap="0.00" Profit="-9.11" Comment="0 (250)" />
        <deal Ticket="2081167149" OpenTime="2009-06-05 00:12:00" DealType="1" Lots="0.20" Symbol="USDCHF" Open="1.0681" SL="1.0601" TP="1.0690" CloseTime="2009-06-05 00:25:00" Close="1.0686" Swap="0.00" Profit="9.36" Comment="0 (251)" />
        <deal Ticket="2081128486" OpenTime="2009-06-03 23:46:00" DealType="-1" Lots="0.40" Symbol="EURCAD" Open="1.5719" SL="1.5785" TP="1.5680" CloseTime="2009-06-03 23:48:00" Close="1.5733" Swap="0.00" Profit="-50.40" Comment="1[complete] (252)" />
        <deal Ticket="2081128425" OpenTime="2009-06-03 23:41:00" DealType="-1" Lots="0.40" Symbol="EURCAD" Open="1.5710" SL="1.5785" TP="1.5680" CloseTime="2009-06-03 23:48:00" Close="1.5733" Swap="0.00" Profit="-82.80" Comment="0[complete] (253)" />
        <deal Ticket="2081097638" OpenTime="2009-06-03 07:29:00" DealType="1" Lots="0.40" Symbol="EURCAD" Open="1.5472" SL="1.5387" TP="1.5482" CloseTime="2009-06-03 07:40:00" Close="1.5482" Swap="0.00" Profit="36.97" Comment="0[complete] (254)" />
        <deal Ticket="2081097171" OpenTime="2009-06-03 07:01:00" DealType="-1" Lots="0.40" Symbol="EURCAD" Open="1.5486" SL="1.5571" TP="1.5476" CloseTime="2009-06-03 07:17:00" Close="1.5476" Swap="0.00" Profit="36.98" Comment="0[complete] (255)" />
        <deal Ticket="2081089968" OpenTime="2009-06-03 00:47:00" DealType="-1" Lots="0.40" Symbol="EURCAD" Open="1.5477" SL="1.5552" TP="1.5477" CloseTime="2009-06-03 04:09:00" Close="1.5477" Swap="0.00" Profit="0.00" Comment="0[complete] (256)" />
        <deal Ticket="2081089398" OpenTime="2009-06-03 00:03:00" DealType="1" Lots="0.40" Symbol="EURCAD" Open="1.5460" SL="1.5385" TP="1.5477" CloseTime="2009-06-03 00:19:00" Close="1.5466" Swap="0.00" Profit="22.20" Comment="0 (257)" />
    </deals>
    <balances>
        <balance Ticket="2081053660" Amount="600.00" Date="2009-06-01 23:40:00" />
    </balances>
</account>