﻿<?xml version="1.0" encoding="utf-8"?>
<account Id="16966" Broker="" Account="" Trader="" Login="" InitBalance="485.00">
    <deals>
        <deal Ticket="304544944" OpenTime="2010-01-29 20:31:00" DealType="-1" Lots="0.02" Symbol="GBPCHF" Open="1.69671" SL="1.70430" TP="1.69242" CloseTime="2010-01-29 21:55:00" Close="1.69626" Swap="0.00" Profit="25.84" Comment=" (2)" />
        <deal Ticket="304540128" OpenTime="2010-01-29 17:56:00" DealType="-1" Lots="0.05" Symbol="EURGBP" Open="0.86666" SL="0.86944" TP="0.86469" CloseTime="2010-01-29 18:07:00" Close="0.86650" Swap="0.00" Profit="38.89" Comment=" (3)" />
        <deal Ticket="304531823" OpenTime="2010-01-29 15:40:00" DealType="-1" Lots="0.05" Symbol="EURJPY" Open="126.249" SL="126.244" TP="125.750" CloseTime="2010-01-29 16:44:00" Close="126.244" Swap="0.00" Profit="8.39" Comment="[sl] (4)" />
        <deal Ticket="304530690" OpenTime="2010-01-29 15:18:00" DealType="-1" Lots="0.05" Symbol="EURUSD" Open="1.39352" SL="1.39654" TP="1.38854" CloseTime="2010-01-29 15:21:00" Close="1.39281" Swap="0.00" Profit="107.93" Comment=" (5)" />
        <deal Ticket="304528508" OpenTime="2010-01-29 14:52:00" DealType="-1" Lots="0.02" Symbol="EURUSD" Open="1.39547" SL="1.39313" TP="1.39042" CloseTime="2010-01-29 15:16:00" Close="1.39313" Swap="0.00" Profit="142.26" Comment="[sl] (6)" />
        <deal Ticket="304527870" OpenTime="2010-01-29 14:44:00" DealType="-1" Lots="0.01" Symbol="EURUSD" Open="1.39558" SL="1.39317" TP="1.39074" CloseTime="2010-01-29 15:16:00" Close="1.39317" Swap="0.00" Profit="73.26" Comment="[sl] (7)" />
        <deal Ticket="304527614" OpenTime="2010-01-29 14:40:00" DealType="-1" Lots="0.03" Symbol="EURUSD" Open="1.39522" SL="1.39324" TP="1.39032" CloseTime="2010-01-29 15:16:00" Close="1.39324" Swap="0.00" Profit="180.55" Comment="[sl] (8)" />
        <deal Ticket="304524943" OpenTime="2010-01-29 13:55:00" DealType="1" Lots="0.01" Symbol="EURGBP" Open="0.86674" SL="0.86354" TP="0.87153" CloseTime="2010-01-29 14:37:00" Close="0.86686" Swap="0.00" Profit="5.85" Comment=" (9)" />
        <deal Ticket="304525227" OpenTime="2010-01-29 14:02:00" DealType="1" Lots="0.03" Symbol="EURGBP" Open="0.86677" SL="0.86356" TP="0.87156" CloseTime="2010-01-29 14:36:00" Close="0.86692" Swap="0.00" Profit="21.94" Comment=" (10)" />
        <deal Ticket="304514532" OpenTime="2010-01-29 09:14:00" DealType="-1" Lots="0.01" Symbol="EURGBP" Open="0.86332" SL="0.86654" TP="0.85953" CloseTime="2010-01-29 13:36:00" Close="0.86624" Swap="0.00" Profit="-143.02" Comment=" (11)" />
        <deal Ticket="304492906" OpenTime="2010-01-28 18:47:00" DealType="-1" Lots="0.03" Symbol="EURGBP" Open="0.86553" SL="0.86543" TP="0.86175" CloseTime="2010-01-29 02:19:00" Close="0.86347" Swap="0.00" Profit="303.17" Comment=" (12)" />
        <deal Ticket="304491236" OpenTime="2010-01-28 18:03:00" DealType="-1" Lots="0.01" Symbol="EURGBP" Open="0.86556" SL="0.86546" TP="0.86178" CloseTime="2010-01-29 02:19:00" Close="0.86347" Swap="0.00" Profit="102.53" Comment=" (13)" />
        <deal Ticket="304478397" OpenTime="2010-01-28 14:24:00" DealType="-1" Lots="0.04" Symbol="EURUSD" Open="1.39904" SL="1.39635" TP="1.38765" CloseTime="2010-01-28 16:32:00" Close="1.39635" Swap="0.00" Profit="327.91" Comment="[sl] (14)" />
        <deal Ticket="304478982" OpenTime="2010-01-28 14:32:00" DealType="-1" Lots="0.04" Symbol="EURUSD" Open="1.39825" SL="1.40202" TP="1.39251" CloseTime="2010-01-28 15:51:00" Close="1.39738" Swap="0.00" Profit="105.99" Comment=" (15)" />
        <deal Ticket="304477856" OpenTime="2010-01-28 14:12:00" DealType="-1" Lots="0.03" Symbol="EURUSD" Open="1.39997" SL="1.40294" TP="1.39310" CloseTime="2010-01-28 14:26:00" Close="1.39952" Swap="0.00" Profit="41.08" Comment=" (16)" />
        <deal Ticket="304473255" OpenTime="2010-01-28 12:11:00" DealType="-1" Lots="0.02" Symbol="EURUSD" Open="1.39982" SL="1.40391" TP="1.39693" CloseTime="2010-01-28 13:01:00" Close="1.39974" Swap="0.00" Profit="4.88" Comment=" (17)" />
        <deal Ticket="304474468" OpenTime="2010-01-28 12:40:00" DealType="-1" Lots="0.03" Symbol="EURUSD" Open="1.39950" SL="1.40264" TP="1.39764" CloseTime="2010-01-28 13:00:00" Close="1.39975" Swap="0.00" Profit="-22.85" Comment=" (18)" />
        <deal Ticket="304473119" OpenTime="2010-01-28 12:07:00" DealType="-1" Lots="0.02" Symbol="EURUSD" Open="1.40044" SL="1.40459" TP="1.39707" CloseTime="2010-01-28 13:00:00" Close="1.39976" Swap="0.00" Profit="41.43" Comment=" (19)" />
        <deal Ticket="304472853" OpenTime="2010-01-28 12:01:00" DealType="-1" Lots="0.03" Symbol="EURUSD" Open="1.39990" SL="1.40394" TP="1.39694" CloseTime="2010-01-28 13:00:00" Close="1.39974" Swap="0.00" Profit="14.62" Comment=" (20)" />
        <deal Ticket="304470655" OpenTime="2010-01-28 11:23:00" DealType="-1" Lots="0.01" Symbol="EURUSD" Open="1.40185" SL="1.40175" TP="1.39793" CloseTime="2010-01-28 12:05:00" Close="1.40020" Swap="0.00" Profit="50.20" Comment=" (21)" />
        <deal Ticket="304471626" OpenTime="2010-01-28 11:42:00" DealType="-1" Lots="0.02" Symbol="EURUSD" Open="1.40100" SL="1.40518" TP="1.39819" CloseTime="2010-01-28 12:04:00" Close="1.40019" Swap="0.00" Profit="49.30" Comment=" (22)" />
        <deal Ticket="304468396" OpenTime="2010-01-28 10:21:00" DealType="-1" Lots="0.03" Symbol="EURUSD" Open="1.40263" SL="1.40253" TP="1.39651" CloseTime="2010-01-28 12:04:00" Close="1.40019" Swap="0.00" Profit="222.71" Comment=" (23)" />
        <deal Ticket="304466511" OpenTime="2010-01-28 09:37:00" DealType="-1" Lots="0.03" Symbol="EURUSD" Open="1.40312" SL="1.40302" TP="1.39720" CloseTime="2010-01-28 12:04:00" Close="1.40019" Swap="0.00" Profit="267.43" Comment=" (24)" />
        <deal Ticket="304471878" OpenTime="2010-01-28 11:47:00" DealType="-1" Lots="0.03" Symbol="EURUSD" Open="1.40038" SL="1.40456" TP="1.39756" CloseTime="2010-01-28 12:01:00" Close="1.40021" Swap="0.00" Profit="15.51" Comment=" (25)" />
        <deal Ticket="304471293" OpenTime="2010-01-28 11:35:00" DealType="-1" Lots="0.02" Symbol="EURUSD" Open="1.40120" SL="1.40534" TP="1.39838" CloseTime="2010-01-28 11:40:00" Close="1.40101" Swap="0.00" Profit="11.56" Comment=" (26)" />
        <deal Ticket="304466382" OpenTime="2010-01-28 09:33:00" DealType="-1" Lots="0.01" Symbol="EURUSD" Open="1.40358" SL="1.40871" TP="1.39795" CloseTime="2010-01-28 09:46:00" Close="1.40340" Swap="0.00" Profit="5.48" Comment=" (27)" />
        <deal Ticket="304465174" OpenTime="2010-01-28 09:08:00" DealType="-1" Lots="0.04" Symbol="GBPCHF" Open="1.70357" SL="1.70729" TP="1.70198" CloseTime="2010-01-28 09:24:00" Close="1.70729" Swap="0.00" Profit="-431.79" Comment="[sl] (28)" />
        <deal Ticket="304460753" OpenTime="2010-01-28 07:30:00" DealType="-1" Lots="0.04" Symbol="EURUSD" Open="1.40092" SL="1.40499" TP="1.39686" CloseTime="2010-01-28 09:07:00" Close="1.40499" Swap="0.00" Profit="-495.42" Comment="[sl] (29)" />
        <deal Ticket="304435422" OpenTime="2010-01-27 16:42:00" DealType="-1" Lots="0.04" Symbol="EURUSD" Open="1.40312" SL="1.40555" TP="1.39751" CloseTime="2010-01-27 19:30:00" Close="1.40274" Swap="0.00" Profit="46.22" Comment=" (30)" />
        <deal Ticket="304430521" OpenTime="2010-01-27 15:09:00" DealType="-1" Lots="0.01" Symbol="EURUSD" Open="1.40333" SL="1.40555" TP="1.39751" CloseTime="2010-01-27 19:30:00" Close="1.40290" Swap="0.00" Profit="13.08" Comment=" (31)" />
        <deal Ticket="304429824" OpenTime="2010-01-27 15:01:00" DealType="-1" Lots="0.04" Symbol="EURUSD" Open="1.40494" SL="1.40889" TP="1.40189" CloseTime="2010-01-27 15:09:00" Close="1.40363" Swap="0.00" Profit="159.34" Comment=" (32)" />
        <deal Ticket="304428652" OpenTime="2010-01-27 14:37:00" DealType="-1" Lots="0.02" Symbol="EURUSD" Open="1.40661" SL="1.40651" TP="1.39969" CloseTime="2010-01-27 15:09:00" Close="1.40371" Swap="0.00" Profit="176.37" Comment=" (33)" />
        <deal Ticket="304428635" OpenTime="2010-01-27 14:37:00" DealType="-1" Lots="0.02" Symbol="EURUSD" Open="1.40683" SL="1.40673" TP="1.39965" CloseTime="2010-01-27 15:09:00" Close="1.40361" Swap="0.00" Profit="195.83" Comment=" (34)" />
        <deal Ticket="304429382" OpenTime="2010-01-27 14:54:00" DealType="-1" Lots="0.03" Symbol="EURUSD" Open="1.40564" SL="1.40979" TP="1.39879" CloseTime="2010-01-27 15:00:00" Close="1.40502" Swap="0.00" Profit="56.53" Comment=" (35)" />
        <deal Ticket="304427509" OpenTime="2010-01-27 14:03:00" DealType="-1" Lots="0.03" Symbol="EURUSD" Open="1.40746" SL="1.41158" TP="1.40232" CloseTime="2010-01-27 14:36:00" Close="1.40699" Swap="0.00" Profit="42.86" Comment=" (36)" />
        <deal Ticket="304427490" OpenTime="2010-01-27 14:03:00" DealType="-1" Lots="0.01" Symbol="EURUSD" Open="1.40778" SL="1.41192" TP="1.40232" CloseTime="2010-01-27 14:36:00" Close="1.40700" Swap="0.00" Profit="23.71" Comment=" (37)" />
        <deal Ticket="304413786" OpenTime="2010-01-27 09:04:00" DealType="-1" Lots="0.01" Symbol="EURUSD" Open="1.40521" SL="1.40511" TP="1.39837" CloseTime="2010-01-27 10:07:00" Close="1.40392" Swap="0.00" Profit="39.25" Comment=" (38)" />
        <deal Ticket="304391092" OpenTime="2010-01-26 16:57:00" DealType="-1" Lots="0.01" Symbol="EURUSD" Open="1.40573" SL="1.41225" TP="1.39179" CloseTime="2010-01-27 09:04:00" Close="1.40544" Swap="0.00" Profit="8.80" Comment=" (39)" />
        <deal Ticket="304400725" OpenTime="2010-01-26 22:01:00" DealType="-1" Lots="0.01" Symbol="EURUSD" Open="1.40772" SL="1.40762" TP="1.40439" CloseTime="2010-01-27 01:28:00" Close="1.40762" Swap="0.00" Profit="3.04" Comment="[sl] (40)" />
        <deal Ticket="304400593" OpenTime="2010-01-26 21:53:00" DealType="-1" Lots="0.01" Symbol="EURUSD" Open="1.40782" SL="1.40772" TP="1.40458" CloseTime="2010-01-27 00:25:00" Close="1.40772" Swap="0.00" Profit="3.05" Comment="[sl] (41)" />
        <deal Ticket="304392851" OpenTime="2010-01-26 17:29:00" DealType="-1" Lots="0.01" Symbol="EURUSD" Open="1.40814" SL="1.41225" TP="1.39329" CloseTime="2010-01-26 22:00:00" Close="1.40794" Swap="0.00" Profit="6.08" Comment=" (42)" />
        <deal Ticket="304396756" OpenTime="2010-01-26 19:25:00" DealType="-1" Lots="0.01" Symbol="EURUSD" Open="1.40863" SL="1.40853" TP="1.40523" CloseTime="2010-01-26 21:53:00" Close="1.40807" Swap="0.00" Profit="17.04" Comment=" (43)" />
        <deal Ticket="304396667" OpenTime="2010-01-26 19:23:00" DealType="-1" Lots="0.01" Symbol="EURUSD" Open="1.40876" SL="1.40866" TP="1.40586" CloseTime="2010-01-26 21:53:00" Close="1.40818" Swap="0.00" Profit="17.64" Comment=" (44)" />
        <deal Ticket="304396204" OpenTime="2010-01-26 19:04:00" DealType="-1" Lots="0.01" Symbol="EURUSD" Open="1.40912" SL="1.41328" TP="1.39428" CloseTime="2010-01-26 19:24:00" Close="1.40887" Swap="0.00" Profit="7.60" Comment=" (45)" />
        <deal Ticket="304388016" OpenTime="2010-01-26 16:05:00" DealType="-1" Lots="0.01" Symbol="EURUSD" Open="1.40591" SL="1.40581" TP="1.39982" CloseTime="2010-01-26 16:45:00" Close="1.40581" Swap="0.00" Profit="3.05" Comment="[sl] (46)" />
        <deal Ticket="304385466" OpenTime="2010-01-26 15:19:00" DealType="-1" Lots="0.01" Symbol="GBPUSD" Open="1.61144" SL="1.61445" TP="1.60394" CloseTime="2010-01-26 15:38:00" Close="1.61445" Swap="0.00" Profit="-91.70" Comment="[sl] (47)" />
        <deal Ticket="304385096" OpenTime="2010-01-26 15:13:00" DealType="-1" Lots="0.01" Symbol="GBPUSD" Open="1.60940" SL="1.61148" TP="1.60206" CloseTime="2010-01-26 15:15:00" Close="1.61148" Swap="0.00" Profit="-63.36" Comment="[sl] (48)" />
        <deal Ticket="304374107" OpenTime="2010-01-26 10:59:00" DealType="1" Lots="0.01" Symbol="GBPUSD" Open="1.61375" SL="1.60946" TP="1.62127" CloseTime="2010-01-26 15:13:00" Close="1.60946" Swap="0.00" Profit="-129.84" Comment="[sl] (49)" />
        <deal Ticket="304367806" OpenTime="2010-01-26 09:02:00" DealType="-1" Lots="0.01" Symbol="GBPUSD" Open="1.62216" SL="1.62838" TP="1.61464" CloseTime="2010-01-26 10:37:00" Close="1.61464" Swap="0.00" Profit="228.59" Comment="[tp] (50)" />
        <deal Ticket="304367306" OpenTime="2010-01-26 08:50:00" DealType="-1" Lots="0.01" Symbol="GBPUSD" Open="1.62268" SL="1.62508" TP="1.61568" CloseTime="2010-01-26 08:57:00" Close="1.62260" Swap="0.00" Profit="2.44" Comment=" (51)" />
        <deal Ticket="304364097" OpenTime="2010-01-26 07:52:00" DealType="1" Lots="0.01" Symbol="EURJPY" Open="126.324" SL="126.854" TP="126.986" CloseTime="2010-01-26 07:55:00" Close="126.986" Swap="0.00" Profit="220.99" Comment="[tp] (52)" />
        <deal Ticket="304350295" OpenTime="2010-01-25 20:20:00" DealType="-1" Lots="0.02" Symbol="GBPUSD" Open="1.62424" SL="1.62704" TP="1.61751" CloseTime="2010-01-26 07:37:00" Close="1.62055" Swap="0.00" Profit="223.63" Comment=" (53)" />
        <deal Ticket="304343360" OpenTime="2010-01-25 16:33:00" DealType="1" Lots="0.01" Symbol="EURUSD" Open="1.41590" SL="1.41128" TP="1.41967" CloseTime="2010-01-26 04:25:00" Close="1.41128" Swap="0.00" Profit="-138.72" Comment="[sl] (54)" />
        <deal Ticket="304342029" OpenTime="2010-01-25 16:07:00" DealType="-1" Lots="0.01" Symbol="EURUSD" Open="1.41321" SL="1.41711" TP="1.41071" CloseTime="2010-01-25 16:33:00" Close="1.41586" Swap="0.00" Profit="-80.06" Comment=" (55)" />
        <deal Ticket="304337576" OpenTime="2010-01-25 14:39:00" DealType="1" Lots="0.01" Symbol="EURUSD" Open="1.41476" SL="1.41214" TP="1.41854" CloseTime="2010-01-25 16:02:00" Close="1.41489" Swap="0.00" Profit="3.90" Comment=" (56)" />
        <deal Ticket="304331479" OpenTime="2010-01-25 12:06:00" DealType="-1" Lots="0.01" Symbol="EURUSD" Open="1.41898" SL="1.42148" TP="1.41731" CloseTime="2010-01-25 12:18:00" Close="1.41837" Swap="0.00" Profit="18.35" Comment=" (57)" />
        <deal Ticket="304329891" OpenTime="2010-01-25 11:39:00" DealType="1" Lots="0.01" Symbol="EURUSD" Open="1.41876" SL="1.41626" TP="1.42626" CloseTime="2010-01-25 11:47:00" Close="1.41881" Swap="0.00" Profit="1.49" Comment=" (58)" />
        <deal Ticket="304328742" OpenTime="2010-01-25 11:14:00" DealType="1" Lots="0.01" Symbol="EURUSD" Open="1.41583" SL="1.41333" TP="1.42333" CloseTime="2010-01-25 11:34:00" Close="1.41648" Swap="0.00" Profit="19.45" Comment=" (59)" />
        <deal Ticket="304328222" OpenTime="2010-01-25 11:00:00" DealType="1" Lots="0.01" Symbol="EURUSD" Open="1.41508" SL="1.41258" TP="1.42258" CloseTime="2010-01-25 11:13:00" Close="1.41541" Swap="0.00" Profit="9.87" Comment=" (60)" />
        <deal Ticket="304326666" OpenTime="2010-01-25 10:12:00" DealType="-1" Lots="0.01" Symbol="EURUSD" Open="1.41362" SL="1.41612" TP="1.40612" CloseTime="2010-01-25 11:00:00" Close="1.41509" Swap="0.00" Profit="-44.29" Comment=" (61)" />
        <deal Ticket="304325682" OpenTime="2010-01-25 09:48:00" DealType="1" Lots="0.01" Symbol="EURUSD" Open="1.41514" SL="1.41264" TP="1.42264" CloseTime="2010-01-25 10:11:00" Close="1.41413" Swap="0.00" Profit="-30.28" Comment=" (62)" />
    </deals>
    <balances>
        <balance Ticket="304553878" Amount="36.38" Date="2010-02-01 06:07:00" />
        <balance Ticket="304313876" Amount="485.00" Date="2010-01-23 21:48:00" />
    </balances>
</account>