﻿<?xml version="1.0" encoding="utf-8"?>
<account Id="10137" Broker="" Account="" Trader="" Login="" InitBalance="50.00">
    <deals>
        <deal Ticket="689103" OpenTime="2009-09-04 00:00:00" DealType="-1" Lots="0.02" Symbol="AUDUSD" Open="0.8401" SL="0.8423" TP="0.8391" CloseTime="2009-09-04 00:43:00" Close="0.8395" Swap="0.00" Profit="1.20" Comment=" (1)" />
        <deal Ticket="684580" OpenTime="2009-09-02 05:30:00" DealType="-1" Lots="0.03" Symbol="EURUSD" Open="1.4220" SL="1.4290" TP="1.4210" CloseTime="2009-09-02 05:37:00" Close="1.4217" Swap="0.00" Profit="0.90" Comment=" (2)" />
        <deal Ticket="684296" OpenTime="2009-09-01 23:39:00" DealType="1" Lots="0.05" Symbol="USDCHF" Open="1.0654" SL="1.0567" TP="1.0663" CloseTime="2009-09-01 23:52:00" Close="1.0652" Swap="0.00" Profit="-0.94" Comment=" (3)" />
        <deal Ticket="684275" OpenTime="2009-09-01 22:55:00" DealType="1" Lots="0.05" Symbol="USDCHF" Open="1.0655" SL="1.0570" TP="1.0666" CloseTime="2009-09-01 23:05:00" Close="1.0658" Swap="0.00" Profit="1.41" Comment=" (4)" />
        <deal Ticket="681743" OpenTime="2009-09-01 06:36:00" DealType="-1" Lots="0.03" Symbol="EURUSD" Open="1.4344" SL="1.4411" TP="1.4332" CloseTime="2009-09-01 11:27:00" Close="1.4342" Swap="0.00" Profit="0.60" Comment=" (5)" />
        <deal Ticket="681738" OpenTime="2009-09-01 06:33:00" DealType="-1" Lots="0.03" Symbol="EURUSD" Open="1.4340" SL="1.4411" TP="1.4331" CloseTime="2009-09-01 11:27:00" Close="1.4341" Swap="0.00" Profit="-0.30" Comment=" (6)" />
        <deal Ticket="681574" OpenTime="2009-09-01 00:46:00" DealType="1" Lots="0.06" Symbol="USDJPY" Open="92.98" SL="92.12" TP="93.09" CloseTime="2009-09-01 02:08:00" Close="93.00" Swap="0.00" Profit="1.29" Comment=" (7)" />
        <deal Ticket="681577" OpenTime="2009-09-01 00:50:00" DealType="1" Lots="0.01" Symbol="CADCHF" Open="0.9686" SL="0.9670" TP="0.9700" CloseTime="2009-09-01 01:03:00" Close="0.9670" Swap="0.00" Profit="-1.52" Comment=" (8)" />
        <deal Ticket="681561" OpenTime="2009-09-01 00:27:00" DealType="-1" Lots="0.02" Symbol="AUDUSD" Open="0.8445" SL="0.8468" TP="0.8436" CloseTime="2009-09-01 00:46:00" Close="0.8442" Swap="0.00" Profit="0.60" Comment=" (9)" />
        <deal Ticket="677083" OpenTime="2009-08-27 23:39:00" DealType="-1" Lots="0.05" Symbol="USDCHF" Open="1.0587" SL="1.0668" TP="1.0572" CloseTime="2009-08-28 02:11:00" Close="1.0584" Swap="0.00" Profit="1.42" Comment=" (11)" />
        <deal Ticket="677078" OpenTime="2009-08-27 23:31:00" DealType="-1" Lots="0.05" Symbol="USDCHF" Open="1.0583" SL="1.0668" TP="1.0572" CloseTime="2009-08-28 02:11:00" Close="1.0584" Swap="0.00" Profit="-0.47" Comment=" (12)" />
        <deal Ticket="677122" OpenTime="2009-08-28 00:51:00" DealType="1" Lots="0.02" Symbol="AUDUSD" Open="0.8381" SL="0.8362" TP="0.8396" CloseTime="2009-08-28 01:05:00" Close="0.8392" Swap="0.00" Profit="2.20" Comment=" (13)" />
        <deal Ticket="677121" OpenTime="2009-08-28 00:47:00" DealType="1" Lots="0.02" Symbol="AUDUSD" Open="0.8388" SL="0.8362" TP="0.8394" CloseTime="2009-08-28 01:02:00" Close="0.8390" Swap="0.00" Profit="0.40" Comment=" (14)" />
        <deal Ticket="677081" OpenTime="2009-08-27 23:37:00" DealType="-1" Lots="0.06" Symbol="USDJPY" Open="93.55" SL="94.42" TP="93.45" CloseTime="2009-08-28 00:18:00" Close="93.53" Swap="0.00" Profit="1.28" Comment=" (15)" />
        <deal Ticket="674911" OpenTime="2009-08-27 05:32:00" DealType="-1" Lots="0.03" Symbol="EURUSD" Open="1.4246" SL="1.4316" TP="1.4236" CloseTime="2009-08-27 06:42:00" Close="1.4243" Swap="0.00" Profit="0.90" Comment=" (16)" />
        <deal Ticket="674917" OpenTime="2009-08-27 05:37:00" DealType="-1" Lots="0.03" Symbol="EURUSD" Open="1.4250" SL="1.4316" TP="1.4237" CloseTime="2009-08-27 06:39:00" Close="1.4244" Swap="0.00" Profit="1.80" Comment=" (17)" />
        <deal Ticket="674674" OpenTime="2009-08-27 00:42:00" DealType="1" Lots="0.02" Symbol="EURUSD" Open="1.4243" SL="1.4208" TP="1.4253" CloseTime="2009-08-27 01:22:00" Close="1.4247" Swap="0.00" Profit="0.80" Comment=" (18)" />
        <deal Ticket="674675" OpenTime="2009-08-27 00:44:00" DealType="1" Lots="0.02" Symbol="AUDUSD" Open="0.8268" SL="0.8246" TP="0.8278" CloseTime="2009-08-27 01:06:00" Close="0.8272" Swap="0.00" Profit="0.80" Comment=" (19)" />
        <deal Ticket="674647" OpenTime="2009-08-26 23:36:00" DealType="-1" Lots="0.06" Symbol="USDJPY" Open="94.25" SL="95.11" TP="94.14" CloseTime="2009-08-27 00:31:00" Close="94.24" Swap="0.00" Profit="0.64" Comment=" (20)" />
        <deal Ticket="674630" OpenTime="2009-08-26 22:59:00" DealType="1" Lots="0.05" Symbol="USDCHF" Open="1.0679" SL="1.0593" TP="1.0689" CloseTime="2009-08-26 23:40:00" Close="1.0680" Swap="0.00" Profit="0.47" Comment=" (21)" />
        <deal Ticket="672739" OpenTime="2009-08-26 06:13:00" DealType="-1" Lots="0.03" Symbol="EURUSD" Open="1.4305" SL="1.4375" TP="1.4295" CloseTime="2009-08-26 06:18:00" Close="1.4301" Swap="0.00" Profit="1.20" Comment=" (22)" />
        <deal Ticket="672719" OpenTime="2009-08-26 05:55:00" DealType="-1" Lots="0.03" Symbol="EURUSD" Open="1.4305" SL="1.4375" TP="1.4295" CloseTime="2009-08-26 06:02:00" Close="1.4303" Swap="0.00" Profit="0.60" Comment=" (23)" />
        <deal Ticket="672496" OpenTime="2009-08-26 00:07:00" DealType="1" Lots="0.02" Symbol="AUDUSD" Open="0.8350" SL="0.8335" TP="0.8369" CloseTime="2009-08-26 02:43:00" Close="0.8335" Swap="0.00" Profit="-3.00" Comment=" (24)" />
        <deal Ticket="672495" OpenTime="2009-08-26 00:02:00" DealType="1" Lots="0.02" Symbol="AUDUSD" Open="0.8357" SL="0.8335" TP="0.8367" CloseTime="2009-08-26 02:43:00" Close="0.8335" Swap="0.00" Profit="-4.40" Comment=" (25)" />
        <deal Ticket="672488" OpenTime="2009-08-25 23:39:00" DealType="-1" Lots="0.06" Symbol="USDJPY" Open="94.18" SL="95.04" TP="94.07" CloseTime="2009-08-26 01:46:00" Close="94.19" Swap="0.00" Profit="-0.64" Comment=" (26)" />
        <deal Ticket="672513" OpenTime="2009-08-26 00:39:00" DealType="-1" Lots="0.02" Symbol="EURUSD" Open="1.4301" SL="1.4338" TP="1.4293" CloseTime="2009-08-26 01:16:00" Close="1.4297" Swap="0.00" Profit="0.80" Comment=" (27)" />
        <deal Ticket="670991" OpenTime="2009-08-25 06:18:00" DealType="-1" Lots="0.03" Symbol="EURUSD" Open="1.4295" SL="1.4366" TP="1.4286" CloseTime="2009-08-25 08:12:00" Close="1.4296" Swap="0.00" Profit="-0.30" Comment=" (28)" />
        <deal Ticket="671006" OpenTime="2009-08-25 06:33:00" DealType="-1" Lots="0.03" Symbol="EURUSD" Open="1.4297" SL="1.4366" TP="1.4287" CloseTime="2009-08-25 08:09:00" Close="1.4297" Swap="0.00" Profit="0.00" Comment=" (29)" />
        <deal Ticket="670974" OpenTime="2009-08-25 06:02:00" DealType="-1" Lots="0.03" Symbol="EURUSD" Open="1.4294" SL="1.4366" TP="1.4286" CloseTime="2009-08-25 06:16:00" Close="1.4293" Swap="0.00" Profit="0.30" Comment=" (30)" />
        <deal Ticket="667436" OpenTime="2009-08-21 06:26:00" DealType="1" Lots="0.03" Symbol="EURUSD" Open="1.4247" SL="1.4176" TP="1.4256" CloseTime="2009-08-21 10:06:00" Close="1.4252" Swap="0.00" Profit="1.50" Comment=" (31)" />
        <deal Ticket="667444" OpenTime="2009-08-21 06:30:00" DealType="1" Lots="0.03" Symbol="EURUSD" Open="1.4240" SL="1.4176" TP="1.4255" CloseTime="2009-08-21 09:58:00" Close="1.4246" Swap="0.00" Profit="1.80" Comment=" (32)" />
        <deal Ticket="667275" OpenTime="2009-08-20 22:31:00" DealType="1" Lots="0.05" Symbol="USDCHF" Open="1.0622" SL="1.0537" TP="1.0633" CloseTime="2009-08-20 22:38:00" Close="1.0626" Swap="0.00" Profit="1.88" Comment=" (33)" />
        <deal Ticket="665878" OpenTime="2009-08-20 00:36:00" DealType="-1" Lots="0.02" Symbol="AUDUSD" Open="0.8295" SL="0.8317" TP="0.8285" CloseTime="2009-08-20 01:46:00" Close="0.8293" Swap="0.00" Profit="0.40" Comment=" (34)" />
        <deal Ticket="665877" OpenTime="2009-08-20 00:30:00" DealType="-1" Lots="0.02" Symbol="EURUSD" Open="1.4233" SL="1.4270" TP="1.4225" CloseTime="2009-08-20 01:15:00" Close="1.4233" Swap="0.00" Profit="0.00" Comment=" (35)" />
        <deal Ticket="665850" OpenTime="2009-08-19 23:06:00" DealType="-1" Lots="0.05" Symbol="USDCHF" Open="1.0652" SL="1.0739" TP="1.0643" CloseTime="2009-08-20 00:26:00" Close="1.0652" Swap="0.00" Profit="0.00" Comment=" (36)" />
        <deal Ticket="665854" OpenTime="2009-08-19 23:19:00" DealType="-1" Lots="0.05" Symbol="USDCHF" Open="1.0657" SL="1.0739" TP="1.0643" CloseTime="2009-08-20 00:25:00" Close="1.0651" Swap="0.00" Profit="2.82" Comment=" (37)" />
        <deal Ticket="663959" OpenTime="2009-08-19 00:04:00" DealType="-1" Lots="0.02" Symbol="AUDUSD" Open="0.8265" SL="0.8288" TP="0.8256" CloseTime="2009-08-19 00:23:00" Close="0.8262" Swap="0.00" Profit="0.60" Comment=" (38)" />
        <deal Ticket="663937" OpenTime="2009-08-18 23:02:00" DealType="-1" Lots="0.05" Symbol="USDCHF" Open="1.0761" SL="1.0847" TP="1.0751" CloseTime="2009-08-18 23:43:00" Close="1.0759" Swap="0.00" Profit="0.93" Comment=" (39)" />
        <deal Ticket="662355" OpenTime="2009-08-18 05:30:00" DealType="-1" Lots="0.03" Symbol="EURUSD" Open="1.4127" SL="1.4198" TP="1.4118" CloseTime="2009-08-18 05:33:00" Close="1.4118" Swap="0.00" Profit="2.70" Comment=" (40)" />
        <deal Ticket="662170" OpenTime="2009-08-18 00:50:00" DealType="1" Lots="0.01" Symbol="CADCHF" Open="0.9743" SL="0.9727" TP="0.9757" CloseTime="2009-08-18 01:59:00" Close="0.9727" Swap="0.00" Profit="-1.48" Comment=" (41)" />
        <deal Ticket="662168" OpenTime="2009-08-18 00:36:00" DealType="1" Lots="0.02" Symbol="EURUSD" Open="1.4072" SL="1.4037" TP="1.4082" CloseTime="2009-08-18 01:32:00" Close="1.4072" Swap="0.00" Profit="0.00" Comment=" (42)" />
        <deal Ticket="662158" OpenTime="2009-08-18 00:10:00" DealType="-1" Lots="0.06" Symbol="USDJPY" Open="94.54" SL="95.40" TP="94.43" CloseTime="2009-08-18 00:50:00" Close="94.50" Swap="0.00" Profit="2.54" Comment=" (43)" />
        <deal Ticket="662153" OpenTime="2009-08-18 00:01:00" DealType="1" Lots="0.02" Symbol="AUDUSD" Open="0.8207" SL="0.8185" TP="0.8217" CloseTime="2009-08-18 00:17:00" Close="0.8210" Swap="0.00" Profit="0.60" Comment=" (44)" />
        <deal Ticket="659037" OpenTime="2009-08-14 05:47:00" DealType="1" Lots="0.03" Symbol="EURUSD" Open="1.4274" SL="1.4207" TP="1.4275" CloseTime="2009-08-14 11:18:00" Close="1.4275" Swap="0.00" Profit="0.30" Comment=" (45)" />
        <deal Ticket="659019" OpenTime="2009-08-14 05:31:00" DealType="1" Lots="0.03" Symbol="EURUSD" Open="1.4277" SL="1.4207" TP="1.4278" CloseTime="2009-08-14 11:18:00" Close="1.4278" Swap="0.00" Profit="0.30" Comment=" (46)" />
        <deal Ticket="658945" OpenTime="2009-08-14 00:49:00" DealType="1" Lots="0.02" Symbol="EURUSD" Open="1.4281" SL="1.4246" TP="1.4291" CloseTime="2009-08-14 01:21:00" Close="1.4283" Swap="0.00" Profit="0.40" Comment=" (47)" />
        <deal Ticket="658946" OpenTime="2009-08-14 00:50:00" DealType="1" Lots="0.02" Symbol="AUDUSD" Open="0.8417" SL="0.8393" TP="0.8425" CloseTime="2009-08-14 01:02:00" Close="0.8421" Swap="0.00" Profit="0.80" Comment=" (48)" />
        <deal Ticket="658939" OpenTime="2009-08-14 00:07:00" DealType="-1" Lots="0.02" Symbol="AUDUSD" Open="0.8428" SL="0.8450" TP="0.8418" CloseTime="2009-08-14 00:47:00" Close="0.8422" Swap="0.00" Profit="1.20" Comment=" (49)" />
        <deal Ticket="658934" OpenTime="2009-08-14 00:00:00" DealType="-1" Lots="0.06" Symbol="USDJPY" Open="95.45" SL="96.30" TP="95.33" CloseTime="2009-08-14 00:47:00" Close="95.42" Swap="0.00" Profit="1.89" Comment=" (50)" />
        <deal Ticket="657171" OpenTime="2009-08-13 00:32:00" DealType="-1" Lots="0.02" Symbol="EURUSD" Open="1.4198" SL="1.4233" TP="1.4188" CloseTime="2009-08-13 04:29:00" Close="1.4233" Swap="0.00" Profit="-7.00" Comment=" (51)" />
        <deal Ticket="657156" OpenTime="2009-08-13 00:03:00" DealType="-1" Lots="0.06" Symbol="USDJPY" Open="96.11" SL="96.98" TP="96.01" CloseTime="2009-08-13 03:10:00" Close="96.01" Swap="0.00" Profit="6.25" Comment=" (52)" />
        <deal Ticket="657166" OpenTime="2009-08-13 00:23:00" DealType="1" Lots="0.02" Symbol="AUDUSD" Open="0.8327" SL="0.8303" TP="0.8335" CloseTime="2009-08-13 00:59:00" Close="0.8335" Swap="0.00" Profit="1.60" Comment=" (53)" />
        <deal Ticket="657152" OpenTime="2009-08-13 00:01:00" DealType="-1" Lots="0.05" Symbol="USDCHF" Open="1.0785" SL="1.0869" TP="1.0773" CloseTime="2009-08-13 00:11:00" Close="1.0779" Swap="0.00" Profit="2.78" Comment=" (54)" />
        <deal Ticket="657151" OpenTime="2009-08-13 00:00:00" DealType="-1" Lots="0.05" Symbol="USDCHF" Open="1.0782" SL="1.0869" TP="1.0773" CloseTime="2009-08-13 00:11:00" Close="1.0779" Swap="0.00" Profit="1.39" Comment=" (55)" />
        <deal Ticket="657146" OpenTime="2009-08-13 00:00:00" DealType="-1" Lots="0.02" Symbol="AUDUSD" Open="0.8334" SL="0.8356" TP="0.8324" CloseTime="2009-08-13 00:04:00" Close="0.8329" Swap="0.00" Profit="1.00" Comment=" (56)" />
        <deal Ticket="657135" OpenTime="2009-08-12 23:31:00" DealType="-1" Lots="0.05" Symbol="USDCHF" Open="1.0782" SL="1.0867" TP="1.0771" CloseTime="2009-08-12 23:45:00" Close="1.0777" Swap="0.00" Profit="2.32" Comment=" (57)" />
        <deal Ticket="657115" OpenTime="2009-08-12 22:43:00" DealType="1" Lots="0.05" Symbol="USDCHF" Open="1.0762" SL="1.0677" TP="1.0773" CloseTime="2009-08-12 23:05:00" Close="1.0767" Swap="0.00" Profit="2.32" Comment=" (58)" />
        <deal Ticket="657117" OpenTime="2009-08-12 22:45:00" DealType="1" Lots="0.05" Symbol="USDCHF" Open="1.0759" SL="1.0677" TP="1.0773" CloseTime="2009-08-12 22:57:00" Close="1.0766" Swap="0.00" Profit="3.25" Comment=" (59)" />
        <deal Ticket="655830" OpenTime="2009-08-12 11:57:00" DealType="1" Lots="0.05" Symbol="EURUSD" Open="1.4107" SL="0.0000" TP="0.0000" CloseTime="2009-08-12 13:08:00" Close="1.4152" Swap="0.00" Profit="0.00" Comment=" (60)" />
        <deal Ticket="655301" OpenTime="2009-08-12 05:53:00" DealType="1" Lots="0.03" Symbol="EURUSD" Open="1.4148" SL="1.4078" TP="1.4158" CloseTime="2009-08-12 13:08:00" Close="1.4149" Swap="0.00" Profit="0.30" Comment=" (61)" />
        <deal Ticket="655304" OpenTime="2009-08-12 05:55:00" DealType="1" Lots="0.03" Symbol="EURUSD" Open="1.4144" SL="1.4078" TP="1.4157" CloseTime="2009-08-12 13:07:00" Close="1.4147" Swap="0.00" Profit="0.90" Comment=" (62)" />
        <deal Ticket="655114" OpenTime="2009-08-11 23:56:00" DealType="-1" Lots="0.06" Symbol="USDJPY" Open="96.01" SL="96.86" TP="95.89" CloseTime="2009-08-12 00:36:00" Close="95.94" Swap="0.00" Profit="4.38" Comment=" (63)" />
        <deal Ticket="653655" OpenTime="2009-08-11 05:31:00" DealType="1" Lots="0.03" Symbol="EURUSD" Open="1.4135" SL="1.4068" TP="1.4147" CloseTime="2009-08-11 06:23:00" Close="1.4141" Swap="0.00" Profit="1.80" Comment=" (64)" />
        <deal Ticket="653652" OpenTime="2009-08-11 05:30:00" DealType="1" Lots="0.03" Symbol="EURUSD" Open="1.4138" SL="1.4068" TP="1.4148" CloseTime="2009-08-11 06:23:00" Close="1.4141" Swap="0.00" Profit="0.90" Comment=" (65)" />
        <deal Ticket="653549" OpenTime="2009-08-11 00:42:00" DealType="-1" Lots="0.02" Symbol="AUDUSD" Open="0.8379" SL="0.8401" TP="0.8369" CloseTime="2009-08-11 01:12:00" Close="0.8375" Swap="0.00" Profit="0.80" Comment=" (66)" />
        <deal Ticket="650563" OpenTime="2009-08-07 00:00:00" DealType="1" Lots="0.01" Symbol="USDCAD" Open="1.0782" SL="1.0726" TP="1.0796" CloseTime="2009-08-07 04:53:00" Close="1.0779" Swap="0.00" Profit="-0.28" Comment=" (67)" />
        <deal Ticket="650561" OpenTime="2009-08-06 23:50:00" DealType="-1" Lots="0.06" Symbol="USDJPY" Open="95.42" SL="96.28" TP="95.31" CloseTime="2009-08-07 02:30:00" Close="95.44" Swap="0.00" Profit="-1.26" Comment=" (68)" />
        <deal Ticket="650539" OpenTime="2009-08-06 22:57:00" DealType="1" Lots="0.05" Symbol="USDCHF" Open="1.0648" SL="1.0562" TP="1.0658" CloseTime="2009-08-06 23:55:00" Close="1.0651" Swap="0.00" Profit="1.41" Comment=" (69)" />
        <deal Ticket="648671" OpenTime="2009-08-06 00:00:00" DealType="-1" Lots="0.01" Symbol="USDCAD" Open="1.0702" SL="1.0758" TP="1.0688" CloseTime="2009-08-06 04:39:00" Close="1.0688" Swap="0.00" Profit="1.31" Comment=" (70)" />
        <deal Ticket="648699" OpenTime="2009-08-06 00:48:00" DealType="-1" Lots="0.02" Symbol="EURUSD" Open="1.4414" SL="1.4450" TP="1.4405" CloseTime="2009-08-06 01:27:00" Close="1.4409" Swap="0.00" Profit="1.00" Comment=" (71)" />
        <deal Ticket="648668" OpenTime="2009-08-05 23:54:00" DealType="-1" Lots="0.05" Symbol="USDCHF" Open="1.0617" SL="1.0700" TP="1.0604" CloseTime="2009-08-06 00:48:00" Close="1.0612" Swap="0.00" Profit="2.36" Comment=" (72)" />
        <deal Ticket="648664" OpenTime="2009-08-05 23:47:00" DealType="-1" Lots="0.05" Symbol="USDCHF" Open="1.0613" SL="1.0700" TP="1.0604" CloseTime="2009-08-06 00:48:00" Close="1.0612" Swap="0.00" Profit="0.47" Comment=" (73)" />
        <deal Ticket="648675" OpenTime="2009-08-06 00:07:00" DealType="1" Lots="0.02" Symbol="AUDUSD" Open="0.8404" SL="0.8381" TP="0.8413" CloseTime="2009-08-06 00:32:00" Close="0.8409" Swap="0.00" Profit="1.00" Comment=" (74)" />
        <deal Ticket="648640" OpenTime="2009-08-05 22:36:00" DealType="-1" Lots="0.05" Symbol="USDCHF" Open="1.0613" SL="1.0693" TP="1.0597" CloseTime="2009-08-05 23:13:00" Close="1.0606" Swap="0.00" Profit="3.30" Comment=" (75)" />
        <deal Ticket="648633" OpenTime="2009-08-05 22:33:00" DealType="-1" Lots="0.05" Symbol="USDCHF" Open="1.0608" SL="1.0693" TP="1.0597" CloseTime="2009-08-05 23:13:00" Close="1.0606" Swap="0.00" Profit="0.94" Comment=" (76)" />
        <deal Ticket="647161" OpenTime="2009-08-05 06:18:00" DealType="-1" Lots="0.03" Symbol="EURUSD" Open="1.4420" SL="1.4491" TP="1.4411" CloseTime="2009-08-05 06:31:00" Close="1.4419" Swap="0.00" Profit="0.30" Comment=" (77)" />
        <deal Ticket="647131" OpenTime="2009-08-05 05:40:00" DealType="-1" Lots="0.03" Symbol="EURUSD" Open="1.4418" SL="1.4488" TP="1.4408" CloseTime="2009-08-05 06:10:00" Close="1.4414" Swap="0.00" Profit="1.20" Comment=" (78)" />
        <deal Ticket="646986" OpenTime="2009-08-04 23:32:00" DealType="1" Lots="0.05" Symbol="USDCHF" Open="1.0596" SL="1.0514" TP="1.0610" CloseTime="2009-08-05 00:12:00" Close="1.0602" Swap="0.00" Profit="2.83" Comment=" (79)" />
        <deal Ticket="646983" OpenTime="2009-08-04 23:28:00" DealType="1" Lots="0.05" Symbol="USDCHF" Open="1.0600" SL="1.0514" TP="1.0610" CloseTime="2009-08-05 00:12:00" Close="1.0602" Swap="0.00" Profit="0.94" Comment=" (80)" />
        <deal Ticket="645205" OpenTime="2009-08-03 23:06:00" DealType="1" Lots="0.05" Symbol="USDCHF" Open="1.0589" SL="1.0503" TP="1.0599" CloseTime="2009-08-03 23:31:00" Close="1.0592" Swap="0.00" Profit="1.42" Comment=" (81)" />
        <deal Ticket="641175" OpenTime="2009-07-31 05:30:00" DealType="-1" Lots="0.03" Symbol="EURUSD" Open="1.4119" SL="1.4189" TP="1.4109" CloseTime="2009-07-31 10:00:00" Close="1.4118" Swap="0.00" Profit="0.30" Comment=" (83)" />
        <deal Ticket="641177" OpenTime="2009-07-31 05:32:00" DealType="-1" Lots="0.03" Symbol="EURUSD" Open="1.4122" SL="1.4189" TP="1.4110" CloseTime="2009-07-31 09:45:00" Close="1.4119" Swap="0.00" Profit="0.90" Comment=" (84)" />
        <deal Ticket="641016" OpenTime="2009-07-30 23:46:00" DealType="-1" Lots="0.06" Symbol="USDJPY" Open="95.56" SL="96.42" TP="95.45" CloseTime="2009-07-31 00:48:00" Close="95.54" Swap="0.00" Profit="1.26" Comment=" (85)" />
        <deal Ticket="641012" OpenTime="2009-07-30 23:03:00" DealType="-1" Lots="0.05" Symbol="USDCHF" Open="1.0886" SL="1.0971" TP="1.0875" CloseTime="2009-07-30 23:43:00" Close="1.0882" Swap="0.00" Profit="1.84" Comment=" (86)" />
        <deal Ticket="639424" OpenTime="2009-07-30 00:35:00" DealType="-1" Lots="0.06" Symbol="USDJPY" Open="95.14" SL="96.00" TP="95.03" CloseTime="2009-07-30 01:14:00" Close="95.06" Swap="0.00" Profit="5.05" Comment=" (87)" />
        <deal Ticket="639426" OpenTime="2009-07-30 00:39:00" DealType="-1" Lots="0.05" Symbol="USDCHF" Open="1.0883" SL="1.0968" TP="1.0872" CloseTime="2009-07-30 01:04:00" Close="1.0878" Swap="0.00" Profit="2.30" Comment=" (88)" />
        <deal Ticket="639370" OpenTime="2009-07-29 22:37:00" DealType="1" Lots="0.05" Symbol="USDCHF" Open="1.0878" SL="1.0793" TP="1.0889" CloseTime="2009-07-30 00:38:00" Close="1.0882" Swap="0.00" Profit="1.84" Comment=" (89)" />
        <deal Ticket="636293" OpenTime="2009-07-28 06:35:00" DealType="-1" Lots="0.03" Symbol="EURUSD" Open="1.4244" SL="1.4311" TP="1.4232" CloseTime="2009-07-28 14:51:00" Close="1.4232" Swap="0.00" Profit="3.60" Comment=" (90)" />
        <deal Ticket="636273" OpenTime="2009-07-28 06:17:00" DealType="-1" Lots="0.03" Symbol="EURUSD" Open="1.4240" SL="1.4311" TP="1.4231" CloseTime="2009-07-28 14:51:00" Close="1.4231" Swap="0.00" Profit="2.70" Comment=" (91)" />
        <deal Ticket="636243" OpenTime="2009-07-28 05:35:00" DealType="1" Lots="0.03" Symbol="EURUSD" Open="1.4224" SL="1.4158" TP="1.4237" CloseTime="2009-07-28 06:02:00" Close="1.4231" Swap="0.00" Profit="2.10" Comment=" (92)" />
        <deal Ticket="636238" OpenTime="2009-07-28 05:30:00" DealType="1" Lots="0.03" Symbol="EURUSD" Open="1.4228" SL="1.4158" TP="1.4238" CloseTime="2009-07-28 06:02:00" Close="1.4231" Swap="0.00" Profit="0.90" Comment=" (93)" />
        <deal Ticket="632896" OpenTime="2009-07-23 23:11:00" DealType="-1" Lots="0.05" Symbol="USDCHF" Open="1.0733" SL="1.0814" TP="1.0718" CloseTime="2009-07-24 09:41:00" Close="1.0718" Swap="0.00" Profit="7.00" Comment=" (94)" />
        <deal Ticket="632877" OpenTime="2009-07-23 22:56:00" DealType="-1" Lots="0.05" Symbol="USDCHF" Open="1.0728" SL="1.0814" TP="1.0718" CloseTime="2009-07-24 09:41:00" Close="1.0718" Swap="0.00" Profit="4.67" Comment=" (95)" />
        <deal Ticket="633003" OpenTime="2009-07-24 00:50:00" DealType="-1" Lots="0.06" Symbol="USDJPY" Open="95.02" SL="95.87" TP="94.90" CloseTime="2009-07-24 03:04:00" Close="94.90" Swap="0.00" Profit="7.59" Comment=" (96)" />
        <deal Ticket="631270" OpenTime="2009-07-23 05:57:00" DealType="-1" Lots="0.03" Symbol="EURUSD" Open="1.4231" SL="1.4303" TP="1.4223" CloseTime="2009-07-23 07:04:00" Close="1.4229" Swap="0.00" Profit="0.60" Comment=" (97)" />
        <deal Ticket="631279" OpenTime="2009-07-23 06:02:00" DealType="-1" Lots="0.03" Symbol="EURUSD" Open="1.4234" SL="1.4303" TP="1.4224" CloseTime="2009-07-23 06:41:00" Close="1.4231" Swap="0.00" Profit="0.90" Comment=" (98)" />
        <deal Ticket="631133" OpenTime="2009-07-23 00:42:00" DealType="-1" Lots="0.05" Symbol="USDCHF" Open="1.0667" SL="1.0752" TP="1.0656" CloseTime="2009-07-23 01:39:00" Close="1.0665" Swap="0.00" Profit="0.94" Comment=" (99)" />
        <deal Ticket="631108" OpenTime="2009-07-22 23:57:00" DealType="-1" Lots="0.06" Symbol="USDJPY" Open="93.59" SL="94.45" TP="93.48" CloseTime="2009-07-23 01:37:00" Close="93.61" Swap="0.00" Profit="-1.28" Comment=" (100)" />
        <deal Ticket="631087" OpenTime="2009-07-22 22:41:00" DealType="-1" Lots="0.05" Symbol="USDCHF" Open="1.0663" SL="1.0748" TP="1.0652" CloseTime="2009-07-22 23:17:00" Close="1.0658" Swap="0.00" Profit="2.35" Comment=" (101)" />
        <deal Ticket="629554" OpenTime="2009-07-22 05:51:00" DealType="1" Lots="0.03" Symbol="EURUSD" Open="1.4182" SL="1.4111" TP="1.4191" CloseTime="2009-07-22 05:56:00" Close="1.4190" Swap="0.00" Profit="2.40" Comment=" (102)" />
        <deal Ticket="629545" OpenTime="2009-07-22 05:33:00" DealType="1" Lots="0.03" Symbol="EURUSD" Open="1.4182" SL="1.4110" TP="1.4190" CloseTime="2009-07-22 05:39:00" Close="1.4182" Swap="0.00" Profit="0.00" Comment=" (103)" />
        <deal Ticket="629361" OpenTime="2009-07-21 23:20:00" DealType="1" Lots="0.05" Symbol="USDCHF" Open="1.0667" SL="1.0587" TP="1.0683" CloseTime="2009-07-22 02:31:00" Close="1.0670" Swap="0.00" Profit="1.41" Comment=" (104)" />
        <deal Ticket="629350" OpenTime="2009-07-21 23:15:00" DealType="1" Lots="0.05" Symbol="USDCHF" Open="1.0672" SL="1.0587" TP="1.0683" CloseTime="2009-07-22 02:31:00" Close="1.0670" Swap="0.00" Profit="-0.94" Comment=" (105)" />
        <deal Ticket="629425" OpenTime="2009-07-22 00:52:00" DealType="1" Lots="0.06" Symbol="USDJPY" Open="93.66" SL="92.79" TP="93.76" CloseTime="2009-07-22 01:32:00" Close="93.69" Swap="0.00" Profit="1.92" Comment=" (106)" />
        <deal Ticket="629404" OpenTime="2009-07-22 00:08:00" DealType="-1" Lots="0.06" Symbol="USDJPY" Open="93.77" SL="94.64" TP="93.67" CloseTime="2009-07-22 00:38:00" Close="93.68" Swap="0.00" Profit="5.76" Comment=" (107)" />
        <deal Ticket="629368" OpenTime="2009-07-21 23:33:00" DealType="1" Lots="0.06" Symbol="USDJPY" Open="93.65" SL="92.80" TP="93.77" CloseTime="2009-07-21 23:43:00" Close="93.77" Swap="0.00" Profit="7.68" Comment=" (108)" />
        <deal Ticket="627709" OpenTime="2009-07-21 05:41:00" DealType="-1" Lots="0.03" Symbol="EURUSD" Open="1.4210" SL="1.4276" TP="1.4197" CloseTime="2009-07-21 08:16:00" Close="1.4205" Swap="0.00" Profit="1.50" Comment=" (109)" />
        <deal Ticket="627697" OpenTime="2009-07-21 05:30:00" DealType="-1" Lots="0.03" Symbol="EURUSD" Open="1.4206" SL="1.4276" TP="1.4196" CloseTime="2009-07-21 08:16:00" Close="1.4205" Swap="0.00" Profit="0.30" Comment=" (110)" />
        <deal Ticket="624819" OpenTime="2009-07-17 06:31:00" DealType="-1" Lots="0.03" Symbol="EURUSD" Open="1.4123" SL="1.4195" TP="1.4115" CloseTime="2009-07-17 06:36:00" Close="1.4123" Swap="0.00" Profit="0.00" Comment=" (111)" />
        <deal Ticket="624785" OpenTime="2009-07-17 05:35:00" DealType="1" Lots="0.03" Symbol="EURUSD" Open="1.4105" SL="1.4033" TP="1.4113" CloseTime="2009-07-17 05:45:00" Close="1.4107" Swap="0.00" Profit="0.60" Comment=" (112)" />
        <deal Ticket="624782" OpenTime="2009-07-17 05:30:00" DealType="-1" Lots="0.03" Symbol="EURUSD" Open="1.4109" SL="1.4179" TP="1.4099" CloseTime="2009-07-17 05:35:00" Close="1.4105" Swap="0.00" Profit="1.20" Comment=" (113)" />
        <deal Ticket="624629" OpenTime="2009-07-17 00:19:00" DealType="1" Lots="0.06" Symbol="USDJPY" Open="93.83" SL="92.98" TP="93.95" CloseTime="2009-07-17 03:07:00" Close="93.83" Swap="0.00" Profit="0.00" Comment=" (114)" />
        <deal Ticket="624634" OpenTime="2009-07-17 00:22:00" DealType="1" Lots="0.06" Symbol="USDJPY" Open="93.77" SL="92.98" TP="93.92" CloseTime="2009-07-17 02:07:00" Close="93.78" Swap="0.00" Profit="0.64" Comment=" (115)" />
        <deal Ticket="624613" OpenTime="2009-07-16 23:38:00" DealType="-1" Lots="0.06" Symbol="USDJPY" Open="93.87" SL="94.73" TP="93.76" CloseTime="2009-07-17 00:19:00" Close="93.85" Swap="0.00" Profit="1.28" Comment=" (116)" />
        <deal Ticket="624616" OpenTime="2009-07-16 23:48:00" DealType="-1" Lots="0.06" Symbol="USDJPY" Open="93.94" SL="94.73" TP="93.79" CloseTime="2009-07-17 00:18:00" Close="93.83" Swap="0.00" Profit="7.03" Comment=" (117)" />
        <deal Ticket="621377" OpenTime="2009-07-14 23:15:00" DealType="1" Lots="0.05" Symbol="USDCHF" Open="1.0905" SL="1.0822" TP="1.0918" CloseTime="2009-07-15 09:14:00" Close="1.0822" Swap="0.00" Profit="-38.35" Comment=" (118)" />
        <deal Ticket="621364" OpenTime="2009-07-14 22:58:00" DealType="1" Lots="0.05" Symbol="USDCHF" Open="1.0908" SL="1.0822" TP="1.0918" CloseTime="2009-07-15 09:14:00" Close="1.0822" Swap="0.00" Profit="-39.73" Comment=" (119)" />
        <deal Ticket="619957" OpenTime="2009-07-14 05:32:00" DealType="1" Lots="0.03" Symbol="EURUSD" Open="1.3967" SL="1.3896" TP="1.3976" CloseTime="2009-07-14 05:38:00" Close="1.3969" Swap="0.00" Profit="0.60" Comment=" (120)" />
        <deal Ticket="619833" OpenTime="2009-07-14 00:00:00" DealType="-1" Lots="0.06" Symbol="USDJPY" Open="92.96" SL="93.81" TP="92.84" CloseTime="2009-07-14 02:02:00" Close="92.96" Swap="0.00" Profit="0.00" Comment=" (121)" />
        <deal Ticket="619851" OpenTime="2009-07-14 01:00:00" DealType="-1" Lots="0.06" Symbol="USDJPY" Open="93.04" SL="93.81" TP="92.87" CloseTime="2009-07-14 02:01:00" Close="92.99" Swap="0.00" Profit="3.23" Comment=" (122)" />
        <deal Ticket="616867" OpenTime="2009-07-10 05:37:00" DealType="1" Lots="0.03" Symbol="EURUSD" Open="1.3975" SL="1.3909" TP="1.3988" CloseTime="2009-07-10 07:01:00" Close="1.3978" Swap="0.00" Profit="0.90" Comment=" (123)" />
        <deal Ticket="616859" OpenTime="2009-07-10 05:30:00" DealType="1" Lots="0.03" Symbol="EURUSD" Open="1.3979" SL="1.3909" TP="1.3989" CloseTime="2009-07-10 07:01:00" Close="1.3980" Swap="0.00" Profit="0.30" Comment=" (124)" />
        <deal Ticket="615224" OpenTime="2009-07-09 06:21:00" DealType="-1" Lots="0.03" Symbol="EURUSD" Open="1.3908" SL="1.3978" TP="1.3898" CloseTime="2009-07-09 06:26:00" Close="1.3904" Swap="0.00" Profit="1.20" Comment=" (125)" />
        <deal Ticket="615014" OpenTime="2009-07-08 22:46:00" DealType="1" Lots="0.05" Symbol="USDCHF" Open="1.0908" SL="1.0824" TP="1.0920" CloseTime="2009-07-09 03:10:00" Close="1.0912" Swap="0.00" Profit="1.83" Comment=" (126)" />
        <deal Ticket="615011" OpenTime="2009-07-08 22:45:00" DealType="1" Lots="0.05" Symbol="USDCHF" Open="1.0910" SL="1.0824" TP="1.0920" CloseTime="2009-07-09 03:10:00" Close="1.0911" Swap="0.00" Profit="0.46" Comment=" (127)" />
        <deal Ticket="615043" OpenTime="2009-07-08 23:43:00" DealType="-1" Lots="0.06" Symbol="USDJPY" Open="92.81" SL="93.66" TP="92.69" CloseTime="2009-07-09 00:53:00" Close="92.69" Swap="0.00" Profit="7.77" Comment=" (128)" />
        <deal Ticket="615049" OpenTime="2009-07-08 23:50:00" DealType="-1" Lots="0.06" Symbol="USDJPY" Open="92.88" SL="93.66" TP="92.72" CloseTime="2009-07-09 00:39:00" Close="92.72" Swap="0.00" Profit="10.35" Comment=" (129)" />
        <deal Ticket="613436" OpenTime="2009-07-08 06:09:00" DealType="-1" Lots="0.03" Symbol="EURUSD" Open="1.3911" SL="1.3983" TP="1.3903" CloseTime="2009-07-08 06:15:00" Close="1.3910" Swap="0.00" Profit="0.30" Comment=" (130)" />
        <deal Ticket="613255" OpenTime="2009-07-08 00:49:00" DealType="1" Lots="0.06" Symbol="USDJPY" Open="94.80" SL="93.93" TP="94.90" CloseTime="2009-07-08 01:31:00" Close="94.82" Swap="0.00" Profit="1.27" Comment=" (131)" />
        <deal Ticket="613219" OpenTime="2009-07-07 22:46:00" DealType="-1" Lots="0.05" Symbol="USDCHF" Open="1.0891" SL="1.0972" TP="1.0876" CloseTime="2009-07-08 01:10:00" Close="1.0889" Swap="0.00" Profit="0.92" Comment=" (132)" />
        <deal Ticket="613203" OpenTime="2009-07-07 22:30:00" DealType="-1" Lots="0.05" Symbol="USDCHF" Open="1.0887" SL="1.0972" TP="1.0876" CloseTime="2009-07-08 01:10:00" Close="1.0889" Swap="0.00" Profit="-0.92" Comment=" (133)" />
        <deal Ticket="613239" OpenTime="2009-07-07 23:56:00" DealType="-1" Lots="0.06" Symbol="USDJPY" Open="94.89" SL="95.70" TP="94.76" CloseTime="2009-07-08 00:48:00" Close="94.84" Swap="0.00" Profit="3.16" Comment=" (134)" />
        <deal Ticket="613238" OpenTime="2009-07-07 23:49:00" DealType="-1" Lots="0.06" Symbol="USDJPY" Open="94.83" SL="95.70" TP="94.73" CloseTime="2009-07-08 00:48:00" Close="94.83" Swap="0.00" Profit="0.00" Comment=" (135)" />
        <deal Ticket="611426" OpenTime="2009-07-06 23:06:00" DealType="1" Lots="0.05" Symbol="USDCHF" Open="1.0848" SL="1.0762" TP="1.0858" CloseTime="2009-07-06 23:40:00" Close="1.0847" Swap="0.00" Profit="-0.46" Comment=" (136)" />
        <deal Ticket="611438" OpenTime="2009-07-06 23:13:00" DealType="1" Lots="0.05" Symbol="USDCHF" Open="1.0843" SL="1.0762" TP="1.0858" CloseTime="2009-07-06 23:38:00" Close="1.0845" Swap="0.00" Profit="0.92" Comment=" (137)" />
        <deal Ticket="608938" OpenTime="2009-07-02 22:31:00" DealType="-1" Lots="0.05" Symbol="USDCHF" Open="1.0835" SL="1.0920" TP="1.0824" CloseTime="2009-07-03 09:06:00" Close="1.0842" Swap="0.00" Profit="-3.23" Comment=" (138)" />
        <deal Ticket="608948" OpenTime="2009-07-02 22:57:00" DealType="-1" Lots="0.05" Symbol="USDCHF" Open="1.0839" SL="1.0920" TP="1.0824" CloseTime="2009-07-03 08:58:00" Close="1.0852" Swap="0.00" Profit="-5.99" Comment=" (139)" />
        <deal Ticket="609179" OpenTime="2009-07-03 05:50:00" DealType="-1" Lots="0.03" Symbol="EURUSD" Open="1.3991" SL="1.4061" TP="1.3981" CloseTime="2009-07-03 06:14:00" Close="1.3987" Swap="0.00" Profit="1.20" Comment=" (140)" />
        <deal Ticket="609171" OpenTime="2009-07-03 05:30:00" DealType="1" Lots="0.03" Symbol="EURUSD" Open="1.3987" SL="1.3917" TP="1.3997" CloseTime="2009-07-03 05:50:00" Close="1.3991" Swap="0.00" Profit="1.20" Comment=" (141)" />
        <deal Ticket="609041" OpenTime="2009-07-03 00:47:00" DealType="-1" Lots="0.06" Symbol="USDJPY" Open="96.01" SL="96.86" TP="95.89" CloseTime="2009-07-03 01:05:00" Close="95.91" Swap="0.00" Profit="6.26" Comment=" (142)" />
        <deal Ticket="608973" OpenTime="2009-07-02 23:53:00" DealType="-1" Lots="0.06" Symbol="USDJPY" Open="95.94" SL="96.80" TP="95.83" CloseTime="2009-07-03 00:33:00" Close="95.95" Swap="0.00" Profit="-0.63" Comment=" (143)" />
        <deal Ticket="608995" OpenTime="2009-07-03 00:24:00" DealType="-1" Lots="0.06" Symbol="USDJPY" Open="96.01" SL="96.80" TP="95.86" CloseTime="2009-07-03 00:26:00" Close="95.86" Swap="0.00" Profit="9.39" Comment=" (144)" />
        <deal Ticket="607601" OpenTime="2009-07-02 06:18:00" DealType="1" Lots="0.02" Symbol="EURUSD" Open="1.4109" SL="1.4039" TP="1.4119" CloseTime="2009-07-02 06:38:00" Close="1.4113" Swap="0.00" Profit="0.80" Comment=" (145)" />
        <deal Ticket="607602" OpenTime="2009-07-02 06:18:00" DealType="1" Lots="0.02" Symbol="EURUSD" Open="1.4108" SL="1.4039" TP="1.4118" CloseTime="2009-07-02 06:34:00" Close="1.4110" Swap="0.00" Profit="0.40" Comment=" (146)" />
        <deal Ticket="607576" OpenTime="2009-07-02 05:30:00" DealType="1" Lots="0.02" Symbol="EURUSD" Open="1.4114" SL="1.4044" TP="1.4124" CloseTime="2009-07-02 05:38:00" Close="1.4117" Swap="0.00" Profit="0.60" Comment=" (147)" />
        <deal Ticket="607577" OpenTime="2009-07-02 05:30:00" DealType="1" Lots="0.02" Symbol="EURUSD" Open="1.4110" SL="1.4044" TP="1.4123" CloseTime="2009-07-02 05:35:00" Close="1.4117" Swap="0.00" Profit="1.40" Comment=" (148)" />
        <deal Ticket="607491" OpenTime="2009-07-02 00:59:00" DealType="1" Lots="0.06" Symbol="USDJPY" Open="96.54" SL="95.67" TP="96.64" CloseTime="2009-07-02 01:37:00" Close="96.60" Swap="0.00" Profit="3.73" Comment=" (149)" />
        <deal Ticket="607454" OpenTime="2009-07-01 22:41:00" DealType="1" Lots="0.05" Symbol="USDCHF" Open="1.0745" SL="1.0660" TP="1.0756" CloseTime="2009-07-01 22:59:00" Close="1.0748" Swap="0.00" Profit="1.40" Comment=" (150)" />
        <deal Ticket="606141" OpenTime="2009-07-01 06:34:00" DealType="-1" Lots="0.02" Symbol="EURUSD" Open="1.4039" SL="1.4109" TP="1.4029" CloseTime="2009-07-01 07:24:00" Close="1.4036" Swap="0.00" Profit="0.60" Comment=" (151)" />
        <deal Ticket="605794" OpenTime="2009-06-30 23:04:00" DealType="-1" Lots="0.05" Symbol="USDCHF" Open="1.0868" SL="1.0953" TP="1.0857" CloseTime="2009-06-30 23:19:00" Close="1.0863" Swap="0.00" Profit="2.30" Comment=" (153)" />
        <deal Ticket="604210" OpenTime="2009-06-30 05:44:00" DealType="-1" Lots="0.02" Symbol="EURUSD" Open="1.4123" SL="1.4192" TP="1.4113" CloseTime="2009-06-30 06:14:00" Close="1.4119" Swap="0.00" Profit="0.80" Comment=" (154)" />
        <deal Ticket="604207" OpenTime="2009-06-30 05:42:00" DealType="-1" Lots="0.02" Symbol="EURUSD" Open="1.4120" SL="1.4192" TP="1.4112" CloseTime="2009-06-30 06:14:00" Close="1.4115" Swap="0.00" Profit="1.00" Comment=" (155)" />
        <deal Ticket="604088" OpenTime="2009-06-30 00:27:00" DealType="-1" Lots="0.06" Symbol="USDJPY" Open="96.12" SL="96.97" TP="96.00" CloseTime="2009-06-30 01:07:00" Close="96.10" Swap="0.00" Profit="1.25" Comment=" (156)" />
        <deal Ticket="604049" OpenTime="2009-06-29 22:30:00" DealType="-1" Lots="0.01" Symbol="USDCHF" Open="1.0827" SL="0.0000" TP="1.0818" CloseTime="2009-06-30 00:04:00" Close="1.0825" Swap="0.00" Profit="0.18" Comment=" (157)" />
        <deal Ticket="604056" OpenTime="2009-06-29 22:41:00" DealType="-1" Lots="0.05" Symbol="USDCHF" Open="1.0829" SL="1.0916" TP="1.0820" CloseTime="2009-06-29 23:21:00" Close="1.0828" Swap="0.00" Profit="0.46" Comment=" (158)" />
        <deal Ticket="601478" OpenTime="2009-06-26 06:18:00" DealType="-1" Lots="0.02" Symbol="EURUSD" Open="1.4042" SL="1.4112" TP="1.4032" CloseTime="2009-06-26 06:39:00" Close="1.4039" Swap="0.00" Profit="0.60" Comment=" (159)" />
        <deal Ticket="601460" OpenTime="2009-06-26 05:37:00" DealType="-1" Lots="0.02" Symbol="EURUSD" Open="1.4043" SL="1.4114" TP="1.4034" CloseTime="2009-06-26 05:42:00" Close="1.4041" Swap="0.00" Profit="0.40" Comment=" (160)" />
        <deal Ticket="601348" OpenTime="2009-06-26 00:59:00" DealType="-1" Lots="0.06" Symbol="USDJPY" Open="95.99" SL="96.85" TP="95.88" CloseTime="2009-06-26 01:42:00" Close="95.98" Swap="0.00" Profit="0.63" Comment=" (161)" />
        <deal Ticket="601319" OpenTime="2009-06-25 23:42:00" DealType="-1" Lots="0.06" Symbol="USDJPY" Open="95.93" SL="96.79" TP="95.82" CloseTime="2009-06-26 00:29:00" Close="95.92" Swap="0.00" Profit="0.63" Comment=" (162)" />
        <deal Ticket="601323" OpenTime="2009-06-25 23:58:00" DealType="-1" Lots="0.06" Symbol="USDJPY" Open="95.99" SL="96.79" TP="95.85" CloseTime="2009-06-26 00:22:00" Close="95.93" Swap="0.00" Profit="3.75" Comment=" (163)" />
        <deal Ticket="600090" OpenTime="2009-06-25 06:39:00" DealType="-1" Lots="0.02" Symbol="EURUSD" Open="1.3962" SL="1.4032" TP="1.3952" CloseTime="2009-06-25 07:45:00" Close="1.3959" Swap="0.00" Profit="0.60" Comment=" (164)" />
        <deal Ticket="600091" OpenTime="2009-06-25 06:41:00" DealType="-1" Lots="0.02" Symbol="EURUSD" Open="1.3967" SL="1.4032" TP="1.3953" CloseTime="2009-06-25 07:44:00" Close="1.3962" Swap="0.00" Profit="1.00" Comment=" (165)" />
        <deal Ticket="600064" OpenTime="2009-06-25 05:55:00" DealType="-1" Lots="0.02" Symbol="EURUSD" Open="1.3960" SL="1.4031" TP="1.3951" CloseTime="2009-06-25 06:12:00" Close="1.3957" Swap="0.00" Profit="0.60" Comment=" (166)" />
        <deal Ticket="600074" OpenTime="2009-06-25 06:03:00" DealType="-1" Lots="0.02" Symbol="EURUSD" Open="1.3964" SL="1.4031" TP="1.3952" CloseTime="2009-06-25 06:09:00" Close="1.3959" Swap="0.00" Profit="1.00" Comment=" (167)" />
        <deal Ticket="600039" OpenTime="2009-06-25 05:31:00" DealType="1" Lots="0.02" Symbol="EURUSD" Open="1.3939" SL="1.3867" TP="1.3947" CloseTime="2009-06-25 05:36:00" Close="1.3943" Swap="0.00" Profit="0.80" Comment=" (168)" />
        <deal Ticket="599937" OpenTime="2009-06-25 00:17:00" DealType="-1" Lots="0.06" Symbol="USDJPY" Open="95.70" SL="96.55" TP="95.58" CloseTime="2009-06-25 02:16:00" Close="95.72" Swap="0.00" Profit="-1.25" Comment=" (169)" />
        <deal Ticket="599942" OpenTime="2009-06-25 00:19:00" DealType="-1" Lots="0.06" Symbol="USDJPY" Open="95.74" SL="96.55" TP="95.61" CloseTime="2009-06-25 01:40:00" Close="95.72" Swap="0.00" Profit="1.25" Comment=" (170)" />
        <deal Ticket="599906" OpenTime="2009-06-24 23:01:00" DealType="1" Lots="0.05" Symbol="USDCHF" Open="1.0965" SL="1.0884" TP="1.0980" CloseTime="2009-06-24 23:05:00" Close="1.0975" Swap="0.00" Profit="4.56" Comment=" (171)" />
        <deal Ticket="599902" OpenTime="2009-06-24 23:00:00" DealType="1" Lots="0.05" Symbol="USDCHF" Open="1.0969" SL="1.0884" TP="1.0980" CloseTime="2009-06-24 23:05:00" Close="1.0975" Swap="0.00" Profit="2.73" Comment=" (172)" />
        <deal Ticket="599892" OpenTime="2009-06-24 22:48:00" DealType="1" Lots="0.05" Symbol="USDCHF" Open="1.0970" SL="1.0884" TP="1.0980" CloseTime="2009-06-24 22:53:00" Close="1.0975" Swap="0.00" Profit="2.28" Comment=" (173)" />
        <deal Ticket="598398" OpenTime="2009-06-24 06:28:00" DealType="-1" Lots="0.02" Symbol="EURUSD" Open="1.4093" SL="1.4161" TP="1.4082" CloseTime="2009-06-24 06:37:00" Close="1.4088" Swap="0.00" Profit="1.00" Comment=" (174)" />
        <deal Ticket="598395" OpenTime="2009-06-24 06:23:00" DealType="-1" Lots="0.02" Symbol="EURUSD" Open="1.4089" SL="1.4161" TP="1.4081" CloseTime="2009-06-24 06:37:00" Close="1.4088" Swap="0.00" Profit="0.20" Comment=" (175)" />
        <deal Ticket="598366" OpenTime="2009-06-24 05:57:00" DealType="-1" Lots="0.02" Symbol="EURUSD" Open="1.4092" SL="1.4162" TP="1.4082" CloseTime="2009-06-24 06:17:00" Close="1.4088" Swap="0.00" Profit="0.80" Comment=" (176)" />
        <deal Ticket="598375" OpenTime="2009-06-24 06:04:00" DealType="-1" Lots="0.02" Symbol="EURUSD" Open="1.4094" SL="1.4162" TP="1.4083" CloseTime="2009-06-24 06:16:00" Close="1.4089" Swap="0.00" Profit="1.00" Comment=" (177)" />
        <deal Ticket="596749" OpenTime="2009-06-23 05:40:00" DealType="1" Lots="0.02" Symbol="EURUSD" Open="1.3835" SL="1.3768" TP="1.3847" CloseTime="2009-06-23 05:46:00" Close="1.3841" Swap="0.00" Profit="1.20" Comment=" (178)" />
        <deal Ticket="596747" OpenTime="2009-06-23 05:39:00" DealType="1" Lots="0.02" Symbol="EURUSD" Open="1.3838" SL="1.3768" TP="1.3848" CloseTime="2009-06-23 05:46:00" Close="1.3840" Swap="0.00" Profit="0.40" Comment=" (179)" />
        <deal Ticket="596737" OpenTime="2009-06-23 05:31:00" DealType="1" Lots="0.02" Symbol="EURUSD" Open="1.3838" SL="1.3768" TP="1.3848" CloseTime="2009-06-23 05:36:00" Close="1.3841" Swap="0.00" Profit="0.60" Comment=" (180)" />
        <deal Ticket="596573" OpenTime="2009-06-23 00:31:00" DealType="-1" Lots="0.06" Symbol="USDJPY" Open="95.94" SL="96.80" TP="95.83" CloseTime="2009-06-23 01:12:00" Close="95.92" Swap="0.00" Profit="1.25" Comment=" (181)" />
        <deal Ticket="596554" OpenTime="2009-06-22 23:02:00" DealType="-1" Lots="0.05" Symbol="USDCHF" Open="1.0866" SL="1.0952" TP="1.0856" CloseTime="2009-06-22 23:33:00" Close="1.0864" Swap="0.00" Profit="0.92" Comment=" (182)" />
        <deal Ticket="593667" OpenTime="2009-06-18 22:29:00" DealType="-1" Lots="0.01" Symbol="GBPCAD" Open="1.8533" SL="0.0000" TP="1.8521" CloseTime="2009-06-18 22:49:00" Close="1.8527" Swap="0.00" Profit="0.53" Comment=" (183)" />
        <deal Ticket="592277" OpenTime="2009-06-18 01:02:00" DealType="-1" Lots="0.05" Symbol="GBPCAD" Open="1.8566" SL="1.8637" TP="1.8547" CloseTime="2009-06-18 01:35:00" Close="1.8560" Swap="0.00" Profit="2.65" Comment=" (184)" />
        <deal Ticket="592267" OpenTime="2009-06-18 00:39:00" DealType="1" Lots="0.06" Symbol="USDJPY" Open="95.67" SL="94.82" TP="95.79" CloseTime="2009-06-18 01:20:00" Close="95.69" Swap="0.00" Profit="1.25" Comment=" (185)" />
        <deal Ticket="592276" OpenTime="2009-06-18 01:02:00" DealType="-1" Lots="0.05" Symbol="GBPCAD" Open="1.8562" SL="1.8637" TP="1.8550" CloseTime="2009-06-18 01:13:00" Close="1.8550" Swap="0.00" Profit="5.30" Comment=" (186)" />
        <deal Ticket="592242" OpenTime="2009-06-17 23:51:00" DealType="-1" Lots="0.06" Symbol="USDJPY" Open="95.72" SL="96.57" TP="95.60" CloseTime="2009-06-18 00:38:00" Close="95.69" Swap="0.00" Profit="1.88" Comment=" (187)" />
        <deal Ticket="592261" OpenTime="2009-06-18 00:18:00" DealType="-1" Lots="0.06" Symbol="USDJPY" Open="95.79" SL="96.57" TP="95.63" CloseTime="2009-06-18 00:37:00" Close="95.72" Swap="0.00" Profit="4.39" Comment=" (188)" />
        <deal Ticket="592239" OpenTime="2009-06-17 23:41:00" DealType="-1" Lots="0.05" Symbol="GBPCAD" Open="1.8563" SL="1.8635" TP="1.8545" CloseTime="2009-06-18 00:34:00" Close="1.8555" Swap="0.00" Profit="3.54" Comment=" (189)" />
        <deal Ticket="592234" OpenTime="2009-06-17 23:33:00" DealType="-1" Lots="0.05" Symbol="GBPCAD" Open="1.8559" SL="1.8635" TP="1.8548" CloseTime="2009-06-18 00:18:00" Close="1.8557" Swap="0.00" Profit="0.89" Comment=" (190)" />
        <deal Ticket="592228" OpenTime="2009-06-17 23:06:00" DealType="-1" Lots="0.05" Symbol="USDCHF" Open="1.0799" SL="1.0884" TP="1.0788" CloseTime="2009-06-17 23:18:00" Close="1.0795" Swap="0.00" Profit="1.85" Comment=" (191)" />
        <deal Ticket="585924" OpenTime="2009-06-11 22:35:00" DealType="-1" Lots="0.01" Symbol="USDCHF" Open="1.0700" SL="0.0000" TP="1.0697" CloseTime="2009-06-12 05:53:00" Close="1.0697" Swap="0.00" Profit="0.28" Comment=" (192)" />
        <deal Ticket="585964" OpenTime="2009-06-12 00:48:00" DealType="-1" Lots="0.06" Symbol="USDJPY" Open="97.64" SL="98.50" TP="97.53" CloseTime="2009-06-12 02:09:00" Close="97.62" Swap="0.00" Profit="1.23" Comment=" (193)" />
        <deal Ticket="585967" OpenTime="2009-06-12 00:58:00" DealType="-1" Lots="0.06" Symbol="USDJPY" Open="97.71" SL="98.50" TP="97.56" CloseTime="2009-06-12 01:57:00" Close="97.66" Swap="0.00" Profit="3.07" Comment=" (194)" />
        <deal Ticket="585937" OpenTime="2009-06-11 23:00:00" DealType="-1" Lots="0.05" Symbol="USDCHF" Open="1.0707" SL="1.0789" TP="1.0693" CloseTime="2009-06-11 23:28:00" Close="1.0701" Swap="0.00" Profit="2.80" Comment=" (195)" />
        <deal Ticket="585928" OpenTime="2009-06-11 22:46:00" DealType="-1" Lots="0.05" Symbol="USDCHF" Open="1.0701" SL="1.0789" TP="1.0693" CloseTime="2009-06-11 23:28:00" Close="1.0701" Swap="0.00" Profit="0.00" Comment=" (196)" />
        <deal Ticket="584405" OpenTime="2009-06-10 23:35:00" DealType="1" Lots="0.06" Symbol="USDJPY" Open="98.15" SL="97.30" TP="98.27" CloseTime="2009-06-11 00:16:00" Close="98.20" Swap="0.00" Profit="3.05" Comment=" (197)" />
        <deal Ticket="584381" OpenTime="2009-06-10 22:47:00" DealType="1" Lots="0.05" Symbol="USDCHF" Open="1.0811" SL="1.0729" TP="1.0825" CloseTime="2009-06-11 00:05:00" Close="1.0817" Swap="0.00" Profit="2.77" Comment=" (198)" />
        <deal Ticket="584366" OpenTime="2009-06-10 22:34:00" DealType="1" Lots="0.05" Symbol="USDCHF" Open="1.0816" SL="1.0729" TP="1.0825" CloseTime="2009-06-11 00:05:00" Close="1.0817" Swap="0.00" Profit="0.46" Comment=" (199)" />
        <deal Ticket="582704" OpenTime="2009-06-09 23:36:00" DealType="-1" Lots="0.01" Symbol="USDCHF" Open="1.0785" SL="0.0000" TP="1.0775" CloseTime="2009-06-10 01:04:00" Close="1.0775" Swap="0.00" Profit="0.93" Comment=" (200)" />
        <deal Ticket="582696" OpenTime="2009-06-09 23:03:00" DealType="1" Lots="0.01" Symbol="USDCHF" Open="1.0779" SL="0.0000" TP="0.0000" CloseTime="2009-06-09 23:22:00" Close="1.0781" Swap="0.00" Profit="0.19" Comment=" (201)" />
        <deal Ticket="581081" OpenTime="2009-06-08 22:32:00" DealType="1" Lots="0.05" Symbol="USDCHF" Open="1.0899" SL="1.0819" TP="1.0915" CloseTime="2009-06-08 23:00:00" Close="1.0908" Swap="0.00" Profit="4.13" Comment=" (202)" />
        <deal Ticket="581075" OpenTime="2009-06-08 22:31:00" DealType="1" Lots="0.05" Symbol="USDCHF" Open="1.0904" SL="1.0819" TP="1.0915" CloseTime="2009-06-08 23:00:00" Close="1.0908" Swap="0.00" Profit="1.83" Comment=" (203)" />
        <deal Ticket="577969" OpenTime="2009-06-05 00:52:00" DealType="-1" Lots="0.06" Symbol="USDJPY" Open="96.66" SL="97.51" TP="96.54" CloseTime="2009-06-05 01:39:00" Close="96.63" Swap="0.00" Profit="1.86" Comment=" (204)" />
        <deal Ticket="577943" OpenTime="2009-06-04 23:59:00" DealType="1" Lots="0.06" Symbol="USDJPY" Open="96.59" SL="95.74" TP="96.71" CloseTime="2009-06-05 00:51:00" Close="96.62" Swap="0.00" Profit="1.86" Comment=" (205)" />
        <deal Ticket="577951" OpenTime="2009-06-05 00:10:00" DealType="1" Lots="0.06" Symbol="USDJPY" Open="96.52" SL="95.74" TP="96.68" CloseTime="2009-06-05 00:46:00" Close="96.59" Swap="0.00" Profit="4.35" Comment=" (206)" />
        <deal Ticket="577949" OpenTime="2009-06-05 00:04:00" DealType="1" Lots="0.05" Symbol="USDCHF" Open="1.0683" SL="1.0598" TP="1.0694" CloseTime="2009-06-05 00:40:00" Close="1.0688" Swap="0.00" Profit="2.34" Comment=" (207)" />
        <deal Ticket="574090" OpenTime="2009-06-02 23:32:00" DealType="-1" Lots="0.06" Symbol="USDJPY" Open="95.65" SL="96.50" TP="95.53" CloseTime="2009-06-03 00:51:00" Close="95.63" Swap="0.00" Profit="1.25" Comment=" (208)" />
        <deal Ticket="574093" OpenTime="2009-06-02 23:39:00" DealType="-1" Lots="0.06" Symbol="USDJPY" Open="95.72" SL="96.50" TP="95.56" CloseTime="2009-06-03 00:38:00" Close="95.66" Swap="0.00" Profit="3.76" Comment=" (209)" />
        <deal Ticket="572732" OpenTime="2009-06-02 00:15:00" DealType="1" Lots="0.06" Symbol="USDJPY" Open="96.52" SL="95.71" TP="96.65" CloseTime="2009-06-02 00:40:00" Close="96.59" Swap="0.00" Profit="4.35" Comment=" (210)" />
        <deal Ticket="572721" OpenTime="2009-06-02 00:00:00" DealType="1" Lots="0.06" Symbol="USDJPY" Open="96.59" SL="95.71" TP="96.68" CloseTime="2009-06-02 00:40:00" Close="96.59" Swap="0.00" Profit="0.00" Comment=" (211)" />
        <deal Ticket="572705" OpenTime="2009-06-01 23:05:00" DealType="-1" Lots="0.05" Symbol="USDCHF" Open="1.0712" SL="1.0798" TP="1.0702" CloseTime="2009-06-01 23:45:00" Close="1.0710" Swap="0.00" Profit="0.93" Comment=" (212)" />
        <deal Ticket="572696" OpenTime="2009-06-01 22:46:00" DealType="-1" Lots="0.05" Symbol="USDCHF" Open="1.0712" SL="1.0798" TP="1.0702" CloseTime="2009-06-01 22:52:00" Close="1.0708" Swap="0.00" Profit="1.87" Comment=" (213)" />
        <deal Ticket="570178" OpenTime="2009-05-29 00:41:00" DealType="-1" Lots="0.05" Symbol="USDCHF" Open="1.0854" SL="1.0939" TP="1.0843" CloseTime="2009-05-29 01:20:00" Close="1.0853" Swap="0.00" Profit="0.46" Comment=" (215)" />
        <deal Ticket="570170" OpenTime="2009-05-29 00:25:00" DealType="-1" Lots="0.06" Symbol="USDJPY" Open="96.92" SL="97.78" TP="96.81" CloseTime="2009-05-29 01:05:00" Close="96.86" Swap="0.00" Profit="3.72" Comment=" (216)" />
        <deal Ticket="570183" OpenTime="2009-05-29 00:56:00" DealType="-1" Lots="0.06" Symbol="USDJPY" Open="96.98" SL="97.78" TP="96.84" CloseTime="2009-05-29 01:03:00" Close="96.89" Swap="0.00" Profit="5.57" Comment=" (217)" />
        <deal Ticket="570149" OpenTime="2009-05-28 23:34:00" DealType="1" Lots="0.01" Symbol="USDJPY" Open="96.83" SL="0.00" TP="96.95" CloseTime="2009-05-29 00:25:00" Close="96.95" Swap="0.00" Profit="1.24" Comment=" (218)" />
        <deal Ticket="570152" OpenTime="2009-05-28 23:37:00" DealType="1" Lots="0.06" Symbol="USDJPY" Open="96.79" SL="95.94" TP="96.91" CloseTime="2009-05-29 00:17:00" Close="96.86" Swap="0.00" Profit="4.34" Comment=" (219)" />
        <deal Ticket="568563" OpenTime="2009-05-27 23:25:00" DealType="-1" Lots="0.05" Symbol="USDCHF" Open="1.0892" SL="1.0974" TP="1.0878" CloseTime="2009-05-28 13:23:00" Close="1.0878" Swap="0.00" Profit="6.44" Comment=" (220)" />
        <deal Ticket="568559" OpenTime="2009-05-27 23:23:00" DealType="-1" Lots="0.05" Symbol="USDCHF" Open="1.0888" SL="1.0974" TP="1.0878" CloseTime="2009-05-28 13:23:00" Close="1.0878" Swap="0.00" Profit="4.60" Comment=" (221)" />
        <deal Ticket="568583" OpenTime="2009-05-27 23:57:00" DealType="-1" Lots="0.06" Symbol="USDJPY" Open="95.31" SL="96.16" TP="95.19" CloseTime="2009-05-28 00:37:00" Close="95.27" Swap="0.00" Profit="2.52" Comment=" (222)" />
        <deal Ticket="568571" OpenTime="2009-05-27 23:35:00" DealType="-1" Lots="0.03" Symbol="USDCHF" Open="1.0899" SL="0.0000" TP="1.0878" CloseTime="2009-05-27 23:53:00" Close="1.0892" Swap="0.00" Profit="1.93" Comment=" (223)" />
        <deal Ticket="568543" OpenTime="2009-05-27 23:02:00" DealType="-1" Lots="0.05" Symbol="USDCHF" Open="1.0884" SL="1.0972" TP="1.0876" CloseTime="2009-05-27 23:11:00" Close="1.0882" Swap="0.00" Profit="0.92" Comment=" (224)" />
        <deal Ticket="568513" OpenTime="2009-05-27 22:30:00" DealType="-1" Lots="0.05" Symbol="USDCHF" Open="1.0885" SL="1.0970" TP="1.0874" CloseTime="2009-05-27 22:41:00" Close="1.0882" Swap="0.00" Profit="1.38" Comment=" (225)" />
        <deal Ticket="566913" OpenTime="2009-05-26 23:31:00" DealType="-1" Lots="0.05" Symbol="USDCHF" Open="1.0849" SL="1.0935" TP="1.0839" CloseTime="2009-05-26 23:37:00" Close="1.0846" Swap="0.00" Profit="1.38" Comment=" (226)" />
        <deal Ticket="562619" OpenTime="2009-05-21 23:40:00" DealType="-1" Lots="0.06" Symbol="USDJPY" Open="94.37" SL="95.22" TP="94.25" CloseTime="2009-05-22 00:52:00" Close="94.35" Swap="0.00" Profit="1.27" Comment=" (227)" />
        <deal Ticket="562628" OpenTime="2009-05-22 00:24:00" DealType="-1" Lots="0.06" Symbol="USDJPY" Open="94.45" SL="95.22" TP="94.28" CloseTime="2009-05-22 00:47:00" Close="94.38" Swap="0.00" Profit="4.45" Comment=" (228)" />
        <deal Ticket="562614" OpenTime="2009-05-21 23:37:00" DealType="-1" Lots="0.05" Symbol="USDCHF" Open="1.0939" SL="1.1026" TP="1.0930" CloseTime="2009-05-21 23:49:00" Close="1.0937" Swap="0.00" Profit="0.91" Comment=" (229)" />
        <deal Ticket="561002" OpenTime="2009-05-20 23:54:00" DealType="-1" Lots="0.06" Symbol="USDJPY" Open="94.83" SL="95.68" TP="94.71" CloseTime="2009-05-21 02:12:00" Close="94.83" Swap="0.00" Profit="0.00" Comment=" (230)" />
        <deal Ticket="561005" OpenTime="2009-05-20 23:56:00" DealType="-1" Lots="0.06" Symbol="USDJPY" Open="94.90" SL="95.68" TP="94.74" CloseTime="2009-05-21 01:57:00" Close="94.87" Swap="0.00" Profit="1.90" Comment=" (231)" />
        <deal Ticket="561021" OpenTime="2009-05-21 00:39:00" DealType="-1" Lots="0.05" Symbol="USDCHF" Open="1.1012" SL="1.1099" TP="1.1003" CloseTime="2009-05-21 01:18:00" Close="1.1009" Swap="0.00" Profit="1.36" Comment=" (232)" />
        <deal Ticket="560997" OpenTime="2009-05-20 23:28:00" DealType="-1" Lots="0.05" Symbol="USDCHF" Open="1.1012" SL="1.1097" TP="1.1001" CloseTime="2009-05-20 23:45:00" Close="1.1008" Swap="0.00" Profit="1.82" Comment=" (233)" />
        <deal Ticket="560988" OpenTime="2009-05-20 23:00:00" DealType="-1" Lots="0.05" Symbol="USDCHF" Open="1.1009" SL="1.1097" TP="1.1001" CloseTime="2009-05-20 23:07:00" Close="1.1008" Swap="0.00" Profit="0.45" Comment=" (234)" />
        <deal Ticket="559388" OpenTime="2009-05-20 02:55:00" DealType="1" Lots="0.00" Symbol="USDCHF" Open="1.1075" SL="0.0000" TP="0.0000" CloseTime="2009-05-20 04:25:00" Close="1.1075" Swap="0.00" Profit="0.00" Comment=" (235)" />
        <deal Ticket="559379" OpenTime="2009-05-19 22:18:00" DealType="-1" Lots="0.01" Symbol="USDCHF" Open="1.1076" SL="0.0000" TP="0.0000" CloseTime="2009-05-20 04:25:00" Close="1.1075" Swap="0.00" Profit="0.09" Comment=" (236)" />
        <deal Ticket="559431" OpenTime="2009-05-20 00:15:00" DealType="-1" Lots="0.05" Symbol="USDCHF" Open="1.1094" SL="1.1180" TP="1.1084" CloseTime="2009-05-20 01:46:00" Close="1.1092" Swap="0.00" Profit="0.90" Comment=" (237)" />
        <deal Ticket="559406" OpenTime="2009-05-19 23:41:00" DealType="1" Lots="0.00" Symbol="USDCHF" Open="1.1087" SL="0.0000" TP="0.0000" CloseTime="2009-05-19 23:53:00" Close="1.1087" Swap="0.00" Profit="0.00" Comment=" (238)" />
        <deal Ticket="559405" OpenTime="2009-05-19 22:57:00" DealType="-1" Lots="0.01" Symbol="USDCHF" Open="1.1088" SL="0.0000" TP="0.0000" CloseTime="2009-05-19 23:53:00" Close="1.1087" Swap="0.00" Profit="0.09" Comment=" (239)" />
        <deal Ticket="559412" OpenTime="2009-05-19 23:04:00" DealType="-1" Lots="0.05" Symbol="USDCHF" Open="1.1093" SL="1.1178" TP="1.1082" CloseTime="2009-05-19 23:37:00" Close="1.1089" Swap="0.00" Profit="1.80" Comment=" (240)" />
        <deal Ticket="559362" OpenTime="2009-05-19 22:32:00" DealType="-1" Lots="0.01" Symbol="USDCHF" Open="1.1081" SL="0.0000" TP="0.0000" CloseTime="2009-05-19 22:50:00" Close="1.1080" Swap="0.00" Profit="0.09" Comment=" (241)" />
        <deal Ticket="559367" OpenTime="2009-05-19 22:01:00" DealType="1" Lots="0.01" Symbol="USDCHF" Open="1.1074" SL="0.0000" TP="0.0000" CloseTime="2009-05-19 22:50:00" Close="1.1080" Swap="0.00" Profit="0.00" Comment=" (242)" />
        <deal Ticket="559391" OpenTime="2009-05-19 22:40:00" DealType="1" Lots="0.05" Symbol="USDCHF" Open="1.1080" SL="1.0994" TP="1.1090" CloseTime="2009-05-19 22:45:00" Close="1.1084" Swap="0.00" Profit="1.80" Comment=" (243)" />
        <deal Ticket="559384" OpenTime="2009-05-19 22:30:00" DealType="1" Lots="0.05" Symbol="USDCHF" Open="1.1076" SL="1.0991" TP="1.1087" CloseTime="2009-05-19 22:35:00" Close="1.1083" Swap="0.00" Profit="3.16" Comment=" (244)" />
        <deal Ticket="559350" OpenTime="2009-05-19 21:30:00" DealType="-1" Lots="0.01" Symbol="USDCHF" Open="1.1087" SL="1.1081" TP="0.0000" CloseTime="2009-05-19 21:53:00" Close="1.1081" Swap="0.00" Profit="0.54" Comment=" (245)" />
        <deal Ticket="557952" OpenTime="2009-05-18 22:51:00" DealType="1" Lots="0.05" Symbol="USDCHF" Open="1.1149" SL="1.1066" TP="1.1162" CloseTime="2009-05-19 03:31:00" Close="1.1158" Swap="0.00" Profit="4.03" Comment=" (246)" />
        <deal Ticket="557946" OpenTime="2009-05-18 22:49:00" DealType="1" Lots="0.10" Symbol="USDCHF" Open="1.1152" SL="1.1066" TP="1.1162" CloseTime="2009-05-19 03:31:00" Close="1.1157" Swap="0.00" Profit="4.48" Comment=" (247)" />
        <deal Ticket="554858" OpenTime="2009-05-15 00:19:00" DealType="-1" Lots="0.06" Symbol="USDJPY" Open="95.91" SL="96.71" TP="95.77" CloseTime="2009-05-15 04:07:00" Close="95.88" Swap="0.00" Profit="1.88" Comment=" (248)" />
        <deal Ticket="554853" OpenTime="2009-05-15 00:05:00" DealType="-1" Lots="0.06" Symbol="USDJPY" Open="95.84" SL="96.71" TP="95.74" CloseTime="2009-05-15 04:07:00" Close="95.86" Swap="0.00" Profit="-1.25" Comment=" (249)" />
        <deal Ticket="553645" OpenTime="2009-05-14 01:05:00" DealType="1" Lots="0.01" Symbol="USDJPY" Open="95.20" SL="0.00" TP="95.42" CloseTime="2009-05-14 01:15:00" Close="95.30" Swap="0.00" Profit="1.05" Comment=" (250)" />
        <deal Ticket="553632" OpenTime="2009-05-14 00:22:00" DealType="-1" Lots="0.06" Symbol="USDJPY" Open="95.36" SL="96.21" TP="95.24" CloseTime="2009-05-14 01:01:00" Close="95.29" Swap="0.00" Profit="4.41" Comment=" (251)" />
        <deal Ticket="553639" OpenTime="2009-05-14 00:50:00" DealType="-1" Lots="0.06" Symbol="USDJPY" Open="95.41" SL="96.21" TP="95.27" CloseTime="2009-05-14 01:00:00" Close="95.30" Swap="0.00" Profit="6.93" Comment=" (252)" />
        <deal Ticket="553611" OpenTime="2009-05-13 23:31:00" DealType="1" Lots="0.06" Symbol="USDJPY" Open="95.27" SL="94.39" TP="95.36" CloseTime="2009-05-14 00:09:00" Close="95.31" Swap="0.00" Profit="2.52" Comment=" (253)" />
        <deal Ticket="553619" OpenTime="2009-05-13 23:42:00" DealType="1" Lots="0.06" Symbol="USDJPY" Open="95.20" SL="94.39" TP="95.33" CloseTime="2009-05-14 00:01:00" Close="95.33" Swap="0.00" Profit="8.18" Comment=" (254)" />
        <deal Ticket="553578" OpenTime="2009-05-13 22:30:00" DealType="-1" Lots="0.10" Symbol="USDCHF" Open="1.1080" SL="1.1165" TP="1.1069" CloseTime="2009-05-13 22:42:00" Close="1.1080" Swap="0.00" Profit="0.00" Comment=" (255)" />
        <deal Ticket="552078" OpenTime="2009-05-13 00:43:00" DealType="1" Lots="0.06" Symbol="USDJPY" Open="96.37" SL="95.50" TP="96.47" CloseTime="2009-05-13 01:21:00" Close="96.42" Swap="0.00" Profit="3.11" Comment=" (256)" />
        <deal Ticket="550552" OpenTime="2009-05-11 23:48:00" DealType="-1" Lots="0.06" Symbol="USDJPY" Open="97.47" SL="98.32" TP="97.35" CloseTime="2009-05-12 00:38:00" Close="97.44" Swap="0.00" Profit="1.85" Comment=" (257)" />
        <deal Ticket="550557" OpenTime="2009-05-11 23:53:00" DealType="-1" Lots="0.06" Symbol="USDJPY" Open="97.53" SL="98.32" TP="97.38" CloseTime="2009-05-12 00:35:00" Close="97.47" Swap="0.00" Profit="3.69" Comment=" (258)" />
        <deal Ticket="550517" OpenTime="2009-05-11 22:59:00" DealType="-1" Lots="0.10" Symbol="USDCHF" Open="1.1102" SL="1.1188" TP="1.1092" CloseTime="2009-05-11 23:05:00" Close="1.1098" Swap="0.00" Profit="3.60" Comment=" (259)" />
        <deal Ticket="546293" OpenTime="2009-05-07 00:15:00" DealType="-1" Lots="0.10" Symbol="USDCHF" Open="1.1325" SL="1.1575" TP="1.1314" CloseTime="2009-05-07 16:03:00" Close="1.1314" Swap="0.00" Profit="9.72" Comment=" (260)" />
        <deal Ticket="546285" OpenTime="2009-05-07 00:08:00" DealType="-1" Lots="0.06" Symbol="USDJPY" Open="98.32" SL="99.18" TP="98.21" CloseTime="2009-05-07 12:02:00" Close="99.18" Swap="0.00" Profit="-52.03" Comment=" (261)" />
        <deal Ticket="544899" OpenTime="2009-05-06 00:40:00" DealType="-1" Lots="0.05" Symbol="USDCHF" Open="1.1343" SL="1.1423" TP="1.1327" CloseTime="2009-05-06 01:21:00" Close="1.1335" Swap="0.00" Profit="3.53" Comment=" (262)" />
        <deal Ticket="544890" OpenTime="2009-05-06 00:24:00" DealType="-1" Lots="0.10" Symbol="USDCHF" Open="1.1338" SL="1.1423" TP="1.1327" CloseTime="2009-05-06 01:21:00" Close="1.1335" Swap="0.00" Profit="2.65" Comment=" (263)" />
        <deal Ticket="544878" OpenTime="2009-05-05 23:59:00" DealType="1" Lots="0.06" Symbol="USDJPY" Open="98.88" SL="98.03" TP="99.00" CloseTime="2009-05-06 00:38:00" Close="98.96" Swap="0.00" Profit="4.85" Comment=" (264)" />
        <deal Ticket="544868" OpenTime="2009-05-05 23:28:00" DealType="1" Lots="0.10" Symbol="USDCHF" Open="1.1321" SL="1.1235" TP="1.1331" CloseTime="2009-05-06 00:01:00" Close="1.1325" Swap="0.00" Profit="3.53" Comment=" (265)" />
        <deal Ticket="543776" OpenTime="2009-05-05 09:08:00" DealType="-1" Lots="0.01" Symbol="EURCHF" Open="1.5120" SL="0.0000" TP="1.5085" CloseTime="2009-05-05 13:35:00" Close="1.5117" Swap="0.00" Profit="0.27" Comment=" (266)" />
        <deal Ticket="543960" OpenTime="2009-05-05 11:07:00" DealType="1" Lots="0.01" Symbol="EURCHF" Open="1.5160" SL="0.0000" TP="1.5085" CloseTime="2009-05-05 13:21:00" Close="1.5115" Swap="0.00" Profit="0.00" Comment=" (267)" />
        <deal Ticket="543952" OpenTime="2009-05-05 11:01:00" DealType="-1" Lots="0.01" Symbol="EURCHF" Open="1.5140" SL="1.5139" TP="1.5085" CloseTime="2009-05-05 11:47:00" Close="1.5139" Swap="0.00" Profit="0.08" Comment=" (268)" />
        <deal Ticket="543495" OpenTime="2009-05-05 02:50:00" DealType="-1" Lots="0.01" Symbol="EURCHF" Open="1.5108" SL="0.0000" TP="1.5096" CloseTime="2009-05-05 03:51:00" Close="1.5104" Swap="0.00" Profit="0.35" Comment=" (269)" />
        <deal Ticket="543473" OpenTime="2009-05-05 00:51:00" DealType="-1" Lots="0.03" Symbol="USDJPY" Open="98.95" SL="99.73" TP="98.79" CloseTime="2009-05-05 01:16:00" Close="98.88" Swap="0.00" Profit="2.12" Comment=" (270)" />
        <deal Ticket="543463" OpenTime="2009-05-05 00:32:00" DealType="-1" Lots="0.03" Symbol="USDJPY" Open="98.88" SL="99.73" TP="98.76" CloseTime="2009-05-05 01:16:00" Close="98.84" Swap="0.00" Profit="1.21" Comment=" (271)" />
        <deal Ticket="543439" OpenTime="2009-05-04 23:35:00" DealType="1" Lots="0.03" Symbol="USDJPY" Open="98.84" SL="97.99" TP="98.96" CloseTime="2009-05-05 00:32:00" Close="98.87" Swap="0.00" Profit="0.91" Comment=" (272)" />
        <deal Ticket="543445" OpenTime="2009-05-04 23:43:00" DealType="1" Lots="0.03" Symbol="USDJPY" Open="98.77" SL="97.99" TP="98.93" CloseTime="2009-05-05 00:31:00" Close="98.84" Swap="0.00" Profit="2.12" Comment=" (273)" />
        <deal Ticket="543457" OpenTime="2009-05-05 00:05:00" DealType="1" Lots="0.03" Symbol="USDCHF" Open="1.1262" SL="1.1176" TP="1.1272" CloseTime="2009-05-05 00:25:00" Close="1.1266" Swap="0.00" Profit="1.07" Comment=" (274)" />
        <deal Ticket="543452" OpenTime="2009-05-04 23:48:00" DealType="1" Lots="0.03" Symbol="USDCHF" Open="1.1261" SL="1.1175" TP="1.1271" CloseTime="2009-05-04 23:57:00" Close="1.1265" Swap="0.00" Profit="1.07" Comment=" (275)" />
        <deal Ticket="543406" OpenTime="2009-05-04 22:56:00" DealType="1" Lots="0.03" Symbol="USDCHF" Open="1.1266" SL="1.1181" TP="1.1277" CloseTime="2009-05-04 23:45:00" Close="1.1269" Swap="0.00" Profit="0.80" Comment=" (276)" />
        <deal Ticket="540700" OpenTime="2009-04-30 23:23:00" DealType="-1" Lots="0.03" Symbol="USDCHF" Open="1.1415" SL="1.1501" TP="1.1405" CloseTime="2009-04-30 23:30:00" Close="1.1411" Swap="0.00" Profit="1.05" Comment=" (277)" />
        <deal Ticket="540689" OpenTime="2009-04-30 23:02:00" DealType="-1" Lots="0.03" Symbol="USDCHF" Open="1.1416" SL="1.1500" TP="1.1404" CloseTime="2009-04-30 23:12:00" Close="1.1411" Swap="0.00" Profit="1.31" Comment=" (278)" />
        <deal Ticket="540685" OpenTime="2009-04-30 23:00:00" DealType="-1" Lots="0.03" Symbol="USDCHF" Open="1.1413" SL="1.1500" TP="1.1404" CloseTime="2009-04-30 23:12:00" Close="1.1411" Swap="0.00" Profit="0.53" Comment=" (279)" />
        <deal Ticket="535585" OpenTime="2009-04-28 00:37:00" DealType="1" Lots="0.02" Symbol="USDJPY" Open="96.65" SL="95.79" TP="96.76" CloseTime="2009-04-28 01:17:00" Close="96.69" Swap="0.00" Profit="0.83" Comment=" (280)" />
        <deal Ticket="535145" OpenTime="2009-04-27 18:03:00" DealType="1" Lots="0.01" Symbol="GBPCAD" Open="1.7723" SL="0.0000" TP="1.7735" CloseTime="2009-04-27 18:20:00" Close="1.7725" Swap="0.00" Profit="0.16" Comment=" (281)" />
        <deal Ticket="532578" OpenTime="2009-04-23 23:33:00" DealType="-1" Lots="0.02" Symbol="USDJPY" Open="97.96" SL="98.81" TP="97.84" CloseTime="2009-04-24 01:15:00" Close="97.96" Swap="0.00" Profit="0.00" Comment=" (282)" />
        <deal Ticket="532584" OpenTime="2009-04-23 23:34:00" DealType="-1" Lots="0.02" Symbol="USDJPY" Open="98.03" SL="98.81" TP="97.87" CloseTime="2009-04-24 01:13:00" Close="97.99" Swap="0.00" Profit="0.82" Comment=" (283)" />
        <deal Ticket="531003" OpenTime="2009-04-23 01:08:00" DealType="1" Lots="0.03" Symbol="GBPCAD" Open="1.7942" SL="1.7874" TP="1.7964" CloseTime="2009-04-23 02:59:00" Close="1.7963" Swap="0.00" Profit="5.08" Comment=" (284)" />
        <deal Ticket="530988" OpenTime="2009-04-23 00:56:00" DealType="1" Lots="0.03" Symbol="GBPCAD" Open="1.7949" SL="1.7874" TP="1.7961" CloseTime="2009-04-23 02:46:00" Close="1.7952" Swap="0.00" Profit="0.73" Comment=" (285)" />
        <deal Ticket="530957" OpenTime="2009-04-22 23:30:00" DealType="-1" Lots="0.03" Symbol="GBPCAD" Open="1.7969" SL="1.8040" TP="1.7950" CloseTime="2009-04-23 00:47:00" Close="1.7959" Swap="0.00" Profit="2.42" Comment=" (286)" />
        <deal Ticket="530967" OpenTime="2009-04-23 00:04:00" DealType="-1" Lots="0.02" Symbol="USDJPY" Open="98.03" SL="98.88" TP="97.91" CloseTime="2009-04-23 00:44:00" Close="97.97" Swap="0.00" Profit="1.22" Comment=" (287)" />
        <deal Ticket="530950" OpenTime="2009-04-22 23:30:00" DealType="-1" Lots="0.03" Symbol="GBPCAD" Open="1.7965" SL="1.8040" TP="1.7953" CloseTime="2009-04-23 00:31:00" Close="1.7966" Swap="0.00" Profit="-0.24" Comment=" (288)" />
        <deal Ticket="529541" OpenTime="2009-04-22 07:33:00" DealType="1" Lots="0.03" Symbol="GBPCAD" Open="1.8114" SL="1.8034" TP="1.8126" CloseTime="2009-04-22 08:08:00" Close="1.8122" Swap="0.00" Profit="1.94" Comment=" (289)" />
        <deal Ticket="529512" OpenTime="2009-04-22 07:07:00" DealType="-1" Lots="0.03" Symbol="GBPCAD" Open="1.8138" SL="1.8218" TP="1.8126" CloseTime="2009-04-22 07:27:00" Close="1.8128" Swap="0.00" Profit="2.42" Comment=" (290)" />
        <deal Ticket="529487" OpenTime="2009-04-22 06:45:00" DealType="1" Lots="0.03" Symbol="GBPCAD" Open="1.8118" SL="1.8038" TP="1.8130" CloseTime="2009-04-22 06:54:00" Close="1.8128" Swap="0.00" Profit="2.42" Comment=" (291)" />
        <deal Ticket="529467" OpenTime="2009-04-22 06:20:00" DealType="-1" Lots="0.03" Symbol="GBPCAD" Open="1.8128" SL="1.8208" TP="1.8116" CloseTime="2009-04-22 06:36:00" Close="1.8119" Swap="0.00" Profit="2.18" Comment=" (292)" />
        <deal Ticket="529294" OpenTime="2009-04-22 00:33:00" DealType="-1" Lots="0.03" Symbol="GBPCAD" Open="1.8150" SL="1.8221" TP="1.8131" CloseTime="2009-04-22 01:57:00" Close="1.8141" Swap="0.00" Profit="2.18" Comment=" (293)" />
        <deal Ticket="529288" OpenTime="2009-04-22 00:33:00" DealType="-1" Lots="0.03" Symbol="GBPCAD" Open="1.8146" SL="1.8221" TP="1.8134" CloseTime="2009-04-22 01:55:00" Close="1.8146" Swap="0.00" Profit="0.00" Comment=" (294)" />
        <deal Ticket="529271" OpenTime="2009-04-22 00:23:00" DealType="1" Lots="0.03" Symbol="GBPCAD" Open="1.8125" SL="1.8050" TP="1.8137" CloseTime="2009-04-22 00:28:00" Close="1.8137" Swap="0.00" Profit="2.91" Comment=" (295)" />
        <deal Ticket="529251" OpenTime="2009-04-21 23:52:00" DealType="-1" Lots="0.03" Symbol="GBPCAD" Open="1.8146" SL="1.8221" TP="1.8134" CloseTime="2009-04-22 00:22:00" Close="1.8139" Swap="0.00" Profit="1.70" Comment=" (296)" />
        <deal Ticket="527805" OpenTime="2009-04-21 06:56:00" DealType="-1" Lots="0.03" Symbol="GBPCAD" Open="1.7997" SL="1.8077" TP="1.7985" CloseTime="2009-04-21 09:48:00" Close="1.7996" Swap="0.00" Profit="0.25" Comment=" (297)" />
        <deal Ticket="527746" OpenTime="2009-04-21 06:01:00" DealType="1" Lots="0.03" Symbol="GBPCAD" Open="1.7973" SL="1.7893" TP="1.7985" CloseTime="2009-04-21 06:06:00" Close="1.7977" Swap="0.00" Profit="0.97" Comment=" (298)" />
        <deal Ticket="527725" OpenTime="2009-04-21 05:39:00" DealType="-1" Lots="0.03" Symbol="GBPCAD" Open="1.7993" SL="1.8073" TP="1.7981" CloseTime="2009-04-21 05:53:00" Close="1.7983" Swap="0.00" Profit="2.43" Comment=" (299)" />
        <deal Ticket="527545" OpenTime="2009-04-21 01:02:00" DealType="-1" Lots="0.03" Symbol="GBPCAD" Open="1.8010" SL="1.8085" TP="1.7998" CloseTime="2009-04-21 01:46:00" Close="1.8007" Swap="0.00" Profit="0.73" Comment=" (300)" />
        <deal Ticket="527522" OpenTime="2009-04-20 23:35:00" DealType="-1" Lots="0.03" Symbol="GBPCAD" Open="1.8007" SL="1.8078" TP="1.7988" CloseTime="2009-04-21 00:28:00" Close="1.7997" Swap="0.00" Profit="2.42" Comment=" (301)" />
        <deal Ticket="527511" OpenTime="2009-04-20 23:30:00" DealType="-1" Lots="0.03" Symbol="GBPCAD" Open="1.8003" SL="1.8078" TP="1.7991" CloseTime="2009-04-21 00:23:00" Close="1.7999" Swap="0.00" Profit="0.96" Comment=" (302)" />
        <deal Ticket="524637" OpenTime="2009-04-17 06:18:00" DealType="-1" Lots="0.03" Symbol="GBPCAD" Open="1.8039" SL="1.8119" TP="1.8027" CloseTime="2009-04-17 06:41:00" Close="1.8031" Swap="0.00" Profit="1.98" Comment=" (303)" />
        <deal Ticket="524445" OpenTime="2009-04-17 00:52:00" DealType="-1" Lots="0.01" Symbol="USDJPY" Open="99.40" SL="100.25" TP="99.28" CloseTime="2009-04-17 01:30:00" Close="99.33" Swap="0.00" Profit="0.70" Comment=" (304)" />
        <deal Ticket="524423" OpenTime="2009-04-17 00:17:00" DealType="-1" Lots="0.01" Symbol="GBPCAD" Open="1.8057" SL="0.0000" TP="1.8056" CloseTime="2009-04-17 01:18:00" Close="1.8057" Swap="0.00" Profit="0.00" Comment=" (305)" />
        <deal Ticket="524439" OpenTime="2009-04-17 00:35:00" DealType="-1" Lots="0.02" Symbol="GBPCAD" Open="1.8075" SL="1.8144" TP="1.8054" CloseTime="2009-04-17 00:59:00" Close="1.8059" Swap="0.00" Profit="2.65" Comment=" (306)" />
        <deal Ticket="524431" OpenTime="2009-04-17 00:29:00" DealType="-1" Lots="0.02" Symbol="GBPCAD" Open="1.8069" SL="1.8144" TP="1.8057" CloseTime="2009-04-17 00:45:00" Close="1.8057" Swap="0.00" Profit="1.98" Comment=" (307)" />
        <deal Ticket="524401" OpenTime="2009-04-16 23:46:00" DealType="1" Lots="0.01" Symbol="USDJPY" Open="99.28" SL="98.41" TP="99.38" CloseTime="2009-04-17 00:26:00" Close="99.32" Swap="0.00" Profit="0.40" Comment=" (308)" />
        <deal Ticket="524414" OpenTime="2009-04-17 00:01:00" DealType="1" Lots="0.02" Symbol="GBPCAD" Open="1.8031" SL="1.7956" TP="1.8043" CloseTime="2009-04-17 00:08:00" Close="1.8043" Swap="0.00" Profit="1.98" Comment=" (309)" />
        <deal Ticket="523086" OpenTime="2009-04-16 05:45:00" DealType="1" Lots="0.02" Symbol="GBPCAD" Open="1.8059" SL="1.7977" TP="1.8069" CloseTime="2009-04-16 05:46:00" Close="1.8069" Swap="0.00" Profit="1.66" Comment=" (310)" />
        <deal Ticket="523072" OpenTime="2009-04-16 05:40:00" DealType="1" Lots="0.02" Symbol="GBPCAD" Open="1.8055" SL="1.7975" TP="1.8067" CloseTime="2009-04-16 05:41:00" Close="1.8067" Swap="0.00" Profit="1.99" Comment=" (311)" />
        <deal Ticket="522847" OpenTime="2009-04-16 00:39:00" DealType="1" Lots="0.01" Symbol="GBPCAD" Open="1.8022" SL="0.0000" TP="1.8051" CloseTime="2009-04-16 05:17:00" Close="1.8096" Swap="0.00" Profit="0.00" Comment=" (312)" />
        <deal Ticket="522849" OpenTime="2009-04-16 03:00:00" DealType="-1" Lots="0.01" Symbol="GBPCAD" Open="1.8068" SL="0.0000" TP="1.8037" CloseTime="2009-04-16 03:05:00" Close="1.8037" Swap="0.00" Profit="2.58" Comment=" (313)" />
        <deal Ticket="522828" OpenTime="2009-04-16 00:22:00" DealType="-1" Lots="0.01" Symbol="EURUSD" Open="1.3219" SL="1.3218" TP="1.3204" CloseTime="2009-04-16 01:14:00" Close="1.3218" Swap="0.00" Profit="0.10" Comment=" (314)" />
        <deal Ticket="522839" OpenTime="2009-04-16 00:33:00" DealType="1" Lots="0.02" Symbol="GBPCAD" Open="1.8030" SL="1.7957" TP="1.8047" CloseTime="2009-04-16 00:35:00" Close="1.8046" Swap="0.00" Profit="2.66" Comment=" (315)" />
        <deal Ticket="522834" OpenTime="2009-04-16 00:31:00" DealType="1" Lots="0.02" Symbol="GBPCAD" Open="1.8034" SL="1.7957" TP="1.8044" CloseTime="2009-04-16 00:35:00" Close="1.8044" Swap="0.00" Profit="1.66" Comment=" (316)" />
        <deal Ticket="522794" OpenTime="2009-04-15 23:30:00" DealType="-1" Lots="0.01" Symbol="USDJPY" Open="99.41" SL="100.26" TP="99.29" CloseTime="2009-04-16 00:10:00" Close="99.38" Swap="0.00" Profit="0.30" Comment=" (317)" />
        <deal Ticket="522801" OpenTime="2009-04-15 23:40:00" DealType="-1" Lots="0.01" Symbol="GBPCAD" Open="1.8064" SL="1.8139" TP="1.8052" CloseTime="2009-04-15 23:58:00" Close="1.8052" Swap="0.00" Profit="1.00" Comment=" (318)" />
        <deal Ticket="522762" OpenTime="2009-04-15 22:22:00" DealType="1" Lots="0.01" Symbol="GBPCAD" Open="1.8038" SL="0.0000" TP="1.8047" CloseTime="2009-04-15 23:31:00" Close="1.8047" Swap="0.00" Profit="0.75" Comment=" (319)" />
        <deal Ticket="522760" OpenTime="2009-04-15 22:20:00" DealType="1" Lots="0.01" Symbol="GBPCAD" Open="1.8044" SL="0.0000" TP="1.8047" CloseTime="2009-04-15 23:31:00" Close="1.8047" Swap="0.00" Profit="0.25" Comment=" (320)" />
        <deal Ticket="522741" OpenTime="2009-04-15 21:49:00" DealType="1" Lots="0.01" Symbol="GBPCAD" Open="1.8056" SL="0.0000" TP="1.8070" CloseTime="2009-04-15 23:31:00" Close="1.8047" Swap="0.00" Profit="-0.75" Comment=" (321)" />
        <deal Ticket="522786" OpenTime="2009-04-15 23:10:00" DealType="1" Lots="0.01" Symbol="GBPCAD" Open="1.8026" SL="0.0000" TP="1.8070" CloseTime="2009-04-15 23:25:00" Close="1.8045" Swap="0.00" Profit="1.58" Comment=" (322)" />
        <deal Ticket="522767" OpenTime="2009-04-15 22:37:00" DealType="1" Lots="0.01" Symbol="GBPCAD" Open="1.8024" SL="0.0000" TP="1.8056" CloseTime="2009-04-15 23:02:00" Close="1.8031" Swap="0.00" Profit="0.00" Comment=" (324)" />
        <deal Ticket="522696" OpenTime="2009-04-15 20:44:00" DealType="1" Lots="0.01" Symbol="GBPCAD" Open="1.8048" SL="0.0000" TP="1.8085" CloseTime="2009-04-15 21:00:00" Close="1.8062" Swap="0.00" Profit="0.00" Comment=" (325)" />
        <deal Ticket="521280" OpenTime="2009-04-15 07:34:00" DealType="1" Lots="0.01" Symbol="GBPCAD" Open="1.8098" SL="1.8016" TP="1.8108" CloseTime="2009-04-15 08:08:00" Close="1.8105" Swap="0.00" Profit="0.57" Comment=" (326)" />
        <deal Ticket="520952" OpenTime="2009-04-15 00:09:00" DealType="1" Lots="0.01" Symbol="USDJPY" Open="98.81" SL="98.03" TP="98.97" CloseTime="2009-04-15 01:27:00" Close="98.87" Swap="0.00" Profit="0.61" Comment=" (327)" />
        <deal Ticket="520949" OpenTime="2009-04-15 00:08:00" DealType="1" Lots="0.01" Symbol="USDJPY" Open="98.88" SL="98.03" TP="99.00" CloseTime="2009-04-15 01:27:00" Close="98.90" Swap="0.00" Profit="0.20" Comment=" (328)" />
        <deal Ticket="520935" OpenTime="2009-04-14 23:30:00" DealType="-1" Lots="0.01" Symbol="USDJPY" Open="98.99" SL="99.84" TP="98.87" CloseTime="2009-04-15 00:08:00" Close="98.89" Swap="0.00" Profit="1.01" Comment=" (329)" />
        <deal Ticket="519332" OpenTime="2009-04-14 07:36:00" DealType="-1" Lots="0.01" Symbol="GBPCAD" Open="1.8169" SL="1.8249" TP="1.8157" CloseTime="2009-04-14 08:18:00" Close="1.8166" Swap="0.00" Profit="0.25" Comment=" (330)" />
        <deal Ticket="519345" OpenTime="2009-04-14 07:38:00" DealType="-1" Lots="0.01" Symbol="GBPCAD" Open="1.8178" SL="1.8249" TP="1.8157" CloseTime="2009-04-14 08:17:00" Close="1.8166" Swap="0.00" Profit="0.99" Comment=" (331)" />
        <deal Ticket="519200" OpenTime="2009-04-14 06:14:00" DealType="1" Lots="0.01" Symbol="GBPCAD" Open="1.8149" SL="1.8069" TP="1.8161" CloseTime="2009-04-14 07:13:00" Close="1.8152" Swap="0.00" Profit="0.25" Comment=" (332)" />
        <deal Ticket="519159" OpenTime="2009-04-14 05:44:00" DealType="-1" Lots="0.01" Symbol="GBPCAD" Open="1.8166" SL="1.8246" TP="1.8154" CloseTime="2009-04-14 06:11:00" Close="1.8161" Swap="0.00" Profit="0.41" Comment=" (333)" />
        <deal Ticket="518989" OpenTime="2009-04-14 00:55:00" DealType="-1" Lots="0.01" Symbol="GBPCAD" Open="1.8125" SL="1.8200" TP="1.8113" CloseTime="2009-04-14 02:19:00" Close="1.8122" Swap="0.00" Profit="0.24" Comment=" (334)" />
        <deal Ticket="518984" OpenTime="2009-04-14 00:43:00" DealType="-1" Lots="0.01" Symbol="USDJPY" Open="100.16" SL="101.01" TP="100.04" CloseTime="2009-04-14 01:23:00" Close="100.12" Swap="0.00" Profit="0.40" Comment=" (335)" />
        <deal Ticket="518947" OpenTime="2009-04-13 23:31:00" DealType="-1" Lots="0.01" Symbol="GBPCAD" Open="1.8123" SL="1.8198" TP="1.8111" CloseTime="2009-04-14 00:13:00" Close="1.8121" Swap="0.00" Profit="0.16" Comment=" (336)" />
        <deal Ticket="518965" OpenTime="2009-04-13 23:56:00" DealType="-1" Lots="0.01" Symbol="GBPCAD" Open="1.8127" SL="1.8198" TP="1.8108" CloseTime="2009-04-14 00:12:00" Close="1.8118" Swap="0.00" Profit="0.74" Comment=" (337)" />
        <deal Ticket="515238" OpenTime="2009-04-09 06:51:00" DealType="-1" Lots="0.01" Symbol="GBPCAD" Open="1.8216" SL="0.0000" TP="1.8198" CloseTime="2009-04-09 06:59:00" Close="1.8205" Swap="0.00" Profit="0.89" Comment=" (338)" />
        <deal Ticket="515020" OpenTime="2009-04-08 23:57:00" DealType="-1" Lots="0.01" Symbol="GBPCHF" Open="1.6877" SL="0.0000" TP="1.6864" CloseTime="2009-04-09 00:36:00" Close="1.6877" Swap="0.00" Profit="0.00" Comment=" (339)" />
        <deal Ticket="515016" OpenTime="2009-04-08 23:50:00" DealType="-1" Lots="0.01" Symbol="USDJPY" Open="99.82" SL="0.00" TP="99.67" CloseTime="2009-04-09 00:29:00" Close="99.75" Swap="0.00" Profit="0.70" Comment=" (340)" />
        <deal Ticket="515007" OpenTime="2009-04-08 23:31:00" DealType="-1" Lots="0.01" Symbol="GBPCAD" Open="1.8190" SL="0.0000" TP="1.8177" CloseTime="2009-04-09 00:28:00" Close="1.8177" Swap="0.00" Profit="1.06" Comment=" (341)" />
        <deal Ticket="508906" OpenTime="2009-04-03 06:53:00" DealType="-1" Lots="0.01" Symbol="GBPCAD" Open="1.8281" SL="0.0000" TP="1.8244" CloseTime="2009-04-03 07:15:00" Close="1.8260" Swap="0.00" Profit="1.69" Comment=" (342)" />
        <deal Ticket="508904" OpenTime="2009-04-03 06:51:00" DealType="-1" Lots="0.01" Symbol="GBPCAD" Open="1.8276" SL="0.0000" TP="1.8254" CloseTime="2009-04-03 07:14:00" Close="1.8254" Swap="0.00" Profit="1.78" Comment=" (343)" />
        <deal Ticket="508840" OpenTime="2009-04-03 05:57:00" DealType="-1" Lots="0.01" Symbol="GBPCAD" Open="1.8269" SL="1.8296" TP="1.8244" CloseTime="2009-04-03 06:51:00" Close="1.8286" Swap="0.00" Profit="-1.37" Comment=" (344)" />
        <deal Ticket="505051" OpenTime="2009-03-31 23:41:00" DealType="1" Lots="0.02" Symbol="EURCAD" Open="1.6723" SL="1.6648" TP="1.6735" CloseTime="2009-04-01 00:50:00" Close="1.6720" Swap="0.00" Profit="-0.48" Comment=" (345)" />
        <deal Ticket="505082" OpenTime="2009-04-01 00:03:00" DealType="1" Lots="0.01" Symbol="EURCHF" Open="1.5096" SL="1.5016" TP="1.5108" CloseTime="2009-04-01 00:04:00" Close="1.5097" Swap="0.00" Profit="0.08" Comment=" (346)" />
        <deal Ticket="505003" OpenTime="2009-03-31 23:15:00" DealType="1" Lots="0.01" Symbol="EURCHF" Open="1.5106" SL="1.5026" TP="1.5118" CloseTime="2009-03-31 23:16:00" Close="1.5103" Swap="0.00" Profit="-0.26" Comment=" (347)" />
        <deal Ticket="504989" OpenTime="2009-03-31 23:00:00" DealType="1" Lots="0.01" Symbol="EURCHF" Open="1.5125" SL="1.5045" TP="1.5137" CloseTime="2009-03-31 23:00:00" Close="1.5119" Swap="0.00" Profit="-0.53" Comment=" (348)" />
        <deal Ticket="503288" OpenTime="2009-03-31 04:01:00" DealType="-1" Lots="0.01" Symbol="EURCHF" Open="1.5178" SL="1.5258" TP="1.5166" CloseTime="2009-03-31 07:21:00" Close="1.5176" Swap="0.00" Profit="0.17" Comment=" (349)" />
        <deal Ticket="503289" OpenTime="2009-03-31 04:02:00" DealType="-1" Lots="0.01" Symbol="EURCHF" Open="1.5181" SL="1.5258" TP="1.5166" CloseTime="2009-03-31 07:20:00" Close="1.5176" Swap="0.00" Profit="0.43" Comment=" (350)" />
        <deal Ticket="503276" OpenTime="2009-03-31 03:55:00" DealType="-1" Lots="0.01" Symbol="EURCHF" Open="1.5180" SL="1.5260" TP="1.5168" CloseTime="2009-03-31 04:00:00" Close="1.5173" Swap="0.00" Profit="0.61" Comment=" (351)" />
        <deal Ticket="503274" OpenTime="2009-03-31 03:54:00" DealType="-1" Lots="0.01" Symbol="EURCHF" Open="1.5177" SL="1.5260" TP="1.5168" CloseTime="2009-03-31 04:00:00" Close="1.5173" Swap="0.00" Profit="0.35" Comment=" (352)" />
        <deal Ticket="503175" OpenTime="2009-03-31 01:15:00" DealType="1" Lots="0.02" Symbol="EURCAD" Open="1.6644" SL="1.6569" TP="1.6656" CloseTime="2009-03-31 03:01:00" Close="1.6641" Swap="0.00" Profit="-0.48" Comment=" (353)" />
        <deal Ticket="503158" OpenTime="2009-03-31 00:44:00" DealType="-1" Lots="0.02" Symbol="EURCAD" Open="1.6663" SL="1.6740" TP="1.6653" CloseTime="2009-03-31 00:58:00" Close="1.6653" Swap="0.00" Profit="1.59" Comment=" (354)" />
        <deal Ticket="503146" OpenTime="2009-03-31 00:04:00" DealType="-1" Lots="0.01" Symbol="EURCAD" Open="1.6665" SL="0.0000" TP="1.6645" CloseTime="2009-03-31 00:58:00" Close="1.6648" Swap="0.00" Profit="1.35" Comment=" (355)" />
        <deal Ticket="502636" OpenTime="2009-03-30 17:06:00" DealType="-1" Lots="0.01" Symbol="GBPJPY" Open="136.94" SL="138.10" TP="136.84" CloseTime="2009-03-30 18:22:00" Close="138.10" Swap="0.00" Profit="-11.94" Comment=" (357)" />
    </deals>
    <balances>
        <balance Ticket="681422" Amount="2.46" Date="2009-08-31 23:36:00" />
        <balance Ticket="642866" Amount="3.08" Date="2009-07-31 23:46:00" />
        <balance Ticket="605884" Amount="2.36" Date="2009-06-30 23:32:00" />
        <balance Ticket="570513" Amount="-42.00" Date="2009-05-29 10:15:00" />
        <balance Ticket="522785" Amount="38.00" Date="2009-04-15 23:09:00" />
        <balance Ticket="503011" Amount="12.00" Date="2009-03-30 21:49:00" />
        <balance Ticket="502613" Amount="50.00" Date="2009-03-30 16:54:00" />
    </balances>
</account>